# a0	a1	a2	a3
     -2.3600	    -25.7475	     -1.5209	     -5.6739
    -11.2318	      0.0000	      0.0000	      0.0000
      0.0000	      0.0000	      0.0000	      0.0000
      0.0000	      0.0000	      0.0000	      0.0000
      0.0000	      0.0000	      0.0000	      0.0000
      0.0000	      0.0000	      0.0000	      0.0000
      0.0000	      0.0000	      0.0000	      0.0000
      0.0000	      0.0000	      0.0000	      0.0000
    -11.8051	    -15.8110	      0.0000	      0.0000
      5.1891	      0.0000	      0.0000	      0.0000
      0.0000	      0.0000	      0.0000	      0.0000
      0.0000	      0.0000	      0.0000	      0.0000
      0.0000	      0.0000	      0.0000	      0.0000
      0.0000	      0.0000	      0.0000	      0.0000
      0.0000	      0.0000	      0.0000	      0.0000
      0.0000	      0.0000	      0.0000	      0.0000
      0.0000	      0.0000	      0.0000	      0.0000
      0.0000	      0.0000	      0.0000	      0.0000
      0.0000	      0.0000	      0.0000	      0.0000
      0.0000	      0.0000	      0.0000	      0.0000
      0.0000	      0.0000	      5.8491	      0.0000
      0.0000	      0.0000	      0.0000	      0.0000
      0.0000	      0.0000	      0.0000	      0.0000
      0.0000	      0.0000	      0.0000	      0.0000
      0.2543	      0.0000	      0.0000	      0.2564
      0.0000	      0.0000	      0.0000	      0.0000
      0.0000	      0.0000	      0.0000	      0.0000
      0.0000	      0.0000	      0.0000	      0.0000
      0.1752	      0.0000	      1.5973	      0.0000
      0.0000	      0.0000	      0.0000	      0.0000
    -15.7670	      1.7619	      0.0000	      0.0000
      0.0000	      0.0000	      0.0000	      0.0000
     -0.3723	     -5.1080	      4.4164	      0.0000
      0.0000	      0.0000	      0.0000	      0.0000
      0.0000	      0.0000	      0.0000	      0.0000
      0.0000	      0.0000	      0.0000	      0.0000
      9.7902	      0.0000	      0.0000	      0.0000
    -20.0000	    -17.3034	      2.4676	      0.0000
    -19.3391	      0.0000	      0.0000	      0.0000
      0.0000	      0.0000	      0.0000	      0.0000
      0.0000	      0.0000	      0.0000	      0.0000
      0.0000	      0.0000	      0.0000	      0.0000
      0.0000	      0.0000	      0.0000	      0.0000
      0.0000	      0.0000	      0.0000	      0.0000
     -0.8764	    -20.7705	    -14.0494	      0.0000
     10.0082	      0.0000	      0.0000	      0.0000
      0.0000	      0.0000	      0.0000	      0.0000
    -20.0000	      0.0000	      0.0000	      0.0000
      0.0000	      0.0000	      0.0000	      0.0000
    -18.7494	      9.1671	      0.0000	      0.0000
      0.0000	      0.0000	      0.0000	      0.0000
      0.0000	      0.0000	      0.0000	      0.0000
     -0.9599	    -23.0564	    -13.7922	      2.5161
     11.8439	      0.0000	      0.0000	      0.0000
      0.0000	      0.0000	      0.0000	      0.0000
      0.0000	      0.0000	      0.0000	      0.0000
    -43.6150	    -64.3646	    -44.1083	    -46.0333
    -20.2768	      0.0000	      0.0000	      0.0000
      0.0000	      0.0000	      0.0000	      0.0000
      0.0000	      0.0000	      0.0000	      0.0000
      3.8242	      0.0000	    -20.5922	      0.0000
      0.0000	      0.0000	      0.0000	      0.0000
      0.0000	      0.0000	      0.0000	      0.0000
      0.0000	      0.0000	      0.0000	      0.0000
     -0.4039	      5.8106	      0.0000	      0.0000
      0.0000	      0.0000	      0.0000	      0.0000
      0.0000	      0.0000	      0.0000	      0.0000
      0.0000	      0.0000	      0.0000	      0.0000
     -3.4504	      0.0000	     20.9531	      0.0000
      5.0275	      0.0000	      0.0000	      0.0000
      0.0000	      0.0000	      0.0000	      0.0000
      0.0000	      0.0000	      0.0000	      0.0000
     -3.3258	      0.8256	      0.0000	      0.0000
     -6.7208	      1.0451	      0.0000	      0.0000
      0.0000	      0.0000	      0.0000	      0.0000
    -20.0000	      0.0000	      0.0000	      0.0000
     -0.4524	    -20.6055	     11.7610	      0.0000
      0.0000	      0.0000	      0.0000	      0.0000
      6.0361	      0.0000	      0.0000	      0.0000
      0.0000	      0.0000	      0.0000	      0.0000
     12.7964	      0.0000	      0.0000	      0.0000
      0.0000	      0.0000	      0.0000	      0.0000
      5.1294	      0.0000	      0.0000	      0.0000
      0.0000	      0.0000	      0.0000	      0.0000
     -1.8597	     -2.7356	     -1.0044	      4.2350
      0.0000	      0.0000	      0.0000	      0.0000
      0.0000	      0.0000	      0.0000	      0.0000
      0.0000	      0.0000	      0.0000	      0.0000
     -1.3167	     -2.2566	     -1.1375	    -14.0327
      2.1603	      0.0000	      0.0000	      0.0000
      0.0000	      0.0000	      0.0000	      0.0000
      0.0000	      0.0000	      0.0000	      0.0000
    -18.7464	     -9.3413	     -5.2575	    -17.2086
      4.0123	      0.0000	      0.0000	      0.0000
    -19.8769	     -6.5971	     -2.5240	      0.0000
    -19.6819	      0.0000	      0.0000	      0.0000
     -9.4869	     -0.5875	      5.1348	    -19.2837
      0.0000	      0.0000	      0.0000	      0.0000
     -0.9273	      0.0000	      0.0000	      0.0000
     -1.0131	      0.0000	      0.0000	      0.0000
      2.2813	     -1.6498	     -2.3690	    -11.8208
      2.3034	      0.0000	      0.0000	      0.0000
     -3.7055	     -2.7288	     -3.0994	      0.0000
     -1.7441	     -1.0341	      0.0000	      0.0000
    -26.3529	    -16.6248	    -21.8876	    -20.1220
     -2.3956	      0.0000	      0.0000	      0.0000
    -23.3621	      0.0000	      0.0000	      0.0000
      3.1722	      0.0000	      0.0000	      0.0000
     -9.4387	     -0.5792	     -1.4009	     29.5649
      0.0000	      0.0000	      0.0000	      8.4431
      0.7058	      0.0000	      0.0000	      0.0000
      0.0000	      0.0000	      0.0000	      0.0000
     -0.9452	     -6.1342	     -2.7756	     19.9760
     -0.7916	     -1.3286	     -4.2725	      4.7222
     -0.0336	      0.0000	      0.0000	      0.0000
      0.0000	      0.0000	      0.0000	      0.1472
    -62.9707	    -74.0870	    -55.4876	    -64.3404
     -6.6012	    -26.7153	    -28.2096	      3.2323
    -22.1703	    -17.5271	      0.0000	      0.0000
      0.0000	      0.0000	      0.0000	      0.0000
    -11.3889	    -22.7070	    -16.2510	    -10.8325
      0.0000	      0.0000	      0.0000	      0.0000
     -5.9531	      0.0000	      0.0000	     -9.9408
      0.0000	      0.0000	      0.0000	      0.0000
      0.0204	      0.0000	      0.0000	      0.0000
      0.0000	      0.0000	      0.0000	      0.0000
     -0.3020	     -0.3326	      0.0000	      0.0000
      0.0000	      0.0000	      0.0000	      0.0000
      7.1981	      0.0000	      0.0000	      0.0000
      0.0000	      0.0000	      0.0000	      0.0000
     -1.1657	     -0.0966	      0.0000	      0.0000
      0.0000	      0.0000	      0.0000	      0.0000
    -17.8455	    -22.0795	    -16.0626	    -35.3707
     -0.3848	      0.0000	      0.0000	      0.0000
      0.0000	      0.0000	      0.0000	      0.0000
      0.0000	      0.0000	      0.0000	      0.0000
      4.4037	     -1.4948	     -1.8855	     -1.0744
     -2.2047	      0.0000	      0.0000	      0.0000
      0.8919	      0.0000	      0.0000	      0.0000
      0.0000	      0.0000	      0.0000	      0.0000
      6.3036	      0.0000	      0.0000	      0.0000
      0.0000	      0.0000	      0.0000	      0.0000
      0.0000	      0.0000	      0.0000	      0.0000
      0.0000	      0.0000	      0.0000	      0.0000
     -8.5378	     -6.3296	    -10.0982	     -6.3139
      0.0000	      0.0000	      0.0000	      0.0000
      0.6477	      0.0000	      0.0000	      0.0000
      0.0000	      0.0000	      0.0000	      0.0000
      0.6984	     -0.8625	      0.0000	     -0.5833
      0.0000	      0.0000	      0.0000	      2.6768
     -0.7805	      0.0000	      0.0000	      0.0000
     -2.1513	     -1.2278	      0.0000	      0.0000
     -1.8760	     -3.8980	     -2.4727	     -2.3171
     -2.5159	      0.0000	      0.0000	      0.0000
     -0.3128	     -7.3637	      0.0000	      0.0000
      0.0000	      0.0000	      0.0000	      0.0000
    -12.6111	    -14.8645	     -2.9745	     23.1132
      0.0000	      0.0000	      0.0000	      0.0000
     -0.8442	      0.0000	      0.0000	      0.0000
      0.0000	      0.0000	      0.0000	      0.0000
     -1.3331	     -1.9618	     -5.1335	     16.9033
      1.8536	      0.0000	      0.0000	      0.0000
     -0.2617	      0.0000	      0.0000	      0.0000
    -20.4308	     -7.9129	     -4.7497	     -1.6524
    -25.9431	    -24.4961	    -25.7301	    -28.6435
      0.0000	      0.0000	      0.0000	      0.0000
     -7.6323	      0.0000	      0.0000	      0.0000
      0.0000	      0.0000	      0.0000	      0.0000
     -9.8288	      8.2440	      0.0000	      0.0000
     -0.6908	      0.0000	      0.0000	      0.0000
      0.0000	      0.0000	      0.0000	      0.0000
      0.0000	      0.0000	      0.0000	      0.0000
    -19.8183	     -4.6817	     -6.6468	     12.9175
      1.1466	      0.0000	      0.0000	      0.0000
      0.0000	      0.0000	      0.0000	      0.0000
     -3.6622	    -13.1264	     -7.2346	      0.0000
    -54.4645	    -57.0482	    -65.6953	    -13.1416
     -2.3655	     -4.5108	    -16.5913	     -4.5416
     -8.8607	    -16.5112	      0.0000	      0.0000
      0.0000	      0.0000	      0.0000	      0.0000
    -29.6036	    -32.1122	    -38.6342	    -43.9269
     -4.3397	      0.0000	      0.0000	      0.0000
      0.0000	      0.0000	      0.0000	      0.0000
      0.0000	      0.0000	      0.0000	      0.0000
      8.0408	      0.0000	      0.0000	      0.0000
      0.0000	      0.0000	      0.0000	      0.0000
      0.0000	      0.0000	      0.0000	      0.0000
      0.0000	      0.0000	      0.0000	      0.0000
      2.6384	      0.0000	      0.0000	      0.0000
      0.0000	      0.0000	      0.0000	      0.0000
     -6.2933	     -9.6571	      0.0000	      0.0000
      0.0000	      0.0000	      0.0000	      0.0000
     -1.5449	      0.0227	      0.0000	      0.0000
      0.0000	      0.0000	      0.0000	      0.0000
      0.0000	      0.0000	      0.0000	      0.0000
      0.0000	      0.0000	      0.0000	      0.0000
      6.5505	      0.0000	      0.0000	      0.0000
      0.0000	      0.0000	      0.0000	      0.0000
      8.2969	      0.0000	      0.0000	      0.0000
      0.0000	      0.0000	      0.0000	      0.0000
    -20.0000	     14.4522	      0.0000	      0.0000
      0.0000	      0.0000	      0.0000	      0.0000
      0.0000	      0.0000	      0.0000	      0.0000
      0.0000	      0.0000	      0.0000	      0.0000
    -14.5405	     -0.0192	     10.1954	      0.0000
      0.0000	      0.0000	      0.0000	      0.0000
      0.0000	      0.0000	      0.0000	      0.0000
      0.0000	      0.0000	      0.0000	      0.0000
      1.3527	     -4.0405	     16.9593	     -1.1040
      0.0000	      0.0000	      0.0000	      0.0000
      0.0000	      0.0000	      0.0000	      0.0000
      0.0000	      0.0000	      0.0000	      0.0000
     -0.6890	     -0.6982	    -13.4839	      0.0000
      0.0000	      0.0000	      0.0000	      0.0000
    -18.0806	      0.0000	      0.0000	      0.0000
      0.0000	      0.0000	      0.0000	      0.0000
      7.8767	      0.0000	      0.0000	      0.0000
    -17.0312	      0.0000	      0.0000	      0.0000
      0.0000	      0.0000	      0.0000	      0.0000
    -15.9429	      0.0000	      0.0000	      0.0000
      4.5400	      0.0000	      0.0000	      0.0000
      0.0000	      0.0000	      0.0000	      0.0000
      0.0000	      0.0000	      0.0000	      0.0000
      0.0000	      0.0000	      0.0000	      0.0000
     -3.4929	     -2.9589	     -0.1146	      2.1388
    -19.0304	    -16.9245	     15.7710	      0.0000
      0.0000	      0.0000	      0.0000	      0.0000
      0.0000	      0.0000	      0.0000	      0.0000
    -10.8101	      0.0000	    -19.8782	      0.0000
      0.0000	      0.0000	      0.0000	      0.0000
      0.0000	      0.0000	      0.0000	      0.0000
      0.0000	      0.0000	      0.0000	      0.0000
      0.0000	      0.0000	      0.0000	      0.0000
      0.0000	      0.0000	      0.0000	      0.0000
      0.0000	      0.0000	      0.0000	      0.0000
      0.0000	      0.0000	      0.0000	      0.0000
    -22.0268	     -7.5237	    -13.5998	     -9.5005
    -20.6803	    -24.7039	      0.0000	      0.0000
      0.0000	      0.0000	      0.0000	      0.0000
      0.0000	      0.0000	      0.0000	      0.0000
    -16.9267	      1.5481	    -17.0439	    -13.5765
     -7.8527	      3.8819	      0.0000	      0.0000
      2.5643	      0.0000	     -5.5583	      0.0000
      0.0000	      0.0000	      0.0000	      0.0000
     -1.1963	     17.9648	      0.0000	     -2.1514
     -0.8036	      1.8117	     -6.5403	     -0.4104
      3.6817	      0.0000	      0.0000	      0.0000
      1.9420	      0.0000	      0.0000	      0.0000
     21.1415	      0.0000	     -0.7328	      0.0000
     -0.2503	      0.0000	      0.0000	      0.0000
     -0.5553	     13.4899	      0.0000	      0.0000
     -0.3707	      0.0000	      0.0000	      0.0000
     -8.9404	     -7.5449	     -2.4988	     -8.5280
     -3.9410	     -3.5322	     -3.4558	      1.6684
     11.9556	      0.0000	      0.0000	      0.0000
     -0.0080	    -15.9180	      0.0000	      0.0000
     -0.2979	      0.8436	      4.1910	      0.4784
      9.9417	      0.0000	     -3.5765	     -3.2112
     14.5472	      0.0000	      0.0000	      0.0000
      1.6100	      0.0000	      0.0000	      0.0000
     -3.4519	      6.5687	      4.5411	      0.0000
     -0.2111	     -0.0800	      0.0000	      0.0000
     -0.1222	     -1.5539	      2.2643	      0.4905
     -1.2598	      0.0000	      0.0000	     -1.8000
     -5.6570	     -5.4067	     -7.5534	     -5.8782
     -7.0256	     -9.1182	     -4.7122	     -3.9398
     -0.1104	      0.0000	      0.0000	      0.0000
      4.5940	      0.0000	      0.0000	      0.0000
     -4.1871	     -6.0805	     -3.8047	     -2.9038
     -5.3162	     -4.3945	      0.0000	      0.0000
     -1.1128	     -2.6455	     -2.8874	     -0.9556
     -1.4038	      0.0000	      0.0000	      0.0000
    -15.7524	    -15.7709	    -14.4178	    -18.2357
      4.7136	      0.0000	      0.0000	      0.0000
     -7.0708	    -12.8654	     -5.9353	      0.3996
    -21.0296	     -0.5007	     -5.4097	      0.0000
     -0.4844	     -0.3559	     -0.0428	     19.1339
      7.1622	      0.0000	      0.0000	      0.0000
     -1.3356	      0.8841	      0.0000	      0.0000
     -1.7370	      0.0000	      0.0000	      0.0000
      1.5143	     -2.7785	      2.8829	     16.5065
      0.0000	      0.0000	      0.0000	     12.7632
     -0.5289	     -2.1163	     -3.7939	      2.8314
    -19.6094	     -0.6033	     -5.5672	      0.0000
    -10.1450	    -12.3880	     -8.2509	    -10.5356
      9.5654	      0.0000	     -1.8898	      0.0000
     -2.5097	     -4.1541	     -9.3130	    -17.8407
      5.3651	      0.0000	      0.0000	      0.0000
      6.6318	      0.0000	      0.0000	      0.0000
     13.8039	      0.0000	      0.0000	      0.0000
      0.0000	      0.0000	      0.0000	      0.0000
      0.0000	      0.0000	      0.0000	      0.0000
     18.5184	     -0.8431	      0.0000	      2.9588
      0.0000	      0.0000	      0.0000	      0.0000
     -1.4718	      1.3673	      0.0000	      0.0000
      0.0000	      0.0000	      0.0000	      0.0000
    -42.7439	    -11.4774	    -28.7249	    -28.0254
     -0.2706	      1.4865	      0.0000	      0.0000
      0.0000	      0.0000	    -15.3008	      0.0000
      0.0000	      0.0000	      0.0000	      0.0000
    -29.6589	    -21.7110	    -31.0409	    -29.3235
      0.0000	      0.0000	      0.0000	      0.0000
     -4.7104	     -0.9025	      0.0000	      0.0000
     -0.7308	      0.0000	      0.0000	      0.0000
     11.6747	      0.7480	     -2.6783	     -1.6453
     -0.4794	     -0.8874	     -3.7970	      4.9407
     -1.2332	      8.1888	     -6.8031	     -0.7202
     16.6044	     -3.8399	     -5.5211	     -2.3622
     23.0440	      0.0000	      0.0000	      0.0000
      0.0000	      0.0000	      0.0000	      0.0000
     17.8657	      0.0000	      0.0000	      0.0000
      0.0000	      0.0000	     -4.8043	      0.0000
    -18.0156	    -13.4700	    -20.1980	    -18.0856
      4.7705	     -3.9767	     -9.3987	     -7.1694
     -3.0678	     10.2496	      0.0000	      0.0000
      0.0000	      0.0000	      0.0000	      0.0000
      5.2138	    -16.7795	    -10.9624	      0.2438
     13.1409	      0.7309	     -8.3069	     -4.7162
    -14.4491	     -1.2965	    -10.9107	     -3.2318
      0.2667	     -0.1686	    -19.9868	     -0.5300
     17.5125	      4.5922	      2.6104	      0.0000
      1.1807	      0.0000	      0.0000	      0.0000
      5.9243	      0.0000	      0.0000	      0.0000
     -2.1580	      0.0000	      0.0000	      0.0000
    -13.0588	    -11.0578	    -13.7467	    -11.5532
     -0.0162	     -2.6983	     -4.8791	     -1.5574
     -1.2369	     -1.8006	     -8.5501	     -0.7320
     -3.6119	     -1.3196	      0.0000	      0.0000
      1.5559	    -18.0084	    -21.5009	    -31.7249
     -8.1006	     -6.9263	     -8.0154	     -2.7681
      0.8066	     -2.5710	     -6.4014	     -2.9372
     -7.4395	    -10.0473	    -14.0801	     -7.8953
     -3.2829	     -4.4300	     -3.2030	      0.7493
     -3.4351	     -0.2958	      0.0000	      0.0000
     -4.8034	     -4.0654	     -2.8679	     -1.9635
     -2.2433	      0.0000	      0.0000	      0.0000
     -1.1683	      0.1966	      0.6007	     17.2550
      5.4404	      0.0000	     -0.9715	      0.0000
      5.2360	      0.0000	      0.0000	      0.0000
     -0.7882	     -1.8829	     -3.6266	     -2.7349
      2.5828	     -2.7404	    -11.5561	     -4.3370
     -1.5276	      0.0437	     -7.2226	      1.9744
      1.6167	     -3.4160	     -3.7769	     -0.6970
    -15.2326	    -11.6430	    -18.5090	     -4.1328
     -5.7329	     -6.4829	     -9.2952	     -0.1976
     -0.5870	      0.0000	      0.0000	      0.0000
     -4.6557	     -6.0904	     -8.3934	     -5.5279
     -2.2498	     -0.4123	      0.0000	      0.0000
     30.9627	      2.1404	     -2.5298	      0.0000
      6.0266	      0.0000	      0.0000	      2.2566
      0.0000	      0.0000	      0.0000	      0.0000
      0.0000	      0.0000	      0.0000	      0.0000
      0.0000	      0.4520	      0.0000	     23.9096
    -20.1777	     -1.8861	     -8.6451	      7.7006
      3.8374	     -2.2120	     -5.9750	     -1.4962
     -2.0390	     -2.9536	    -12.2668	     -3.3097
    -12.7193	    -16.3198	    -18.4776	      9.1178
     -0.5030	      1.4287	      0.0000	      0.0000
      0.0000	      0.0000	      0.0000	      0.0000
      0.0000	      0.0000	      0.0000	      0.0000
    -42.0591	    -45.6459	    -53.9183	    -37.8254
    -15.2069	      0.0000	      0.0000	      0.0000
      0.0000	      0.0000	      0.0000	      0.0000
      0.0000	      0.0000	      0.0000	      0.0000
     -5.7596	    -19.9807	     -3.0035	      0.0000
      0.0000	      0.0000	      0.0000	      0.0000
      0.0000	     -3.7369	      0.0000	      0.0000
      0.0000	      0.0000	      0.0000	      0.0000
      0.0000	      0.0000	      0.0000	      0.0000
      0.0000	      0.0000	      0.0000	      0.0000
      0.0000	      0.0000	      0.0000	      0.0000
      0.0000	      0.0000	      0.0000	      0.0000
      0.0000	      0.0000	      0.0000	      0.0000
      0.0000	      0.0000	      0.0000	      0.0000
      0.0000	      0.0000	      0.0000	      0.0000
      0.0000	      0.0000	      0.0000	      0.0000
      0.0000	      0.0000	      0.0000	      0.0000
      0.0000	      0.0000	      0.0000	      0.0000
      0.0000	      0.0000	      0.0000	      0.0000
      0.0000	      0.0000	      0.0000	      0.0000
      0.0000	      0.0000	      0.0000	      0.0000
      0.0000	      0.0000	      0.0000	      0.0000
      0.0000	      0.0000	      0.0000	      0.0000
      0.0000	      0.0000	      0.0000	      0.0000
     -0.6574	      4.7347	      0.0000	      0.0000
      0.1744	      0.0000	      0.0000	      0.0000
      0.0000	      0.0000	      0.0000	      0.0000
      0.0000	      0.0000	      0.0000	      0.0000
      0.0000	      0.0000	      0.0000	      0.0000
      0.0000	      0.0000	      0.0000	      0.0000
      0.0000	      0.0000	      0.0000	      0.0000
      0.0000	      0.0000	      0.0000	      0.0000
      0.0000	      0.0000	      0.0000	      0.0000
      0.0000	      0.0000	      0.0000	      0.0000
      0.0000	      0.0000	      0.0000	      0.0000
      0.0000	      0.0000	      0.0000	      0.0000
      0.0000	      0.0000	      0.0000	      0.0000
      0.0000	      0.0000	      0.0000	      0.0000
      0.0000	      0.0000	      0.0000	      0.0000
      0.0000	      0.0000	      0.0000	      0.0000
      0.0000	      0.0000	      0.0000	      0.0000
      0.0000	      0.0000	      0.0000	      0.0000
      0.0000	      0.0000	      0.0000	      0.0000
      0.0000	      0.0000	      0.0000	      0.0000
      0.0000	      0.0000	      0.0000	      0.0000
      0.0000	      0.0000	      0.0000	      0.0000
      0.0000	      0.0000	      0.0000	      0.0000
      0.0000	      0.0000	      0.0000	      0.0000
      0.0000	      0.0000	      0.0000	      0.0000
     10.1888	      0.0000	      0.0000	      0.0000
    -11.6374	      0.0000	      0.0000	      0.0000
      0.0000	      0.0000	      0.0000	      0.0000
      4.6532	      0.0000	      0.0000	      0.0000
      0.0000	      0.0000	      0.0000	      0.0000
      0.0000	      0.0000	      0.0000	      0.0000
      0.0000	      0.0000	      0.0000	      0.0000
      0.0000	      0.0000	      0.0000	      0.0000
      0.0000	      0.0000	      0.0000	      0.0000
      0.0000	      0.0000	      0.0000	      0.0000
      0.0000	      0.0000	      0.0000	      0.0000
    -27.8998	    -17.3454	    -24.9021	    -32.1466
      0.0000	      0.0000	      0.0000	      0.0000
    -25.1381	    -19.8047	      0.0000	      0.0000
      0.0000	      0.0000	      0.0000	      0.0000
     -0.4826	      6.3360	      0.0000	      0.0000
     -0.2133	      1.7924	      0.0000	      0.0000
     -0.2518	     -0.1815	     -4.0193	      0.0000
     -2.4813	      2.5308	      0.0000	      0.0000
     22.3445	      0.0000	      0.0000	      0.0000
      0.0000	      0.0000	      0.0000	      0.0000
      3.3945	      0.0000	     -6.4938	      0.0000
      0.0000	      0.0000	      0.0000	      0.0000
     -1.3023	     11.6473	      0.0000	      0.0000
      0.0000	      0.0000	      0.0000	      0.0000
    -18.5689	      0.0000	      0.0000	      0.0000
     -2.2832	      0.0000	      0.0000	      0.0000
      1.1232	      0.0000	     -0.5320	      0.0000
      0.0000	      0.0000	      0.0000	      0.0000
      0.0000	      0.0000	      0.0000	      0.0000
     -1.4930	      0.0000	      0.0000	      0.0000
     18.8933	      0.0000	      0.0000	      0.0000
      3.6957	      0.0000	      0.0000	      0.0000
    -18.0831	      0.0000	      0.0000	      0.0000
      0.3846	      0.0000	      0.0000	      0.0000
      0.0155	     -0.8336	      0.0000	      0.0000
     -2.9906	      0.0000	     -6.2102	      0.0000
      6.3866	      0.0000	      0.0000	      0.0000
      0.0000	      0.0000	      0.0000	      0.0000
     -0.0945	      0.1929	      0.0000	      0.0000
      0.0000	      0.0000	      0.0000	      0.0000
      0.0000	      0.0000	      0.0000	      0.0000
     -0.2306	     -1.4050	      0.0000	      0.0000
      1.9507	      0.0000	      0.0000	      0.0000
      0.0000	      0.0000	      0.0000	      0.0000
     -1.6657	      0.0000	      0.0000	      0.0000
      0.0000	      0.0000	      0.0000	      0.0000
     11.2343	      0.0000	      0.0000	      2.8679
      4.2898	      0.0000	      0.0000	      0.0000
      0.0000	      0.0000	      0.0000	      0.0000
    -20.0000	      0.0000	      0.0000	      0.0000
      0.0000	      0.0000	      0.0000	      0.0000
      0.0000	      0.0000	      0.0000	      0.0000
      0.0000	      0.0000	      0.0000	      0.0000
    -20.3632	      0.0000	      0.0000	      0.0000
      3.7627	      0.0000	      0.0000	      0.0000
      2.1077	      0.0000	      0.0000	      0.0000
      2.8525	      0.0000	      0.0000	      0.0000
      0.0000	      0.0000	      0.0000	      0.0000
      0.0000	      0.0000	      0.0000	      0.0000
      0.0000	      0.0000	      0.0000	      0.0000
      0.0000	      0.0000	      0.0000	      0.0000
      0.0000	      0.0000	      0.0000	      0.0000
      0.0000	      0.0000	      0.0000	      0.0000
      0.0000	      0.0000	      0.0000	      0.0000
      0.0000	      0.0000	      0.0000	      0.0000
      0.0000	      0.0000	      0.0000	      0.0000
     -2.0553	     -2.4702	     -1.0153	      0.0000
     -4.0603	      0.0000	      0.0000	      0.0000
      0.0000	      0.0000	      0.0000	      0.0000
      0.0000	      0.0000	      0.0000	      0.0000
     -2.3406	      6.4814	     -8.8333	     -4.5595
      0.0000	      0.0000	      0.0000	      0.0000
     -6.4817	     -5.7123	     -9.9125	    -26.2763
      0.0000	      0.0000	      0.0000	      0.0000
     -0.2890	      2.8820	      0.0000	     -1.9692
      0.0000	      0.0000	      0.0000	      0.0000
      0.0000	      0.0000	      0.0000	      0.0000
      0.0000	      0.0000	      0.0000	      0.0000
      8.3233	      0.0000	      0.0000	      0.0000
      0.0000	      0.0000	      0.0000	      0.0000
      0.0000	      0.0000	      0.0000	      0.0000
      0.0000	      0.0000	      0.0000	      0.0000
     -2.3036	      1.8275	      0.0000	      0.0000
      0.0000	      0.0000	      0.0000	      0.0000
      0.0000	      0.0000	      0.0000	      0.0000
      0.0000	      0.0000	      0.0000	      0.0000
      9.7661	      0.0000	      0.0000	      0.0000
      0.0000	      0.0000	      0.0000	      0.0000
     -0.4440	     -0.0479	     -3.1050	      0.0000
     -1.8996	      0.0000	      0.0000	      0.0000
      0.0000	      0.0000	     -1.0472	      5.5459
      1.2789	      0.0000	      0.0000	      0.0000
      0.0000	      0.0000	      0.0000	      0.0000
      0.0000	      0.0000	      0.0000	      0.0000
     -0.3815	      0.0000	      0.0000	      0.0000
      0.0000	      0.0000	      0.0000	      0.0000
      0.0000	      0.0000	      0.0000	      0.0000
      0.0000	      0.0000	      0.0000	      0.0000
      2.0829	      0.8794	     -0.1403	      0.0000
      0.0000	      0.0000	      0.0000	      0.0000
     -1.3859	      2.1246	      0.0000	      0.0000
     -0.1854	     -2.0719	      0.0000	      0.0000
     -0.8961	      0.1950	      0.0000	      0.0000
      0.0000	      0.0000	      0.0000	      0.0000
      0.0000	      0.0000	      0.0000	      0.0000
      0.0000	      0.0000	      0.0000	      0.0000
      0.0000	      0.0000	      0.0000	      0.0000
      0.0000	      0.7083	      0.0000	      0.0000
      0.0000	      0.0000	      0.0000	      0.0000
      0.0000	      0.0000	      0.0000	      0.0000
      4.4177	      0.0000	     -3.0616	      0.0000
      2.6834	      0.0000	      0.0000	      0.0000
      1.4390	      0.0000	      0.0000	      0.0000
     -0.2910	      1.1617	      0.0000	     -0.4333
     -0.9917	     -0.9410	     -6.8631	     -1.8113
     -3.6595	      0.0000	      0.0000	      0.0000
      0.0000	      0.0000	      0.0000	      0.0000
      0.0000	      0.0000	      0.0000	      0.0000
      0.0000	      0.0000	      0.0000	      0.0000
      0.0000	      0.0000	      0.0000	      0.0000
      0.0000	      0.0000	      0.0000	      0.0000
      0.0000	      0.0000	      0.0000	      0.0000
      0.0000	      0.0000	      0.0000	      0.0000
      0.0000	      0.0000	      0.0000	      0.0000
      0.0000	      0.0000	      0.0000	      0.0000
      0.0000	      0.0000	      0.0000	      0.0000
      0.0000	      0.0000	      0.0000	      0.0000
      0.0000	      0.0000	      0.0000	      0.0000
      0.0000	      0.0000	      0.0000	      0.0000
      0.0000	      0.0000	      0.0000	      0.0000
    -26.2122	    -30.1700	    -16.2899	    -15.3759
      0.0000	      0.0000	      0.0000	      0.0000
      2.2100	      0.0000	      0.0000	      0.0000
      0.0000	      0.0000	      0.0000	      0.0000
     -0.8456	     -0.6514	     15.1814	      0.0000
      0.0000	      0.0000	      0.0000	      0.0000
      0.0000	    -17.6434	      0.0000	      0.0000
      0.0000	      0.0000	      0.0000	      0.0000
      2.0919	      1.0732	      0.0000	      0.0000
      0.0000	      0.0000	      0.0000	      0.0000
      0.0000	      0.0000	      0.0000	      0.0000
      0.0000	      0.0000	      0.0000	      0.0000
     -6.4920	    -20.8469	    -23.0688	     -1.7764
      0.0000	      0.0000	      0.0000	      0.0000
      0.0000	      0.0000	      0.0000	      0.0000
      0.0000	      0.0000	      0.0000	      0.0000
      0.0000	      3.6277	      0.0000	      0.0000
      0.0000	      0.0000	      0.0000	      0.0000
      0.0000	      0.0000	      0.0000	      0.0000
      0.0000	      0.0000	      0.0000	      0.0000
    -13.7847	      3.4355	      0.0000	      0.0000
      1.3859	      0.0000	      0.0000	      0.0000
      0.0000	      0.0000	      0.0000	      0.0000
      0.0000	      0.0000	      0.0000	      0.0000
     -1.6243	     -4.1723	      0.8459	      0.0000
      0.0000	      0.0000	      0.0000	      0.0000
      0.0000	      0.0000	      0.0000	      0.0000
    -18.1272	      0.0000	      0.0000	      0.0000
    -19.6697	     -0.3099	    -19.5052	      2.8821
      0.0000	      0.0000	      0.0000	      0.0000
      0.0000	      0.0000	      0.0000	      0.0000
      0.0000	      0.0000	      0.0000	      0.0000
     -2.1524	     -3.0123	     -1.5913	      0.9012
      0.0000	      0.0000	      0.0000	      0.0000
      0.0000	      0.0000	      0.0000	      0.0000
      0.0000	      0.0000	      0.0000	      0.0000
    -10.1699	     -0.5288	      0.0000	      0.0000
    -20.0000	      0.0000	      0.0000	      0.0000
    -15.7682	      0.0000	      0.0000	      0.0000
      0.0000	      0.0000	      0.0000	      0.0000
     -1.5791	    -21.1287	      2.5393	      0.8246
      0.0000	      0.0000	      0.0000	      0.0000
      0.0000	      0.0000	      0.0000	      0.0000
      0.0000	      0.0000	      0.0000	      0.0000
    -12.0941	     -6.9806	    -19.6844	     -8.6454
      0.0000	      0.0000	      0.0000	      0.0000
      0.0000	      0.0000	      0.0000	      0.0000
      0.0000	      0.0000	      0.0000	      0.0000
    -22.0911	      0.0000	      0.0000	      9.6105
      6.3095	      0.0000	      0.0000	      0.0000
      0.0000	      0.0000	      0.0000	      0.0000
      0.0000	      0.0000	      0.0000	      0.0000
    -20.0000	     -7.7127	     -1.5902	    -19.8069
      0.0000	      0.0000	      0.0000	      0.0000
      0.0000	      0.0000	      0.0000	      0.0000
      0.0000	      0.0000	      0.0000	      0.0000
    -35.8004	    -51.2447	    -51.0189	    -14.9967
    -21.2681	      0.0000	      0.0000	      0.0000
      0.0000	      0.0000	      0.0000	      0.0000
      0.0000	      0.0000	      0.0000	      0.0000
     -3.2840	      6.7993	     -3.5289	     -4.3060
      0.0000	      0.0000	      0.0000	      0.0000
      3.0716	      0.0000	      0.0000	      0.0000
    -21.3402	      0.0000	      0.0000	      0.0000
      5.6321	      0.0000	      0.0000	      0.7963
      0.0000	      0.0000	      0.0000	      0.0000
      0.0000	      0.0000	      0.0000	      0.0000
      0.0000	      0.0000	      0.0000	      0.0000
      0.0000	      5.0414	      0.0000	      2.8875
      0.0000	      0.0000	      0.0000	      0.0000
      1.2245	      0.0000	      0.0000	      0.0000
      0.0000	      0.0000	      0.0000	      0.0000
     -2.2396	     -2.5559	      0.7383	     -3.8006
     -7.4451	      0.0000	      0.0000	      0.0000
      0.0000	      0.0000	      0.0000	      0.0000
    -20.0275	      0.0000	      0.0000	      0.0000
     -0.0882	      2.8311	     -8.5493	    -22.0233
     -3.8098	    -18.3132	      0.0000	      0.0000
      0.0000	      0.0000	      0.0000	      0.0000
      0.0000	      0.0000	      0.0000	      0.0000
     -9.3008	      3.8736	      0.0000	     10.7402
      0.0000	      0.0000	      0.0000	      0.0000
     11.9607	      0.0000	      0.0000	      0.0000
      0.0000	      0.0000	      0.0000	      0.0000
     -1.9266	     -2.4629	     -1.4608	     -3.6278
      0.0000	      0.0000	      0.0000	      0.0000
      0.0000	      0.0000	      0.0000	      0.0000
      0.0000	      0.0000	      0.0000	      0.0000
    -22.0368	     -3.4315	     -1.3520	     -2.5788
      0.0000	      0.0000	      0.0000	      0.0000
      0.0000	      0.0000	      0.0000	      0.0000
      0.0000	      0.0000	      0.0000	      0.0000
    -10.6248	    -10.6911	    -13.6057	    -19.6492
      2.5072	      0.0000	      0.0000	      0.0000
     -8.3282	    -10.9970	      0.0000	      0.0000
      0.0000	      0.0000	      0.0000	      0.0000
      3.6076	      0.0000	      0.0000	      0.0000
      8.2765	      0.0000	      0.0000	      0.0000
      0.0000	      0.0000	      0.0000	      0.0000
      0.0000	      0.0000	      0.0000	      0.0000
     -3.2944	    -12.6500	     -6.0095	    -12.9156
      0.0000	      0.0000	      0.0000	      0.0000
     -1.1831	     -7.0639	     -1.7989	      0.0000
     -0.1403	     -8.1764	      0.0000	      0.0000
    -17.8672	    -27.0117	    -25.1829	     -5.8921
     -0.7617	      5.7105	      0.0000	      0.0000
      0.0000	      0.0000	      0.0000	      0.0000
      0.0000	      0.0000	      0.0000	      0.0000
    -18.7410	     -9.1594	    -28.0439	    -26.8567
     -2.9735	      0.4219	      0.0000	      0.0000
      0.0000	      0.0000	      0.0000	      0.0000
      0.0000	      0.0000	      0.0000	      0.0000
    -20.7167	    -14.7603	     -9.8917	    -20.6265
      4.0567	      0.0000	      0.0000	      0.0000
      0.0000	      0.0000	      0.0000	      0.0000
      0.0000	      0.0000	      0.0000	      0.0000
    -62.7141	    -58.7674	    -62.0406	    -31.0437
     -8.0300	    -14.2499	      0.0000	      0.0000
      0.0000	      0.0000	      0.0000	      0.0000
      0.0000	      0.0000	      0.0000	      0.0000
    -15.7399	    -14.5777	    -11.7572	    -14.2150
      0.0000	      0.0000	      0.0000	      0.0000
      0.0000	      0.0000	      0.0000	      0.0000
      0.0000	      0.0000	      0.0000	      0.0000
     -1.0319	      0.6281	     -1.7163	      0.0000
      0.0000	      0.0000	      0.0000	      0.0000
     -1.3737	     -2.4211	      0.0000	      0.0000
      0.0000	      0.0000	      0.0000	      0.0000
     34.4898	      0.0000	      0.0000	      0.0000
     10.3591	      0.0000	      0.0000	      0.0000
      0.0000	      0.0000	      0.0000	      0.0000
      0.0000	      0.0000	      0.0000	      0.0000
     -5.8158	     -8.1620	     -6.4338	    -11.3745
     -5.1632	     -1.9044	      0.0000	      0.0000
      0.7225	      0.0000	      0.0000	      0.0000
      0.0000	      0.0000	      0.0000	      0.0000
    -17.2229	     -2.6111	     -6.6363	    -20.7865
     -0.8951	     -3.5949	     -1.7485	     -3.7721
     -0.0252	     -1.0241	     -2.6147	      0.0000
     -0.7221	     -1.3610	     -6.3263	      0.2818
    -10.7694	     -0.4005	      2.9210	      0.0000
      0.0000	      0.0000	      0.0000	      0.0000
      2.9627	      0.0000	      0.0000	      0.0000
      0.0000	      0.0000	      0.0000	      0.0000
    -25.3268	     -8.9040	    -30.4641	     -8.3215
      0.0000	      0.0000	      0.0000	      0.0000
      0.0000	      0.0000	      0.0000	      0.0000
      0.0000	      0.0000	      0.0000	      0.0000
     -4.9489	     -5.6804	     -5.4833	     -4.4606
     -1.0532	     -2.4485	     -4.0880	     -1.2636
     -0.8785	     -5.6260	     -7.7166	      0.0000
     -5.0964	     -4.8843	     -5.2885	     -8.5602
     -4.4052	     -4.2714	     -5.4451	      1.6763
      0.0000	      0.0000	      0.0000	      0.0000
      0.0000	      0.0000	      0.0000	      0.0000
      0.0000	      0.0000	      0.0000	      0.0000
     11.0013	      0.0000	      0.0000	      0.0000
      0.0000	      0.0000	      0.0000	      0.0000
      0.0000	      0.0000	      0.0000	      0.0000
      0.0000	      0.0000	      0.0000	      0.0000
    -22.3983	    -25.3958	    -11.9551	      0.9695
     -1.7958	     -4.9965	      0.0000	      0.0000
     -3.2063	      0.0000	      0.0000	      0.0000
     -4.3639	    -21.2958	     -7.4439	      0.0000
     -8.3047	     -9.8974	    -12.0836	     -4.2808
      0.0000	      0.0000	      0.0000	      0.0000
      0.0000	      0.0000	      0.0000	      0.0000
      0.0000	      0.0000	      0.0000	      0.0000
     -0.0303	      1.8982	      0.0000	      0.0000
      0.0000	      0.0000	     -3.7625	      0.0000
      0.0000	      0.0000	      0.0000	      0.0000
      0.0000	      0.0000	      0.0000	      0.0000
     -0.9388	     -2.3978	     -7.3504	     11.3552
     -0.2207	      0.0000	      0.0000	      0.0000
      0.0000	      0.0000	      0.0000	      0.0000
      0.0000	      0.0000	      0.0000	      0.0000
    -57.3282	    -74.6093	    -50.9649	    -57.6420
     -3.3519	    -11.6228	    -19.8269	     -1.0234
      0.0000	      0.0000	      0.0000	      0.0000
      0.0000	      0.0000	      0.0000	      0.0000
    -28.1403	    -35.6346	    -26.3158	    -32.5559
      0.0000	      0.0000	      0.0000	      0.0000
      0.0000	      0.0000	      0.0000	      0.0000
      0.0000	      0.0000	      0.0000	      0.0000
    -20.3995	      7.2808	      0.0000	      0.0000
      0.0000	      0.0000	      0.0000	      0.0000
      0.0000	      0.0000	      0.0000	      0.0000
      0.0000	      0.0000	      0.0000	      0.0000
     25.1703	      0.0000	      3.8213	      0.0000
     -6.3559	      0.0000	      0.0000	      0.0000
      4.1637	      0.0000	      0.0000	      0.0000
      0.0000	      0.0000	      0.0000	      0.0000
     -2.5096	     -1.8493	     -0.1895	     -2.0507
      0.0000	      0.0000	      0.0000	      0.0000
      0.0000	      0.0000	      0.0000	      0.0000
      0.0000	      0.0000	      0.0000	      0.0000
     -0.8173	     12.7597	      0.0000	      0.0000
      0.0000	      0.0000	      0.0000	      0.0000
      0.0000	      0.0000	      0.0000	      0.0000
      0.0000	      0.0000	      0.0000	      0.0000
     13.5164	      0.0000	      0.0000	      0.0000
     -1.4143	      0.0000	      0.0000	      0.0000
    -20.0000	      0.0000	      0.0000	      0.0000
      0.0000	      0.0000	      0.0000	      0.0000
      0.0000	      0.0000	     12.1583	      0.0000
      0.0000	      0.0000	      0.0000	      0.0000
      0.0000	      0.0000	      0.0000	      0.0000
      0.0000	      0.0000	      0.0000	      0.0000
     -0.9828	     -0.8951	     16.2026	      0.0000
      0.0000	      0.0000	      0.0000	      0.0000
      0.0000	      0.0000	      0.0000	      0.0000
      0.0000	      0.0000	      0.0000	      0.0000
     -1.8836	     -2.9178	     14.2670	      0.0000
      0.0000	      0.0000	      0.0000	      0.0000
      0.0000	      0.0000	      0.0000	      0.0000
      0.0000	      0.0000	      0.0000	      0.0000
     11.9938	      0.0000	      0.0000	      4.0917
    -17.5140	      0.0000	      0.0000	      0.0000
      0.0000	      0.0000	      0.0000	      0.0000
      0.0000	      0.0000	      0.0000	      0.0000
     -1.1841	     -0.5887	     17.2087	      0.0000
    -19.2194	      0.0000	      0.0000	      0.0000
      0.0000	      0.0000	      0.0000	      0.0000
      0.0000	      0.0000	      0.0000	      0.0000
     -1.4843	    -21.6937	     -9.2092	      2.9693
      0.0000	      0.0000	      0.0000	      0.0000
      0.0000	      0.0000	      0.0000	      0.0000
      0.0000	      0.0000	      0.0000	      0.0000
      9.6460	      0.0000	     -2.2802	      0.0000
      0.0000	      0.0000	      0.0000	      0.0000
      0.0000	      0.0000	      0.0000	      0.0000
      0.0000	      0.0000	      0.0000	      0.0000
     -0.9682	     -7.3705	      2.2576	      0.0000
      0.0000	      0.0000	      0.0000	      0.0000
      0.0000	      0.0000	      0.0000	      0.0000
      0.0000	      0.0000	      0.0000	      0.0000
    -16.7560	     -2.5878	     -3.7849	     -3.7560
      0.0000	      0.0000	      0.0000	      0.0000
      0.0000	      0.0000	      0.0000	      0.0000
      0.0000	      0.0000	      0.0000	      0.0000
    -31.2796	     -9.5156	    -30.2718	    -29.5918
      3.2918	      0.0000	      0.0000	      0.0000
    -11.5646	      3.6620	      0.0000	      0.0000
      0.7450	      0.0000	      0.0000	      0.0000
     -0.9745	     18.6852	      6.8833	      0.0000
      0.0000	      0.0000	      0.0000	      0.0000
      7.5464	      0.0000	      0.0000	      0.0000
     -0.0502	      0.5822	      0.0000	      0.0000
     -3.6577	     33.1476	      0.0000	      0.0000
      0.0000	      0.0000	      0.0000	      0.0000
     17.9565	      0.0000	      0.0000	      0.0000
      0.0000	      0.0000	      0.0000	      0.0000
    -11.9818	     -6.3194	    -11.8621	    -11.9882
    -13.2308	     -4.6182	    -11.6117	    -12.7179
      6.9543	      0.0000	      0.0000	      0.0000
     -0.7720	      0.0000	     -4.8785	      0.0000
    -16.2879	     -3.0070	      6.5777	    -11.8006
     -2.3860	     -0.1015	     -3.4158	     -7.2011
     11.9520	      1.8030	      0.0000	      0.0000
     -1.0950	      0.0000	      0.0000	      0.0000
     -5.3165	      6.1106	     15.9627	      0.0000
      0.0000	      0.0000	      0.0000	      0.0000
     -1.5837	     -0.3400	     -1.7892	     11.2461
      0.0000	      0.0000	      0.0000	      0.0000
    -11.0320	     -7.1486	    -10.3299	     -9.9976
    -11.5567	    -13.2526	    -13.6934	    -10.6551
      1.6964	      0.0000	      0.0000	      2.1268
     -1.5258	      0.0000	      0.0000	      0.0000
    -24.0809	    -29.2411	    -16.7623	     -9.5864
     -3.2616	     -3.5825	     -5.2817	     -1.1326
     -3.6943	     -1.7235	     -5.0248	      0.0000
    -21.8043	      0.0000	      0.0000	      0.0000
    -14.3248	    -11.0550	     -5.0753	    -24.6801
     -1.7535	      0.0000	      0.0000	      0.0000
    -17.0806	    -25.2556	    -16.9806	    -19.5789
     -2.7733	     -1.0341	      0.0000	      0.0000
     -6.3950	     -0.8870	      9.1225	      0.0000
    -15.6736	      1.2736	     -2.9460	     -0.0538
      0.0000	      0.0000	      0.0000	      0.0000
      2.8515	      0.0000	      0.0000	      0.0000
     -5.7114	     -8.7091	     -6.9940	      6.9022
     -0.6498	     10.4978	      0.0000	      0.0000
     -3.5159	      0.0000	      0.0000	      0.0000
      0.3279	      0.0000	      0.0000	      0.0000
    -16.0642	    -18.5365	    -17.1364	      0.5182
    -20.4928	      1.1235	      0.0000	      0.0000
     -7.7527	    -18.6559	    -11.4562	    -21.6975
      4.3797	      0.0000	      0.0000	      0.0000
     15.0615	      0.6236	     -4.7893	      5.8053
      0.5521	      0.0000	      0.0000	      0.0000
      0.0000	      0.0000	      0.0000	      0.0000
      0.0000	      0.0000	      0.0000	      0.0000
     -0.1565	     -1.8431	     -1.1033	      8.6248
      7.8822	      0.0000	      0.0000	      0.0000
      0.0000	      0.0000	      0.0000	      0.0000
      0.0000	      0.0000	      0.0000	      0.0000
    -21.9333	    -33.7919	    -23.6330	    -15.5771
      2.3352	      0.0000	      0.0000	      0.0000
     -1.9148	      0.0000	      0.0000	      0.0000
      0.0000	      0.0000	      0.0000	      0.0000
    -30.9646	    -31.4690	    -36.2680	    -29.6344
      0.0000	      0.9632	      0.0000	      0.0000
    -20.5236	      0.0000	      0.0000	      0.0000
      0.0000	      0.0000	      0.0000	      0.0000
      0.0000	     21.5261	     -6.7608	      0.0000
      5.4297	      1.7014	      0.0000	      0.0000
      9.7624	      0.0000	      0.0000	      0.0000
     -2.5240	     -2.8715	    -12.5494	     -4.8030
      4.9251	     27.8291	      0.0000	      7.6690
      1.0965	      0.0000	      0.0000	      0.0000
      2.0450	      0.0000	      0.0000	     19.0387
      0.0000	      0.0000	      0.0000	      0.0000
    -11.9178	     -1.9096	    -26.2452	    -12.0841
     -2.4169	     -0.2119	     -8.4389	      0.0000
      0.0000	      0.0000	      0.0000	      0.0000
     -1.2020	      0.9293	      0.0000	      0.0000
     -1.3185	      8.8521	    -10.4872	     -5.5974
      0.4289	     -3.3930	    -11.1607	     -3.4365
      2.5888	     -0.8311	     -3.8306	     -0.6783
    -18.9558	    -25.5474	    -15.6410	     -8.4963
     13.7612	     -8.8680	     -8.9661	      3.1862
    -14.8814	      2.2585	      0.0000	      0.0000
      7.4960	      0.0000	      0.0000	      0.0000
     -1.7548	     -1.4180	     -2.7279	     -2.5912
    -13.4414	    -27.3911	    -18.2197	    -10.3105
     -4.5507	     -6.2487	     -5.9439	     -8.5873
      0.0000	      0.0000	      0.0000	      0.0000
     -2.6211	     -2.8547	      0.0000	      0.0000
    -15.0669	     -9.3425	    -21.2455	     -3.2473
     -2.2280	     -2.9647	     -9.0597	     -4.9127
     -4.2868	     -7.4443	    -11.5469	     -6.1974
    -21.6000	    -12.6530	    -17.1223	    -19.0513
     -8.6109	    -11.4403	    -15.4929	     -2.4888
      0.3929	      0.0000	      0.0000	      0.0000
     -0.9738	      0.0000	      0.0000	      0.0000
      0.0000	      0.0000	      0.0000	      0.0000
    -18.4488	      4.7828	     -4.3059	    -10.7561
      4.9247	      0.0000	      0.0000	      0.0000
     -1.2664	     -3.5243	      0.0000	      0.0000
     -0.8044	      0.0000	      0.0000	      0.0000
    -12.8542	    -11.2039	    -12.4606	      5.8351
     -0.9897	     -3.1817	     -3.2218	     -2.3136
    -18.3536	     -4.8439	     -4.2438	      1.6302
      1.7660	     -4.4488	     -8.3941	     -4.5691
    -12.3791	    -13.4485	    -14.9149	      1.3866
     -0.4358	     -5.9422	     -4.7811	      3.0835
     -5.0676	     -3.5428	      0.0000	      0.0000
      0.0000	      0.0000	      0.0000	      0.0000
     21.8048	      0.0000	      0.0000	      0.0000
      0.0000	      0.0000	      0.0000	      0.0000
      0.0000	      0.0000	      0.0000	      0.0000
      0.0000	      0.0000	      0.0000	      0.0000
      5.1024	     -2.0184	    -10.6032	     13.3279
     -0.6067	     -1.2236	     -8.4748	      5.0959
     -2.5943	     -4.0618	     -4.2943	      0.5091
     -1.2512	     -1.9934	     -3.0514	     -3.0405
    -16.4203	    -16.2962	    -30.5424	     -7.4157
     -8.0554	     -1.2275	     -8.9419	      0.0000
      3.3100	      0.0000	      0.0000	      0.0000
      1.8519	      0.0000	      0.0000	      0.0000
    -40.1108	    -41.7394	    -41.9567	    -42.0401
     -7.4657	      0.0000	      0.0000	      0.0000
      0.0000	      0.0000	      0.0000	      0.0000
      0.0000	      0.0000	      0.0000	      0.0000
    -18.8421	    -17.3710	    -10.3237	    -16.9865
      0.0000	      0.0000	      0.0000	      0.0000
      0.0000	      0.0000	      0.0000	      0.0000
      0.0000	      0.0000	      0.0000	      0.0000
    -18.0745	      8.2687	      0.0000	      0.0000
      0.0000	      0.0000	      0.0000	      0.0000
      0.0000	      0.0000	      0.0000	      0.0000
      0.0000	      0.0000	      0.0000	      0.0000
      0.0000	      0.0000	      0.0000	      0.0000
      0.0000	      0.0000	      0.0000	      0.0000
      0.0000	      0.0000	      0.0000	      0.0000
      0.0000	      0.0000	      0.0000	      0.0000
     -0.7039	      4.4017	      0.0000	      0.0000
      0.0000	      0.0000	      0.0000	      0.0000
      0.0000	      0.0000	      0.0000	      0.0000
      0.0000	      0.0000	      0.0000	      0.0000
      1.6088	      0.0000	      0.0000	      0.0000
      0.0000	      0.0000	      0.0000	      0.0000
      0.0000	      0.0000	      0.0000	      0.0000
      0.0000	      0.0000	      0.0000	      0.0000
     -1.0147	    -20.4961	      2.2406	      0.0000
      0.0000	      0.0000	      0.0000	      0.0000
      0.0000	      0.0000	      0.0000	      0.0000
      0.0000	      0.0000	      0.0000	      0.0000
      0.0000	      0.0000	      0.0000	      0.0000
      0.0000	      0.0000	      0.0000	      0.0000
      0.0000	      0.0000	      0.0000	      0.0000
      0.0000	      0.0000	      0.0000	      0.0000
      2.6917	      0.0000	      0.0000	      0.0000
      0.0000	      0.0000	      0.0000	      0.0000
      0.0000	      0.0000	      0.0000	      0.0000
      0.0000	      0.0000	      0.0000	      0.0000
      0.0000	      0.0000	      0.0000	      0.0000
      0.0000	      0.0000	      0.0000	      0.0000
      0.0000	      0.0000	      0.0000	      0.0000
      0.0000	      0.0000	      0.0000	      0.0000
     -1.0685	     -1.6410	      0.0000	      0.0000
      0.0000	      0.0000	      0.0000	      0.0000
      0.0000	      0.0000	      0.0000	      0.0000
      0.0000	      0.0000	      0.0000	      0.0000
      0.0000	      0.0000	      0.0000	      0.0000
      0.0000	      0.0000	      0.0000	      0.0000
      0.0000	      0.0000	      0.0000	      0.0000
      0.0000	      0.0000	      0.0000	      0.0000
      0.0000	      0.0000	      0.0000	      0.0000
      0.0000	      0.0000	      0.0000	      0.0000
      0.0000	      0.0000	      0.0000	      0.0000
      0.0000	      0.0000	      0.0000	      0.0000
      0.0859	      0.0000	      0.0000	      0.0000
      0.0000	      0.0000	      0.0000	      0.0000
      0.0000	      0.0000	      0.0000	      0.0000
      0.0000	      0.0000	      0.0000	      0.0000
      0.0000	      0.0000	      0.0000	      0.0000
      0.0000	      0.0000	      0.0000	      0.0000
      0.0000	      0.0000	      0.0000	      0.0000
      0.0000	      0.0000	      0.0000	      0.0000
    -25.4448	    -23.5725	    -23.0354	    -31.6126
      0.0000	      0.0000	      0.0000	      0.0000
      0.0000	      0.0000	      0.0000	      0.0000
      0.0000	      0.0000	      0.0000	      0.0000
     -0.6478	     12.4685	     -6.7790	    -19.8268
      0.0000	      0.0000	      0.0000	      0.0000
      0.0000	      0.0000	      0.0000	      0.0000
      0.0000	      0.0000	      0.0000	      0.0000
     23.4039	      0.0000	     -2.0920	      0.0000
      0.0000	      0.0000	      0.0000	      0.0000
      0.0000	      0.0000	      0.0000	      0.0000
      0.0000	      0.0000	      0.0000	      0.0000
     -6.5936	      1.7047	     -5.3190	     -8.6305
      1.4964	      0.0000	      0.0000	      0.0000
      0.0000	      0.0000	      0.0000	      0.0000
      0.0000	      0.0000	      0.0000	      0.0000
      2.8108	      0.0000	      0.0000	      0.0000
      0.0000	      0.0000	      0.0000	      0.0000
      0.0000	      0.0000	      0.0000	      0.0000
     -1.7461	     -0.8089	     -5.8643	     -2.6489
      2.6275	      0.0000	      0.0000	      1.2536
      0.0000	      0.0000	      0.0000	      0.0000
      8.8721	      0.0000	      0.0000	      0.0000
      0.0000	      0.0000	      0.0000	      0.0000
     -2.6811	     -3.8539	     -5.5920	     -4.0671
     -5.4538	     -0.6892	      0.0000	      0.0000
      0.0000	      0.0000	      0.0000	      0.0000
      0.0000	      0.0000	      0.0000	      0.0000
     -0.8191	      1.2348	     -0.7373	     -0.5492
      0.0000	      0.0000	      0.0000	      0.0000
      0.0000	      0.0000	      0.0000	      0.0000
      0.0000	      0.0000	      0.0000	      0.0000
     -0.8200	      0.0000	      0.0000	      0.0000
      0.0000	      0.0000	      0.0000	      0.0000
      3.5170	      0.0000	      0.0000	      0.0000
      0.0000	      0.0000	      0.0000	      0.0000
      7.5054	      0.0000	      2.9846	      0.0000
     -0.0045	      0.0000	      0.0000	      0.0000
      0.0000	      0.0000	      0.0000	      0.0000
      0.0000	      0.0000	      0.0000	      0.0000
     -0.2885	      0.0000	     12.0879	      0.0000
      1.9105	      0.0000	      0.0000	      0.0000
      0.0000	      0.0000	      0.0000	      0.0000
      0.0000	      0.0000	      0.0000	      0.0000
     -1.7024	     -2.3757	      2.3451	      0.0000
      0.0000	      0.0000	      0.0000	      0.0000
     -1.3976	      0.2008	      0.0000	      0.0000
      0.0000	      0.0000	      0.0000	      0.0000
      3.4543	      0.0000	      0.0000	      0.0000
      0.0000	      0.0000	      0.0000	      0.0000
      0.0000	      0.0000	      0.0000	      0.0000
      0.0000	      0.0000	      0.0000	      0.0000
      0.0000	      0.0000	      0.0000	      0.0000
      0.0000	      0.0000	      0.0000	      0.0000
      0.0000	      0.0000	      0.0000	      0.0000
      0.0000	      0.0000	      0.0000	      0.0000
     -1.8584	     -2.7314	      2.0734	     -3.6379
      0.0000	      0.0000	      0.0000	      0.0000
     -3.8318	      0.0000	      0.0000	      0.0000
      0.0000	      0.0000	      0.0000	      0.0000
    -10.1395	     -1.7097	    -14.6102	     -9.4801
      0.0000	      0.0000	      0.0000	      0.0000
     -5.7970	      0.0000	      0.0000	      0.0000
      0.0000	      0.0000	      0.0000	      0.0000
      5.7463	     15.0241	     -4.7136	      0.0000
      0.0000	      0.0000	      0.0000	      0.0000
      0.0000	      0.0000	      0.0000	      0.0000
      0.0000	      0.0000	      0.0000	      0.0000
     20.3734	      0.0000	      0.0000	      0.0000
      0.0000	      0.0000	      0.0000	      0.0000
      0.0000	      0.0000	      0.0000	      0.0000
      0.0000	      0.0000	      0.0000	      0.0000
     -3.0336	      4.0026	     -8.5258	     -3.8891
      0.0000	      0.0000	      0.0000	      0.0000
      0.0000	      0.0000	      0.0000	      0.0000
      0.0000	      0.0000	      0.0000	      0.0000
      7.5775	      0.0000	     -2.0335	      0.0000
      0.0000	      0.0000	      0.0000	      0.0000
      0.0000	      0.0000	      0.0000	      0.0000
      0.4952	      0.0000	      0.0000	     -1.0054
     17.8081	      0.0000	      0.0000	      0.0000
      0.0000	      0.0000	      0.0000	      0.0000
      1.4168	      0.0000	      0.0000	      0.0000
      0.0000	      0.0000	      0.0000	      0.0000
     -1.8606	      6.4437	      0.0000	      0.0000
      0.0000	      0.0000	      0.0000	      0.0000
      0.0000	      0.0000	      0.0000	      0.0000
      0.0000	      0.0000	      0.0000	      0.0000
      6.3812	      0.0000	      0.0000	     -0.9258
      0.2389	      0.0000	      0.0000	      0.0000
     -1.4437	      1.7945	      0.0000	      0.0000
     -0.0523	     -1.6984	     -4.6583	      0.0000
     -0.3615	     -1.0365	     -3.3978	     -1.1078
      0.0000	      0.0000	      0.0000	      0.0000
     -1.1418	      0.0000	      0.0000	      0.0000
      0.0000	      0.0000	      0.0000	      0.0000
      7.1186	      0.0000	      0.0000	      0.0000
      0.0000	      0.0000	      0.0000	      0.0000
      0.0000	      0.0000	      0.0000	      0.0000
      0.0000	      0.0000	      0.0000	      0.0000
     -0.0801	     -0.2948	     -0.2699	      2.5506
     -1.4206	      0.0000	      0.0000	      0.0000
      0.0000	      0.0000	      0.0000	      0.0000
      0.7586	      0.0000	      0.0000	      0.0000
     -2.4698	     -2.0867	     -3.6579	     -3.6733
      0.0000	      0.0000	      0.0000	      0.0000
      0.0000	      0.0000	      0.0000	      0.0000
      0.0000	      0.0000	      0.0000	      0.0000
      3.5453	      0.0000	      0.0000	      0.0000
      0.0000	      0.0000	      0.0000	      0.0000
      0.0000	      0.0000	      0.0000	      0.0000
      0.0000	      0.0000	      0.0000	      0.0000
      0.0000	      0.0000	      0.0000	      0.0000
      0.0000	      0.0000	      0.0000	      0.0000
      0.0000	      0.0000	      0.0000	      0.0000
      0.0000	      0.0000	      0.0000	      0.0000
     -3.5134	     -3.5044	     -5.6059	      0.0000
      0.0000	      0.0000	      0.0000	      0.0000
      0.0000	      0.0000	      0.0000	      0.0000
      0.0000	      0.0000	      0.0000	      0.0000
    -17.0781	    -15.3088	    -17.1983	    -18.1746
      0.0000	      0.0000	      0.0000	      0.0000
      6.6917	      0.0000	      0.0000	      0.0000
      0.0000	      0.0000	      0.0000	      0.0000
      0.0000	      0.0000	     38.4420	     -2.6008
      0.0000	      0.0000	      0.0000	      0.0000
      0.0000	      0.0000	      0.0000	      0.0000
      0.0000	      0.0000	      0.0000	      0.0000
      5.0557	      0.0000	      0.0000	      5.7024
      0.0000	      0.0000	      0.0000	      0.0000
    -17.2524	    -18.6741	      0.0000	      0.0000
      0.0000	      0.0000	      0.0000	      0.0000
     -7.5321	     -7.4357	     -6.7788	     -6.2041
      0.0000	      0.0000	      0.0000	      0.0000
      0.0000	      0.0000	      0.0000	      0.0000
      0.0000	      0.0000	      0.0000	      0.0000
    -21.2951	    -20.6596	     15.1110	    -30.3450
      0.0000	      0.0000	      0.0000	      0.0000
      0.0000	      0.0000	      0.0000	      0.0000
      0.0000	      0.0000	      0.0000	      0.0000
      8.3602	      1.0800	      0.0000	      0.0000
      0.0000	      0.0000	      0.0000	      0.0000
      0.0000	      0.0000	      0.0000	      0.0000
      0.0000	      0.0000	      0.0000	      0.0000
     -3.8265	     -3.7789	     -6.2848	    -19.2517
    -21.8836	      0.0000	      0.0000	      0.0000
      0.0000	      0.0000	      0.0000	      0.0000
      0.0000	      0.0000	      0.0000	      0.0000
    -15.8181	     -8.1672	      3.0548	    -12.3352
      2.7934	      0.0000	      0.0000	      0.0000
      0.0000	      0.0000	      0.0000	      0.0000
      0.0000	      0.0000	      0.0000	      0.0000
     -5.1046	     -4.0206	      3.9803	     -3.8485
      0.0000	      0.0000	      0.0000	      0.0000
      0.0000	      0.0000	      0.0000	      0.0000
      0.0000	      0.0000	      0.0000	      0.0000
     14.2598	      0.0000	      4.5571	      0.0000
      0.0000	      0.0000	      0.0000	      0.0000
      0.0000	      0.0000	      0.0000	      0.0000
      0.0000	      0.0000	      0.0000	      0.0000
     -1.5853	     -2.4915	      4.4729	    -13.3505
      0.0000	      0.0000	      0.0000	      0.0000
      0.0000	      0.0000	      0.0000	      0.0000
      0.0000	      0.0000	      0.0000	      0.0000
    -22.0954	    -24.8718	    -18.3835	    -20.4900
      8.0981	      0.0000	      0.0000	      0.0000
      0.0000	      0.0000	      0.0000	      0.0000
      0.0000	      0.0000	      0.0000	      0.0000
     29.2361	      0.3493	      7.7303	      0.0000
      0.0000	      0.0000	      0.0000	      0.0000
      0.0000	      0.0000	      0.0000	      0.0000
      0.0000	      0.0000	      0.0000	      0.0000
     -0.0908	      0.0000	      0.0000	     13.9465
      0.0000	      0.0000	      0.0000	      0.0000
      0.0000	      0.0000	      0.0000	      0.0000
      0.0000	      0.0000	      0.0000	      0.0000
    -43.1124	    -59.7599	    -45.4212	    -27.7081
      0.0000	      0.0000	      0.0000	      0.0000
      0.0000	      0.0000	      0.0000	      0.0000
      0.0000	      0.0000	      0.0000	      0.0000
    -34.2030	    -35.8745	     -6.1211	    -48.8632
      0.0000	      0.0000	      0.0000	      0.0000
      0.0000	      0.0000	      0.0000	      0.0000
      0.0000	      0.0000	      0.0000	      0.0000
     -1.0825	      2.0089	     31.0960	     -2.7385
      0.0000	      0.0000	      0.0000	      0.0000
      0.0000	      0.0000	      0.0000	      0.0000
      0.0000	      0.0000	      0.0000	      0.0000
     11.1305	      0.0000	      0.0000	      0.5611
      0.0000	      0.0000	      2.0223	      0.0000
    -12.4239	      0.0000	      0.0000	      0.0000
      0.0000	      0.0000	      0.0000	      0.0000
    -25.6328	    -30.2064	    -28.7339	    -28.8304
      2.0843	      0.0000	      0.0000	      0.0000
      0.0000	      0.0000	      0.0000	      0.0000
      1.2720	      0.0000	      0.0000	      0.0000
     -5.1370	    -18.5205	     -4.8831	     -5.9100
     -9.4426	      0.0000	      0.0000	      0.0000
      0.0000	      0.0000	      0.0000	      0.0000
      0.0000	      0.0000	      0.0000	      0.0000
      4.7016	      0.0000	     22.4138	      1.1597
      0.0000	      0.0000	      0.0000	      0.0000
      0.0000	      0.0000	      0.0000	      0.0000
      0.0000	      0.0000	      0.0000	      0.0000
    -23.2981	    -24.3957	    -24.1545	    -23.8785
      0.0000	      0.0000	      0.0000	      0.0000
      0.0000	      0.0000	      0.0000	      0.0000
      0.0000	      0.0000	      0.0000	      0.0000
    -21.7661	    -16.6990	    -14.2523	     -8.0498
      0.2995	      0.0000	      0.0000	      0.0000
      0.0000	      0.0000	      0.0000	      0.0000
      0.0000	      0.0000	      0.0000	      0.0000
    -22.5278	    -11.8590	    -13.3177	     -3.3936
      5.4854	      0.0000	      0.0000	      0.0000
     -6.3258	      0.0000	      0.0000	      0.0000
      0.0000	      0.0000	      0.0000	      0.0000
    -16.5899	    -10.3694	    -21.3143	    -12.8935
      0.0000	      0.0000	      0.0000	      0.0000
      0.0000	      0.0000	      0.0000	      0.0000
      0.0000	      0.0000	      0.0000	      0.0000
    -11.1280	    -11.8369	     -8.6758	    -11.5711
      0.0000	      0.0000	      0.0000	      0.0000
     -0.5134	     -5.6108	     -4.9028	      0.0000
      0.0000	      0.0000	      0.0000	      0.0000
    -29.9509	    -32.5846	    -37.3978	    -19.8268
    -23.1532	      0.0000	      0.0000	      0.0000
      0.0000	      0.0000	      0.0000	      0.0000
      0.0000	      0.0000	      0.0000	      0.0000
      2.8385	     -0.4378	      3.0750	     21.7644
      5.4463	      0.0000	      0.0000	      0.0000
      0.0000	      0.0000	      0.0000	      0.0000
      0.0000	      0.0000	      0.0000	      0.0000
     -5.5083	    -12.1392	    -20.2992	     20.1653
      0.0000	      0.0000	      0.0000	      0.0000
      0.0000	      0.0000	      0.0000	      0.0000
      0.0000	      0.0000	      0.0000	      0.0000
    -40.0160	    -42.9583	    -40.9273	    -15.7461
     -8.2660	     -2.4675	    -19.6844	     -8.0759
      0.0000	      0.0000	      0.0000	      0.0000
      0.0000	      0.0000	      0.0000	      0.0000
    -47.6963	    -51.5779	    -35.0454	    -31.1831
      0.0000	      0.0000	      0.0000	      0.0000
      3.9151	      0.0000	      0.0000	      0.0000
      0.0000	      0.0000	      0.0000	      0.0000
    -21.5580	    -14.8169	      2.7742	    -17.1004
      0.0000	      0.0000	      0.0000	      0.0000
      0.0000	      0.0000	      0.0000	      0.0000
      0.0000	      0.0000	      0.0000	      0.0000
      1.3201	      0.0000	     18.6610	      0.0000
      0.0000	      0.0000	      0.0000	      0.0000
      4.2817	      0.0000	      0.0000	      0.0000
      0.0000	      0.0000	      0.0000	      0.0000
    -40.7338	    -43.4951	    -43.7870	    -40.3097
      0.0000	      0.0000	      0.0000	      0.0000
      0.0000	      0.0000	      0.0000	      0.0000
    -20.0000	      0.0000	      0.0000	      0.0000
    -24.9545	    -16.8075	    -15.2225	    -16.1439
      0.0000	      0.0000	      0.0000	      0.0000
      0.0000	      0.0000	      0.0000	      0.0000
      2.1841	      0.0000	      0.0000	      0.0000
    -14.9782	     -3.8397	    -10.5496	    -10.3719
    -20.0993	      0.0000	      0.0000	      0.0000
      0.0000	      0.0000	      0.0000	      0.0000
      0.0000	      0.0000	      0.0000	      0.0000
    -30.4861	    -34.8350	    -33.2931	    -40.1260
      0.0000	      0.0000	      0.0000	      0.0000
      0.0000	      0.0000	      0.0000	      0.0000
      0.0000	      0.0000	      0.0000	      0.0000
    -12.0593	    -40.6515	    -24.6890	    -32.5750
     -0.2247	     -6.4660	      0.0000	      0.0000
     -3.7132	      0.0000	      0.0000	      0.0000
      0.5007	      0.0000	      0.0000	     -1.6957
    -35.8309	    -29.3394	    -41.6792	    -16.9730
      0.0000	      0.0000	      0.0000	      0.0000
      0.0000	      0.0000	      0.0000	      0.0000
      0.0000	      0.0000	      0.0000	      0.0000
     -8.3524	    -15.7612	    -13.4740	    -13.8285
      0.0000	      0.0000	      0.0000	      0.0000
      0.0000	      0.0000	      0.0000	      0.0000
      0.0000	      0.0000	      0.0000	      0.0000
     -3.6284	     -5.8962	     -5.1737	     -1.5132
      0.0000	      0.0000	      0.0000	      0.0000
      0.0000	      0.0000	      0.0000	      0.0000
      0.0000	      0.0000	      0.0000	      0.0000
    -27.8269	    -40.6372	    -32.4713	    -19.8552
      0.0000	      0.0000	      0.0000	      0.0000
      0.0000	      0.0000	      0.0000	      0.0000
      0.0000	      0.0000	      0.0000	      0.0000
    -14.3293	      0.0000	    -21.7731	     44.0070
      0.0000	      0.0000	      0.0000	      0.0000
      0.0000	      0.0000	      0.0000	      0.0000
      0.0000	      0.0000	      0.0000	      0.0000
     -1.1493	     -9.2460	    -11.2059	     27.6100
     -2.9004	      0.0000	      0.0000	      0.0000
      0.0000	      0.0000	      0.0000	      0.0000
      0.0000	      0.0000	      0.0000	      0.0000
    -57.9486	    -42.9827	    -48.2386	     -9.1745
     -5.4368	     -7.4850	     -9.2152	     -0.3357
      0.0000	      0.0000	      0.0000	      0.0000
      0.0000	      0.0000	      0.0000	      0.0000
    -43.7367	    -25.2666	    -40.1065	    -39.2624
      0.0000	      0.0000	      0.0000	      0.0000
      0.0000	      0.0000	      0.0000	      0.0000
      0.0000	      0.0000	      0.0000	      0.0000
     -0.3226	     12.3516	      0.0000	      0.0000
      0.0000	      0.0000	      0.0000	      0.0000
      0.0000	      0.0000	      0.0000	      0.0000
      0.0000	      0.0000	      0.0000	      0.0000
     32.7034	      0.0000	      2.1880	      0.0000
      0.0000	      0.0000	      0.0000	      0.0000
      0.0000	      0.0000	      0.0000	      0.0000
      0.0000	      0.0000	      0.0000	      0.0000
     -3.3453	     -0.5113	      6.0243	      0.0000
    -22.9830	      0.0000	      0.0000	      0.0000
      0.0000	      0.0000	      0.0000	      0.0000
      0.0000	      0.0000	      0.0000	      0.0000
      0.0000	      0.0000	     18.0339	      0.0000
      0.0000	      0.0000	      0.0000	      0.0000
      0.0000	      0.0000	      0.0000	      0.0000
      0.0000	      0.0000	      0.0000	      0.0000
     19.1832	      0.0000	      0.0000	      7.4415
      0.0000	      0.0000	      0.0000	      0.0000
      0.0000	      0.0000	      0.0000	      0.0000
      0.0000	      0.0000	      0.0000	      0.0000
      4.1008	      3.9745	      6.5259	      0.0000
     -5.1522	      0.0000	      0.0000	      0.0000
      0.0000	      0.0000	      0.0000	      0.0000
      0.0000	      0.0000	      0.0000	      0.0000
     -0.9713	      2.0559	    -10.8627	     -1.4044
      0.5977	      0.0000	      0.0000	      0.0000
      0.0000	      0.0000	      0.0000	      0.0000
      0.0000	      0.0000	      0.0000	      0.0000
     -1.4497	     -1.7476	     -0.7042	      3.5239
      0.0000	      0.0000	      0.0000	      0.0000
      0.0000	      0.0000	      0.0000	      0.0000
      0.0000	      0.0000	      0.0000	      0.0000
     17.9833	      0.0000	      0.0000	      5.3989
      0.0000	      0.0000	      0.0000	      0.0000
      0.0000	      0.0000	      0.0000	      0.0000
      0.0000	      0.0000	      0.0000	      0.0000
     -0.2918	     -1.1560	     19.5618	    -12.5126
      0.0000	      0.0000	      0.0000	      0.0000
      0.0000	      0.0000	      0.0000	      0.0000
      0.0000	      0.0000	      0.0000	      0.0000
     -3.8384	     -8.8619	      2.2719	     -1.9151
      0.0000	      0.0000	      0.0000	      0.0000
      0.0000	      0.0000	      0.0000	      0.0000
      0.0000	      0.0000	      0.0000	      0.0000
      2.2518	      0.0000	     18.0018	      0.0000
      0.0000	      0.0000	      0.0000	      0.0000
      0.0000	      0.0000	      0.0000	      0.0000
      0.0000	      0.0000	      0.0000	      0.0000
     -0.7189	     -1.9623	     11.1941	      0.0000
      0.0000	      0.0000	      0.0000	      0.0000
      0.0000	      0.0000	      0.0000	      0.0000
      0.0000	      0.0000	      0.0000	      0.0000
     -9.9454	     -8.2293	    -11.5006	     -6.0956
      0.0000	      0.0000	      0.0000	      0.0000
      0.0000	      0.0000	      0.0000	      0.0000
      0.0000	      0.0000	      0.0000	      0.0000
    -29.4061	     10.0818	    -32.3071	    -32.0621
      5.7275	      0.0000	      0.0000	      0.0000
    -14.5005	      0.0000	      0.0000	      0.0000
      0.0000	      0.0000	      0.0000	      0.0000
      0.0206	     23.6123	      8.0578	      0.5364
      0.0000	      0.0000	      0.0000	      0.0000
    -19.1348	      6.8562	      0.0000	      0.0000
      0.0000	      0.0000	      0.0000	      0.0000
     27.6606	     12.4652	      0.0000	      2.5301
      0.0000	      0.0000	      0.0000	      0.0000
      0.0000	     10.3535	      0.0000	      0.0000
      0.0000	      0.0000	      0.0000	      0.0000
    -20.8705	     -9.7371	    -22.6542	    -23.6845
     -8.7891	     -7.1218	     -6.2085	     -9.9373
      5.1857	      0.0000	      0.0000	      0.0000
      2.4504	      0.0000	     -9.3971	      0.0000
    -22.8252	    -12.3827	    -11.3842	    -14.3258
     -0.9780	     -0.4056	     -2.3469	      0.0000
      8.4348	      2.9802	      0.0000	      0.0000
      0.0000	      0.0000	      0.0000	      0.0000
      9.7290	      7.5021	      5.0684	      1.7466
    -19.5853	      0.0000	      0.0000	      0.0000
    -10.6314	     -5.9021	     -3.0669	      1.6709
      1.2655	      0.0000	      0.0000	      0.0000
    -18.5189	    -21.9151	     -3.4323	    -19.3331
     -9.2768	     -9.8688	    -10.5632	     -7.8614
      0.0000	      0.0000	      0.0000	      0.0000
      0.0000	      0.0000	      0.0000	      0.0000
    -23.5764	    -14.4838	    -15.6234	     -7.1654
      0.6037	      0.0000	      0.0000	      0.0000
      0.0000	      0.0000	      0.0000	      0.0000
      0.0000	      0.0000	      0.0000	      0.0000
     -7.3624	    -15.8196	    -19.3134	    -20.7496
      2.2223	      0.0000	      0.0000	      0.0000
     -3.1260	      1.3478	      0.0000	      0.0000
    -19.8970	      0.0000	      0.0000	      0.0000
     -7.1463	     -1.7787	    -10.2999	      5.3936
      3.5919	      1.9843	      0.0000	      0.0000
      0.0000	      0.0000	      0.0000	      0.0000
      0.0000	      0.0000	      0.0000	      0.0000
     -2.6926	     -8.3538	    -20.3148	      5.8347
      2.8739	      0.0000	      0.0000	      0.0000
      0.0000	      0.0000	      0.0000	      0.0000
      0.0000	      0.0000	      0.0000	      0.0000
    -23.7136	    -23.7949	    -23.3568	     -1.2539
      0.0000	      0.0000	      0.0000	      0.0000
     -8.9045	     -4.5290	     -9.3159	      0.0000
      5.0668	      0.0000	      0.0000	      0.0000
     19.4311	      0.0000	      0.0000	      6.4520
      4.8235	      0.0000	      0.0000	      0.0000
      0.0000	      0.0000	      0.0000	      0.0000
      0.0000	      0.0000	      0.0000	      0.0000
     -1.1591	     -5.0158	     -4.6966	     17.4842
      0.0000	      0.0000	      0.0000	      0.0000
      0.0000	      0.0000	      0.0000	      0.0000
      0.0000	      0.0000	      0.0000	      0.0000
    -21.1316	    -20.0000	    -23.3326	      2.4925
      0.0000	      0.0000	      0.0000	      0.0000
      0.0000	      0.0000	      0.0000	      0.0000
      0.0000	      0.0000	      0.0000	      0.0000
    -37.9406	     -0.3878	    -35.8116	    -40.0166
      0.0000	      0.0000	      0.0000	      0.0000
     -1.0851	     -2.8934	     -2.2531	      0.0000
     -0.5412	      0.0000	      0.0000	      0.0000
      5.4174	     22.1384	     -8.7636	     -5.1109
      5.2082	      0.0000	      0.0000	      0.0000
      7.7800	      0.0000	      0.0000	      0.0000
     -2.1047	     -1.4796	     -7.2559	     -2.4074
      8.3160	     30.3634	     -0.5078	     11.3068
      1.7565	      0.0000	      0.0000	      0.0000
     -0.0934	      5.5732	      0.0000	      0.0000
     -1.9810	     -0.6225	      0.0000	      0.0000
    -17.7115	     -9.7262	    -35.2996	    -21.0418
     -1.9648	     -4.2534	     -6.3895	      1.9290
     -3.3237	      0.0000	      0.0000	      0.0000
      0.0000	      0.0000	      0.0000	      0.0000
      0.5373	    -13.4222	    -20.4674	    -12.2614
      2.9832	     -1.3579	     -3.6945	     -5.5683
      3.2419	     -5.6267	      0.0000	     -0.9062
     -0.8583	     -3.0282	    -22.7546	     -4.8838
     17.3575	      1.1347	     -9.1474	     -1.4242
     -0.6940	      0.0000	      0.0000	      0.0000
      3.4642	      0.0000	      0.0000	      0.0000
     -1.0337	      0.0000	      0.0000	      0.0000
    -30.7346	    -10.5491	    -29.7431	    -40.2824
     -0.8027	      0.0000	      0.0000	      0.0000
     -0.2914	      0.0000	      0.0000	      0.0000
      0.0000	      0.0000	      0.0000	      0.0000
    -14.9532	    -15.8955	    -27.7517	    -11.6232
     -2.4702	     -4.5314	     -4.7435	     -6.7540
     -0.8970	     -4.1643	     -6.8654	     -1.1451
     -4.1535	     -5.5121	     -8.0139	     -4.8062
    -14.6455	    -17.4842	    -19.4269	    -25.9172
     -0.7860	     -1.8140	      0.0000	      0.0000
     -7.4309	      0.0000	      0.0000	      0.0000
      0.0000	      0.0000	      0.0000	      0.0000
     -2.7230	     -0.9116	      0.0000	      8.1975
      3.2398	      0.0000	      0.0000	      0.5023
      0.0000	      0.0000	      0.0000	      0.0000
      0.0000	      0.0000	      0.0000	      0.0000
     -0.1522	    -14.0456	    -43.5750	    -13.5125
      0.9493	     -1.2053	     -6.3613	     -1.8299
    -17.9521	      0.0000	      0.0000	      0.0000
     14.7954	      0.0000	      0.0000	      0.0000
    -23.8604	    -27.4854	    -32.1089	    -14.4136
      0.0000	      0.0000	      0.0000	     -2.7355
      0.0000	      0.0000	      0.0000	      0.0000
      0.0000	      0.0000	      0.0000	      0.0000
     20.3838	      0.0000	     -0.9122	      9.1677
      0.0000	      0.0000	      0.0000	      0.0000
      0.0000	      0.0000	      0.0000	      0.0000
      0.0000	      0.0000	      0.0000	      0.0000
     -0.3668	     -3.0415	     -9.8707	     19.2810
     -0.1621	     -1.8449	      0.0000	      0.0000
      0.0000	      0.0000	      0.0000	      0.0000
      0.0000	      0.0000	      0.0000	      0.0000
    -29.3979	    -31.7154	    -36.3184	     -9.1146
     -1.8364	     -5.8015	     -9.3661	     -4.4673
      0.0000	      0.0000	      0.0000	      0.0000
      0.0000	      0.0000	      0.0000	      0.0000
    -32.8222	    -36.0707	    -34.5415	    -37.2377
      0.0000	      0.0000	      0.0000	      0.0000
      0.0000	      0.0000	      0.0000	      0.0000
      0.0000	      0.0000	      0.0000	      0.0000
      5.2162	      0.0000	     -6.7442	      0.0000
      0.0000	      0.0000	      0.0000	      0.0000
      0.0000	      0.0000	      0.0000	      0.0000
      0.0000	      0.0000	      0.0000	      0.0000
      0.0000	      0.0000	      0.0000	      3.3198
      0.0000	      0.0000	      0.0000	      0.0000
      0.0000	      0.0000	      0.0000	      0.0000
      0.0000	      0.0000	      0.0000	      0.0000
      0.0000	      0.0000	      0.0000	      0.0000
      0.0000	      0.0000	      0.0000	      0.0000
      0.0000	      0.0000	      0.0000	      0.0000
      0.0000	      0.0000	      0.0000	      0.0000
     -0.6777	      0.0000	      0.0000	      0.0000
      0.0000	      0.0000	      0.0000	      0.0000
      0.0000	      0.0000	      0.0000	      0.0000
      0.0000	      0.0000	      0.0000	      0.0000
      4.3225	      0.0000	      0.0000	      0.0000
      0.0000	      0.0000	      0.0000	      0.0000
      0.0000	      0.0000	      0.0000	      0.0000
      0.0000	      0.0000	      0.0000	      0.0000
      0.6977	      0.0000	      0.0000	      0.0000
      0.0000	      0.0000	      0.0000	      0.0000
      0.0000	      0.0000	      0.0000	      0.0000
      0.0000	      0.0000	      0.0000	      0.0000
     -0.4840	      2.1829	      0.0000	      0.0000
      0.0000	      0.0000	      0.0000	      0.0000
      0.0000	      0.0000	      0.0000	      0.0000
      0.0000	      0.0000	      0.0000	      0.0000
     -1.5006	      0.8367	      0.0000	      0.0000
      0.0000	      0.0000	      0.0000	      0.0000
      0.0000	      0.0000	      0.0000	      0.0000
      0.0000	      0.0000	      0.0000	      0.0000
      0.0000	      0.0000	      0.0000	      0.0000
      0.0000	      0.0000	      0.0000	      0.0000
      0.0000	      0.0000	      0.0000	      0.0000
      0.0000	      0.0000	      0.0000	      0.0000
      0.0000	      1.0770	      0.0000	      0.0000
      0.0000	      0.0000	      0.0000	      0.0000
      0.0000	      0.0000	      0.0000	      0.0000
      0.0000	      0.0000	      0.0000	      0.0000
     -2.6657	     -1.7210	      2.1020	      0.0000
      0.0000	      0.0000	      0.0000	      0.0000
      0.0000	      0.0000	      0.0000	      0.0000
      0.0000	      0.0000	      0.0000	      0.0000
      0.0000	      0.0000	      0.0000	      0.0000
      0.0000	      0.0000	      0.0000	      0.0000
      0.0000	      0.0000	      0.0000	      0.0000
      0.0000	      0.0000	      0.0000	      0.0000
      0.1139	      0.0000	      0.0000	      0.0000
      0.0000	      0.0000	      0.0000	      0.0000
      0.0000	      0.0000	      0.0000	      0.0000
      0.0000	      0.0000	      0.0000	      0.0000
     -1.9711	      0.1426	      0.0000	      0.0000
      0.0000	      0.0000	      0.0000	      0.0000
      0.0000	      0.0000	      0.0000	      0.0000
      0.0000	      0.0000	      0.0000	      0.0000
    -10.6717	     -1.7005	    -14.2686	     -8.5351
      0.0000	      0.0000	      0.0000	      0.0000
      0.0000	      0.0000	      0.0000	      0.0000
      0.0000	      0.0000	      0.0000	      0.0000
      7.0964	      1.7508	      0.0000	      0.0000
      0.0000	      0.0000	      0.0000	      0.0000
      0.0000	      0.0000	      0.0000	      0.0000
      0.0000	      0.0000	      0.0000	      0.0000
     19.4984	      0.0000	      0.3051	      1.2340
      0.0000	      0.0000	      0.0000	      0.0000
      0.0000	      0.0000	      0.0000	      0.0000
      0.0000	      0.0000	      0.0000	      0.0000
     -8.3858	     -8.3879	     -6.2719	    -14.3538
      0.0000	      0.0000	      0.0000	      0.0000
      0.3895	      0.0000	      0.0000	      0.0000
      0.0000	      0.0000	      0.0000	      0.0000
     -0.5181	     13.6515	     -0.9832	      0.0000
      0.0000	      0.0000	      0.0000	      0.0000
      0.0000	      0.0000	      0.0000	      0.0000
      0.0000	      0.0000	      0.0000	      0.0000
     12.0019	      0.0000	      3.0451	      0.0000
      0.0000	      0.0000	      0.0000	      0.0000
      1.5896	      0.0000	      0.0000	      0.0000
      0.0000	      0.0000	      0.0000	      0.0000
     -6.7138	     -6.9719	     -1.6729	     -5.1122
     -2.1471	      0.0000	      0.0000	      0.0000
      0.0000	      0.0000	      0.0000	      0.0000
      0.0000	      0.0000	      0.0000	      0.0000
      3.6158	     -0.2091	      0.3881	     -1.1121
      0.0000	      0.0000	      0.0000	      0.0000
      0.0000	      0.0000	      0.0000	      0.0000
      0.0000	      0.0000	      0.0000	      0.0000
     -0.3811	     -0.8214	     -1.0152	      0.0000
      0.0000	      0.0000	      0.0000	      0.0000
      0.0000	      0.0000	      0.0000	      0.0000
      0.0000	      0.0000	      0.0000	      0.0000
     11.6310	      0.0000	      0.0000	      0.0000
      7.1822	      0.0000	      0.0000	      0.0000
      0.0000	      0.0000	      0.0000	      0.0000
      0.0000	      0.0000	      0.0000	      0.0000
     -0.3624	     -0.1117	     -1.2520	      0.0000
      0.0000	      0.0000	      0.0000	      0.0000
      0.0000	      0.0000	      0.0000	      0.0000
      0.0000	      0.0000	      0.0000	      0.0000
     -2.0193	     -3.0094	     -0.1601	     -2.1145
      3.6755	      0.0000	      0.0000	      0.0000
      0.0000	      0.0000	      0.0000	      0.0000
      0.0000	      0.0000	      0.0000	      0.0000
     10.1302	      0.0000	      0.0000	      0.0000
      0.0000	      0.0000	      0.0000	      0.0000
      0.0000	      0.0000	      0.0000	      0.0000
      0.0000	      0.0000	      0.0000	      0.0000
      2.0745	      0.0000	      0.0000	      0.0000
      0.0000	      0.0000	      0.0000	      0.0000
      0.0000	      0.0000	      0.0000	      0.0000
      0.0000	      0.0000	      0.0000	      0.0000
     -2.0096	     -3.9096	     -0.3258	     -0.6730
      0.0000	      0.0000	      0.0000	      0.0000
      0.0000	      0.0000	      0.0000	      0.0000
      0.0000	      0.0000	      0.0000	      0.0000
    -29.2781	     -0.7171	    -29.7305	    -24.9369
      0.0000	      0.0000	      0.0000	      0.0000
      0.0000	      0.0000	      0.0000	      0.0000
      0.0000	      0.0000	      0.0000	      0.0000
      1.5690	     21.8496	      0.0129	      5.4026
      0.0000	      0.0000	      0.0000	      0.0000
      0.0000	      0.0000	      0.0000	      0.0000
      0.0000	      0.0000	      0.0000	      0.0000
     35.0964	      0.0000	      0.0000	      1.3994
      0.0000	      0.0000	      0.0000	      0.0000
      0.0000	      0.0000	      0.0000	      0.0000
      0.0000	      0.0000	      0.0000	      0.0000
     -8.3527	     -1.1863	    -11.5747	     -7.8989
      0.0000	      0.0000	      0.0000	      0.0000
      0.0000	      0.0000	      0.0000	      0.0000
      0.0000	      0.0000	      0.0000	      0.0000
     12.6577	      5.3215	     -5.0898	      1.6752
     -0.1844	      1.2824	      0.0000	      0.0000
      0.0000	      0.0000	      0.0000	      0.0000
     -1.9496	      0.6342	      0.0000	      0.0000
     19.2406	      5.3255	      0.0000	      1.3045
      0.0000	      0.0000	      0.0000	      0.0000
      0.0000	      0.0000	      0.0000	      0.0000
      0.0000	      0.0000	      0.0000	      0.0000
     -4.6952	     -1.9676	     -4.2427	     -7.1264
      0.0000	      0.0000	      0.0000	      0.0000
      0.0000	      0.0000	      0.0000	      0.0000
      0.0000	      0.0000	      0.0000	      0.0000
      7.7837	     -1.3194	     -2.1518	     -3.7595
      0.0000	      0.0000	      0.0000	      0.0000
      0.8275	      0.0000	      0.0000	      0.0000
      0.0000	      0.0000	      0.0000	      0.0000
     -1.7346	      2.4983	     -3.4496	     -1.6005
      0.0000	      0.0000	      0.0000	      0.0000
      0.0000	      0.0000	      0.0000	      0.0000
      0.0000	      0.0000	      0.0000	      0.0000
      6.7796	      0.0000	     -2.2278	      1.6213
      2.9168	      0.0000	      0.0000	      0.0000
      0.0000	      0.0000	      0.0000	      0.0000
      0.0000	      0.0000	      0.0000	      0.0000
      1.3179	     -0.4762	     -3.9115	      0.3421
      0.0000	      0.0000	      0.0000	      0.0000
      0.0000	      0.0000	      0.0000	      0.0000
      0.0000	      0.0000	      0.0000	      0.0000
     -1.7198	     -1.2941	     -4.5443	     -1.1708
      0.0000	      0.0000	      0.0000	      0.0000
      0.0000	      0.0000	      0.0000	      0.0000
      0.0000	      0.0000	      0.0000	      0.0000
      2.5898	      0.0000	      0.0000	      0.0000
      0.0000	      0.0000	      0.0000	      0.0000
      0.0000	      0.0000	      0.0000	      0.0000
      0.0000	      0.0000	      0.0000	      0.0000
     -0.2954	     -2.1084	      3.8683	      0.0000
      0.0000	      0.0000	      0.0000	      0.0000
      0.0000	      0.0000	      0.0000	      0.0000
      0.0000	      0.0000	      0.0000	      0.0000
     -0.9381	     -0.8400	     -0.8785	      0.0000
      0.0000	      0.0000	      0.0000	      0.0000
      0.0000	      0.0000	      0.0000	      0.0000
      0.0000	      0.0000	      0.0000	      0.0000
    -49.5889	    -46.3814	    -39.8141	    -35.9123
      0.0000	      0.0000	      0.0000	      0.0000
      0.0000	      0.0000	      0.0000	      0.0000
      0.0000	      0.0000	      0.0000	      0.0000
      7.5744	     21.6904	     -1.5872	     -0.6808
      0.0000	      0.0000	      0.0000	      0.0000
      0.0000	      0.0000	      0.0000	      0.0000
      0.0000	      0.0000	      0.0000	      0.0000
      4.1157	     27.8509	      0.0000	      0.0000
      0.0000	      0.0000	      0.0000	      0.0000
      0.0000	      0.0000	      0.0000	      0.0000
      0.0000	      0.0000	      0.0000	      0.0000
    -38.2581	    -18.0103	    -33.3554	    -24.0515
      0.0000	      0.0000	      0.0000	      0.0000
      0.0000	      0.0000	      0.0000	      0.0000
      0.0000	      0.0000	      0.0000	      0.0000
     12.2007	    -13.2234	     -6.7264	    -19.7895
      0.0000	      0.0000	      0.0000	      0.0000
      0.0000	      0.0000	      0.0000	      0.0000
      0.0000	      0.0000	      0.0000	      0.0000
     -3.9569	      1.9392	      0.0000	     20.4799
      0.0000	      0.0000	      0.0000	      0.0000
      0.0000	      0.0000	      0.0000	      0.0000
      0.0000	      0.0000	      0.0000	      0.0000
    -34.3450	    -19.2907	    -41.9737	    -28.4323
      0.0000	      0.0000	      0.0000	      0.0000
      0.0000	      0.0000	      0.0000	      0.0000
      0.0000	      0.0000	      0.0000	      0.0000
    -16.4100	     -7.4127	    -14.2219	    -18.1577
      0.0000	      0.0000	      0.0000	      0.0000
      0.0000	      0.0000	      0.0000	      0.0000
      0.0000	      0.0000	      0.0000	      0.0000
     -3.8758	     -6.9950	    -20.0634	      9.1938
      0.0000	      0.0000	      0.0000	      0.0000
      0.0000	      0.0000	      0.0000	      0.0000
      0.0000	      0.0000	      0.0000	      0.0000
    -14.5177	    -20.3605	      0.0000	      9.8003
      0.0000	      0.0000	      0.0000	      0.0000
      0.0000	      0.0000	      0.0000	      0.0000
      0.0000	      0.0000	      0.0000	      0.0000
    -14.6853	    -15.9285	    -28.8160	     14.2662
      0.0000	      0.0000	      0.0000	      0.0000
      0.0000	      0.0000	      0.0000	      0.0000
      0.0000	      0.0000	      0.0000	      0.0000
    -37.5753	    -21.2910	    -26.2386	      5.9133
      0.0000	      0.0000	      0.0000	      0.0000
      0.0000	      0.0000	      0.0000	      0.0000
      0.0000	      0.0000	      0.0000	      0.0000
     -4.9598	    -18.7740	    -19.2421	     26.8344
      0.0000	      0.0000	      0.0000	      0.0000
      0.0000	      0.0000	      0.0000	      0.0000
      0.0000	      0.0000	      0.0000	      0.0000
      0.0000	    -11.5902	      0.0000	     19.6315
      0.0000	      0.0000	      0.0000	      0.0000
      0.0000	      0.0000	      0.0000	      0.0000
      0.0000	      0.0000	      0.0000	      0.0000
    -51.4819	    -49.8228	    -41.7250	    -49.4462
      0.0000	      0.0000	      0.0000	      0.0000
      0.0000	      0.0000	      0.0000	      0.0000
      0.0000	      0.0000	      0.0000	      0.0000
    -37.6269	    -37.6205	    -21.2985	    -53.9620
      0.0000	      0.0000	      0.0000	      0.0000
      0.0000	      0.0000	      0.0000	      0.0000
      0.0000	      0.0000	      0.0000	      0.0000
     -1.4250	     10.4209	    -18.9599	    -23.1833
      0.0000	      0.0000	      0.0000	      0.0000
      0.0000	      0.0000	      0.0000	      0.0000
      0.0000	      0.0000	      0.0000	      0.0000
     -2.4934	      4.4200	     35.9814	      5.7438
      0.0000	      0.0000	      0.0000	      0.0000
      0.0000	      0.0000	      0.0000	      0.0000
      0.0000	      0.0000	      0.0000	      0.0000
    -48.2154	    -52.4870	    -48.1699	    -44.8594
      0.0000	      0.0000	      0.0000	      0.0000
      0.0000	      0.0000	      0.0000	      0.0000
      0.0000	      0.0000	      0.0000	      0.0000
    -12.8944	    -22.1339	    -22.8811	    -19.2444
      0.0000	      0.0000	      0.0000	      0.0000
      0.0000	      0.0000	      0.0000	      0.0000
      0.0000	      0.0000	      0.0000	      0.0000
     -0.4877	    -14.1981	    -13.8515	    -30.0924
      0.0000	      0.0000	      0.0000	      0.0000
      0.0000	      0.0000	      0.0000	      0.0000
      0.0000	      0.0000	      0.0000	      0.0000
    -44.6957	    -43.8899	    -40.7661	    -43.9988
      0.0000	      0.0000	      0.0000	      0.0000
      0.0000	      0.0000	      0.0000	      0.0000
      0.0000	      0.0000	      0.0000	      0.0000
    -33.0593	    -42.8708	    -42.0281	    -19.2549
      0.0000	      0.0000	      0.0000	      0.0000
      0.0000	      0.0000	      0.0000	      0.0000
      0.0000	      0.0000	      0.0000	      0.0000
    -23.3865	    -23.3337	    -31.0590	    -10.4576
      0.0000	      0.0000	      0.0000	      0.0000
      0.0000	      0.0000	      0.0000	      0.0000
      0.0000	      0.0000	      0.0000	      0.0000
    -14.0771	    -14.0150	    -26.0013	    -25.2271
      0.0000	      0.0000	      0.0000	      0.0000
      0.0000	      0.0000	      0.0000	      0.0000
      0.0000	      0.0000	      0.0000	      0.0000
    -36.0328	    -29.0324	    -17.0083	    -26.1925
      0.0000	      0.0000	      0.0000	      0.0000
      0.0000	      0.0000	      0.0000	      0.0000
      0.0000	      0.0000	      0.0000	      0.0000
    -31.4386	    -35.5690	    -31.0957	     -6.2768
      0.0000	      0.0000	      0.0000	      0.0000
      0.0000	      0.0000	      0.0000	      0.0000
      0.0000	      0.0000	      0.0000	      0.0000
     -5.1407	      8.8519	     -0.9161	    -13.9916
      0.0000	      0.0000	      0.0000	      0.0000
      0.0000	      0.0000	      0.0000	      0.0000
      0.0000	      0.0000	      0.0000	      0.0000
    -23.1799	     -9.7290	     -8.4382	    -15.8859
      0.0000	      0.0000	      0.0000	      0.0000
      0.0000	      0.0000	      0.0000	      0.0000
      0.0000	      0.0000	      0.0000	      0.0000
    -44.8961	    -45.1531	    -48.1322	    -12.9262
      0.0000	      0.0000	      0.0000	      0.0000
      0.0000	      0.0000	      0.0000	      0.0000
      0.0000	      0.0000	      0.0000	      0.0000
    -65.6051	    -61.8032	    -48.4979	    -60.9888
      0.0000	      0.0000	      0.0000	      0.0000
      0.0000	      0.0000	      0.0000	      0.0000
      0.0000	      0.0000	      0.0000	      0.0000
    -23.5399	    -21.3616	     -3.5187	    -14.3976
      0.0000	      0.0000	      0.0000	      0.0000
      0.0000	      0.0000	      0.0000	      0.0000
      0.0000	      0.0000	      0.0000	      0.0000
      4.6549	     -3.2735	     -2.0374	     20.0665
      0.0000	      0.0000	      0.0000	      0.0000
      0.0000	      0.0000	      0.0000	      0.0000
      0.0000	      0.0000	      0.0000	      0.0000
    -63.5643	    -59.1426	    -65.8355	    -56.7541
      0.0000	      0.0000	      0.0000	      0.0000
      0.0000	      0.0000	      0.0000	      0.0000
      0.0000	      0.0000	      0.0000	      0.0000
    -46.4626	    -17.0318	    -29.9257	    -33.1957
      0.0000	      0.0000	      0.0000	      0.0000
      0.0000	      0.0000	      0.0000	      0.0000
      0.0000	      0.0000	      0.0000	      0.0000
     -9.4123	    -15.8971	    -16.0657	    -24.8263
      0.0000	      0.0000	      0.0000	      0.0000
      0.0000	      0.0000	      0.0000	      0.0000
      0.0000	      0.0000	      0.0000	      0.0000
    -61.1899	    -53.0943	    -48.5357	    -41.3771
      0.0000	      0.0000	      0.0000	      0.0000
      0.0000	      0.0000	      0.0000	      0.0000
      0.0000	      0.0000	      0.0000	      0.0000
    -44.9589	    -49.0278	    -59.3340	    -51.4517
      0.0000	      0.0000	      0.0000	      0.0000
      0.0000	      0.0000	      0.0000	      0.0000
      0.0000	      0.0000	      0.0000	      0.0000
    -43.1559	    -30.0256	    -40.1619	    -18.7979
      0.0000	      0.0000	      0.0000	      0.0000
      0.0000	      0.0000	      0.0000	      0.0000
      0.0000	      0.0000	      0.0000	      0.0000
    -24.9655	    -25.1432	    -38.0793	    -17.1039
      0.0000	      0.0000	      0.0000	      0.0000
      0.0000	      0.0000	      0.0000	      0.0000
      0.0000	      0.0000	      0.0000	      0.0000
    -49.1670	    -48.9604	    -50.9707	     -4.6557
      0.0000	      0.0000	      0.0000	      0.0000
      0.0000	      0.0000	      0.0000	      0.0000
      0.0000	      0.0000	      0.0000	      0.0000
    -42.8093	    -47.7937	    -47.5695	     -8.9893
      0.0000	      0.0000	      0.0000	      0.0000
      0.0000	      0.0000	      0.0000	      0.0000
      0.0000	      0.0000	      0.0000	      0.0000
    -31.5248	     -7.4977	    -12.9153	    -16.8215
      0.0000	      0.0000	      0.0000	      0.0000
      0.0000	      0.0000	      0.0000	      0.0000
      0.0000	      0.0000	      0.0000	      0.0000
     -7.0265	    -16.8735	    -16.8046	    -16.7115
      0.0000	      0.0000	      0.0000	      0.0000
      0.0000	      0.0000	      0.0000	      0.0000
      0.0000	      0.0000	      0.0000	      0.0000
    -56.4788	    -50.9799	    -58.2258	    -36.5117
      0.0000	      0.0000	      0.0000	      0.0000
      0.0000	      0.0000	      0.0000	      0.0000
      0.0000	      0.0000	      0.0000	      0.0000
    -34.1321	    -32.9925	    -11.7789	    -31.6188
      0.0000	      0.0000	      0.0000	      0.0000
      0.0000	      0.0000	      0.0000	      0.0000
      0.0000	      0.0000	      0.0000	      0.0000
      2.1089	     29.4840	      0.0000	      0.0000
      0.0000	      0.0000	      0.0000	      0.0000
      0.0000	      0.0000	      0.0000	      0.0000
      0.0000	      0.0000	      0.0000	      0.0000
     29.4630	     16.2932	     12.6568	      1.1329
      0.0000	      0.0000	      0.0000	      0.0000
      0.0000	      0.0000	      0.0000	      0.0000
      0.0000	      0.0000	      0.0000	      0.0000
    -14.6470	     -6.6169	    -11.4469	    -11.7984
      0.0000	      0.0000	      0.0000	      0.0000
      0.0000	      0.0000	      0.0000	      0.0000
      0.0000	      0.0000	      0.0000	      0.0000
      2.8766	      0.3237	     22.4479	     -0.3582
      0.0000	      0.0000	      0.0000	      0.0000
      0.0000	      0.0000	      0.0000	      0.0000
      0.0000	      0.0000	      0.0000	      0.0000
      1.8029	     27.0626	      0.0000	      2.6801
      0.0000	      0.0000	      0.0000	      0.0000
      0.0000	      0.0000	      0.0000	      0.0000
      0.0000	      0.0000	      0.0000	      0.0000
     -5.8407	    -13.7923	     10.3505	     -4.3246
      0.0000	      0.0000	      0.0000	      0.0000
      0.0000	      0.0000	      0.0000	      0.0000
      0.0000	      0.0000	      0.0000	      0.0000
      7.5563	      1.4433	     12.8539	      3.4596
      0.0000	      0.0000	      0.0000	      0.0000
      0.0000	      0.0000	      0.0000	      0.0000
      0.0000	      0.0000	      0.0000	      0.0000
     -3.7792	     -6.6777	      1.6646	      6.1068
      0.0000	      0.0000	      0.0000	      0.0000
      0.0000	      0.0000	      0.0000	      0.0000
      0.0000	      0.0000	      0.0000	      0.0000
      2.6848	      0.0000	      0.0000	     21.9545
      0.0000	      0.0000	      0.0000	      0.0000
      0.0000	      0.0000	      0.0000	      0.0000
      0.0000	      0.0000	      0.0000	      0.0000
     -0.3061	     -0.0697	     14.6800	      3.7944
      0.0000	      0.0000	      0.0000	      0.0000
      0.0000	      0.0000	      0.0000	      0.0000
      0.0000	      0.0000	      0.0000	      0.0000
     -1.5040	     -4.0412	     -2.5149	      7.1450
      0.0000	      0.0000	      0.0000	      0.0000
      0.0000	      0.0000	      0.0000	      0.0000
      0.0000	      0.0000	      0.0000	      0.0000
      4.0974	     14.2524	      0.0000	      2.0060
      0.0000	      0.0000	      0.0000	      0.0000
      0.0000	      0.0000	      0.0000	      0.0000
      0.0000	      0.0000	      0.0000	      0.0000
      2.8822	     -5.2582	     -0.4184	     22.1227
      0.0000	      0.0000	      0.0000	      0.0000
      0.0000	      0.0000	      0.0000	      0.0000
      0.0000	      0.0000	      0.0000	      0.0000
     -5.5466	     -7.8116	    -13.8244	      3.1968
      0.0000	      0.0000	      0.0000	      0.0000
      0.0000	      0.0000	      0.0000	      0.0000
      0.0000	      0.0000	      0.0000	      0.0000
    -47.2013	     11.0277	    -54.2550	    -43.4833
      0.0000	      0.0000	      0.0000	      0.0000
      0.0000	      0.0000	      0.0000	      0.0000
      0.0000	      0.0000	      0.0000	      0.0000
      3.1924	     32.7976	      9.4050	     -7.2014
      0.0000	      0.0000	      0.0000	      0.0000
      0.0000	      0.0000	      0.0000	      0.0000
      0.0000	      0.0000	      0.0000	      0.0000
      9.6124	     28.4131	     15.7154	      0.0000
      0.0000	      0.0000	      0.0000	      0.0000
      0.0000	      0.0000	      0.0000	      0.0000
      0.0000	      0.0000	      0.0000	      0.0000
    -21.6873	     -1.1093	    -28.2483	    -27.8784
      0.0000	      0.0000	      0.0000	      0.0000
      0.0000	      0.0000	      0.0000	      0.0000
      0.0000	      0.0000	      0.0000	      0.0000
    -18.3297	      5.3220	    -10.8714	    -20.7927
      0.0000	      0.0000	      0.0000	      0.0000
      0.0000	      0.0000	      0.0000	      0.0000
      0.0000	      0.0000	      0.0000	      0.0000
     -6.8915	      4.3091	      2.9308	      1.9523
      0.0000	      0.0000	      0.0000	      0.0000
      0.0000	      0.0000	      0.0000	      0.0000
      0.0000	      0.0000	      0.0000	      0.0000
    -20.5323	     -3.7952	    -20.6439	    -19.8499
      0.0000	      0.0000	      0.0000	      0.0000
      0.0000	      0.0000	      0.0000	      0.0000
      0.0000	      0.0000	      0.0000	      0.0000
    -18.1201	    -20.0848	    -26.6900	     -8.8290
      0.0000	      0.0000	      0.0000	      0.0000
      0.0000	      0.0000	      0.0000	      0.0000
      0.0000	      0.0000	      0.0000	      0.0000
    -13.6737	    -19.2241	    -19.5858	     -7.2673
      0.0000	      0.0000	      0.0000	      0.0000
      0.0000	      0.0000	      0.0000	      0.0000
      0.0000	      0.0000	      0.0000	      0.0000
      6.2262	     -2.6752	     -6.6104	     -0.8386
      0.0000	      0.0000	      0.0000	      0.0000
      0.0000	      0.0000	      0.0000	      0.0000
      0.0000	      0.0000	      0.0000	      0.0000
      0.0035	     -7.5293	    -10.7028	      2.4668
      0.0000	      0.0000	      0.0000	      0.0000
      0.0000	      0.0000	      0.0000	      0.0000
      0.0000	      0.0000	      0.0000	      0.0000
    -23.6069	    -23.4921	    -28.3153	     -6.3921
      0.0000	      0.0000	      0.0000	      0.0000
      0.0000	      0.0000	      0.0000	      0.0000
      0.0000	      0.0000	      0.0000	      0.0000
     22.4062	      2.0956	      2.1716	      5.8215
      0.0000	      0.0000	      0.0000	      0.0000
      0.0000	      0.0000	      0.0000	      0.0000
      0.0000	      0.0000	      0.0000	      0.0000
     -0.2127	     -5.9940	      0.0000	     17.5961
      3.5335	      0.0000	      0.0000	      0.0000
      0.0000	      0.0000	      0.0000	      0.0000
      0.0000	      0.0000	      0.0000	      0.0000
    -37.4993	    -36.9046	    -44.5849	    -12.6854
      0.0000	      0.0000	      0.0000	      0.0000
      0.0000	      0.0000	      0.0000	      0.0000
      0.0000	      0.0000	      0.0000	      0.0000
    -61.1890	    -25.3885	    -67.4968	    -59.8645
      0.0000	      0.0000	      0.0000	      0.0000
      0.0000	      0.0000	      0.0000	      0.0000
      0.0000	      0.0000	      0.0000	      0.0000
    -19.8919	     17.5390	     -7.7611	    -11.9789
      0.0000	      0.0000	      0.0000	      0.0000
      0.0000	      0.0000	      0.0000	      0.0000
      0.0000	      0.0000	      0.0000	      0.0000
     27.7463	      8.6472	     11.1307	      4.8038
      0.0000	      0.0000	      0.0000	      0.0000
      0.0000	      0.0000	      0.0000	      0.0000
      0.0000	      0.0000	      0.0000	      0.0000
    -38.6160	     -8.7610	    -49.0346	    -38.3973
      0.0000	      0.0000	      0.0000	      0.0000
      0.0000	      0.0000	      0.0000	      0.0000
      0.0000	      0.0000	      0.0000	      0.0000
    -23.2691	      4.2559	    -20.0896	    -17.2799
      0.0000	      0.0000	      0.0000	      0.0000
      0.0000	      0.0000	      0.0000	      0.0000
      0.0000	      0.0000	      0.0000	      0.0000
      1.5478	     -4.4965	     -6.7552	     -0.6488
      0.0000	      0.0000	      0.0000	      0.0000
      0.0000	      0.0000	      0.0000	      0.0000
      0.0000	      0.0000	      0.0000	      0.0000
    -21.7528	    -13.3276	    -31.9928	    -33.3968
      0.0000	      0.0000	      0.0000	      0.0000
      0.0000	      0.0000	      0.0000	      0.0000
      0.0000	      0.0000	      0.0000	      0.0000
    -29.8127	    -20.1209	    -32.2281	    -22.4542
      0.0000	      0.0000	      0.0000	      0.0000
      0.0000	      0.0000	      0.0000	      0.0000
      0.0000	      0.0000	      0.0000	      0.0000
    -18.9086	    -24.2351	    -33.1672	    -11.7022
      0.0000	      0.0000	      0.0000	      0.0000
      0.0000	      0.0000	      0.0000	      0.0000
      0.0000	      0.0000	      0.0000	      0.0000
     -2.8575	     -5.7224	    -12.3643	      1.1024
      0.0000	      0.0000	      0.0000	      0.0000
      0.0000	      0.0000	      0.0000	      0.0000
      0.0000	      0.0000	      0.0000	      0.0000
     -5.0995	    -11.3026	    -26.9218	     -0.6011
      0.0000	      0.0000	      0.0000	      0.0000
      0.0000	      0.0000	      0.0000	      0.0000
      0.0000	      0.0000	      0.0000	      0.0000
    -33.7512	    -37.3658	    -34.2331	     -7.8193
      0.0000	      0.0000	      0.0000	      0.0000
      0.0000	      0.0000	      0.0000	      0.0000
      0.0000	      0.0000	      0.0000	      0.0000
     25.3732	      3.2074	     -2.1749	     11.6979
      0.0000	      0.0000	      0.0000	      0.0000
      0.0000	      0.0000	      0.0000	      0.0000
      0.0000	      0.0000	      0.0000	      0.0000
      3.6922	      0.0024	    -17.0304	     15.2658
      0.0000	      0.0000	      0.0000	      0.0000
      0.0000	      0.0000	      0.0000	      0.0000
      0.0000	      0.0000	      0.0000	      0.0000
    -36.9493	    -37.1770	    -39.6143	      5.2229
      0.0000	      0.0000	      0.0000	      0.0000
      0.0000	      0.0000	      0.0000	      0.0000
      0.0000	      0.0000	      0.0000	      0.0000
    -26.0408	    -26.0888	    -25.3035	    -21.7861
      0.0000	      0.0000	      0.0000	      0.0000
      0.0000	      0.0000	      0.0000	      0.0000
      0.0000	      0.0000	      0.0000	      0.0000
      0.0000	     25.3237	     -8.8643	     -4.0240
      0.0000	      0.0000	      0.0000	      0.0000
      0.0000	      0.0000	      0.0000	      0.0000
      0.0000	      0.0000	      0.0000	      0.0000
     30.7426	      0.0000	     -2.4718	      0.0000
      0.0000	      0.0000	      0.0000	      0.0000
      0.0000	      0.0000	      0.0000	      0.0000
      0.0000	      0.0000	      0.0000	      0.0000
     -1.6488	     -0.7145	      0.0000	      0.0000
      0.0000	      0.0000	      0.0000	      0.0000
      0.0000	      0.0000	      0.0000	      0.0000
      0.0000	      0.0000	      0.0000	      0.0000
      0.0000	      0.0000	      0.0000	      0.0000
      0.0000	      0.0000	      0.0000	      0.0000
      0.0000	      0.0000	      0.0000	      0.0000
      0.0000	      0.0000	      0.0000	      0.0000
      6.0745	      0.0000	      0.0000	      0.0000
      0.0000	      0.0000	      0.0000	      0.0000
      0.0000	      0.0000	      0.0000	      0.0000
      0.0000	      0.0000	      0.0000	      0.0000
      0.0000	      0.0000	      0.0000	      0.0000
      0.0000	      0.0000	      0.0000	      0.0000
      0.0000	      0.0000	      0.0000	      0.0000
      0.0000	      0.0000	      0.0000	      0.0000
      0.0000	      0.0000	      0.0000	      0.0000
      0.0000	      0.0000	      0.0000	      0.0000
      0.0000	      0.0000	      0.0000	      0.0000
      0.0000	      0.0000	      0.0000	      0.0000
      0.0000	      0.0000	      0.0000	      0.0000
      0.0000	      0.0000	      0.0000	      0.0000
      0.0000	      0.0000	      0.0000	      0.0000
      0.0000	      0.0000	      0.0000	      0.0000
      0.0000	      0.0000	      0.0000	      0.0000
      0.0000	      0.0000	      0.0000	      0.0000
      0.0000	      0.0000	      0.0000	      0.0000
      0.0000	      0.0000	      0.0000	      0.0000
      3.4303	      0.0000	      0.0000	      0.0000
      0.0000	      0.0000	      0.0000	      0.0000
      0.0000	      0.0000	      0.0000	      0.0000
      0.0000	      0.0000	      0.0000	      0.0000
      0.0000	      0.0000	      0.0000	      0.0000
      0.0000	      0.0000	      0.0000	      0.0000
      0.0000	      0.0000	      0.0000	      0.0000
      0.0000	      0.0000	      0.0000	      0.0000
      0.0000	      0.0000	      0.0000	      0.0000
      0.0000	      0.0000	      0.0000	      0.0000
      0.0000	      0.0000	      0.0000	      0.0000
      0.0000	      0.0000	      0.0000	      0.0000
      2.6505	      0.0000	      0.0000	      0.0000
      0.0000	      0.0000	      0.0000	      0.0000
      0.0000	      0.0000	      0.0000	      0.0000
      0.0000	      0.0000	      0.0000	      0.0000
     -1.4647	      0.0000	      0.0000	      0.0000
      0.0000	      0.0000	      0.0000	      0.0000
      0.0000	      0.0000	      0.0000	      0.0000
      0.0000	      0.0000	      0.0000	      0.0000
    -44.0025	    -20.1483	    -42.8383	    -42.5135
      0.0000	      0.0000	      0.0000	      0.0000
      0.0000	      0.0000	      0.0000	      0.0000
      0.0000	      0.0000	      0.0000	      0.0000
     12.9375	      0.0000	     -6.3240	     -1.2325
      0.0000	      0.0000	      0.0000	      0.0000
      0.0000	      0.0000	      0.0000	      0.0000
      0.0000	      0.0000	      0.0000	      0.0000
     37.7241	      0.0000	      0.7363	      2.9219
      0.0000	      0.0000	      0.0000	      0.0000
      0.0000	      0.0000	      0.0000	      0.0000
      0.0000	      0.0000	      0.0000	      0.0000
     -8.7040	      1.9449	     -6.7105	    -12.1446
      0.0000	      0.0000	      0.0000	      0.0000
      0.0000	      0.0000	      0.0000	      0.0000
      0.0000	      0.0000	      0.0000	      0.0000
      1.5902	     12.0102	      1.0403	     -0.0443
      0.0000	      0.0000	      0.0000	      0.0000
      0.0000	      0.0000	      0.0000	      0.0000
      0.0000	      0.0000	      0.0000	      0.0000
     20.9970	      0.0000	      0.0000	     -0.1442
      0.0000	      0.0000	      0.0000	      0.0000
      0.0000	      0.0000	      0.0000	      0.0000
      0.0000	      0.0000	      0.0000	      0.0000
     -5.4758	     -5.6836	     -4.1516	     -3.0421
      0.0000	      0.0000	      0.0000	      0.0000
      0.0000	      0.0000	      0.0000	      0.0000
      0.0000	      0.0000	      0.0000	      0.0000
      6.9402	     -2.7491	     -0.9137	     -0.8830
      0.0000	      0.0000	      0.0000	      0.0000
      0.0000	      0.0000	      0.0000	      0.0000
      0.0000	      0.0000	      0.0000	      0.0000
     -2.2024	     -1.1573	     -0.5553	      0.0000
      0.0000	      0.0000	      0.0000	      0.0000
      0.0000	      0.0000	      0.0000	      0.0000
      0.0000	      0.0000	      0.0000	      0.0000
      1.2061	      0.0000	     11.8742	      0.0000
      0.0000	      0.0000	      0.0000	      0.0000
      0.0000	      0.0000	      0.0000	      0.0000
      0.0000	      0.0000	      0.0000	      0.0000
     -0.3690	      3.1303	      0.0000	      0.0000
      0.0000	      0.0000	      0.0000	      0.0000
      0.0000	      0.0000	      0.0000	      0.0000
      0.0000	      0.0000	      0.0000	      0.0000
     -1.5721	      0.0000	     -0.6655	      0.0000
      0.0000	      0.0000	      0.0000	      0.0000
      0.0000	      0.0000	      0.0000	      0.0000
      0.0000	      0.0000	      0.0000	      0.0000
      3.6077	      0.0000	      0.0000	      0.0000
      0.0000	      0.0000	      0.0000	      0.0000
      0.0000	      0.0000	      0.0000	      0.0000
      0.0000	      0.0000	      0.0000	      0.0000
      1.0443	      0.0000	      0.0000	      0.0000
      0.0000	      0.0000	      0.0000	      0.0000
      0.0000	      0.0000	      0.0000	      0.0000
      0.0000	      0.0000	      0.0000	      0.0000
     -1.6480	     -5.9472	     -1.7544	      0.0000
      0.0000	      0.0000	      0.0000	      0.0000
      0.0000	      0.0000	      0.0000	      0.0000
      0.0000	      0.0000	      0.0000	      0.0000
    -61.0039	    -10.1212	    -65.6991	    -63.6592
      0.0000	      0.0000	      0.0000	      0.0000
      0.0000	      0.0000	      0.0000	      0.0000
      0.0000	      0.0000	      0.0000	      0.0000
      2.6418	     26.7893	     -2.3935	     -0.6610
      0.0000	      0.0000	      0.0000	      0.0000
      0.0000	      0.0000	      0.0000	      0.0000
      0.0000	      0.0000	      0.0000	      0.0000
     43.5907	      4.1638	      0.7657	     10.6274
      0.0000	      0.0000	      0.0000	      0.0000
      0.0000	      0.0000	      0.0000	      0.0000
      0.0000	      0.0000	      0.0000	      0.0000
    -21.4355	     -9.5133	    -19.7535	    -17.2316
      0.0000	      0.0000	      0.0000	      0.0000
      0.0000	      0.0000	      0.0000	      0.0000
      0.0000	      0.0000	      0.0000	      0.0000
     18.0003	      6.6350	    -11.9564	      2.4297
      0.0000	      0.0000	      0.0000	      0.0000
      0.0000	      0.0000	      0.0000	      0.0000
      0.0000	      0.0000	      0.0000	      0.0000
     17.3410	      0.0000	      0.0000	      0.1479
      0.0000	      0.0000	      0.0000	      0.0000
      0.0000	      0.0000	      0.0000	      0.0000
      0.0000	      0.0000	      0.0000	      0.0000
     -9.5865	      5.6027	     -9.3123	     -9.6571
      0.0000	      0.0000	      0.0000	      0.0000
      0.0000	      0.0000	      0.0000	      0.0000
      0.0000	      0.0000	      0.0000	      0.0000
      3.7505	     -3.3865	     -6.1246	     -0.5367
      0.0000	      0.0000	      0.0000	      0.0000
      0.0000	      0.0000	      0.0000	      0.0000
      0.0000	      0.0000	      0.0000	      0.0000
     -6.9892	     -5.3117	     -5.3619	     -5.9848
      0.0000	      0.0000	      0.0000	      0.0000
      0.0000	      0.0000	      0.0000	      0.0000
      0.0000	      0.0000	      0.0000	      0.0000
     11.3375	      0.0000	      0.0000	      3.4851
      0.0000	      0.0000	      0.0000	      0.0000
      0.0000	      0.0000	      0.0000	      0.0000
      0.0000	      0.0000	      0.0000	      0.0000
     -5.1303	     -0.2143	     -4.1413	      4.0091
      0.0000	      0.0000	      0.0000	      0.0000
      0.0000	      0.0000	      0.0000	      0.0000
      0.0000	      0.0000	      0.0000	      0.0000
     -9.9790	     -6.7323	    -13.8609	     -6.2365
      0.0000	      0.0000	      0.0000	      0.0000
      0.0000	      0.0000	      0.0000	      0.0000
      0.0000	      0.0000	      0.0000	      0.0000
      9.2076	      0.0000	      0.0000	      0.0000
      0.0000	      0.0000	      0.0000	      0.0000
      0.0000	      0.0000	      0.0000	      0.0000
      0.0000	      0.0000	      0.0000	      0.0000
     -0.6971	     -3.2827	      4.9138	      0.0000
      0.0000	      0.0000	      0.0000	      0.0000
      0.0000	      0.0000	      0.0000	      0.0000
      0.0000	      0.0000	      0.0000	      0.0000
     -8.1054	    -23.8793	    -18.7701	     -7.5236
      0.0000	      0.0000	      0.0000	      0.0000
      0.0000	      0.0000	      0.0000	      0.0000
      0.0000	      0.0000	      0.0000	      0.0000
    -92.0970	      9.0152	   -121.3704	    -78.5147
      0.0000	      0.0000	      0.0000	      0.0000
      0.0000	      0.0000	      0.0000	      0.0000
      0.0000	      0.0000	      0.0000	      0.0000
     -2.9745	    -19.2514	     25.1511	    -44.2845
      0.0000	      0.0000	      0.0000	      0.0000
      0.0000	      0.0000	      0.0000	      0.0000
      0.0000	      0.0000	      0.0000	      0.0000
      5.5873	      2.8725	      2.0294	     -6.9588
      0.0000	      0.0000	      0.0000	      0.0000
      0.0000	      0.0000	      0.0000	      0.0000
      0.0000	      0.0000	      0.0000	      0.0000
    -46.7127	    -23.0189	    -66.6483	    -54.6265
      0.0000	      0.0000	      0.0000	      0.0000
      0.0000	      0.0000	      0.0000	      0.0000
      0.0000	      0.0000	      0.0000	      0.0000
    -10.8710	    -13.8073	     -2.7388	    -12.6980
      0.0000	      0.0000	      0.0000	      0.0000
      0.0000	      0.0000	      0.0000	      0.0000
      0.0000	      0.0000	      0.0000	      0.0000
    -16.0368	      6.6334	     -2.2546	      0.0000
      0.0000	      0.0000	      0.0000	      0.0000
      0.0000	      0.0000	      0.0000	      0.0000
      0.0000	      0.0000	      0.0000	      0.0000
    -51.6961	    -48.1543	    -37.2199	    -25.2668
      0.0000	      0.0000	      0.0000	      0.0000
      0.0000	      0.0000	      0.0000	      0.0000
      0.0000	      0.0000	      0.0000	      0.0000
    -22.1793	    -36.9400	    -19.4351	     -9.4622
      0.0000	      0.0000	      0.0000	      0.0000
      0.0000	      0.0000	      0.0000	      0.0000
      0.0000	      0.0000	      0.0000	      0.0000
    -15.9862	    -32.2327	    -18.8120	     -8.5111
      0.0000	      0.0000	      0.0000	      0.0000
      0.0000	      0.0000	      0.0000	      0.0000
      0.0000	      0.0000	      0.0000	      0.0000
    -31.3515	    -17.1752	    -13.7404	    -27.3236
      0.0000	      0.0000	      0.0000	      0.0000
      0.0000	      0.0000	      0.0000	      0.0000
      0.0000	      0.0000	      0.0000	      0.0000
    -39.9441	    -43.1533	    -55.4884	    -29.3873
      0.0000	      0.0000	      0.0000	      0.0000
      0.0000	      0.0000	      0.0000	      0.0000
      0.0000	      0.0000	      0.0000	      0.0000
    -36.5506	    -30.3934	    -24.2718	    -34.8691
      0.0000	      0.0000	      0.0000	      0.0000
      0.0000	      0.0000	      0.0000	      0.0000
      0.0000	      0.0000	      0.0000	      0.0000
     45.8339	     43.1394	     49.9371	     42.0423
      0.0000	      0.0000	      0.0000	      0.0000
      0.0000	      0.0000	      0.0000	      0.0000
      0.0000	      0.0000	      0.0000	      0.0000
    -19.3243	    -12.2989	     -6.1951	      7.7628
      0.0000	      0.0000	      0.0000	      0.0000
      0.0000	      0.0000	      0.0000	      0.0000
      0.0000	      0.0000	      0.0000	      0.0000
    -90.8393	    -82.0636	   -107.9801	     15.6028
      0.0000	      0.0000	      0.0000	      0.0000
      0.0000	      0.0000	      0.0000	      0.0000
      0.0000	      0.0000	      0.0000	      0.0000
    -96.2351	    -11.1972	    -86.2061	    -69.7540
      0.0000	      0.0000	      0.0000	      0.0000
      0.0000	      0.0000	      0.0000	      0.0000
      0.0000	      0.0000	      0.0000	      0.0000
    -31.9363	    -19.8334	     10.7468	    -24.9356
      0.0000	      0.0000	      0.0000	      0.0000
      0.0000	      0.0000	      0.0000	      0.0000
      0.0000	      0.0000	      0.0000	      0.0000
      5.3159	      5.4230	      9.2144	     26.1087
      0.0000	      0.0000	      0.0000	      0.0000
      0.0000	      0.0000	      0.0000	      0.0000
      0.0000	      0.0000	      0.0000	      0.0000
    -64.7321	    -48.7022	    -61.9711	    -58.9926
      0.0000	      0.0000	      0.0000	      0.0000
      0.0000	      0.0000	      0.0000	      0.0000
      0.0000	      0.0000	      0.0000	      0.0000
    -43.2116	    -27.8901	    -47.6633	    -47.0631
      0.0000	      0.0000	      0.0000	      0.0000
      0.0000	      0.0000	      0.0000	      0.0000
      0.0000	      0.0000	      0.0000	      0.0000
    -44.8068	    -37.5930	    -20.0948	    -39.5862
      0.0000	      0.0000	      0.0000	      0.0000
      0.0000	      0.0000	      0.0000	      0.0000
      0.0000	      0.0000	      0.0000	      0.0000
    -64.6436	    -60.3566	    -69.9811	    -35.7770
      0.0000	      0.0000	      0.0000	      0.0000
      0.0000	      0.0000	      0.0000	      0.0000
      0.0000	      0.0000	      0.0000	      0.0000
    -52.6416	    -28.0308	    -50.0344	    -52.7758
      0.0000	      0.0000	      0.0000	      0.0000
      0.0000	      0.0000	      0.0000	      0.0000
      0.0000	      0.0000	      0.0000	      0.0000
    -47.9447	    -47.9627	    -45.7751	    -18.5474
      0.0000	      0.0000	      0.0000	      0.0000
      0.0000	      0.0000	      0.0000	      0.0000
      0.0000	      0.0000	      0.0000	      0.0000
    -40.3506	    -17.9469	    -74.7503	    -38.7053
      0.0000	      0.0000	      0.0000	      0.0000
      0.0000	      0.0000	      0.0000	      0.0000
      0.0000	      0.0000	      0.0000	      0.0000
    -34.4761	    -34.9100	    -35.8145	    -17.1990
      0.0000	      0.0000	      0.0000	      0.0000
      0.0000	      0.0000	      0.0000	      0.0000
      0.0000	      0.0000	      0.0000	      0.0000
    -14.5581	    -35.6416	    -58.5587	    -36.7710
      0.0000	      0.0000	      0.0000	      0.0000
      0.0000	      0.0000	      0.0000	      0.0000
      0.0000	      0.0000	      0.0000	      0.0000
     12.9202	     -5.5189	    -56.1303	    -20.9533
      0.0000	      0.0000	      0.0000	      0.0000
      0.0000	      0.0000	      0.0000	      0.0000
      0.0000	      0.0000	      0.0000	      0.0000
    -25.1364	    -19.2189	    -56.0985	      1.9107
      0.0000	      0.0000	      0.0000	      0.0000
      0.0000	      0.0000	      0.0000	      0.0000
      0.0000	      0.0000	      0.0000	      0.0000
    -72.9995	    -83.5485	    -81.7178	     12.7627
      0.0000	      0.0000	      0.0000	      0.0000
      0.0000	      0.0000	      0.0000	      0.0000
      0.0000	      0.0000	      0.0000	      0.0000
   -189.7296	    -39.9966	   -199.3686	   -179.7126
      0.0000	      0.0000	      0.0000	      0.0000
      0.0000	      0.0000	      0.0000	      0.0000
      0.0000	      0.0000	      0.0000	      0.0000
    -55.7588	    -46.4859	    -21.8769	    -72.1497
      0.0000	      0.0000	      0.0000	      0.0000
      0.0000	      0.0000	      0.0000	      0.0000
      0.0000	      0.0000	      0.0000	      0.0000
    -33.5294	     -8.8830	    -39.8681	    -28.5883
      0.0000	      0.0000	      0.0000	      0.0000
      0.0000	      0.0000	      0.0000	      0.0000
      0.0000	      0.0000	      0.0000	      0.0000
   -105.8167	    -52.2515	    -85.2141	   -112.0547
      0.0000	      0.0000	      0.0000	      0.0000
      0.0000	      0.0000	      0.0000	      0.0000
      0.0000	      0.0000	      0.0000	      0.0000
    -69.1714	    -29.9765	    -47.2143	    -56.8048
      0.0000	      0.0000	      0.0000	      0.0000
      0.0000	      0.0000	      0.0000	      0.0000
      0.0000	      0.0000	      0.0000	      0.0000
    -23.4858	    -69.4409	    -53.3893	    -57.7518
      0.0000	      0.0000	      0.0000	      0.0000
      0.0000	      0.0000	      0.0000	      0.0000
      0.0000	      0.0000	      0.0000	      0.0000
   -112.8719	   -113.3607	   -109.2839	    -56.7047
      0.0000	      0.0000	      0.0000	      0.0000
      0.0000	      0.0000	      0.0000	      0.0000
      0.0000	      0.0000	      0.0000	      0.0000
    -63.4716	    -76.1674	    -74.0319	    -38.5745
      0.0000	      0.0000	      0.0000	      0.0000
      0.0000	      0.0000	      0.0000	      0.0000
      0.0000	      0.0000	      0.0000	      0.0000
    -78.8669	    -81.4404	    -71.3664	    -35.0302
      0.0000	      0.0000	      0.0000	      0.0000
      0.0000	      0.0000	      0.0000	      0.0000
      0.0000	      0.0000	      0.0000	      0.0000
    -72.5187	    -37.3378	   -104.1505	   -109.8070
      0.0000	      0.0000	      0.0000	      0.0000
      0.0000	      0.0000	      0.0000	      0.0000
      0.0000	      0.0000	      0.0000	      0.0000
    -51.0943	    -71.6599	    -65.0513	    -29.6831
      0.0000	      0.0000	      0.0000	      0.0000
      0.0000	      0.0000	      0.0000	      0.0000
      0.0000	      0.0000	      0.0000	      0.0000
    -81.4826	    -72.0285	    -92.5323	    -33.0167
      0.0000	      0.0000	      0.0000	      0.0000
      0.0000	      0.0000	      0.0000	      0.0000
      0.0000	      0.0000	      0.0000	      0.0000
    -14.9676	    -55.8948	    -79.9463	    -66.5234
      0.0000	      0.0000	      0.0000	      0.0000
      0.0000	      0.0000	      0.0000	      0.0000
      0.0000	      0.0000	      0.0000	      0.0000
    -62.8640	    -66.3942	    -63.3191	    -31.6305
      0.0000	      0.0000	      0.0000	      0.0000
      0.0000	      0.0000	      0.0000	      0.0000
      0.0000	      0.0000	      0.0000	      0.0000
   -104.6653	    -93.6449	   -124.6395	    -37.1708
      0.0000	      0.0000	      0.0000	      0.0000
      0.0000	      0.0000	      0.0000	      0.0000
      0.0000	      0.0000	      0.0000	      0.0000
    -86.5818	    -97.0237	    -19.7928	    -95.1147
      0.0000	      0.0000	      0.0000	      0.0000
      0.0000	      0.0000	      0.0000	      0.0000
      0.0000	      0.0000	      0.0000	      0.0000
     14.2666	     38.9694	     21.2273	     14.5448
      0.0000	      0.0000	      0.0000	      0.0000
      0.0000	      0.0000	      0.0000	      0.0000
      0.0000	      0.0000	      0.0000	      0.0000
     26.9370	     10.9826	     17.5147	     38.4889
      0.0000	      0.0000	      0.0000	      0.0000
      0.0000	      0.0000	      0.0000	      0.0000
      0.0000	      0.0000	      0.0000	      0.0000
    -25.0444	    -25.0678	     -6.2207	    -24.6515
      0.0000	      0.0000	      0.0000	      0.0000
      0.0000	      0.0000	      0.0000	      0.0000
      0.0000	      0.0000	      0.0000	      0.0000
      7.9684	     28.6482	     10.0900	      3.6374
      0.0000	      0.0000	      0.0000	      0.0000
      0.0000	      0.0000	      0.0000	      0.0000
      0.0000	      0.0000	      0.0000	      0.0000
     22.0700	      3.4156	      0.0000	      8.1521
      0.0000	      0.0000	      0.0000	      0.0000
      0.0000	      0.0000	      0.0000	      0.0000
      0.0000	      0.0000	      0.0000	      0.0000
    -15.0934	    -15.9524	     -1.7502	    -14.6702
      0.0000	      0.0000	      0.0000	      0.0000
      0.0000	      0.0000	      0.0000	      0.0000
      0.0000	      0.0000	      0.0000	      0.0000
     -6.4254	      1.9410	      4.3924	      2.4050
      0.0000	      0.0000	      0.0000	      0.0000
      0.0000	      0.0000	      0.0000	      0.0000
      0.0000	      0.0000	      0.0000	      0.0000
    -20.2704	     -7.2364	      4.6177	    -10.5235
      0.0000	      0.0000	      0.0000	      0.0000
      0.0000	      0.0000	      0.0000	      0.0000
      0.0000	      0.0000	      0.0000	      0.0000
      5.6603	      0.0000	     17.3020	      4.8445
      0.0000	      0.0000	      0.0000	      0.0000
      0.0000	      0.0000	      0.0000	      0.0000
      0.0000	      0.0000	      0.0000	      0.0000
      1.9173	     -0.3927	     15.9287	      5.8895
      0.0000	      0.0000	      0.0000	      0.0000
      0.0000	      0.0000	      0.0000	      0.0000
      0.0000	      0.0000	      0.0000	      0.0000
    -11.2698	    -13.3874	    -24.0899	      4.7818
      0.0000	      0.0000	      0.0000	      0.0000
      0.0000	      0.0000	      0.0000	      0.0000
      0.0000	      0.0000	      0.0000	      0.0000
     18.4230	      0.0000	      0.0000	     31.3099
      0.0000	      0.0000	      0.0000	      0.0000
      0.0000	      0.0000	      0.0000	      0.0000
      0.0000	      0.0000	      0.0000	      0.0000
     -6.1059	     -7.8052	     19.4129	      4.1848
      0.0000	      0.0000	      0.0000	      0.0000
      0.0000	      0.0000	      0.0000	      0.0000
      0.0000	      0.0000	      0.0000	      0.0000
    -55.6815	    -55.6970	    -61.9296	     -2.8875
      0.0000	      0.0000	      0.0000	      0.0000
      0.0000	      0.0000	      0.0000	      0.0000
      0.0000	      0.0000	      0.0000	      0.0000
    -42.7833	      9.1196	    -63.3490	    -37.3469
      0.0000	      0.0000	      0.0000	      0.0000
      0.0000	      0.0000	      0.0000	      0.0000
      0.0000	      0.0000	      0.0000	      0.0000
      7.4150	     23.0611	      6.9666	      4.3250
      0.0000	      0.0000	      0.0000	      0.0000
      0.0000	      0.0000	      0.0000	      0.0000
      0.0000	      0.0000	      0.0000	      0.0000
     13.2124	      5.8964	     10.1815	     20.5484
      0.0000	      0.0000	      0.0000	      0.0000
      0.0000	      0.0000	      0.0000	      0.0000
      0.0000	      0.0000	      0.0000	      0.0000
    -15.7793	    -37.2787	    -41.3849	    -36.6600
      0.0000	      0.0000	      0.0000	      0.0000
      0.0000	      0.0000	      0.0000	      0.0000
      0.0000	      0.0000	      0.0000	      0.0000
    -22.8964	     12.1948	    -20.0985	    -14.8844
      0.0000	      0.0000	      0.0000	      0.0000
      0.0000	      0.0000	      0.0000	      0.0000
      0.0000	      0.0000	      0.0000	      0.0000
    -12.1858	    -14.2919	     -7.0218	     15.1069
      0.0000	      0.0000	      0.0000	      0.0000
      0.0000	      0.0000	      0.0000	      0.0000
      0.0000	      0.0000	      0.0000	      0.0000
    -22.2439	    -36.2938	    -43.5659	    -28.9113
      0.0000	      0.0000	      0.0000	      0.0000
      0.0000	      0.0000	      0.0000	      0.0000
      0.0000	      0.0000	      0.0000	      0.0000
    -26.9831	    -26.8406	    -26.1417	    -19.8244
      0.0000	      0.0000	      0.0000	      0.0000
      0.0000	      0.0000	      0.0000	      0.0000
      0.0000	      0.0000	      0.0000	      0.0000
    -11.2969	    -21.6990	    -27.2412	    -26.0600
      0.0000	      0.0000	      0.0000	      0.0000
      0.0000	      0.0000	      0.0000	      0.0000
      0.0000	      0.0000	      0.0000	      0.0000
    -17.8536	    -17.7818	    -13.2144	     -8.6909
      0.0000	      0.0000	      0.0000	      0.0000
      0.0000	      0.0000	      0.0000	      0.0000
      0.0000	      0.0000	      0.0000	      0.0000
    -14.9830	    -10.6369	    -15.5284	     -7.1542
      0.0000	      0.0000	      0.0000	      0.0000
      0.0000	      0.0000	      0.0000	      0.0000
      0.0000	      0.0000	      0.0000	      0.0000
    -12.2746	    -14.2319	    -12.4935	     -7.4696
      0.0000	      0.0000	      0.0000	      0.0000
      0.0000	      0.0000	      0.0000	      0.0000
      0.0000	      0.0000	      0.0000	      0.0000
     -0.6240	      0.0000	     -7.5560	     17.5875
      0.0000	      0.0000	      0.0000	      0.0000
      0.0000	      0.0000	      0.0000	      0.0000
      0.0000	      0.0000	      0.0000	      0.0000
      3.1834	    -14.9841	    -20.2952	     11.3290
      0.0000	      0.0000	      0.0000	      0.0000
      0.0000	      0.0000	      0.0000	      0.0000
      0.0000	      0.0000	      0.0000	      0.0000
    -30.5264	    -37.5595	    -20.6731	     -0.3397
      0.0000	      0.0000	      0.0000	      0.0000
      0.0000	      0.0000	      0.0000	      0.0000
      0.0000	      0.0000	      0.0000	      0.0000
   -134.4945	   -134.7389	    -52.6589	   -103.3103
      0.0000	      0.0000	      0.0000	      0.0000
      0.0000	      0.0000	      0.0000	      0.0000
      0.0000	      0.0000	      0.0000	      0.0000
    -33.6166	     -2.9181	    -39.8978	    -53.0907
      0.0000	      0.0000	      0.0000	      0.0000
      0.0000	      0.0000	      0.0000	      0.0000
      0.0000	      0.0000	      0.0000	      0.0000
     12.2760	     -8.2705	     -9.3307	     -5.2235
      0.0000	      0.0000	      0.0000	      0.0000
      0.0000	      0.0000	      0.0000	      0.0000
      0.0000	      0.0000	      0.0000	      0.0000
   -111.7668	    -18.1955	   -112.2631	    -99.3032
      0.0000	      0.0000	      0.0000	      0.0000
      0.0000	      0.0000	      0.0000	      0.0000
      0.0000	      0.0000	      0.0000	      0.0000
    -45.1094	    -11.2539	    -46.6381	    -51.6234
      0.0000	      0.0000	      0.0000	      0.0000
      0.0000	      0.0000	      0.0000	      0.0000
      0.0000	      0.0000	      0.0000	      0.0000
    -36.1830	    -22.1758	    -30.2080	    -13.8880
      0.0000	      0.0000	      0.0000	      0.0000
      0.0000	      0.0000	      0.0000	      0.0000
      0.0000	      0.0000	      0.0000	      0.0000
    -73.4994	    -28.6188	    -74.3428	    -71.2283
      0.0000	      0.0000	      0.0000	      0.0000
      0.0000	      0.0000	      0.0000	      0.0000
      0.0000	      0.0000	      0.0000	      0.0000
    -40.1410	    -45.2297	    -51.6284	    -20.9447
      0.0000	      0.0000	      0.0000	      0.0000
      0.0000	      0.0000	      0.0000	      0.0000
      0.0000	      0.0000	      0.0000	      0.0000
    -43.6990	    -46.3681	    -60.2033	    -23.5414
      0.0000	      0.0000	      0.0000	      0.0000
      0.0000	      0.0000	      0.0000	      0.0000
      0.0000	      0.0000	      0.0000	      0.0000
    -20.2374	    -49.4195	    -74.4980	    -36.1120
      0.0000	      0.0000	      0.0000	      0.0000
      0.0000	      0.0000	      0.0000	      0.0000
      0.0000	      0.0000	      0.0000	      0.0000
    -40.7461	    -47.7509	    -59.8995	    -14.4386
      0.0000	      0.0000	      0.0000	      0.0000
      0.0000	      0.0000	      0.0000	      0.0000
      0.0000	      0.0000	      0.0000	      0.0000
    -48.1203	    -59.3181	    -70.1449	    -36.8071
      0.0000	      0.0000	      0.0000	      0.0000
      0.0000	      0.0000	      0.0000	      0.0000
      0.0000	      0.0000	      0.0000	      0.0000
    -30.3717	    -25.7132	    -25.5464	     -1.1513
      0.0000	      0.0000	      0.0000	      0.0000
      0.0000	      0.0000	      0.0000	      0.0000
      0.0000	      0.0000	      0.0000	      0.0000
    -24.4614	    -27.7683	    -35.6293	     -2.6123
      0.0000	      0.0000	      0.0000	      0.0000
      0.0000	      0.0000	      0.0000	      0.0000
      0.0000	      0.0000	      0.0000	      0.0000
    -98.7534	   -113.7244	   -113.8798	    -23.2945
      0.0000	      0.0000	      0.0000	      0.0000
      0.0000	      0.0000	      0.0000	      0.0000
      0.0000	      0.0000	      0.0000	      0.0000
    -43.6142	     15.8370	    -65.0235	    -50.2408
      0.0000	      0.0000	      0.0000	      0.0000
      0.0000	      0.0000	      0.0000	      0.0000
      0.0000	      0.0000	      0.0000	      0.0000
     45.4900	     20.1739	      2.9018	      4.4504
      0.0000	      0.0000	      0.0000	      0.0000
      0.0000	      0.0000	      0.0000	      0.0000
      0.0000	      0.0000	      0.0000	      0.0000
      0.0000	      0.0000	     -2.9508	     27.8024
      0.0000	      0.0000	      0.0000	      0.0000
      0.0000	      0.0000	      0.0000	      0.0000
      0.0000	      0.0000	      0.0000	      0.0000
     -1.5334	      9.8856	      0.0000	      0.0000
      0.0000	      0.0000	      0.0000	      0.0000
      0.0000	      0.0000	      0.0000	      0.0000
      0.0000	      0.0000	      0.0000	      0.0000
     -0.0116	      7.7091	      0.0000	      0.0000
      0.0000	      0.0000	      0.0000	      0.0000
      0.0000	      0.0000	      0.0000	      0.0000
      0.0000	      0.0000	      0.0000	      0.0000
      5.5800	      0.0000	      0.0000	      0.0000
      0.0000	      0.0000	      0.0000	      0.0000
      0.0000	      0.0000	      0.0000	      0.0000
      0.0000	      0.0000	      0.0000	      0.0000
      0.6817	      0.0000	      0.0000	      0.0000
      0.0000	      0.0000	      0.0000	      0.0000
      0.0000	      0.0000	      0.0000	      0.0000
      0.0000	      0.0000	      0.0000	      0.0000
     14.7848	      0.0000	      0.0000	      0.0000
      0.0000	      0.0000	      0.0000	      0.0000
      0.0000	      0.0000	      0.0000	      0.0000
      0.0000	      0.0000	      0.0000	      0.0000
      0.6333	      0.0000	      0.0000	      0.0000
      0.0000	      0.0000	      0.0000	      0.0000
      0.0000	      0.0000	      0.0000	      0.0000
      0.0000	      0.0000	      0.0000	      0.0000
      0.0000	      0.0000	      0.0000	      0.0000
      0.0000	      0.0000	      0.0000	      0.0000
      0.0000	      0.0000	      0.0000	      0.0000
      0.0000	      0.0000	      0.0000	      0.0000
      0.8543	      0.0000	      0.0000	      0.0000
      0.0000	      0.0000	      0.0000	      0.0000
      0.0000	      0.0000	      0.0000	      0.0000
      0.0000	      0.0000	      0.0000	      0.0000
     -0.5057	     -2.8340	      2.0931	      0.0000
      0.0000	      0.0000	      0.0000	      0.0000
      0.0000	      0.0000	      0.0000	      0.0000
      0.0000	      0.0000	      0.0000	      0.0000
      0.0000	      1.2538	      0.0000	      0.0000
      0.0000	      0.0000	      0.0000	      0.0000
      0.0000	      0.0000	      0.0000	      0.0000
      0.0000	      0.0000	      0.0000	      0.0000
      0.0000	     -0.2131	      0.0000	      0.0000
      0.0000	      0.0000	      0.0000	      0.0000
      0.0000	      0.0000	      0.0000	      0.0000
      0.0000	      0.0000	      0.0000	      0.0000
    -18.3484	    -21.4290	    -22.7607	    -19.0798
      0.0000	      0.0000	      0.0000	      0.0000
      0.0000	      0.0000	      0.0000	      0.0000
      0.0000	      0.0000	      0.0000	      0.0000
    -23.8062	    -53.8925	    -58.4108	    -53.0594
      0.0000	      0.0000	      0.0000	      0.0000
      0.0000	      0.0000	      0.0000	      0.0000
      0.0000	      0.0000	      0.0000	      0.0000
     21.5632	     11.1763	     -0.1357	    -19.6700
      0.0000	      0.0000	      0.0000	      0.0000
      0.0000	      0.0000	      0.0000	      0.0000
      0.0000	      0.0000	      0.0000	      0.0000
     31.6856	      0.0000	      0.0000	      0.0000
      0.0000	      0.0000	      0.0000	      0.0000
      0.0000	      0.0000	      0.0000	      0.0000
      0.0000	      0.0000	      0.0000	      0.0000
     -7.6527	      4.5229	    -10.9570	     -9.9552
      0.0000	      0.0000	      0.0000	      0.0000
      0.0000	      0.0000	      0.0000	      0.0000
      0.0000	      0.0000	      0.0000	      0.0000
     -0.3962	     14.9161	      0.0000	      0.0000
      0.0000	      0.0000	      0.0000	      0.0000
      0.0000	      0.0000	      0.0000	      0.0000
      0.0000	      0.0000	      0.0000	      0.0000
     15.2918	      0.0000	      0.0000	      0.0000
      0.0000	      0.0000	      0.0000	      0.0000
      0.0000	      0.0000	      0.0000	      0.0000
      0.0000	      0.0000	      0.0000	      0.0000
     -0.5097	    -10.3100	    -12.2488	     -1.5280
      0.0000	      0.0000	      0.0000	      0.0000
      0.0000	      0.0000	      0.0000	      0.0000
      0.0000	      0.0000	      0.0000	      0.0000
      8.4964	      4.4436	      0.0000	      0.4063
      0.0000	      0.0000	      0.0000	      0.0000
      0.0000	      0.0000	      0.0000	      0.0000
      0.0000	      0.0000	      0.0000	      0.0000
     -4.6023	     -1.9658	    -10.1198	      2.2962
      0.0000	      0.0000	      0.0000	      0.0000
      0.0000	      0.0000	      0.0000	      0.0000
      0.0000	      0.0000	      0.0000	      0.0000
     17.7383	      0.0000	      0.0000	      0.0000
      0.0000	      0.0000	      0.0000	      0.0000
      0.0000	      0.0000	      0.0000	      0.0000
      0.0000	      0.0000	      0.0000	      0.0000
     -0.4199	     -0.6273	     -1.2016	      9.3821
      0.0000	      0.0000	      0.0000	      0.0000
      0.0000	      0.0000	      0.0000	      0.0000
      0.0000	      0.0000	      0.0000	      0.0000
     -4.6011	      0.0000	      0.0000	      0.0000
      0.0000	      0.0000	      0.0000	      0.0000
      0.0000	      0.0000	      0.0000	      0.0000
      0.0000	      0.0000	      0.0000	      0.0000
      4.6786	      0.0000	      1.5415	      0.0000
      0.0000	      0.0000	      0.0000	      0.0000
      0.0000	      0.0000	      0.0000	      0.0000
      0.0000	      0.0000	      0.0000	      0.0000
     11.4090	      0.0000	      1.0717	      0.0000
      0.0000	      0.0000	      0.0000	      0.0000
      0.0000	      0.0000	      0.0000	      0.0000
      0.0000	      0.0000	      0.0000	      0.0000
     -8.7722	     -8.7626	     -9.8769	     -6.7601
      0.0000	      0.0000	      0.0000	      0.0000
      0.0000	      0.0000	      0.0000	      0.0000
      0.0000	      0.0000	      0.0000	      0.0000
    -63.2674	    -13.4008	    -98.4063	    -58.7063
      0.0000	      0.0000	      0.0000	      0.0000
      0.0000	      0.0000	      0.0000	      0.0000
      0.0000	      0.0000	      0.0000	      0.0000
     10.7329	      9.0579	     -0.6997	    -10.6864
      0.0000	      0.0000	      0.0000	      0.0000
      0.0000	      0.0000	      0.0000	      0.0000
      0.0000	      0.0000	      0.0000	      0.0000
     17.8264	     14.5443	     12.3245	     20.6135
      0.0000	      0.0000	      0.0000	      0.0000
      0.0000	      0.0000	      0.0000	      0.0000
      0.0000	      0.0000	      0.0000	      0.0000
    -42.1910	    -32.6769	    -47.5409	    -45.9827
      0.0000	      0.0000	      0.0000	      0.0000
      0.0000	      0.0000	      0.0000	      0.0000
      0.0000	      0.0000	      0.0000	      0.0000
     -5.8141	    -17.0204	    -27.7522	    -21.5056
      0.0000	      0.0000	      0.0000	      0.0000
      0.0000	      0.0000	      0.0000	      0.0000
      0.0000	      0.0000	      0.0000	      0.0000
    -26.4056	    -31.5777	    -39.4448	    -17.1733
      0.0000	      0.0000	      0.0000	      0.0000
      0.0000	      0.0000	      0.0000	      0.0000
      0.0000	      0.0000	      0.0000	      0.0000
    -37.9633	    -36.4087	    -41.1849	    -43.1121
      0.0000	      0.0000	      0.0000	      0.0000
      0.0000	      0.0000	      0.0000	      0.0000
      0.0000	      0.0000	      0.0000	      0.0000
     -5.1801	    -28.0475	    -18.1677	    -17.6303
      0.0000	      0.0000	      0.0000	      0.0000
      0.0000	      0.0000	      0.0000	      0.0000
      0.0000	      0.0000	      0.0000	      0.0000
    -63.3089	    -53.7270	    -68.5645	    -71.5191
      0.0000	      0.0000	      0.0000	      0.0000
      0.0000	      0.0000	      0.0000	      0.0000
      0.0000	      0.0000	      0.0000	      0.0000
      0.4575	     -9.3449	    -12.6965	     -9.2753
      0.0000	      0.0000	      0.0000	      0.0000
      0.0000	      0.0000	      0.0000	      0.0000
      0.0000	      0.0000	      0.0000	      0.0000
      0.6203	    -13.8481	    -15.6378	    -11.8340
      0.0000	      0.0000	      0.0000	      0.0000
      0.0000	      0.0000	      0.0000	      0.0000
      0.0000	      0.0000	      0.0000	      0.0000
    -83.9863	    -92.3118	   -102.8655	    -50.5576
      0.0000	      0.0000	      0.0000	      0.0000
      0.0000	      0.0000	      0.0000	      0.0000
      0.0000	      0.0000	      0.0000	      0.0000
      1.4505	      5.0193	     -1.2498	     16.2235
      0.0000	      0.0000	      0.0000	      0.0000
      0.0000	      0.0000	      0.0000	      0.0000
      0.0000	      0.0000	      0.0000	      0.0000
     -1.6445	    -12.3363	     -6.5276	      9.2264
      0.0000	      0.0000	      0.0000	      0.0000
      0.0000	      0.0000	      0.0000	      0.0000
      0.0000	      0.0000	      0.0000	      0.0000
    -94.7242	    -88.4085	    -86.0645	    -28.1230
      0.0000	      0.0000	      0.0000	      0.0000
      0.0000	      0.0000	      0.0000	      0.0000
      0.0000	      0.0000	      0.0000	      0.0000
      0.0000	      0.0000	      0.0000	      0.0000
      0.0000	      0.0000	      0.0000	      0.0000
      0.0000	      0.0000	      0.0000	      0.0000
      0.0000	      0.0000	      0.0000	      0.0000
      0.0000	      0.0000	      0.0000	      0.0000
      0.0000	      0.0000	      0.0000	      0.0000
      0.0000	      0.0000	      0.0000	      0.0000
      0.0000	      0.0000	      0.0000	      0.0000
      0.0000	      0.0000	      0.0000	      0.0000
      0.0000	      0.0000	      0.0000	      0.0000
      0.0000	      0.0000	      0.0000	      0.0000
      0.0000	      0.0000	      0.0000	      0.0000
      0.0000	      0.0000	      0.0000	      0.0000
      2.8991	      0.0000	      0.0000	      0.0000
      0.0000	      0.0000	      0.0000	      0.0000
      0.0000	      0.0000	      0.0000	      0.0000
      0.0000	      0.0000	      0.0000	      0.0000
      0.0000	      0.0000	      0.0000	      0.0000
      0.0000	      0.0000	      0.0000	      0.0000
      0.0000	      0.0000	      0.0000	      0.0000
      9.9828	      0.0000	      0.0000	      0.0000
      0.0000	      0.0000	      0.0000	      0.0000
      0.0000	      0.0000	      0.0000	      0.0000
      0.0000	      0.0000	      0.0000	      0.0000
      0.0000	      0.0000	      0.0000	      0.0000
      0.0000	      0.0000	      0.0000	      0.0000
      0.0000	      0.0000	      0.0000	      0.0000
      0.0000	      0.0000	      0.0000	      0.0000
      0.0000	      0.0000	      0.0000	      0.0000
      5.3079	      0.0000	      0.0000	      0.0000
      0.0000	      0.0000	      0.0000	      0.0000
      0.0000	      0.0000	      0.0000	      0.0000
      2.5137	      0.0000	      0.0000	      0.0000
      0.0000	      0.0000	      0.0000	      0.0000
      0.0000	      0.0000	      0.0000	      0.0000
      0.0000	      0.0000	      0.0000	      0.0000
      0.0000	      0.0000	      0.0000	      0.0000
    -14.6858	      0.0000	      0.0000	      0.0000
    -20.2547	      0.0000	      0.0000	      0.0000
    -20.0000	      3.2949	      0.0000	      0.0000
     -1.3902	     -2.2841	      4.9993	      0.0000
      0.0000	      0.0000	      0.0000	      0.0000
      0.0000	      0.0000	      0.0000	      0.0000
      0.0000	      0.0000	      0.0000	      0.0000
     -5.4335	      0.0000	      0.0000	      0.0000
      7.3674	      0.0000	      0.0000	      0.0000
      0.0000	      0.0000	      0.0000	      0.0000
      0.0000	      0.0000	      0.0000	      0.0000
     25.4205	      0.0000	      0.0000	     -1.1645
      5.8763	      0.0000	      0.0000	      0.0000
      0.0000	      0.0000	      0.0000	      0.0000
      0.0000	      0.0000	      0.0000	      0.0000
     -1.4386	    -20.3779	      0.0000	    -17.6758
      0.0000	      0.0000	      0.0000	      0.0000
      0.0000	      0.0000	      0.0000	      0.0000
      0.0000	      0.0000	      0.0000	      0.0000
    -45.6767	    -24.0939	    -45.9174	    -39.9396
      0.0000	    -23.8887	      0.0000	      0.0000
      0.0000	      0.0000	      0.0000	      0.0000
      0.0000	      0.0000	      0.0000	      0.0000
      0.0000	     -5.9327	      0.0000	      0.0000
      0.0000	      0.0000	      0.0000	      0.0000
      2.0271	      0.0000	      0.0000	      0.0000
      0.0000	      0.0000	      0.0000	      0.0000
      0.0000	      0.0000	      0.0000	      0.0000
      0.0000	      0.0000	      0.0000	      0.0000
      0.0000	      0.0000	      0.0000	      0.0000
      0.0000	      0.0000	      0.0000	      0.0000
     12.8476	      0.0000	      0.0000	      0.0000
      0.0000	      0.0000	      0.0000	      0.0000
      0.0000	      0.0000	      0.0000	      0.0000
      2.0780	      0.0000	      0.0000	      0.0000
      0.0000	      0.0000	      0.0000	      0.0000
      0.0000	      0.0000	      0.0000	      0.0000
      0.0000	      0.0000	      0.0000	      0.0000
      5.0265	      0.0000	      0.0000	      0.0000
     11.9848	      0.0000	      0.0000	      0.0000
      0.0000	      0.0000	      0.0000	      0.0000
      0.0000	      0.0000	      0.0000	      0.0000
      0.0000	      0.0000	      0.0000	      0.0000
      9.0069	     -2.4661	      0.0000	      0.0000
      0.0000	      0.0000	      0.0000	      0.0000
      5.0495	      0.0000	      0.0000	      0.0000
      0.0000	      0.0000	      0.0000	      0.0000
      3.8750	      0.0000	      0.0000	      0.0000
      2.6621	      0.0000	      0.0000	      0.0000
      0.0000	      0.0000	      0.0000	      0.0000
      0.0000	      0.0000	      0.0000	      0.0000
     -0.0079	     -0.9812	      3.3239	      0.0000
      4.3352	      0.0000	      0.0000	      0.0000
      0.7048	      0.0000	      0.0000	      0.0000
      0.0000	      0.0000	      0.0000	      0.0000
     -3.7735	     -4.4396	     -2.2832	      0.0972
      4.5146	      0.0000	      0.0000	      0.0000
     -0.8916	      0.0000	      0.0000	      0.0000
     -0.0295	      0.0000	      0.0000	      0.0000
      0.0000	      0.0000	      0.0000	      0.0000
      2.2979	      0.0000	      0.0000	      0.0000
      0.0000	      0.0000	      0.0000	      0.0000
     -0.1244	      0.0000	      0.0000	      0.0000
     -1.2831	     -1.4839	      0.0000	      0.0000
      6.3503	      0.0000	      0.0000	      0.0000
     -1.1994	      1.0980	      0.0000	      0.0000
      0.0000	      0.0000	      0.0000	      0.0000
     -3.8112	     -5.5248	     -6.5307	     -3.9295
     -1.1100	     -1.8410	     -2.0156	      0.0000
     -4.9688	     -2.5510	      0.0000	      0.0000
      0.0000	      0.0000	      0.0000	      0.0000
      0.0000	      0.0000	      0.0000	      0.0000
      0.0000	      0.0000	      0.0000	      0.0000
     -0.1316	      0.0000	      0.0000	      0.0000
      0.0000	      0.0000	      0.0000	      0.0000
      0.0000	      0.0000	      0.0000	      5.3928
     -0.8292	     -1.8149	     -5.5449	      4.6577
      1.4061	      0.0000	      0.0000	      0.0000
      0.0000	      0.0000	      0.0000	      0.0000
    -38.3301	    -29.7175	    -12.0710	    -12.8132
    -15.8378	    -16.5481	     -0.4523	      0.0000
      0.0000	      0.0000	      0.0000	      0.0000
      0.0000	      0.0000	      0.0000	      0.0000
      0.0000	      0.0000	      0.0000	      0.0000
      0.0000	      0.0000	      0.0000	      0.0000
      0.0000	      0.0000	      0.0000	      0.0000
      0.0000	      0.0000	      0.0000	      0.0000
     -0.8224	     -1.2638	     -1.4941	     -0.2335
      0.0000	      0.0000	      0.0000	      0.0000
      0.0000	      0.0000	      0.0000	      0.0000
     -4.6026	     -2.1932	      0.0000	      0.0000
      2.9781	      0.0000	      0.0000	      0.0000
      5.2527	      0.0000	      0.0000	      0.0000
      0.0000	      0.0000	      0.0000	      0.0000
      0.0000	      0.0000	      0.0000	      0.0000
     -1.5224	     -1.1604	     -4.9190	     -3.2045
     -0.4160	     -2.5484	     -1.9802	      0.0000
     -1.7333	     -4.0046	     -6.7203	      0.0000
     -1.1216	     -5.4169	      0.0000	      0.0000
      7.8563	      0.0000	     -0.9906	      0.0000
     -1.3873	     -1.9785	     -2.2621	      0.0000
      5.9121	      0.0000	      0.0000	      0.0000
     -3.1176	     -2.6557	     -2.7939	      7.6173
      1.0062	      0.0000	      0.0000	      0.0000
      0.0000	      0.0000	      0.0000	      0.0000
      0.0000	      0.0000	      0.0000	      0.0000
      0.0000	      0.0000	      0.0000	      0.0000
     -2.8068	     -1.8465	     -4.9884	     -2.6059
     -0.3874	      0.0000	      0.0000	      0.0000
     -1.7971	     -0.7628	     -5.6340	      0.0000
      0.0000	      0.0000	      0.0000	      0.0000
     -0.7234	     -2.1615	     -1.3444	      7.6152
     -2.1181	     -1.8937	     -4.5643	      3.6252
     -0.6176	     -2.9285	      0.0000	     10.0016
     -1.1022	     -4.7936	     -4.6054	      5.9164
     -0.6773	     -1.9437	     -3.5696	     11.9569
     -1.5031	      0.0000	      0.0000	      0.0000
      0.0000	      0.0000	      0.0000	      0.0000
      0.0000	      0.0000	      0.0000	      0.0000
     10.2656	      0.0000	      0.0000	     27.8631
      4.6802	      0.0000	      0.0000	      0.0000
      2.4972	      0.0000	      0.0000	      0.0000
      0.0000	      0.0000	      0.0000	      0.0000
     -0.4282	     -0.3223	     -4.4850	     13.1779
     -0.9138	     -1.2947	     -5.8599	      8.5876
      0.0000	      0.0000	      0.0000	      0.0000
     -6.8589	     -5.0753	     -8.6349	     -3.1038
     -2.8346	     -1.6215	     -6.0407	      3.5874
     -0.5002	     -2.4874	     -4.8675	     -0.2454
      0.0000	      0.0000	      0.0000	      0.0000
      0.0000	      0.0000	      0.0000	      0.0000
     13.2295	      0.0000	      0.0000	      0.0000
      0.0000	      0.0000	      0.0000	      0.0000
      0.0000	      0.0000	      0.0000	      0.0000
     -2.6573	     -2.9738	      0.0000	      0.0000
     -0.0624	     -1.5669	     -5.8181	     14.6206
     -1.2728	     -1.7408	     -5.2809	      3.7998
      0.0000	      0.0000	      0.0000	      0.0000
     -0.9017	     -3.9529	      0.0000	      0.0000
     -2.8617	     -4.6408	      0.0000	      0.0000
     -2.2090	     -9.9674	      0.0000	      0.0000
      0.0000	      0.0000	      0.0000	      0.0000
      0.0000	      0.0000	      0.0000	      0.0000
     -5.5716	    -21.2311	      0.0000	      0.0000
      0.0000	      0.0000	      0.0000	      0.0000
      0.0000	      0.0000	      0.0000	      0.0000
      0.0000	      0.0000	      0.0000	      0.0000
      0.0000	      0.0000	      0.0000	      0.0000
      0.0000	      0.0000	      0.0000	      0.0000
      0.0000	      0.0000	      0.0000	      0.0000
      0.0000	      0.0000	      0.0000	      0.0000
      7.9996	      0.0000	      0.0000	      0.0000
    -12.7920	      0.0000	      0.0000	      0.0000
      0.0000	      0.0000	      0.0000	      0.0000
      0.0000	      0.0000	      0.0000	      0.0000
      4.0359	      0.0000	      0.0000	      0.0000
      1.2208	      0.0000	      0.0000	      0.0000
      0.0000	      0.0000	      0.0000	      0.0000
      0.0000	      0.0000	      0.0000	      0.0000
     13.7136	      0.0000	      0.0000	      0.0000
      0.0000	      0.0000	      0.0000	      0.0000
      4.5008	      0.0000	      0.0000	      0.0000
      0.0000	      0.0000	      0.0000	      0.0000
     13.0817	      0.0000	      0.0000	      0.0000
      0.0000	      0.0000	      0.0000	      0.0000
      0.0000	      0.0000	      0.0000	      0.0000
      0.0000	      0.0000	      0.0000	      0.0000
     -0.9304	      6.2019	      0.0000	      0.0000
    -17.7716	      0.0000	      0.0000	      0.0000
      0.5642	      0.0000	      0.0000	      0.0000
      0.0000	      0.0000	      0.0000	      0.0000
     -1.2416	     -0.9722	     22.5832	      0.0000
      3.9105	      0.0000	      0.0000	      0.0000
      0.0000	      0.0000	      0.0000	      0.0000
      0.0000	      0.0000	      0.0000	    -20.0000
     -1.5350	    -23.1916	      0.0000	      0.0000
      0.0000	      0.0000	      0.0000	      0.0000
    -17.4571	      0.0000	      0.0000	      0.0000
      0.0000	      0.0000	      0.0000	      0.0000
     15.0560	      0.0000	      0.0000	      0.0000
    -20.0000	    -16.6988	      0.0000	      0.0000
      0.0000	      0.0000	      0.0000	      0.0000
      0.0000	      0.0000	      0.0000	      0.0000
     -0.1699	     -1.0422	     19.8590	      0.0000
      0.0000	      0.0000	      0.0000	      0.0000
      0.0000	      0.0000	      0.0000	      0.0000
      0.0000	      0.0000	      0.0000	      0.0000
      1.5138	      0.0000	      0.0000	      0.0000
      0.0000	      0.0000	      0.0000	      0.0000
      0.0000	      0.0000	      0.0000	      0.0000
      0.0000	      0.0000	      0.0000	      0.0000
    -18.8129	      0.0000	      0.0000	      0.0000
      5.7466	      0.0000	      0.0000	      0.0000
      0.0000	      0.0000	    -18.4385	      0.0000
      0.0000	      0.0000	      0.0000	      0.0000
      7.2315	      0.0000	      0.0000	      0.0000
     14.3598	      0.0000	      0.0000	      0.0000
      0.0000	      0.0000	      0.0000	      0.0000
      0.0000	      0.0000	      0.0000	      0.0000
     -3.7161	    -21.3851	      0.0000	      0.0000
      0.0000	      0.0000	      0.0000	      0.0000
     -3.2914	      0.0000	      0.0000	      0.0000
      0.0000	      0.0000	      0.0000	      0.0000
     -3.2218	     -1.2592	      0.0000	      0.0000
      0.0000	      0.0000	      0.0000	      0.0000
      0.0000	      0.0000	      0.0000	      3.5000
     -1.6552	      0.0000	      0.0000	      0.0000
     -0.6210	     22.4497	      0.0000	      0.0000
      4.0482	      0.0000	      0.0000	      0.0000
      7.7764	      0.0000	      0.0000	      0.0000
      0.0000	      0.0000	      0.0000	      0.0000
     -8.1983	      7.3804	      0.0000	      0.0000
      0.0000	      0.0000	      0.0000	      0.0000
     19.5475	      0.0000	      0.0000	      0.0000
      0.0000	      0.0000	      0.0000	      0.0000
     -0.0370	     14.6323	      0.0000	      0.0000
     24.8626	      0.0000	      0.0000	      0.0000
     14.1175	      0.0000	      0.0000	      0.0000
    -18.7467	    -20.0647	     -7.4940	    -13.5786
      4.6723	     22.3173	      3.8120	      1.9433
     13.5810	      0.0000	      0.0000	      9.1759
     26.6486	      0.0000	      0.0000	      0.0000
      0.0000	      0.0000	      0.0000	      0.0000
     18.8263	      0.0000	      0.0000	      0.0000
      0.0000	      0.0000	      0.0000	      0.0000
      5.2638	      4.0132	      0.0000	      3.3939
      0.0000	      0.0000	      0.0000	      0.0000
     -1.6652	      4.4169	     -2.1723	     -1.2886
     -2.3730	      7.8833	      0.0000	      0.0000
      0.5423	      0.0000	      0.0000	      0.0000
    -17.6531	      3.5243	      0.0000	      0.0000
     -0.1103	      4.4327	      4.8363	     10.8295
     -0.6896	     28.5469	      0.0000	      0.0000
     15.0713	      0.0000	      0.0000	      0.0000
     12.0327	      0.0000	      0.0000	      0.0000
      2.8386	     -6.0230	     -5.3535	    -11.2204
    -13.8768	      7.3168	      0.0000	      0.0000
    -12.7422	     -2.1274	    -13.9824	    -11.6289
     -0.3801	     -0.2358	     -0.8828	      1.8280
     18.7416	      0.0000	      0.0000	      2.8331
     21.6163	      0.0000	      0.0000	      0.0000
    -14.2981	      0.0000	      0.0000	      0.0000
      1.0922	      0.0000	      0.0000	      0.0000
     -6.6395	     16.2389	      3.0984	      0.0000
     17.9231	      0.0000	      0.0000	      0.0000
     -1.4197	     -2.3914	     -1.9001	      8.8298
     -0.0863	    -19.8395	     -4.3660	      0.3383
     -0.7891	     -3.7777	      0.0000	     13.0696
    -19.6473	    -13.4138	     -0.8109	     23.3030
     -6.3779	     -5.3371	     -7.2745	      4.3946
      6.0885	     -2.0872	     -1.1661	    -19.7341
      7.7506	      0.0000	      0.0000	      0.0000
     11.6858	      0.0000	      0.0000	      0.0000
      0.0000	      0.0000	      0.0000	      0.0000
      0.0000	      0.0000	      0.0000	      0.0000
      7.5654	     -2.0328	     -0.6067	      1.3737
      4.0748	      0.0000	      0.0000	      0.0000
      3.0859	      0.0000	      0.0000	      0.0000
      0.0000	      0.0000	      0.0000	      0.0000
     -3.2726	     -3.7457	     -9.9049	      0.9515
    -20.6227	      7.7347	     -2.3076	      0.0000
      1.6112	      0.0000	      0.0000	      0.0000
     -1.5679	     -0.9711	     -0.0198	      0.0000
     -2.2445	      0.0000	      0.0000	     -0.5458
      0.0000	      0.0000	      0.0000	      0.0000
      0.0000	      0.0000	      0.0000	      0.0000
     -1.9935	      0.0000	      0.0000	      0.0000
      9.9457	      0.0000	      0.0000	     -0.3229
     26.4594	      0.0000	      0.0000	      0.0000
     -0.0146	      4.7703	      0.0000	      0.0000
     -2.1853	     -2.9434	     -8.3805	     -2.5397
     20.2983	      0.0000	      0.0000	      1.4628
      0.0000	      0.0000	      0.0000	      0.0000
      1.4405	      0.0000	      0.0000	      0.0000
      0.0000	      0.0000	      0.0000	      0.0000
     -0.6375	     10.3266	     -5.8243	      0.0000
     -1.3579	     14.7612	     -1.5450	      0.0000
      0.3173	      0.0000	      0.0000	      0.0000
     -0.6232	      0.0000	      0.0000	      0.0000
      2.5532	     16.1726	     -5.2536	      1.8388
     51.9805	      9.5004	    -10.5704	     16.5037
     21.4361	      0.8453	     -6.8820	      0.3684
     40.3671	     22.1797	    -22.8394	      6.8560
     23.8549	      0.0000	      0.0000	      5.2010
      1.2476	     12.4147	      0.0000	      0.0000
     12.9505	      0.0000	      0.0000	      0.0000
     -1.0332	     12.0249	      0.0000	      0.0000
      1.4363	     10.4210	      0.0000	      0.0000
      0.0108	      5.3085	      0.0000	      0.0000
      6.4761	      0.0000	      0.0000	      0.0000
     -0.7581	     -2.2961	     -7.4005	      0.0000
     12.8662	      7.4870	    -10.1222	      3.5880
     32.6402	      3.5146	     -7.4545	      4.7016
     -2.4489	      2.6854	    -10.6471	      6.1839
     48.9738	     17.8983	    -25.4032	     14.4438
     -0.9031	     -3.2166	     -4.4811	     11.7819
     -2.1130	      6.2744	     -3.5353	      0.0000
     -6.3744	     -0.7191	     -7.4495	     -2.3275
     -4.6864	     -4.4165	     -6.5173	      0.0000
     24.6284	      0.0000	     -0.0663	      4.4483
     10.1838	      0.0000	      0.0000	      0.0000
     -0.7346	      0.9297	     -1.9601	     10.3258
     -2.1730	     -2.5723	     -3.0863	      2.0161
      9.5391	     -4.5837	     -3.5072	     25.2484
      6.2458	      3.7250	     -2.3777	      6.7402
     13.5752	     -2.2531	    -10.0206	     -0.0373
     -1.4817	      0.5388	    -21.1329	      7.6018
     -8.9675	     -7.6767	    -16.0891	     -2.7568
      2.1138	      0.0000	      0.0000	      0.0000
     -3.4332	      9.0147	      0.0000	      0.0000
     -2.5319	     -0.3787	      0.0000	      0.0000
     15.3307	      0.0000	     -4.8035	      0.0000
      1.3823	      0.0000	      0.0000	      0.0000
      1.8659	      0.0000	      0.0000	      0.0000
      0.0000	      0.0000	      0.0000	      0.0000
      5.4422	      0.0000	     -7.5204	      0.0000
     -0.5449	      2.4599	     -7.0899	      1.6435
     -0.2316	     -1.0213	     -6.1372	      3.4317
     -3.3412	     -8.0241	     -6.4733	     -4.1867
     -9.0350	     -6.3985	    -19.7958	     -5.7336
     -1.9123	     -2.6797	     -9.5776	     -7.5881
      0.0000	      0.0000	      0.0000	      0.0000
      0.0000	      0.0000	      0.0000	      0.0000
    -42.6795	    -35.8891	    -18.6014	    -37.6551
      0.0000	      0.0000	      0.0000	      0.0000
    -24.4635	    -20.7116	    -20.0000	      0.0000
      0.0000	      0.0000	      0.0000	      0.0000
     10.3677	      0.0000	      0.0000	      0.0000
      0.0000	      0.0000	      0.0000	      0.0000
      0.0000	      0.0000	      0.0000	      0.0000
      0.0000	      0.0000	      0.0000	      0.0000
      0.0000	      0.0000	      0.0000	      0.0000
      0.0000	      0.0000	      0.0000	      0.0000
     10.0376	      0.0000	      0.0000	      0.0000
      0.0000	      0.0000	      0.0000	      0.0000
     -2.4269	      8.9974	      0.0000	      0.0000
      0.0000	      0.0000	      0.0000	      0.0000
      0.0000	      0.0000	      0.0000	      0.0000
      0.0000	      0.0000	      0.0000	      0.0000
      0.0000	      0.0000	      0.0000	      0.0000
      0.0000	      0.0000	      0.0000	      0.0000
      0.0000	      0.0000	      0.0000	      0.0000
      0.0000	      0.0000	      0.0000	      0.0000
      0.0000	      0.0000	      0.0000	      0.0000
    -16.6753	      0.0000	      0.0000	      0.0000
      0.0000	      0.0000	      0.0000	      0.0000
      0.0000	      0.0000	      0.0000	      0.0000
      0.0000	      0.0000	      0.0000	      0.0000
      0.0000	      0.0000	      0.0000	      0.0000
      0.0000	      0.0000	      0.0000	      0.0000
      0.0000	      0.0000	      0.0000	      0.0000
      0.0000	      0.0000	      0.0000	      0.0000
      0.0000	      0.0000	      0.0000	      0.0000
      3.2650	      0.0000	      0.0000	      0.0000
      0.0000	      0.0000	      0.0000	      0.0000
      0.0000	      0.0000	      0.0000	      0.0000
      0.0000	      0.0000	      0.0000	      0.0000
    -18.7066	      0.0000	      0.0000	      0.0000
      0.0000	      0.0000	      0.0000	      0.0000
      0.0000	      0.0000	      0.0000	      0.0000
      0.0000	      0.0000	      0.0000	      0.0000
      0.0000	      0.0000	      0.0000	      0.0000
      0.0000	      0.0000	      0.0000	      0.0000
      2.3933	      0.0000	      0.0000	      0.0000
      0.0000	      0.0000	      0.0000	      0.0000
      0.0000	      0.0000	      0.0000	      0.0000
      0.0000	      0.0000	      0.0000	      0.0000
     -4.2159	      3.7771	      0.0000	      0.0000
      0.0000	      0.0000	      0.0000	      0.0000
      0.0000	      0.0000	      0.0000	      0.0000
      0.0000	      0.0000	      0.0000	      0.0000
      0.0000	      0.0000	      0.0000	      0.0000
      0.0000	      0.0000	      0.0000	      0.0000
      0.0000	      0.0000	      0.0000	      0.0000
      0.0000	      0.0000	      0.0000	      0.0000
      0.0000	      0.0000	      0.0000	      0.0000
      0.0000	      0.0000	      0.0000	      0.0000
      0.0000	      0.0000	      0.0000	      0.0000
      0.0000	      0.0000	      0.0000	      0.0000
    -22.1873	      6.3382	      0.0000	      0.0000
      0.0000	      0.0000	      0.0000	      0.0000
    -21.2285	      0.0000	      0.0000	      0.0000
      0.0000	      0.0000	      0.0000	      0.0000
     -8.2501	     -7.6746	    -20.0000	    -22.6191
      0.0000	      0.0000	      0.0000	      0.0000
     -7.1678	    -22.0952	      0.0000	      0.0000
      0.0000	      0.0000	      0.0000	      0.0000
     -0.3835	      9.4965	      0.0000	      0.0000
      0.0000	      0.0000	      0.0000	      0.0000
     -0.5402	     -0.4551	      0.0000	      0.0000
      0.0000	      0.0000	      0.0000	      0.0000
    -12.9968	      0.0000	      0.0000	      0.0000
      0.0000	      0.0000	      0.0000	      0.0000
      9.4597	      0.0000	      0.0000	      0.0000
      0.0000	      0.0000	      0.0000	      0.0000
      3.9078	      0.0000	      0.0000	      0.0000
      0.0000	      0.0000	      0.0000	      0.0000
    -20.0269	     11.4613	      0.0000	      0.0000
      0.7498	      0.0000	      0.0000	      0.0000
      8.1287	      2.8188	      0.0000	      0.0000
      5.1690	      0.0000	      0.0000	      0.0000
      2.1432	      0.0000	      0.0000	      0.0000
      0.0000	      0.0000	      0.0000	      0.0000
     13.1213	      0.0000	      0.0000	      0.0000
      0.0000	      0.0000	      0.0000	      0.0000
      7.3585	      0.0000	      0.0000	      0.0000
      0.0000	      0.0000	      0.0000	      0.0000
      0.2501	      8.5783	      0.0000	     -2.5171
     -0.8345	    -16.2795	      0.0000	      0.0000
      0.0000	      0.0000	      0.0000	      0.0000
      1.1062	      0.0000	      0.0000	      0.0000
      6.6886	      0.0000	      0.0000	      0.0000
      0.0000	      0.0000	      0.0000	      0.0000
      0.0000	      0.0000	      0.0000	      0.0000
      0.0000	      0.0000	      0.0000	      0.0000
     -0.3821	     -2.9526	     -1.8363	      0.0000
     -0.5481	      0.1832	      0.0000	      0.0000
      0.0000	      0.0000	      0.0000	      0.0000
      0.0000	      0.0000	      0.0000	      0.0000
      0.8494	      0.0000	      0.0000	      0.0000
     11.2311	      0.0000	      0.0000	      0.0000
      0.0000	      0.0000	      0.0000	      0.0000
      0.0000	      0.0000	      0.0000	      0.0000
      2.9664	      0.0000	      0.0000	      0.0000
      0.0000	      0.0000	      0.0000	      0.0000
      0.0000	      0.0000	      0.0000	      0.0000
      0.0000	      0.0000	      0.0000	      0.0000
      0.0000	      0.0000	      0.0000	      0.0000
      2.9230	      0.0000	      0.0000	      0.0000
      0.0000	      0.0000	      0.0000	      0.0000
      0.0000	      0.0000	      0.0000	      0.0000
      0.0000	      0.0000	      0.0000	      0.0000
      0.0000	      0.0000	      0.0000	      0.0000
      0.0000	      0.0000	      0.0000	      0.0000
      0.0000	      0.0000	      0.0000	      0.0000
      0.0000	      0.0000	      0.0000	      0.0000
      0.0000	      0.0000	      0.0000	      0.0000
      0.0000	      0.0000	      0.0000	      0.0000
      0.0000	      0.0000	      0.0000	      0.0000
     -3.6391	     -3.3912	     -4.0052	      0.0000
      0.0000	      0.0000	      0.0000	      0.0000
      0.0000	      0.0000	      0.0000	      0.0000
    -20.0000	      0.0000	      0.0000	      0.0000
     -1.6448	     -1.8431	     -5.6477	    -25.0979
      0.0000	      0.0000	      0.0000	      0.0000
     -2.3707	     -4.7348	      0.0000	      0.0000
      0.0000	      0.0000	      0.0000	      0.0000
      1.4271	      0.0000	      0.0000	      0.0000
      0.0000	      0.0000	      0.0000	      0.0000
      0.0000	      0.0000	      0.0000	      0.0000
      0.0000	      0.0000	      0.0000	      0.0000
      0.0000	      0.0000	      0.0000	      0.0000
      0.0000	      0.0000	      0.0000	      0.0000
      0.0000	      0.0000	      0.0000	      0.0000
      0.0000	      0.0000	      0.0000	      0.0000
      0.0000	      0.0000	      0.0000	      0.0000
      0.0000	      0.0000	      0.0000	      0.0000
      0.0000	      0.0000	      0.0000	      0.0000
      0.0000	      0.0000	      0.0000	      0.0000
      7.8876	      0.0000	      0.0000	      0.0000
      9.1698	      0.0000	      0.0000	      0.0000
     -0.7019	     12.8465	      0.0000	      0.0000
     -0.1816	     14.7004	      0.0000	      0.0000
      2.4598	      0.0000	      0.0000	      0.0000
      1.4963	      0.0000	      0.0000	      0.0000
      3.2712	      0.0000	      0.0000	      0.0000
      0.0000	      0.0000	      0.0000	      0.0000
      6.7898	      0.0000	      0.0000	      0.0000
      0.0000	      0.0000	      0.0000	      0.0000
      0.0000	      0.0000	      0.0000	      0.0000
      0.0000	      0.0000	      0.0000	      0.0000
     14.6867	      0.0000	      0.0000	      0.0000
      0.6611	      8.0391	      0.0000	      0.0000
     23.1258	      0.0000	     -0.9104	      0.0000
     30.3692	      0.0000	     -5.9723	     -0.2913
      0.0000	      0.0000	      0.0000	      0.0000
      1.1859	      0.0000	      0.0000	      0.0000
      0.0000	      0.0000	      0.0000	      0.0000
      0.0000	      0.0000	      0.0000	      0.0000
      1.6595	      0.0000	      0.0000	      0.0000
      4.0459	      0.0000	      0.0000	      0.0000
      0.0000	      0.0000	      0.0000	      0.0000
      0.0000	      0.0000	      0.0000	      0.0000
     -0.2219	     15.3232	      0.0000	      0.0000
      9.4172	      0.0000	      0.0000	      0.0000
     11.8075	      0.0000	      2.9532	      0.0000
     16.7216	      3.6229	      0.0000	      1.4991
     -2.3861	     -3.4917	      0.0000	      0.0000
      0.0000	      0.0000	      0.0000	      0.0000
      1.7408	      0.0000	      0.0000	      0.0000
     -0.5479	      3.0557	      0.0000	      0.0000
      0.0000	      0.0000	      0.0000	      0.0000
      0.0000	      0.0000	      0.0000	      0.0000
      0.0000	      0.0000	      0.0000	      0.0000
      0.0000	      0.0000	      0.0000	      0.0000
      0.0000	      0.0000	      0.0000	      0.0000
      0.0000	      0.0000	      0.0000	      0.0000
      0.0000	      0.0000	      0.0000	      0.0000
      0.1192	      0.0000	      0.0000	      0.0000
     -0.8694	      0.0000	      0.0000	      0.0000
      2.2561	      0.0000	      0.0000	      0.0000
      0.0000	      0.0000	      0.0000	      0.0000
      0.0000	      0.0000	      0.0000	      0.0000
     -5.1623	      5.2427	      0.0000	      0.0000
      0.0000	      0.0000	      0.0000	      0.0000
      0.0000	      0.0000	      0.0000	      0.0000
      0.0000	      0.0000	      0.0000	      0.0000
      0.0000	      0.0000	      0.0000	      0.0000
      0.0000	      0.0000	      0.0000	      0.0000
      0.0000	      0.0000	      0.0000	      0.0000
      0.0000	      0.0000	      0.0000	      0.0000
      0.0000	      0.0000	      0.0000	      0.0000
      0.0000	      0.0000	      0.0000	      0.0000
      0.0000	      0.0000	      0.0000	      0.0000
      0.0000	      0.0000	      0.0000	      0.0000
      0.0000	      0.0000	      0.0000	      0.0000
    -19.7936	      0.0000	      0.0000	      0.0000
      0.0000	      0.0000	      0.0000	      0.0000
      0.0000	      0.0000	      0.0000	      0.0000
     -0.8960	     -0.8815	      4.8244	      0.0000
      0.0000	      0.0000	      0.0000	      0.0000
      0.0000	      0.0000	      0.0000	      0.0000
      0.0000	      0.0000	      0.0000	      0.0000
      0.0000	      0.0000	      0.0000	      0.0000
      0.0000	      0.0000	      0.0000	      0.0000
      0.0000	      0.0000	      0.0000	      0.0000
      0.0000	      0.0000	      0.0000	      0.0000
      1.6598	      0.0000	      0.0000	      0.0000
      0.0000	      0.0000	      0.0000	      0.0000
      0.0000	      0.0000	      0.0000	      0.0000
      0.0000	      0.0000	      0.0000	      0.0000
      4.3488	      0.0000	      0.0000	      0.0000
      0.0000	      0.0000	      0.0000	      0.0000
      0.0000	      0.0000	      0.0000	      0.0000
      0.0000	      0.0000	      0.0000	      0.0000
     -2.2730	     -3.1546	     11.1144	      0.0000
    -18.4273	      0.0000	      0.0000	      0.0000
      0.0000	      0.0000	      0.0000	      0.0000
      0.0000	      0.0000	      0.0000	      0.0000
      0.0000	      0.0000	      0.0000	      0.0000
      0.0000	      0.0000	      0.0000	      0.0000
      0.0000	      0.0000	      0.0000	      0.0000
      0.0000	      0.0000	      0.0000	      0.0000
      4.3997	      0.0000	      0.0000	      0.0000
      0.0000	      0.0000	      0.0000	      0.0000
      0.0000	      0.0000	      0.0000	      0.0000
      0.0000	      0.0000	      0.0000	      0.0000
     -2.1827	     -4.1295	     -6.2664	     -4.5073
      0.0000	      0.0000	      0.0000	      0.0000
      0.0000	      0.0000	      0.0000	      0.0000
      0.0000	      0.0000	      0.0000	      0.0000
     -0.1650	    -18.0373	    -22.5034	     26.6068
      0.0000	      0.0000	      0.0000	      0.0000
      0.0000	      0.0000	      0.0000	      0.0000
      0.0000	      0.0000	      0.0000	      0.0000
    -20.4653	    -20.8997	    -17.5161	    -19.5056
      0.0000	      0.0000	      0.0000	    -20.0000
      0.0000	      0.0000	      0.0000	      0.0000
      0.0000	      0.0000	      0.0000	      0.0000
    -26.2933	    -21.8139	    -22.3841	    -12.8672
    -19.7144	      3.6882	      0.0000	      0.0000
      0.0000	      0.0000	      0.0000	      0.0000
      0.0000	      0.0000	      0.0000	      0.0000
     -2.5114	      1.2036	      0.0000	      0.0000
      0.0000	      0.0000	      0.0000	      0.0000
      0.0000	      0.0000	      0.0000	      0.0000
      0.0000	      0.0000	      0.0000	      0.0000
     -0.3804	     -0.3791	     18.0079	      0.0000
      0.0000	      0.0000	      0.0000	      0.0000
      0.0000	      0.0000	      0.0000	      0.0000
      0.0000	      0.0000	      0.0000	      0.0000
      2.3137	      0.0000	      0.0000	      0.0000
      0.0000	    -13.3916	      0.0000	      0.0000
      0.0000	      0.0000	      0.0000	      0.0000
      0.0000	      0.0000	      0.0000	      0.0000
      5.8639	      0.0000	      0.0000	     -2.1162
      0.1009	      0.0000	      0.0000	      0.0000
      0.0000	      0.0000	      0.0000	      0.0000
      0.0000	      0.0000	      0.0000	      0.0000
     -0.4521	     -0.5599	     -0.4994	      4.1817
      0.0000	      0.0000	      0.0000	      0.0000
      0.0000	      0.0000	      0.0000	      0.0000
      0.0000	      0.0000	      0.0000	      0.0000
      6.4386	      0.0000	      0.0000	      0.0000
      0.0000	      0.0000	      0.0000	      0.0000
      0.0000	      0.0000	      0.0000	      0.0000
      0.0000	      0.0000	      0.0000	      0.0000
     -1.7121	     -3.2246	      0.0000	      0.0000
      0.0000	      0.0000	      0.0000	      0.0000
      0.0000	      0.0000	      0.0000	      0.0000
      0.0000	      0.0000	      0.0000	      0.0000
     -0.5404	     -1.7131	      1.0534	     -0.5291
     -1.4659	      0.0000	      0.0000	      0.0000
      0.0000	      0.0000	      0.0000	      0.0000
      0.0000	      0.0000	      0.0000	      0.0000
     -2.3839	     -2.5725	     -1.4849	      6.3718
      0.0000	      0.0000	      0.0000	      0.0000
      0.0000	      0.0000	      0.0000	      0.0000
      0.0000	      0.0000	      0.0000	      0.0000
      0.0000	      0.0000	      0.0000	      5.0735
      0.0000	      0.0000	      0.0000	      0.0000
      0.0000	      0.0000	      0.0000	      0.0000
      0.0000	      0.0000	      0.0000	      0.0000
     -0.1639	     -1.8016	     -0.6135	      7.6359
      0.0000	      0.0000	      0.0000	      0.0000
      0.0000	      0.0000	      0.0000	      0.0000
      0.0000	      0.0000	      0.0000	      0.0000
     -3.7926	     -3.5792	     -4.8439	      7.3223
      0.0000	      0.0000	      0.0000	      0.0000
      0.0000	      0.0000	      0.0000	      0.0000
      0.0000	      0.0000	      0.0000	      0.0000
      0.0000	      4.3508	      0.2132	      1.3350
      0.0000	      0.0000	      0.0000	      0.0000
      0.0000	      0.0000	      0.0000	      0.0000
      0.0000	      0.0000	      0.0000	      0.0000
     -1.9011	     -4.2783	    -10.2268	     -2.5106
      0.0000	      0.0000	      0.0000	     -6.3967
      0.0000	      0.0000	      0.0000	      0.0000
      0.0000	      0.0000	      0.0000	      0.0000
    -20.2236	    -23.6418	    -29.7533	    -22.2313
    -26.2744	      0.0000	      0.0000	      0.0000
      0.0000	      0.0000	      0.0000	      0.0000
      0.0000	      0.0000	      0.0000	      0.0000
     -4.8604	     -4.7389	     -6.0866	     -7.0754
      0.0000	      0.0000	      0.0000	      0.0000
      3.0027	      0.0000	      0.0000	      0.0000
      0.0000	      0.0000	      0.0000	      0.0000
     -0.9199	     -1.2568	      5.6983	     -0.8975
      0.0858	      0.0000	      0.0000	      0.0000
      0.0000	      0.0000	      0.0000	      0.0000
      0.0700	      0.0000	      0.0000	      0.0000
      0.0000	      0.0000	      0.0000	      0.0000
      0.0000	      0.0000	      0.0000	      0.0000
      0.0000	      0.0000	      0.0000	      0.0000
      0.0000	      0.0000	      0.0000	      0.0000
     -5.7535	     -6.8777	     -4.7552	     -6.5686
     -1.6186	     -2.0124	      0.0000	      0.0000
      0.0000	      0.0000	      0.0000	      0.0000
      0.0000	      0.0000	      0.0000	      0.0000
      7.1830	     -0.7234	     -2.7976	      3.2878
     -2.1926	     -1.0494	     -1.8480	      3.5159
      2.1833	      0.0000	      0.0000	      0.0000
      0.9436	      0.0000	      0.0000	      0.0000
     11.6826	      0.0000	      0.0000	      0.0000
      0.0000	      0.0000	      0.0000	      0.0000
     -0.0100	      0.0000	      0.0000	      0.0000
      0.0000	      0.0000	      0.0000	      0.0000
     -2.4192	     -2.4642	     -4.1231	     -2.9712
     -3.4687	      0.0000	      0.0000	      0.0000
      0.0000	      0.0000	      0.0000	      0.0000
      0.0000	      0.0000	      0.0000	      0.0000
     -0.1099	     -1.2581	     -3.1489	      6.6562
      0.0000	      0.0000	      0.0000	      0.0000
      0.0000	      0.0000	      0.0000	      0.0000
     -2.1048	     -0.5761	     -5.2068	      0.0000
     -1.2547	     -1.0138	     -2.8859	      8.2742
      0.0000	      0.0000	      0.0000	      0.0000
      1.0688	      0.0000	      0.0000	      0.0000
      0.0000	      0.0000	      0.0000	      0.0000
      6.7656	     -0.2468	     -4.3675	      0.0000
     -0.0355	      0.0000	      0.0000	      0.0000
      0.0000	      0.0000	      0.0000	      0.0000
      0.0000	      0.0000	      0.0000	      0.0000
      0.8378	     -3.4841	     -3.0773	     11.5936
      0.0000	      0.0000	      0.0000	      0.0000
      0.0000	      0.0000	      0.0000	      0.0000
     -2.1281	      0.0000	      0.0000	      0.0000
     -1.3491	     -4.0184	     -8.0374	      4.8844
      0.0000	      0.0000	      0.0000	      0.0000
      0.0000	      0.0000	      0.0000	      0.0000
      0.0000	      0.0000	      0.0000	      0.0000
     20.2423	      5.2588	     -0.3857	      2.2191
      0.0000	      0.0000	      0.0000	      0.0000
      1.7770	      0.0000	      0.0000	      0.0000
      0.0000	      0.0000	      0.0000	      0.0000
     -0.3610	     -2.5303	     -5.3459	      8.3024
      0.0000	      0.0000	      0.0000	      0.0000
      0.0000	      0.0000	      0.0000	      0.0000
      0.0000	      0.0000	      0.0000	      0.0000
    -32.4137	    -28.6547	    -34.3176	    -28.6558
     -8.2145	      0.0000	      0.0000	      0.0000
      0.0000	      0.0000	      0.0000	      0.0000
      0.0000	      0.0000	      0.0000	      0.0000
     -4.5156	    -13.5249	     12.2956	      0.0000
      0.0000	      0.0000	      0.0000	      0.0000
      0.0000	      0.0000	      0.0000	      0.0000
      0.0000	      0.0000	      0.0000	      0.0000
      0.0000	      0.0000	      0.0000	      0.0000
      0.0000	      0.0000	      0.0000	      0.0000
      0.0000	      0.0000	      0.0000	      0.0000
      0.0000	      0.0000	      0.0000	      0.0000
     10.8085	      0.0000	      0.0000	      0.0000
      0.0000	      0.0000	      0.0000	      0.0000
      0.0000	      0.0000	      0.0000	      0.0000
      0.0000	      0.0000	      0.0000	      0.0000
      0.0000	      0.0000	      3.8582	      0.0000
     -2.3619	      0.0000	      0.0000	      0.0000
      0.0000	      0.0000	      0.0000	      0.0000
      0.0000	      0.0000	      0.0000	      0.0000
      9.4646	      1.4839	      0.0000	      0.0000
      0.0000	      0.0000	      0.0000	      0.0000
      7.5927	      0.0000	      0.0000	      0.0000
      0.0000	      0.0000	      0.0000	      0.0000
      4.7510	      0.0000	      0.0000	      0.0000
      0.0000	      0.0000	      0.0000	      0.0000
     -6.0666	      0.0000	      0.0000	      0.0000
      0.0000	      0.0000	      0.0000	      0.0000
      0.0000	      3.5589	     16.2368	      0.0000
      0.0000	      0.0000	      0.0000	      0.0000
      0.0000	      0.0000	      0.0000	      0.0000
      0.0000	      0.0000	      0.0000	      0.0000
      2.5370	     -1.5571	     19.7003	      0.0000
      0.0000	      0.0000	      0.0000	      0.0000
      0.0000	      0.0000	      0.0000	      0.0000
      0.0000	      0.0000	      0.0000	      0.0000
     -2.9119	     -3.4561	     15.2125	      0.0000
      0.0000	      0.0000	      0.0000	      0.0000
      0.0000	      0.0000	      0.0000	      0.0000
      0.0000	      0.0000	      0.0000	      0.0000
      7.2066	      0.0000	      0.0000	      0.0000
     16.9639	      0.0000	      0.0000	      0.0000
      0.0000	      0.0000	      0.0000	      0.0000
      0.0000	      0.0000	      0.0000	      0.0000
      0.0000	      0.0000	      0.0000	     10.6432
      0.0000	      0.0000	      0.0000	      0.0000
      0.0000	      0.0000	      0.0000	      0.0000
      0.0000	      0.0000	      0.0000	      0.0000
     -2.4394	     -1.7706	      6.8369	     -2.5226
      0.0000	      0.0000	      0.0000	      0.0000
      0.0000	      0.0000	      0.0000	      0.0000
      0.0000	      0.0000	      0.0000	      0.0000
      4.8914	      0.0000	     -1.4649	      0.0000
      0.0000	      0.0000	      0.0000	      0.0000
      0.0000	      0.0000	      0.0000	      0.0000
      0.0000	      0.0000	      0.0000	      0.0000
     -0.3193	     -1.5335	      0.0000	      0.0000
      0.0000	      0.0000	      0.0000	      0.0000
      0.0000	      0.0000	      0.0000	      0.0000
      0.0000	      0.0000	      0.0000	      0.0000
    -25.1603	    -36.3884	    -24.7251	    -23.8279
      0.0000	      0.0000	      0.0000	      0.0000
      0.0000	      0.0000	      0.0000	      0.0000
      0.0000	      0.0000	      0.0000	      0.0000
     -7.7613	      1.9435	    -16.1690	     -0.3060
      0.0000	      0.0000	      0.0000	      0.0000
     19.1008	      0.0000	      0.0000	      0.0000
      0.0000	      1.6103	      0.0000	      0.0000
     -0.0218	     24.4762	      0.0000	      0.0977
      0.0000	      0.0000	      0.0000	      0.0000
      2.2033	      0.0000	      0.0000	      0.0000
     -1.0922	      1.1623	      0.0000	      0.0000
     30.7535	      5.5592	      0.0000	      0.0000
      0.0000	      0.0000	      0.0000	      0.0000
     17.3245	      0.0000	      0.0000	      0.0000
      0.0372	      0.0000	      0.0000	      0.0000
     -7.1482	     12.7491	    -13.0502	    -13.0850
    -10.7716	     -4.3180	     -9.4104	     -9.2768
      6.3626	      0.0000	     -4.0365	      0.0000
      1.9098	      0.0000	     -5.1285	      0.0000
      1.3209	     -5.4717	     11.5813	     -3.4078
     -0.5655	     -0.8233	     -1.0246	      0.1067
      6.0374	      0.0000	      0.0000	      0.0000
     -1.7903	      0.0000	      0.0000	      0.0000
     14.9044	      4.6402	      0.0000	      3.8023
     -1.5112	      0.0000	      0.0000	      0.0000
     13.5907	      0.0000	      2.9166	      0.0000
     -0.2859	      1.6320	      0.0000	      0.0000
     -5.6545	      3.0706	     -0.8037	     -8.2347
     -7.0486	    -25.2246	    -11.4349	    -11.5915
      0.0000	      0.0000	      0.0000	      0.0000
      0.0000	      0.0000	      0.0000	      0.0000
     -5.2062	     -3.6799	      4.3910	     -3.3556
     -3.6503	      1.1270	     -4.0264	    -22.8857
     -1.0957	     -2.5582	     -3.6609	      0.0000
      0.0000	      0.0000	      0.0000	      0.0000
     -6.6440	     -6.7294	     -5.2053	     14.5284
      0.0000	      0.0000	      5.3546	      0.0000
     -3.2864	    -21.4761	     -1.6520	      0.0000
      3.4167	      0.0000	      0.0000	      0.0000
      9.6925	      2.1081	      1.1205	      1.9639
     -3.6710	     -0.7235	      0.0000	    -17.1990
      0.0000	      0.0000	      0.0000	      0.0000
      0.0000	      0.0000	      0.0000	      0.0000
      1.0022	     -3.4808	     11.0355	    -10.2724
      1.0361	      0.0000	      0.0000	      0.0000
    -20.0546	      3.2841	      0.0000	      0.0000
      0.0000	      0.0000	      0.0000	      0.0000
     -3.0338	     -7.3287	     -2.2851	      3.8585
      4.5465	      0.0000	      0.0000	      0.0000
     -1.3088	      0.0000	      0.0000	      0.0000
    -20.0000	      0.0000	      0.0000	      0.0000
     17.4680	      0.0000	      1.2634	      0.0000
      0.0000	      0.0000	      0.0000	      0.0000
      0.0000	      0.0000	      0.0000	      0.0000
      0.0000	      0.0000	      0.0000	      0.0000
     -0.2424	     -1.6876	     -7.0359	      0.0106
      0.0000	      0.0000	      0.0000	      0.0000
      0.0000	      0.0000	      0.0000	      0.0000
      0.0000	      0.0000	      0.0000	      0.0000
    -15.9501	    -15.8513	    -24.6076	    -15.1024
      0.0000	      0.0000	      0.0000	      0.0000
      0.0000	      0.0000	      0.0000	      0.0000
      0.0000	      0.0000	      0.0000	      0.0000
    -10.7121	     -3.5329	    -18.6815	     -9.7730
      0.0000	      0.0000	      0.0000	      0.0000
     -7.7869	     -2.1471	     -5.9526	     -2.7482
      0.0000	      0.0000	      0.0000	      0.0000
      9.2042	      5.8210	     -3.8409	     -4.8753
      3.6602	      0.4570	     -8.5521	      0.0000
     -1.4154	      3.3415	     -2.1192	     -0.4504
     -5.6626	     -7.0051	     -6.0768	     -8.0532
     22.7072	      0.0000	      2.1775	      0.0000
      0.0000	      0.0000	      0.0000	      0.0000
      5.8602	      0.0000	      0.0000	      0.0000
      0.2173	      0.0000	      0.0000	      0.0000
    -11.5466	      4.8881	    -13.1511	    -10.0020
     -6.9842	    -11.0779	    -10.5412	     -6.3477
      0.0000	      0.0000	      0.0000	      0.0000
     -2.6889	     -5.1517	      0.0000	      0.0000
      5.6754	      8.5033	    -11.3707	      4.1120
      3.3561	     -5.0003	     -5.8274	     -5.2669
      1.7594	     -0.5314	     -2.9284	     -0.9436
     -0.5396	     -8.6787	    -19.1736	     -8.2982
     15.7440	      3.9156	     -3.0871	      1.8796
      0.0000	      0.0000	      0.0000	      0.0000
      4.5590	      0.0000	      0.0000	      0.0000
     -0.2974	      0.0000	      0.0000	      0.0000
     -3.1298	      5.7143	    -12.0221	    -10.6992
     -2.7530	     -0.7555	     -3.8628	     -4.4267
     -0.9258	      0.0000	      0.0000	      0.0000
     -1.1632	      0.0000	      0.0000	      0.0000
      8.9415	     -2.8305	    -15.9610	     -2.7301
     -2.5475	     -4.5398	     -4.5986	     -6.1900
     -0.3296	     -0.7211	     -3.9251	     -1.9813
     -3.0645	     -4.5586	    -17.0676	     -4.7553
     -1.9359	     -3.6231	    -20.8065	      3.3394
      0.0000	      0.0000	      0.0000	     -1.2518
      0.0000	      0.0000	      0.0000	      0.0000
      0.0000	      0.0000	      0.0000	      0.0000
     15.5281	      1.7784	     -0.2090	      4.8833
     -0.9068	      7.0680	      0.0000	      0.0000
      0.0000	      0.0000	      0.0000	      0.0000
      0.0000	      0.0000	      0.0000	      0.0000
      2.8928	     -2.4410	     -9.7860	     10.6949
      4.7853	      0.0000	      0.0000	      0.0000
      4.5831	      0.0000	      0.0000	      0.0000
     -1.3440	     -2.2464	     -6.3121	     -4.8555
     -8.2350	    -11.1998	     -7.8382	      3.8725
      1.2271	      0.0000	      0.0000	      0.0000
      0.0000	      0.0000	      0.0000	      0.0000
      0.0000	      0.0000	      0.0000	      0.0000
     28.3416	      4.6996	      0.0000	      5.4667
      0.0000	      0.0000	      0.0000	      0.0000
      1.6811	      0.0000	      0.0000	      0.0000
      0.0000	      0.0000	      0.0000	      0.0000
      3.7904	      2.2234	     -5.2439	     18.8054
     -1.5075	     -5.7264	     -6.5274	     -1.3579
      0.0000	      0.0000	     -7.2302	      0.0000
      0.0000	      0.0000	      0.0000	      0.0000
    -15.9392	    -15.6897	    -30.5093	     -5.9120
     -7.2365	      0.0000	      0.0000	      0.0000
      0.0000	      0.0000	      0.0000	      0.0000
      0.0000	      0.0000	      0.0000	      0.0000
    -35.0267	    -30.9859	    -50.2611	    -46.1818
      0.0000	      0.0000	      0.0000	      0.0000
      3.7328	      0.0000	      0.0000	      0.0000
      0.0000	      0.0000	      0.0000	      0.0000
      0.7154	      2.1664	      0.0000	      3.4490
      0.0000	      0.0000	      0.0000	      0.0000
      0.0000	      0.0000	      0.0000	      0.0000
      0.0000	      0.0000	      0.0000	      0.0000
    -17.4409	     16.7516	      0.0000	     -2.2724
      0.0000	      0.0000	      0.0000	      0.0000
    -14.7427	      8.3286	      0.0000	      0.0000
      0.0000	      0.0000	      0.0000	      0.0000
     -2.3332	      0.0000	      0.0000	      0.0000
      0.0000	      0.0000	      0.0000	      0.0000
      0.0000	      0.0000	      0.0000	      0.0000
    -20.9056	      0.0000	      0.0000	      0.0000
     -0.4678	      0.0000	      7.3184	      0.0000
      0.0000	      0.0000	      0.0000	      0.0000
      0.0000	      0.0000	      0.0000	      0.0000
      0.0000	      0.0000	      0.0000	      0.0000
      0.0000	      5.1515	      0.0000	      0.0000
      0.0000	      0.0000	      0.0000	      0.0000
      0.0000	      0.0000	      0.0000	      0.0000
      0.0000	      0.0000	      0.0000	      0.0000
     -1.6931	      4.3497	      0.0000	      0.0000
     -5.4649	      0.0000	      0.0000	      0.0000
      0.0000	      0.0000	      0.0000	      0.0000
      0.0000	      0.0000	      0.0000	      0.0000
      1.9416	     13.7921	      0.0000	      0.0000
      0.0000	      0.0000	      0.0000	      0.0000
      0.0000	      0.0000	      0.0000	      0.0000
      0.0000	      0.0000	      0.0000	      0.0000
      0.0000	      0.0000	      0.0000	      0.0000
      0.0000	      0.0000	      0.0000	      0.0000
      0.0000	      0.0000	      0.0000	      0.0000
      0.0000	      0.0000	      0.0000	      0.0000
      3.2945	      0.0000	      0.0000	      0.0000
      0.0000	      0.0000	      0.0000	      0.0000
      0.0000	      0.0000	      0.0000	      0.0000
      0.0000	      0.0000	      0.0000	      0.0000
     -0.3573	     -1.8728	      8.1753	      0.0000
      6.3565	      0.0000	      0.0000	      0.0000
      0.0000	      0.0000	      0.0000	      0.0000
      0.0000	      0.0000	      0.0000	      0.0000
     -1.0971	     -0.9625	      0.0000	      0.0000
      0.0000	      0.0000	      0.0000	      0.0000
      0.0000	      0.0000	      0.0000	      0.0000
      0.0000	      0.0000	      0.0000	      0.0000
      0.0000	      0.0000	      0.0000	      0.0000
      0.0000	      0.0000	      0.0000	      0.0000
      0.0000	      0.0000	      0.0000	      0.0000
      0.0000	      0.0000	      0.0000	      0.0000
      0.0000	      0.0000	      0.0000	      0.0000
      0.0000	      0.0000	      0.0000	      0.0000
      0.0000	      0.0000	      0.0000	      0.0000
      0.0000	      0.0000	      0.0000	      0.0000
     -4.6884	     -3.0966	     -6.2437	      0.0000
      0.0000	      0.0000	      0.0000	      0.0000
      0.0000	      0.0000	      0.0000	      0.0000
      0.0000	      0.0000	      0.0000	      0.0000
    -19.8248	    -13.1929	    -23.5585	    -27.1554
      0.0000	      0.0000	      0.0000	      0.0000
     -8.3585	     -3.2514	    -12.5033	    -20.0000
      0.0000	      0.0000	      0.0000	      0.0000
     10.4713	      0.0000	    -14.6413	      0.0000
      0.2702	      0.0000	      0.0000	      0.0000
      0.1196	      0.0000	      0.0000	      0.0000
     -1.7142	     -0.3649	      0.0000	      0.0000
     24.8308	      4.9917	      0.0000	      3.2378
      0.1111	      0.0000	      0.0000	      0.0000
      2.7256	      0.0000	      0.0000	      0.0000
      0.0000	      0.0000	      0.0000	      0.0000
     -1.4268	      8.1537	     -2.0900	     -8.5720
     -6.6815	      0.2976	      0.0000	      0.0000
      0.0000	      0.0000	      0.0000	      0.0000
      0.0000	      0.0000	      0.0000	      0.0000
     -1.1839	     12.1861	      0.0000	      0.0000
     -0.0263	      1.0074	      0.0000	      0.0000
      0.0000	      0.0000	      0.0000	      0.0000
      0.0000	      0.0000	      0.0000	      0.0000
     12.9748	      0.0000	      0.0000	      0.0000
      0.0000	      0.0000	      0.0000	      0.0000
      0.0000	      0.0000	      0.0000	      0.0000
     -0.1490	      1.5511	      0.0000	      0.0000
     -1.3341	      4.9763	      0.0000	     -1.5224
      0.0000	      0.0000	      0.0000	      0.0000
      0.0000	      0.0000	      0.0000	      0.0000
      0.0000	      0.0000	      0.0000	      0.0000
      0.6120	     -1.0024	      6.9010	      0.0000
      0.0000	      0.0000	      0.0000	      0.0000
      0.0000	      0.0000	      0.0000	      0.0000
      0.0000	      0.0000	      0.0000	      0.0000
     -5.1850	     -0.1061	     -0.6502	     -1.6540
      0.0000	      0.0000	      0.0000	      0.0000
      0.0000	      0.0000	      0.0000	      0.0000
      0.0000	      0.0000	      0.0000	      0.0000
     10.4834	      0.0000	      0.0000	      0.0000
      3.2897	      0.0000	      0.0000	      0.0000
      0.0000	      0.0000	      0.0000	      0.0000
      0.0000	      0.0000	      0.0000	      0.0000
      1.5236	     -0.0504	     10.2258	     -0.3780
      0.0000	      0.0000	      0.0000	      0.0000
      0.0000	      0.0000	      0.0000	      0.0000
      0.0000	      0.0000	      0.0000	      0.0000
     -5.1540	     -1.6485	     -0.5171	      3.1791
      0.0000	      0.0000	      0.0000	      0.0000
      0.0000	      0.0000	      0.0000	      0.0000
      0.0000	      0.0000	      0.0000	      0.0000
      0.0000	      0.0000	      0.0000	      0.0000
      0.0000	      0.0000	      0.0000	      0.0000
      0.0000	      0.0000	      0.0000	      0.0000
      0.0000	      0.0000	      0.0000	      0.0000
     -0.4602	      1.1375	      0.0000	      0.0000
      0.0000	      0.0000	      0.0000	      0.0000
      0.0000	      0.0000	      0.0000	      0.0000
      0.0000	      0.0000	      0.0000	      0.0000
     -2.4144	     -3.2595	     -6.6670	     -2.4693
      0.0000	      0.0000	      0.0000	      0.0000
      0.0000	      0.0000	      0.0000	      0.0000
      0.0000	      0.0000	      0.0000	      0.0000
    -10.4423	    -10.0290	     -8.3176	     -9.4844
      0.0000	      0.0000	      0.0000	      0.0000
     -5.3357	      0.0000	      0.0000	      0.0000
      0.0000	      0.0000	      0.0000	      0.0000
      6.6476	      0.0000	     -4.6133	      0.0000
      0.0000	      0.0000	      0.0000	      0.0000
      0.0000	      0.0000	      0.0000	      0.0000
      0.0000	      0.0000	      0.0000	      0.0000
      0.0000	      0.0000	      0.0000	      0.0000
      0.0000	      0.0000	      0.0000	      0.0000
      1.5138	      0.0000	      0.0000	      0.0000
      0.0000	      0.0000	      0.0000	      0.0000
     -3.7124	      9.6592	     -7.8902	     -4.4923
      0.0000	      0.0000	      0.0000	      0.0000
      0.0000	      0.0000	      0.0000	      0.0000
      0.0000	      0.0000	      0.0000	      0.0000
      0.5014	     19.2029	      0.0000	     -0.3299
      0.0000	      0.0000	      0.0000	      0.0000
     -0.3818	      3.7058	      0.0000	      0.0000
     -1.6182	      1.8177	      0.0000	      0.0000
     14.5787	      0.0000	      0.0000	      3.5260
      0.0000	      0.0000	      0.0000	      0.0000
      0.0000	      0.0000	      0.0000	      0.0000
      0.0000	      0.0000	      0.0000	      0.0000
     -0.9810	     14.7281	     -3.1187	     -1.2280
     -0.2051	      5.8186	      0.0000	      0.0000
      0.0000	      0.0000	      0.0000	      0.0000
      0.0000	      0.0000	      0.0000	      0.0000
      1.7565	      6.1055	     -5.4819	      0.1816
      0.0000	      0.0000	      0.0000	     -2.4337
     -1.9805	      0.0000	      0.0000	      0.0000
     -2.0640	      2.3282	      0.0000	      0.0000
     -1.3816	     -2.9986	     -1.9791	     -3.5789
      0.0000	      0.0000	      0.0000	      0.0000
      0.0000	      0.0000	      0.0000	      0.0000
      0.0000	      0.0000	      0.0000	      0.0000
      0.0000	      3.4160	      7.6586	      1.3134
      0.0000	      0.0000	      0.0000	      0.0000
      0.0000	      0.0000	      0.0000	      0.0000
      0.0000	      0.0000	      0.0000	      0.0000
      9.4037	     -0.6895	      0.5207	      0.8710
      0.0000	      0.0000	      0.0000	      0.0000
      0.0000	      0.0000	      0.0000	      0.0000
      0.0000	      0.0000	      0.0000	      0.0000
     -4.3567	     -5.1507	     -8.3074	     -6.1262
      0.0000	      0.0000	      0.0000	      0.0000
      0.0000	      0.0000	      0.0000	      0.0000
      0.0000	      0.0000	      0.0000	      0.0000
      1.3156	      0.0000	      0.0000	      3.3426
      0.0000	      0.0000	      0.0000	      0.0000
      0.0000	      0.0000	      0.0000	      0.0000
      0.0000	      0.0000	      0.0000	      0.0000
     -0.5032	     -1.9353	      1.6218	      0.0000
      0.0000	      0.0000	      0.0000	      0.0000
      0.0000	      0.0000	      0.0000	      0.0000
      0.0000	      0.0000	      0.0000	      0.0000
     -3.0186	     -2.9424	     -3.7604	      0.0000
      0.0000	      0.0000	      0.0000	      0.0000
      0.0000	      0.0000	      0.0000	      0.0000
      0.0000	      0.0000	      0.0000	      0.0000
     -3.6710	     -3.9044	     -2.2212	      0.0000
      0.0000	      0.0000	      0.0000	      0.0000
      0.0000	      0.0000	      0.0000	      0.0000
      0.0000	      0.0000	      0.0000	      0.0000
      0.0000	      0.0000	      0.0000	      0.0000
      0.0000	      0.0000	      0.0000	      0.0000
      0.0000	      0.0000	      0.0000	      0.0000
      0.0000	      0.0000	      0.0000	      0.0000
      0.0000	      0.0000	      0.0000	      0.0000
      0.0000	      0.0000	      0.0000	      0.0000
      0.0000	      0.0000	      0.0000	      0.0000
      0.0000	      0.0000	      0.0000	      0.0000
     -1.5229	     -1.4854	      1.6599	      0.0000
      0.0000	      0.0000	      0.0000	      0.0000
      0.0000	      0.0000	      0.0000	      0.0000
      0.0000	      0.0000	      0.0000	      0.0000
     -0.5738	     -0.4270	     15.8323	      0.0000
      0.0000	      0.0000	      0.0000	      0.0000
      0.0000	      0.0000	      0.0000	      0.0000
      0.0000	      0.0000	      0.0000	      0.0000
      3.0947	     10.3954	      0.0000	      0.0000
      0.0000	      0.0000	      0.0000	      0.0000
      0.0000	      0.0000	      0.0000	      0.0000
      0.0000	      0.0000	      0.0000	      0.0000
     -0.5133	     -2.2964	      0.0769	      0.0000
      0.0000	      0.0000	      0.0000	      0.0000
      0.0000	      0.0000	      0.0000	      0.0000
      0.0000	      0.0000	      0.0000	      0.0000
     -0.4966	     -1.7665	     11.4754	      0.0000
      0.0000	      0.0000	      0.0000	      0.0000
      0.0000	      0.0000	      0.0000	      0.0000
      0.0000	      0.0000	      0.0000	      0.0000
     -0.7244	     -3.6680	     15.5105	      0.0000
      0.0000	      0.0000	      0.0000	      0.0000
      0.0000	      0.0000	      0.0000	      0.0000
      0.0000	      0.0000	      0.0000	      0.0000
      2.4511	      0.0000	      0.0000	      0.0000
      0.0000	      0.0000	      0.0000	      0.0000
      0.0000	      0.0000	      0.0000	      0.0000
      0.0000	      0.0000	      0.0000	      0.0000
      4.5572	      0.0000	      0.0000	      1.7574
      0.0000	      0.0000	      0.0000	      0.0000
      0.0000	      0.0000	      0.0000	      0.0000
      0.0000	      0.0000	      0.0000	      0.0000
     -2.0116	     -7.9255	     -3.1399	     -0.3108
      0.0000	      0.0000	      0.0000	      0.0000
      0.0000	      0.0000	      0.0000	      0.0000
      0.0000	      0.0000	      0.0000	      0.0000
     30.2001	      4.1692	      0.5730	      0.0000
      0.0000	      0.0000	      0.0000	      0.0000
      0.0000	      0.0000	      0.0000	      0.0000
      0.0000	      0.0000	      0.0000	      0.0000
      2.5979	     -4.7931	     -8.7363	     13.3603
      0.0000	      0.0000	      0.0000	      0.0000
      0.0000	      0.0000	      0.0000	      0.0000
      0.0000	      0.0000	      0.0000	      0.0000
    -26.2661	    -21.6910	    -26.6614	    -21.8095
      0.0000	      0.0000	      0.0000	      0.0000
      0.0000	      0.0000	      0.0000	      0.0000
      0.0000	      0.0000	      0.0000	      0.0000
     -5.4047	      3.9226	     -4.7714	     -4.5484
      0.0000	      0.0000	      0.0000	      0.0000
      0.0000	      0.0000	      0.0000	      0.0000
      0.0000	      0.0000	      0.0000	      0.0000
     -0.6979	     -0.7225	     20.8436	     -2.8629
      0.0000	      0.0000	      0.0000	      0.0000
      0.0000	      0.0000	      0.0000	      0.0000
      0.0000	      0.0000	      0.0000	      0.0000
      0.0000	      0.0000	      0.0000	      0.0000
      0.0000	      0.0000	      0.0000	      0.0000
      0.0000	      0.0000	      0.0000	      0.0000
      0.0000	      0.0000	      0.0000	      0.0000
    -10.2672	     -6.1174	     -5.9490	     -9.9155
      0.0000	      0.0000	      0.0000	      0.0000
      0.0000	      0.0000	      0.0000	      0.0000
      0.0000	      0.0000	      0.0000	      0.0000
      0.1400	      1.2321	      7.5116	      1.6505
      0.0000	      0.0000	      0.0000	      0.0000
      0.0000	      0.0000	      0.0000	      0.0000
      0.0000	      0.0000	      0.0000	      0.0000
      1.3965	      0.0000	      3.1617	     11.8484
      0.0000	      0.0000	      0.0000	      0.0000
      0.0000	      0.0000	      0.0000	      0.0000
      0.0000	      0.0000	      0.0000	      0.0000
     -3.0135	     -2.6653	      4.0302	     -3.8920
      0.0000	      0.0000	      0.0000	      0.0000
      0.0000	      0.0000	      0.0000	      0.0000
      0.0000	      0.0000	      0.0000	      0.0000
     -1.5811	     -2.3931	     -2.0168	      6.3518
      0.0000	      0.0000	      0.0000	      0.0000
      0.0000	      0.0000	      0.0000	      0.0000
      0.0000	      0.0000	      0.0000	      0.0000
      0.5824	     -2.4635	     -2.0061	      7.8116
      0.0000	      0.0000	      0.0000	      0.0000
      0.0000	      0.0000	      0.0000	      0.0000
      0.0000	      0.0000	      0.0000	      0.0000
      1.6120	      0.0000	      0.0000	     11.1988
      0.0000	      0.0000	      0.0000	      0.0000
      0.0000	      0.0000	      0.0000	      0.0000
      0.0000	      0.0000	      0.0000	      0.0000
     -0.7852	     -4.9704	     -0.8529	     11.1891
      0.0000	      0.0000	      0.0000	      0.0000
      0.0000	      0.0000	      0.0000	      0.0000
      0.0000	      0.0000	      0.0000	      0.0000
     -4.9439	     -6.8505	     -8.1416	      5.4418
      0.0000	      0.0000	      0.0000	      0.0000
      0.0000	      0.0000	      0.0000	      0.0000
      0.0000	      0.0000	      0.0000	      0.0000
     19.7808	      6.3690	     -1.4916	      5.4996
      0.0000	      0.0000	      0.0000	      0.0000
      0.0000	      0.0000	      0.0000	      0.0000
      0.0000	      0.0000	      0.0000	      0.0000
      4.1071	     -5.6476	     -5.9833	     -0.6445
      0.0000	      0.0000	      0.0000	      0.0000
      0.0000	      0.0000	      0.0000	      0.0000
      0.0000	      0.0000	      0.0000	      0.0000
    -14.6465	    -13.5375	    -24.9559	     -9.3581
      0.0000	      0.0000	      0.0000	      0.0000
      0.0000	      0.0000	      0.0000	      0.0000
      0.0000	      0.0000	      0.0000	      0.0000
     -1.7197	     -2.0600	     -3.1947	     -7.1691
      0.0000	      0.0000	      0.0000	      0.0000
      0.0000	      0.0000	      0.0000	      0.0000
      0.0000	      0.0000	      0.0000	      0.0000
     -1.7247	     -1.6457	      1.1259	     -3.0659
      0.0000	      0.0000	      0.0000	      0.0000
      0.0000	      0.0000	      0.0000	      0.0000
      0.0000	      0.0000	      0.0000	      0.0000
      4.2982	      0.0000	      7.4388	      0.0000
      0.0000	      0.0000	      0.0000	      0.0000
      0.0000	      0.0000	      0.0000	      0.0000
      0.0000	      0.0000	      0.0000	      0.0000
     -7.0867	     -7.6174	     -6.9533	    -10.7041
      0.0000	      0.0000	      0.0000	      0.0000
      0.0000	      0.0000	      0.0000	      0.0000
      0.0000	      0.0000	      0.0000	      0.0000
      4.3204	     -6.6730	     -6.7361	     -6.1780
      0.0000	      0.0000	      0.0000	      0.0000
      0.0000	      0.0000	      0.0000	      0.0000
      0.0000	      0.0000	      0.0000	      0.0000
      1.4446	     10.1879	      0.0000	      0.0000
      0.0000	      0.0000	      0.0000	      0.0000
      0.0000	      0.0000	      0.0000	      0.0000
      0.0000	      0.0000	      0.0000	      0.0000
     -4.4222	     -4.6977	     -7.7344	     -8.9893
      0.0000	      0.0000	      0.0000	      0.0000
      0.0000	      0.0000	      0.0000	      0.0000
      0.0000	      0.0000	      0.0000	      0.0000
     -1.7451	     -1.4052	    -10.1976	      3.7647
      0.0000	      0.0000	      0.0000	      0.0000
      0.0000	      0.0000	      0.0000	      0.0000
      0.0000	      0.0000	      0.0000	      0.0000
     -2.4672	     -4.8373	     -5.4348	      9.1868
      0.0000	      0.0000	      0.0000	      0.0000
      0.0000	      0.0000	      0.0000	      0.0000
      0.0000	      0.0000	      0.0000	      0.0000
      9.4526	     -0.9490	      0.0000	      0.0000
      0.0000	      0.0000	      0.0000	      0.0000
      0.0000	      0.0000	      0.0000	      0.0000
      0.0000	      0.0000	      0.0000	      0.0000
     -0.3486	     -4.9281	     -5.2332	     11.3216
      0.0000	      0.0000	      0.0000	      0.0000
      0.0000	      0.0000	      0.0000	      0.0000
      0.0000	      0.0000	      0.0000	      0.0000
    -10.6263	     -9.0743	    -11.7481	      0.2310
      0.0000	      0.0000	      0.0000	      0.0000
      0.0000	      0.0000	      0.0000	      0.0000
      0.0000	      0.0000	      0.0000	      0.0000
     20.5759	      0.9014	     -3.4842	      0.0000
      0.0000	      0.0000	      0.0000	      0.0000
      0.0000	      0.0000	      0.0000	      0.0000
      0.0000	      0.0000	      0.0000	      0.0000
      0.9898	     -5.6975	     -7.4126	     14.7668
      0.0000	      0.0000	      0.0000	      0.0000
      0.0000	      0.0000	      0.0000	      0.0000
      0.0000	      0.0000	      0.0000	      0.0000
    -12.6983	    -19.5299	    -30.1086	    -13.4350
      0.0000	      0.0000	      0.0000	      0.0000
      0.0000	      0.0000	      0.0000	      0.0000
      0.0000	      0.0000	      0.0000	      0.0000
     -8.2975	     -9.7386	    -11.5010	     -5.8369
      0.0000	      0.0000	      0.0000	      0.0000
      0.0000	      0.0000	      0.0000	      0.0000
      0.0000	      0.0000	      0.0000	      0.0000
      0.0000	      0.0000	     -1.1029	      0.0000
      0.0000	      0.0000	      0.0000	      0.0000
      0.0000	      0.0000	      0.0000	      0.0000
      0.0000	      0.0000	      0.0000	      0.0000
      3.6026	      0.0000	      0.0000	      0.0000
      0.0000	      0.0000	      0.0000	      0.0000
      0.0000	      0.0000	      0.0000	      0.0000
      0.0000	      0.0000	      0.0000	      0.0000
     -2.9119	      0.0983	      9.2109	     -1.7573
      0.0000	      0.0000	      0.0000	      0.0000
      0.0000	      0.0000	      0.0000	      0.0000
      0.0000	      0.0000	      0.0000	      0.0000
      5.3639	      0.0000	     26.4209	      0.0000
      0.0000	      0.0000	      0.0000	      0.0000
      0.0000	      0.0000	      0.0000	      0.0000
      0.0000	      0.0000	      0.0000	      0.0000
     12.5110	      0.0000	      0.0000	      1.9709
      0.0000	      0.0000	      0.0000	      0.0000
      0.0000	      0.0000	      0.0000	      0.0000
      0.0000	      0.0000	      0.0000	      0.0000
      3.4602	      1.3870	     21.7095	     -1.2582
      0.0000	      0.0000	      0.0000	      0.0000
      0.0000	      0.0000	      0.0000	      0.0000
      0.0000	      0.0000	      0.0000	      0.0000
      7.7951	      8.2846	     21.9122	      7.2863
      0.0000	      0.0000	      0.0000	      0.0000
      0.0000	      0.0000	      0.0000	      0.0000
      0.0000	      0.0000	      0.0000	      0.0000
     -2.0887	      0.0000	     18.9375	     -2.2272
      0.0000	      0.0000	      0.0000	      0.0000
      0.0000	      0.0000	      0.0000	      0.0000
      0.0000	      0.0000	      0.0000	      0.0000
      0.0000	      0.0000	      0.0000	     25.1414
      0.0000	      0.0000	      0.0000	      0.0000
      0.0000	      0.0000	      0.0000	      0.0000
      0.0000	      0.0000	      0.0000	      0.0000
      4.2134	      0.0000	      0.0000	     21.2466
      2.3912	      0.0000	      0.0000	      0.0000
      0.0000	      0.0000	      0.0000	      0.0000
      0.0000	      0.0000	      0.0000	      0.0000
     -2.0826	     -3.0039	     10.9598	      0.0000
      0.0000	      0.0000	      0.0000	      0.0000
      0.0000	      0.0000	      0.0000	      0.0000
      0.0000	      0.0000	      0.0000	      0.0000
      5.3940	      0.0000	     -0.5811	      0.0000
      0.0000	      0.0000	      0.0000	      0.0000
      0.0000	      0.0000	      0.0000	      0.0000
      0.0000	      0.0000	      0.0000	      0.0000
     -0.1366	      0.0000	      0.0000	      7.1086
      0.0000	      0.0000	      0.0000	      0.0000
      0.0000	      0.0000	      0.0000	      0.0000
      0.0000	      0.0000	      0.0000	      0.0000
    -13.9279	    -11.2311	    -15.3035	    -14.3658
      0.0000	      0.0000	      0.0000	      0.0000
      0.0000	      0.0000	      0.0000	      0.0000
      0.0000	      0.0000	      0.0000	      0.0000
    -27.2410	     -7.7781	    -32.3528	    -28.3042
      0.0000	      0.0000	      0.0000	      0.0000
      0.0000	      0.0000	      0.0000	      0.0000
      0.0000	      0.0000	      0.0000	      0.0000
      1.0537	     20.5042	     -2.5094	     -1.4037
      0.0000	      0.0000	      0.0000	      0.0000
      0.0000	      0.0000	      0.0000	      0.0000
      0.0000	      0.0000	      0.0000	      0.0000
     33.9965	      3.0938	      0.0000	      0.0000
      0.0000	      0.0000	      0.0000	      0.0000
      0.5467	      0.0000	      0.0000	      0.0000
      0.0000	      0.0000	      0.0000	      0.0000
    -13.2751	      0.4271	    -14.0202	    -12.0695
     -5.9220	      0.0000	      0.0000	      0.0000
      0.0000	      0.0000	      0.0000	      0.0000
      0.0000	      0.0000	      0.0000	      0.0000
      4.0814	      7.9941	      5.6576	     -0.3072
      0.0000	      0.0000	      0.0000	      0.0000
      0.0000	      0.0000	      0.0000	      0.0000
      0.0000	      0.0000	      0.0000	      0.0000
     13.8135	      5.4142	      7.3779	      2.7448
      0.0000	      0.0000	      0.0000	      0.0000
      0.0000	      0.0000	      0.0000	      0.0000
      0.0000	      0.0000	      0.0000	      0.0000
     -4.0473	      9.6020	      1.3992	     -5.3023
     -6.3750	     -4.7452	     -8.2411	     -5.2376
      0.0000	      0.0000	      0.0000	      0.0000
      0.0000	      0.0000	      0.0000	      0.0000
     -2.5993	     -2.2900	      5.0876	     -2.3522
     -6.8016	      0.9032	      0.0000	      0.0000
      0.0000	      0.0000	      0.0000	      0.0000
      0.0000	      0.0000	      0.0000	      0.0000
     -0.2502	     -4.2031	     -5.2936	      5.7553
      0.0000	      0.0000	      0.0000	      0.0000
      0.0000	      0.0000	      0.0000	      0.0000
      0.0000	      0.0000	      0.0000	      0.0000
     10.9723	      4.5425	      5.3505	      3.6685
      0.0000	      0.0000	      0.0000	      0.0000
      0.0000	      0.0000	      0.0000	      0.0000
      0.0000	      0.0000	      0.0000	      0.0000
      1.1835	     -0.0866	      2.4912	      9.9463
      0.0000	      0.0000	      0.0000	      0.0000
      0.0000	      0.0000	      0.0000	      0.0000
      0.0000	      0.0000	      0.0000	      0.0000
     -7.7677	     -9.0114	     -8.7561	      5.9931
      0.0000	      0.0000	      0.0000	      0.0000
      0.0000	      0.0000	      0.0000	      0.0000
      0.0000	      0.0000	      0.0000	      0.0000
     12.1188	     -0.2102	      0.0000	      0.0000
      0.0000	      0.0000	      0.0000	      0.0000
      0.0000	      0.0000	      0.0000	      0.0000
      0.0000	      0.0000	      0.0000	      0.0000
     -1.1418	     -2.6360	     -0.6002	      7.5423
      0.0000	      0.0000	      0.0000	      0.0000
      0.0000	      0.0000	      0.0000	      0.0000
      0.0000	      0.0000	      0.0000	      0.0000
    -19.5716	    -18.9357	    -14.1662	    -20.1150
      0.0000	      0.0000	      0.0000	      0.0000
      0.0000	      0.0000	      0.0000	      0.0000
      0.0000	      0.0000	      0.0000	      0.0000
    -14.1896	     -5.0665	    -16.2528	    -14.9297
      0.0000	      0.0000	      0.0000	      0.0000
      0.0000	      0.0000	      0.0000	      0.0000
      0.0000	      0.0000	      0.0000	      0.0000
     -0.0344	     17.4193	      0.0000	      0.0000
      0.0000	      0.0000	      0.0000	      0.0000
      0.0000	      0.0000	      0.0000	      0.0000
      0.0000	      0.0000	      0.0000	      0.0000
      1.3919	     29.0143	      0.0000	      0.0000
      0.0000	      0.0000	      0.0000	      0.0000
      0.0000	      0.0000	      0.0000	      0.0000
      0.0000	      0.0000	      0.0000	      0.0000
    -13.7885	      1.9625	    -20.4795	    -11.5835
      0.0000	      0.0000	      0.0000	      0.0000
      0.0000	      0.0000	      0.0000	      0.0000
      0.0000	      0.0000	      0.0000	      0.0000
      3.5913	     13.1344	    -10.4367	     -0.4089
     -0.7951	     -1.3006	      0.0000	     -2.3271
      0.0000	      0.0000	      0.0000	      0.0000
      0.0000	      0.0000	      0.0000	      0.0000
     16.1322	      1.2923	     -6.0023	      2.1272
      0.0000	      0.0000	      0.0000	      0.0000
      0.0000	      0.0000	      0.0000	      0.0000
      0.0000	      0.0000	      0.0000	      0.0000
     -3.8911	     10.6650	    -10.6670	     -3.3506
      0.0000	      0.0000	      0.0000	      0.0000
      0.0000	      0.0000	      0.0000	      0.0000
      0.0000	      0.0000	      0.0000	      0.0000
      3.9673	     -0.7176	    -17.3774	     -0.2246
     -0.4027	      0.0000	      0.0000	      0.0000
      0.0000	      0.0000	      0.0000	      0.0000
      0.0000	      0.0000	      0.0000	      0.0000
     -0.7007	    -12.1093	     -9.2272	      8.7045
      0.0000	      0.0000	      0.0000	      0.0000
      0.0000	      0.0000	      0.0000	      0.0000
      0.0000	      0.0000	      0.0000	      0.0000
     16.5766	      4.8558	     -3.0786	      4.8955
      0.0000	      0.0000	      0.0000	      0.0000
      0.0000	      0.0000	      0.0000	      0.0000
      0.0000	      0.0000	      0.0000	      0.0000
     -0.1137	     -4.0433	    -12.0681	      8.8797
      0.0000	      0.0000	      0.0000	      0.0000
      0.0000	      0.0000	      0.0000	      0.0000
      0.0000	      0.0000	      0.0000	      0.0000
    -16.9357	    -19.8319	    -19.3376	     -7.0726
      0.0000	      0.0000	      0.0000	      0.0000
      0.0000	      0.0000	      0.0000	      0.0000
      0.0000	      0.0000	      0.0000	      0.0000
     30.0840	      7.4340	      6.1683	      0.0000
      0.0000	      0.0000	      0.0000	      0.0000
      0.0000	      0.0000	      0.0000	      0.0000
      0.0000	      0.0000	      0.0000	      0.0000
     -1.1207	     -3.3963	     -6.6384	     17.0830
      0.0000	      0.0000	      0.0000	      0.0000
      0.0000	      0.0000	      0.0000	      0.0000
      0.0000	      0.0000	      0.0000	      0.0000
    -22.1644	    -20.0188	    -24.5764	      2.4608
      0.0000	      0.0000	      0.0000	      0.0000
      0.0000	      0.0000	      0.0000	      0.0000
      0.0000	      0.0000	      0.0000	      0.0000
    -29.8705	    -30.3519	    -32.9247	    -27.6352
      0.0000	      0.0000	      0.0000	      0.0000
     -5.1263	      0.0000	      0.0000	      0.0000
      0.0000	      0.0000	      0.0000	      0.0000
      7.7866	      0.0000	      0.0000	     -7.2245
      0.0000	      0.0000	      0.0000	      0.0000
      0.0000	      0.0000	      0.0000	      0.0000
      0.0000	      0.0000	      0.0000	      0.0000
     27.6494	      7.4275	      0.0000	      1.4321
      0.0000	      0.0000	      0.0000	      0.0000
      0.0000	      0.0000	      0.0000	      0.0000
      0.0000	      0.0000	      0.0000	      0.0000
     -1.4786	     -0.2822	     -6.9615	     -3.9727
      0.0000	      0.0000	      0.0000	      0.0000
      0.0000	      0.0000	      0.0000	      0.0000
      0.0000	      0.0000	      0.0000	      0.0000
      3.4312	      0.0000	      0.0000	      0.0000
      0.0000	      0.0000	      0.0000	      0.0000
      0.0000	      0.0000	      0.0000	      0.0000
      0.0000	      0.0000	      0.0000	      0.0000
      0.0000	      0.0000	      0.0000	      0.0000
      0.0000	      0.0000	      0.0000	      0.0000
      0.0000	      0.0000	      0.0000	      0.0000
      0.0000	      0.0000	      0.0000	      0.0000
     -2.6603	     14.5515	      0.0000	      0.0000
      0.0000	      0.0000	      0.0000	      0.0000
      0.0000	      0.0000	      0.0000	      0.0000
      0.0000	      0.0000	      0.0000	      0.0000
     -0.1099	     10.3717	      0.0000	     -0.7005
      0.0000	      0.0000	      0.0000	      0.0000
      0.0000	      0.0000	      0.0000	      0.0000
      0.0000	      0.0000	      0.0000	      0.0000
      0.0618	      0.0000	      0.0000	      0.0000
      0.0000	      0.0000	      0.0000	      0.0000
      0.0000	      0.0000	      0.0000	      0.0000
      0.0000	      0.0000	      0.0000	      0.0000
      4.2077	      0.0000	      0.0000	      0.0000
      0.0000	      0.0000	      0.0000	      0.0000
      0.0000	      0.0000	      0.0000	      0.0000
      0.0000	      0.0000	      0.0000	      0.0000
      8.0606	      0.0000	      0.0000	      0.0000
      0.0000	      0.0000	      0.0000	      0.0000
      0.0000	      0.0000	      0.0000	      0.0000
      0.0000	      0.0000	      0.0000	      0.0000
      0.0000	      0.0000	      0.0000	      0.0000
      0.0000	      0.0000	      0.0000	      0.0000
      0.0000	      0.0000	      0.0000	      0.0000
      0.0000	      0.0000	      0.0000	      0.0000
      0.0000	      0.0000	      0.0000	      0.0000
      0.0000	      0.0000	      0.0000	      0.0000
      0.0000	      0.0000	      0.0000	      0.0000
      0.0000	      0.0000	      0.0000	      0.0000
      0.0000	      0.0000	      0.0000	      0.0000
      0.0000	      0.0000	      0.0000	      0.0000
      0.0000	      0.0000	      0.0000	      0.0000
      0.0000	      0.0000	      0.0000	      0.0000
     -3.9160	     -8.4803	     -8.8756	     -4.1730
      0.0000	      0.0000	      0.0000	      0.0000
      0.0000	      0.0000	      0.0000	      0.0000
      0.0000	      0.0000	      0.0000	      0.0000
    -25.3920	    -25.5431	    -23.3684	    -25.4423
      0.0000	      0.0000	      0.0000	      0.0000
      0.0000	      0.0000	      0.0000	      0.0000
      0.0000	      0.0000	      0.0000	      0.0000
     -0.2650	     13.5931	     -5.8752	      0.0000
      0.0000	      0.0000	      0.0000	      0.0000
      0.0000	      0.0000	      0.0000	      0.0000
      0.0000	      0.0000	      0.0000	      0.0000
      0.0000	     29.9247	      0.0000	      0.0000
      0.0000	      0.0000	      0.0000	      0.0000
      0.0000	      0.0000	      0.0000	      0.0000
      0.0000	      0.0000	      0.0000	      0.0000
     -1.7029	      4.4752	     -1.6222	     -2.5423
      0.0000	      0.0000	      0.0000	      0.0000
      0.0000	      0.0000	      0.0000	      0.0000
      0.0000	      0.0000	      0.0000	      0.0000
     -0.4421	     12.3924	      0.0000	      0.3382
      0.0000	      0.0000	      0.0000	      0.0000
      0.0000	      0.0000	      0.0000	      0.0000
      0.0000	      0.0000	      0.0000	      0.0000
      9.5829	      0.0000	      0.0000	      0.0000
      0.0000	      0.0000	      0.0000	      0.0000
      0.0000	      0.0000	      0.0000	      0.0000
      0.0000	      0.0000	      0.0000	      0.0000
     -0.8687	     -0.3870	     10.2175	     -2.5074
      0.0000	      0.0000	      0.0000	      0.0000
      0.0000	      0.0000	      0.0000	      0.0000
      0.0000	      0.0000	      0.0000	      0.0000
      9.7654	      2.5221	      2.5549	      0.3339
      0.0000	      0.0000	      0.0000	      0.0000
      0.0000	      0.0000	      0.0000	      0.0000
      0.0000	      0.0000	      0.0000	      0.0000
     -4.6147	      2.9691	      0.0000	      0.0000
      0.0000	      0.0000	      0.0000	      0.0000
      0.0000	      0.0000	      0.0000	      0.0000
      0.0000	      0.0000	      0.0000	      0.0000
     23.5708	      0.0000	      0.0000	      4.8182
      0.0000	      0.0000	      0.0000	      0.0000
      0.0000	      0.0000	      0.0000	      0.0000
      0.0000	      0.0000	      0.0000	      0.0000
     -0.6387	     -1.2666	     16.5131	     -0.2778
      0.0000	      0.0000	      0.0000	      0.0000
      0.0000	      0.0000	      0.0000	      0.0000
      0.0000	      0.0000	      0.0000	      0.0000
     -4.6538	     -2.5158	     -2.7645	     -4.5028
      0.0000	      0.0000	      0.0000	      0.0000
      0.0000	      0.0000	      0.0000	      0.0000
      0.0000	      0.0000	      0.0000	      0.0000
      3.6416	      0.0000	      0.0000	      0.0000
      0.0000	      0.0000	      0.0000	      0.0000
      0.0000	      0.0000	      0.0000	      0.0000
      0.0000	      0.0000	      0.0000	      0.0000
     -0.0225	      0.0000	      0.0000	      0.0000
      0.0000	      0.0000	      0.0000	      0.0000
      0.0000	      0.0000	      0.0000	      0.0000
      0.0000	      0.0000	      0.0000	      0.0000
    -11.4078	    -12.6367	      3.7545	     -6.5223
      0.0000	      0.0000	      0.0000	      0.0000
      0.0000	      0.0000	      0.0000	      0.0000
      0.0000	      0.0000	      0.0000	      0.0000
    -12.9394	     -4.6386	    -19.9530	    -14.3729
      0.0000	      0.0000	      0.0000	      0.0000
      0.0000	      0.0000	      0.0000	      0.0000
      0.0000	      0.0000	      0.0000	      0.0000
     -0.5809	      9.3635	     -5.7852	     -3.2350
      0.0000	      0.0000	      0.0000	      0.0000
      0.0000	      0.0000	      0.0000	      0.0000
      0.0000	      0.0000	      0.0000	      0.0000
     26.3341	      0.0000	      0.0000	      0.0000
      0.0000	      0.0000	      0.0000	      0.0000
      0.0000	      0.0000	      0.0000	      0.0000
      0.0000	      0.0000	      0.0000	      0.0000
     -4.5562	      3.5306	     -5.0710	     -3.9124
      0.0000	      0.0000	      0.0000	      0.0000
      0.0000	      0.0000	      0.0000	      0.0000
      0.0000	      0.0000	      0.0000	      0.0000
      2.4841	     17.2697	     -0.8966	      2.6496
      0.0000	      0.0000	      0.0000	      0.0000
      0.0000	      0.0000	      0.0000	      0.0000
      0.0000	      0.0000	      0.0000	      0.0000
     16.1593	      0.0000	      0.0000	      0.0000
      0.0000	      0.0000	      0.0000	      0.0000
      0.0000	      0.0000	      0.0000	      0.0000
      0.0000	      0.0000	      0.0000	      0.0000
     -0.7512	      9.1666	     -3.8465	      0.0000
      0.0000	      0.0000	      0.0000	      0.0000
      0.0000	      0.0000	      0.0000	      0.0000
      0.0000	      0.0000	      0.0000	      0.0000
     13.9662	      1.6911	      0.7805	      1.8814
      0.0000	      0.0000	      0.0000	      0.0000
      0.0000	      0.0000	      0.0000	      0.0000
      0.0000	      0.0000	      0.0000	      0.0000
     -1.8835	     -1.4294	     -4.5673	      3.1148
      0.0000	      0.0000	      0.0000	      0.0000
      0.0000	      0.0000	      0.0000	      0.0000
      0.0000	      0.0000	      0.0000	      0.0000
     22.5558	      0.0000	      0.0000	      0.0000
      0.0000	      0.0000	      0.0000	      0.0000
      0.0000	      0.0000	      0.0000	      0.0000
      0.0000	      0.0000	      0.0000	      0.0000
     11.9641	      1.0747	     -0.0022	      1.9719
      0.0000	      0.0000	      0.0000	      0.0000
      0.0000	      0.0000	      0.0000	      0.0000
      0.0000	      0.0000	      0.0000	      0.0000
     -5.5893	     -6.0124	     -7.2886	     -6.8938
      0.0000	      0.0000	      0.0000	      0.0000
      0.0000	      0.0000	      0.0000	      0.0000
      0.0000	      0.0000	      0.0000	      0.0000
     10.3679	      0.0000	      0.0000	      0.0000
      0.0000	      0.0000	      0.0000	      0.0000
      0.0000	      0.0000	      0.0000	      0.0000
      0.0000	      0.0000	      0.0000	      0.0000
     -0.6937	     -3.7947	      4.2668	     -0.7471
      0.0000	      0.0000	      0.0000	      0.0000
      0.0000	      0.0000	      0.0000	      0.0000
      0.0000	      0.0000	      0.0000	      0.0000
     -2.2678	     -2.9962	     -2.2901	     -2.6323
      0.0000	      0.0000	      0.0000	      0.0000
      0.0000	      0.0000	      0.0000	      0.0000
      0.0000	      0.0000	      0.0000	      0.0000
     -4.8162	      0.8036	     -2.2884	     -4.8190
      0.0000	      0.0000	      0.0000	      0.0000
      0.0000	      0.0000	      0.0000	      0.0000
      0.0000	      0.0000	      0.0000	      0.0000
      0.0000	      0.0000	     26.6044	     -0.4270
      0.0000	      0.0000	      0.0000	      0.0000
      0.0000	      0.0000	      0.0000	      0.0000
      0.0000	      0.0000	      0.0000	      0.0000
     16.0850	      0.0000	      0.0000	      0.0000
      0.0000	      0.0000	      0.0000	      0.0000
      0.0000	      0.0000	      0.0000	      0.0000
      0.0000	      0.0000	      0.0000	      0.0000
     -2.2833	     -0.0175	      7.2634	      1.1720
      0.0000	      0.0000	      0.0000	      0.0000
      0.0000	      0.0000	      0.0000	      0.0000
      0.0000	      0.0000	      0.0000	      0.0000
     15.5149	     17.6572	     33.0027	      3.0175
      0.0000	      0.0000	      0.0000	      0.0000
      0.0000	      0.0000	      0.0000	      0.0000
      0.0000	      0.0000	      0.0000	      0.0000
     32.9465	      5.6098	      3.4208	      4.7068
      0.0000	      0.0000	      0.0000	      0.0000
      0.0000	      0.0000	      0.0000	      0.0000
      0.0000	      0.0000	      0.0000	      0.0000
     -0.9715	     -3.5255	      8.6259	      1.9029
      0.0000	      0.0000	      0.0000	      0.0000
      0.0000	      0.0000	      0.0000	      0.0000
      0.0000	      0.0000	      0.0000	      0.0000
      1.5546	      4.8345	     14.3939	     18.8162
      0.0000	      0.0000	      0.0000	      0.0000
      0.0000	      0.0000	      0.0000	      0.0000
      0.0000	      0.0000	      0.0000	      0.0000
      3.5106	      0.7547	     22.9268	      6.1450
      0.0000	      0.0000	      0.0000	      0.0000
      0.0000	      0.0000	      0.0000	      0.0000
      0.0000	      0.0000	      0.0000	      0.0000
      2.5412	      0.0000	      0.0000	      0.0000
      0.0000	      0.0000	      0.0000	      0.0000
      0.0000	      0.0000	      0.0000	      0.0000
      0.0000	      0.0000	      0.0000	      0.0000
     -0.2440	     -1.5281	     18.0545	      9.2109
      0.0000	      0.0000	      0.0000	      0.0000
      0.0000	      0.0000	      0.0000	      0.0000
      0.0000	      0.0000	      0.0000	      0.0000
     -2.7249	     -6.7593	     -4.6023	     14.2203
      0.0000	      0.0000	      0.0000	      0.0000
      0.0000	      0.0000	      0.0000	      0.0000
      0.0000	      0.0000	      0.0000	      0.0000
      9.0062	      3.8223	     -0.5824	     34.9267
      0.0000	      0.0000	      0.0000	      0.0000
      0.0000	      0.0000	      0.0000	      0.0000
      0.0000	      0.0000	      0.0000	      0.0000
      4.9442	      0.0000	      0.0000	      0.0000
      0.0000	      0.0000	      0.0000	      0.0000
      0.0000	      0.0000	      0.0000	      0.0000
      0.0000	      0.0000	      0.0000	      0.0000
    -20.9981	    -20.9766	    -31.4061	    -21.2679
      0.0000	      0.0000	      0.0000	      0.0000
      0.0000	      0.0000	      0.0000	      0.0000
      0.0000	      0.0000	      0.0000	      0.0000
     -8.2562	      7.1915	     -9.3286	     -9.8402
      0.0000	      0.0000	      0.0000	      0.0000
      0.0000	      0.0000	      0.0000	      0.0000
      0.0000	      0.0000	      0.0000	      0.0000
      0.0000	      0.0000	     32.3918	      0.0000
      0.0000	      0.0000	      0.0000	      0.0000
      0.0000	      0.0000	      0.0000	      0.0000
      0.0000	      0.0000	      0.0000	      0.0000
     19.7156	      3.6982	      0.0000	      0.0000
      0.0000	      0.0000	      0.0000	      0.0000
      0.0000	      0.0000	      0.0000	      0.0000
      0.0000	      0.0000	      0.0000	      0.0000
    -14.0044	    -16.7166	    -15.3535	    -13.2100
      0.0000	      0.0000	      0.0000	      0.0000
      0.0000	      0.0000	      0.0000	      0.0000
      0.0000	      0.0000	      0.0000	      0.0000
      4.2885	      1.0279	     17.8234	      2.6717
      0.0000	      0.0000	      0.0000	      0.0000
      0.0000	      0.0000	      0.0000	      0.0000
      0.0000	      0.0000	      0.0000	      0.0000
     19.1505	      5.8479	      5.6269	     11.1664
      0.0000	      0.0000	      0.0000	      0.0000
      0.0000	      0.0000	      0.0000	      0.0000
      0.0000	      0.0000	      0.0000	      0.0000
     -9.9980	    -11.5764	    -10.1250	     -8.9896
      0.0000	      0.0000	      0.0000	      0.0000
      0.0000	      0.0000	      0.0000	      0.0000
      0.0000	      0.0000	      0.0000	      0.0000
      0.4038	     -4.7030	     -7.1612	      2.6811
      0.0000	      0.0000	      0.0000	      0.0000
      0.0000	      0.0000	      0.0000	      0.0000
      0.0000	      0.0000	      0.0000	      0.0000
     -1.0802	     -4.5343	     -0.9556	      9.2437
      0.0000	      0.0000	      0.0000	      0.0000
      0.0000	      0.0000	      0.0000	      0.0000
      0.0000	      0.0000	      0.0000	      0.0000
      4.2229	      2.5226	      0.0000	      1.4686
      0.0000	      0.0000	      0.0000	      0.0000
      0.0000	      0.0000	      0.0000	      0.0000
      0.0000	      0.0000	      0.0000	      0.0000
      2.2715	     -4.4256	     -2.2991	     12.3203
      0.0000	      0.0000	      0.0000	      0.0000
      0.0000	      0.0000	      0.0000	      0.0000
      0.0000	      0.0000	      0.0000	      0.0000
     -8.6098	     -7.5546	     -9.1963	      2.0320
      0.0000	      0.0000	      0.0000	      0.0000
      0.0000	      0.0000	      0.0000	      0.0000
      0.0000	      0.0000	      0.0000	      0.0000
     27.4778	      0.3517	     -1.9227	      0.0000
      0.0000	      0.0000	      0.0000	      0.0000
      0.0000	      0.0000	      0.0000	      0.0000
      0.0000	      0.0000	      0.0000	      0.0000
      0.3857	     -2.9344	     -2.1790	     14.2550
      0.0000	      0.0000	      0.0000	      0.0000
      0.0000	      0.0000	      0.0000	      0.0000
      0.0000	      0.0000	      0.0000	      0.0000
    -34.8667	    -33.5368	    -35.4755	     -9.9285
      0.0000	      0.0000	      0.0000	      0.0000
      0.0000	      0.0000	      0.0000	      0.0000
      0.0000	      0.0000	      0.0000	      0.0000
    -19.3924	    -22.2498	    -21.5254	    -20.8220
      0.0000	      0.0000	      0.0000	      0.0000
      0.0000	      0.0000	      0.0000	      0.0000
      0.0000	      0.0000	      0.0000	      0.0000
     -0.2860	     -0.0586	     -2.4762	      5.2470
      0.0000	      0.0000	      0.0000	      0.0000
      0.0000	      0.0000	      0.0000	      0.0000
      0.0000	      0.0000	      0.0000	      0.0000
     10.0895	      0.0000	      0.0000	      0.0000
      0.0000	      0.0000	      0.0000	      0.0000
      0.0000	      0.0000	      0.0000	      0.0000
      0.0000	      0.0000	      0.0000	      0.0000
    -24.3731	    -21.5017	    -20.6399	    -19.6462
      0.0000	      0.0000	      0.0000	      0.0000
      0.0000	      0.0000	      0.0000	      0.0000
      0.0000	      0.0000	      0.0000	      0.0000
     -4.3259	      3.6222	     -4.7169	     -5.4414
      0.0000	      0.0000	      0.0000	      0.0000
      0.0000	      0.0000	      0.0000	      0.0000
      0.0000	      0.0000	      0.0000	      0.0000
     13.9575	      1.1645	      0.8599	      0.0000
      0.0000	      0.0000	      0.0000	      0.0000
      0.0000	      0.0000	      0.0000	      0.0000
      0.0000	      0.0000	      0.0000	      0.0000
    -11.4564	     -9.0553	    -10.9620	    -10.3809
      0.0000	      0.0000	      0.0000	      0.0000
      0.0000	      0.0000	      0.0000	      0.0000
      0.0000	      0.0000	      0.0000	      0.0000
    -14.1751	     -6.9713	    -19.9256	      2.5962
      0.0000	      0.0000	      0.0000	      0.0000
      0.0000	      0.0000	      0.0000	      0.0000
      0.0000	      0.0000	      0.0000	      0.0000
    -10.9573	     -9.9892	    -10.4394	      5.2217
      0.0000	      0.0000	      0.0000	      0.0000
      0.0000	      0.0000	      0.0000	      0.0000
      0.0000	      0.0000	      0.0000	      0.0000
      7.2750	      0.0000	      0.0000	      0.0000
      0.0000	      0.0000	      0.0000	      0.0000
      0.0000	      0.0000	      0.0000	      0.0000
      0.0000	      0.0000	      0.0000	      0.0000
     -1.0289	     -6.8023	     -7.8741	      8.6738
      0.0000	      0.0000	      0.0000	      0.0000
      0.0000	      0.0000	      0.0000	      0.0000
      0.0000	      0.0000	      0.0000	      0.0000
     -8.4236	     -8.8791	    -20.4824	      0.0113
      0.0000	      0.0000	      0.0000	      0.0000
      0.0000	      0.0000	      0.0000	      0.0000
      0.0000	      0.0000	      0.0000	      0.0000
      0.8353	      2.7446	     -4.2896	      0.0000
      0.0000	      0.0000	      0.0000	      0.0000
      0.0000	      0.0000	      0.0000	      0.0000
      0.0000	      0.0000	      0.0000	      0.0000
     -2.4417	     -5.6950	     -9.2308	     14.2224
      0.0000	      0.0000	      0.0000	      0.0000
      0.0000	      0.0000	      0.0000	      0.0000
      0.0000	      0.0000	      0.0000	      0.0000
    -28.5145	    -27.7942	    -38.6195	    -19.9261
      0.0000	      0.0000	      0.0000	      0.0000
      0.0000	      0.0000	      0.0000	      0.0000
      0.0000	      0.0000	      0.0000	      0.0000
    -15.3289	    -15.7223	    -12.8714	    -17.3538
      0.0000	      0.0000	      0.0000	      0.0000
      0.0000	      0.0000	      0.0000	      0.0000
      0.0000	      0.0000	      0.0000	      0.0000
     -0.1928	      1.7193	     10.5381	     -0.5176
      0.0000	      0.0000	      0.0000	      0.0000
      0.0000	      0.0000	      0.0000	      0.0000
      0.0000	      0.0000	      0.0000	      0.0000
      3.7382	     35.7728	      0.0000	      0.0000
      0.0000	      0.0000	      0.0000	      0.0000
      0.0000	      0.0000	      0.0000	      0.0000
      0.0000	      0.0000	      0.0000	      0.0000
     -1.1877	      0.9766	     16.7127	      0.0000
      0.0000	      0.0000	      0.0000	      0.0000
      0.0000	      0.0000	      0.0000	      0.0000
      0.0000	      0.0000	      0.0000	      0.0000
      2.9197	     26.2204	     10.0206	      0.1085
      0.0000	      0.0000	      0.0000	      0.0000
      0.0000	      0.0000	      0.0000	      0.0000
      0.0000	      0.0000	      0.0000	      0.0000
      1.9790	      0.0000	      0.0000	     30.4454
      0.0000	      0.0000	      0.0000	      0.0000
      0.0000	      0.0000	      0.0000	      0.0000
      0.0000	      0.0000	      0.0000	      0.0000
      0.1250	      8.4818	     15.9930	     -1.3338
      0.0000	      0.0000	      0.0000	      0.0000
      0.0000	      0.0000	      0.0000	      0.0000
      0.0000	      0.0000	      0.0000	      0.0000
      7.9076	      8.1505	     21.7641	      1.4996
      0.0000	      0.0000	      0.0000	      0.0000
      0.0000	      0.0000	      0.0000	      0.0000
      0.0000	      0.0000	      0.0000	      0.0000
      0.9883	     -2.1697	     27.8378	      5.5192
      0.0000	      0.0000	      0.0000	      0.0000
      0.0000	      0.0000	      0.0000	      0.0000
      0.0000	      0.0000	      0.0000	      0.0000
     23.6675	      0.0000	      0.0000	      0.0000
      0.0000	      0.0000	      0.0000	      0.0000
      0.0000	      0.0000	      0.0000	      0.0000
      0.0000	      0.0000	      0.0000	      0.0000
      2.4448	      1.8981	     26.7578	      3.7405
      0.0000	      0.0000	      0.0000	      0.0000
      0.0000	      0.0000	      0.0000	      0.0000
      0.0000	      0.0000	      0.0000	      0.0000
     -2.7955	     -2.5248	     -1.9690	     11.8855
      0.0000	      0.0000	      0.0000	      0.0000
      0.0000	      0.0000	      0.0000	      0.0000
      0.0000	      0.0000	      0.0000	      0.0000
      0.0000	      0.0000	      0.0000	      0.0000
      0.0000	      0.0000	      0.0000	      0.0000
      0.0000	      0.0000	      0.0000	      0.0000
      0.0000	      0.0000	      0.0000	      0.0000
      2.3503	      0.0000	      0.0000	      0.0000
      0.0000	      0.0000	      0.0000	      0.0000
      0.0000	      0.0000	      0.0000	      0.0000
      0.0000	      0.0000	      0.0000	      0.0000
     -6.7690	     -8.5475	     -9.7686	     -9.9394
      0.0000	      0.0000	      0.0000	      0.0000
      0.0000	      0.0000	      0.0000	      0.0000
      0.0000	      0.0000	      0.0000	      0.0000
    -19.0485	     -2.2847	    -25.3748	    -19.1554
      0.0000	      0.0000	      0.0000	      0.0000
      0.0000	      0.0000	      0.0000	      0.0000
      0.0000	      0.0000	      0.0000	      0.0000
      3.1948	     21.3094	     -4.6273	     -0.6252
      0.0000	      0.0000	      0.0000	      0.0000
      0.0000	      0.0000	      0.0000	      0.0000
      0.0000	      0.0000	      0.0000	      0.0000
     30.9045	      4.9348	      6.6550	      5.7420
      0.0000	      0.0000	      0.0000	      0.0000
      0.0000	      0.0000	      0.0000	      0.0000
      0.0000	      0.0000	      0.0000	      0.0000
     -9.8713	     -4.7044	    -11.6174	    -13.0510
      0.0000	      0.0000	      0.0000	      0.0000
      0.0000	      0.0000	      0.0000	      0.0000
      0.0000	      0.0000	      0.0000	      0.0000
      6.9004	     15.4630	      6.4339	      4.7348
      0.0000	      0.0000	      0.0000	      0.0000
      0.0000	      0.0000	      0.0000	      0.0000
      0.0000	      0.0000	      0.0000	      0.0000
     21.1549	      5.5399	      4.1203	     10.4680
      0.0000	      0.0000	      0.0000	      0.0000
      0.0000	      0.0000	      0.0000	      0.0000
      0.0000	      0.0000	      0.0000	      0.0000
     -3.8482	      5.4339	     -6.5226	     -3.6626
      0.0000	      0.0000	      0.0000	      0.0000
      0.0000	      0.0000	      0.0000	      0.0000
      0.0000	      0.0000	      0.0000	      0.0000
     11.7605	      1.9942	      0.6066	      0.5380
      0.0000	      0.0000	      0.0000	      0.0000
      0.0000	      0.0000	      0.0000	      0.0000
      0.0000	      0.0000	      0.0000	      0.0000
      0.4786	      0.6049	      2.6360	      6.8846
      0.0000	      0.0000	      0.0000	      0.0000
      0.0000	      0.0000	      0.0000	      0.0000
      0.0000	      0.0000	      0.0000	      0.0000
     13.1248	      2.1331	      0.1428	      7.4101
      0.0000	      0.0000	      0.0000	      0.0000
      0.0000	      0.0000	      0.0000	      0.0000
      0.0000	      0.0000	      0.0000	      0.0000
      4.8322	      1.9183	      4.7399	      9.4204
      0.0000	      0.0000	      0.0000	      0.0000
      0.0000	      0.0000	      0.0000	      0.0000
      0.0000	      0.0000	      0.0000	      0.0000
     -3.0039	     -5.0122	     -9.8802	      7.4286
      0.0000	      0.0000	      0.0000	      0.0000
      0.0000	      0.0000	      0.0000	      0.0000
      0.0000	      0.0000	      0.0000	      0.0000
     11.4621	      0.0000	      0.0000	      0.0000
      0.0000	      0.0000	      0.0000	      0.0000
      0.0000	      0.0000	      0.0000	      0.0000
      0.0000	      0.0000	      0.0000	      0.0000
     -0.2465	     -5.5430	     -4.6729	     13.0354
      0.0000	      0.0000	      0.0000	      0.0000
      0.0000	      0.0000	      0.0000	      0.0000
      0.0000	      0.0000	      0.0000	      0.0000
    -34.3245	    -33.9246	    -36.9743	    -13.9732
      0.0000	      0.0000	      0.0000	      0.0000
      0.0000	      0.0000	      0.0000	      0.0000
      0.0000	      0.0000	      0.0000	      0.0000
    -30.7998	    -16.6109	    -37.7672	    -36.8031
      0.0000	      0.0000	      0.0000	      0.0000
      0.0000	      0.0000	      0.0000	      0.0000
      0.0000	      0.0000	      0.0000	      0.0000
     -0.5782	     20.9055	     -6.7919	    -11.7242
      0.0000	      0.0000	      0.0000	      0.0000
      0.0000	      0.0000	      0.0000	      0.0000
      0.0000	      0.0000	      0.0000	      0.0000
     28.5076	      0.0000	     -1.5108	      4.1289
      0.0000	      0.0000	      0.0000	      0.0000
      0.0000	      0.0000	      0.0000	      0.0000
      0.0000	      0.0000	      0.0000	      0.0000
    -16.5256	     -7.7284	    -39.8687	    -19.8559
      0.0000	      0.0000	      0.0000	      0.0000
      0.0000	      0.0000	      0.0000	      0.0000
      0.0000	      0.0000	      0.0000	      0.0000
      4.8751	     -4.0010	    -17.9303	     -8.5179
      0.0000	      0.0000	      0.0000	      0.0000
      0.0000	      0.0000	      0.0000	      0.0000
      0.0000	      0.0000	      0.0000	      0.0000
     20.5652	      5.3947	      3.3528	      8.7562
      0.0000	      0.0000	      0.0000	      0.0000
      0.0000	      0.0000	      0.0000	      0.0000
      0.0000	      0.0000	      0.0000	      0.0000
     -6.6007	      0.6410	    -21.0828	    -10.3336
      0.0000	      0.0000	      0.0000	      0.0000
      0.0000	      0.0000	      0.0000	      0.0000
      0.0000	      0.0000	      0.0000	      0.0000
      2.7575	     -3.3702	    -18.2372	     -2.2305
      0.0000	      0.0000	      0.0000	      0.0000
      0.0000	      0.0000	      0.0000	      0.0000
      0.0000	      0.0000	      0.0000	      0.0000
    -15.4928	    -16.7862	    -17.8744	      1.0455
      0.0000	      0.0000	      0.0000	      0.0000
      0.0000	      0.0000	      0.0000	      0.0000
      0.0000	      0.0000	      0.0000	      0.0000
     16.0265	      0.1665	     -4.9999	      8.9344
      0.0000	      0.0000	      0.0000	      0.0000
      0.0000	      0.0000	      0.0000	      0.0000
      0.0000	      0.0000	      0.0000	      0.0000
     -3.4354	     -6.4475	    -15.4076	     10.1251
      0.0000	      0.0000	      0.0000	      0.0000
      0.0000	      0.0000	      0.0000	      0.0000
      0.0000	      0.0000	      0.0000	      0.0000
    -34.1575	    -38.8002	    -35.8673	      3.4339
      0.0000	      0.0000	      0.0000	      0.0000
      0.0000	      0.0000	      0.0000	      0.0000
      0.0000	      0.0000	      0.0000	      0.0000
     34.4169	      0.4322	      2.3730	      6.7820
      0.0000	      0.0000	      0.0000	      0.0000
      0.0000	      0.0000	      0.0000	      0.0000
      0.0000	      0.0000	      0.0000	      0.0000
     -0.0647	     -1.0337	     -6.2637	     28.7487
      0.0000	      0.0000	      0.0000	      0.0000
      0.0000	      0.0000	      0.0000	      0.0000
      0.0000	      0.0000	      0.0000	      0.0000
    -46.2120	    -48.8256	    -50.2273	    -34.9685
      0.0000	      0.0000	      0.0000	      0.0000
      0.0000	      0.0000	      0.0000	      0.0000
      0.0000	      0.0000	      0.0000	      0.0000
    -12.3202	    -17.8565	    -14.0261	    -16.6496
      0.0000	      0.0000	      0.0000	      0.0000
      0.0000	      0.0000	      0.0000	      0.0000
      0.0000	      0.0000	      0.0000	      0.0000
      1.1665	      9.0869	      0.0000	      0.0000
      0.0000	      0.0000	      0.0000	      0.0000
      0.0000	      0.0000	      0.0000	      0.0000
      0.0000	      0.0000	      0.0000	      0.0000
     35.9835	      0.0000	      0.8954	      0.0000
      0.0000	      0.0000	      0.0000	      0.0000
      0.0000	      0.0000	      0.0000	      0.0000
      0.0000	      0.0000	      0.0000	      0.0000
     -0.9562	      3.8117	      0.0000	      0.0000
      0.0000	      0.0000	      0.0000	      0.0000
      0.0000	      0.0000	      0.0000	      0.0000
      0.0000	      0.0000	      0.0000	      0.0000
      9.9223	      6.8012	      0.0000	      0.0000
      0.0000	      0.0000	      0.0000	      0.0000
      0.0000	      0.0000	      0.0000	      0.0000
      0.0000	      0.0000	      0.0000	      0.0000
      0.0000	      0.0000	      0.0000	      0.0000
      0.0000	      0.0000	      0.0000	      0.0000
      0.0000	      0.0000	      0.0000	      0.0000
      0.0000	      0.0000	      0.0000	      0.0000
     -1.0450	      9.9785	      0.0000	      0.0000
      0.0000	      0.0000	      0.0000	      0.0000
      0.0000	      0.0000	      0.0000	      0.0000
      0.0000	      0.0000	      0.0000	      0.0000
     -0.1433	     22.2770	      0.0000	      0.0000
      0.0000	      0.0000	      0.0000	      0.0000
      0.0000	      0.0000	      0.0000	      0.0000
      0.0000	      0.0000	      0.0000	      0.0000
     -0.3790	      0.0000	      0.0000	      0.0000
      0.0000	      0.0000	      0.0000	      0.0000
      0.0000	      0.0000	      0.0000	      0.0000
      0.0000	      0.0000	      0.0000	      0.0000
      2.3317	      0.0000	      0.0000	      0.0000
      0.0000	      0.0000	      0.0000	      0.0000
      0.0000	      0.0000	      0.0000	      0.0000
      0.0000	      0.0000	      0.0000	      0.0000
      6.0178	      0.0000	      0.0000	      0.0000
      0.0000	      0.0000	      0.0000	      0.0000
      0.0000	      0.0000	      0.0000	      0.0000
      0.0000	      0.0000	      0.0000	      0.0000
      0.0000	      0.0000	      7.2555	     -2.8577
      0.0000	      0.0000	      0.0000	      0.0000
      0.0000	      0.0000	      0.0000	      0.0000
      0.0000	      0.0000	      0.0000	      0.0000
      0.0000	      0.0000	      0.0000	      0.0000
      0.0000	      0.0000	      0.0000	      0.0000
      0.0000	      0.0000	      0.0000	      0.0000
      0.0000	      0.0000	      0.0000	      0.0000
     -0.2931	     -1.8173	      1.7811	      0.0000
      0.0000	      0.0000	      0.0000	      0.0000
      0.0000	      0.0000	      0.0000	      0.0000
      0.0000	      0.0000	      0.0000	      0.0000
     -5.2633	     -8.0395	     -3.9260	     -2.1169
      0.0000	      0.0000	      0.0000	      0.0000
      0.0000	      0.0000	      0.0000	      0.0000
      0.0000	      0.0000	      0.0000	      0.0000
    -13.9928	    -14.2079	    -23.9437	    -15.8420
      0.0000	      0.0000	      0.0000	      0.0000
      0.0000	      0.0000	      0.0000	      0.0000
      0.0000	      0.0000	      0.0000	      0.0000
     -1.1709	     28.2993	      0.0000	     -2.3252
      0.0000	      0.0000	      0.0000	      0.0000
      0.0000	      0.0000	      0.0000	      0.0000
      0.0000	      0.0000	      0.0000	      0.0000
      0.0000	     38.6482	      0.4911	      5.3997
      0.0000	      0.0000	      0.0000	      0.0000
      0.0000	      0.0000	      0.0000	      0.0000
      0.0000	      0.0000	      0.0000	      0.0000
     -2.4735	     10.6705	     -5.0818	     -4.6922
      0.0000	      0.0000	      0.0000	      0.0000
      0.0000	      0.0000	      0.0000	      0.0000
      0.0000	      0.0000	      0.0000	      0.0000
      3.8944	     18.9383	      0.0000	     -0.7974
      0.0000	      0.0000	      0.0000	      0.0000
      0.0000	      0.0000	      0.0000	      0.0000
      0.0000	      0.0000	      0.0000	      0.0000
     13.7826	      8.8639	      4.9161	      2.3267
      0.0000	      0.0000	      0.0000	      0.0000
      0.0000	      0.0000	      0.0000	      0.0000
      0.0000	      0.0000	      0.0000	      0.0000
     -1.7160	      7.1827	      0.0000	      1.4238
      0.0000	      0.0000	      0.0000	      0.0000
      0.0000	      0.0000	      0.0000	      0.0000
      0.0000	      0.0000	      0.0000	      0.0000
     12.5941	      3.0420	     -1.4149	      0.0000
      0.0000	      0.0000	      0.0000	      0.0000
      0.0000	      0.0000	      0.0000	      0.0000
      0.0000	      0.0000	      0.0000	      0.0000
     -6.0368	     -4.8500	     -5.6161	     -0.7340
      0.0000	      0.0000	      0.0000	      0.0000
      0.0000	      0.0000	      0.0000	      0.0000
      0.0000	      0.0000	      0.0000	      0.0000
     11.7974	      0.0000	      0.0000	      3.5223
      0.0000	      0.0000	      0.0000	      0.0000
      0.0000	      0.0000	      0.0000	      0.0000
      0.0000	      0.0000	      0.0000	      0.0000
     -0.1032	     -0.5799	     18.1587	      2.5374
      0.0000	      0.0000	      0.0000	      0.0000
      0.0000	      0.0000	      0.0000	      0.0000
      0.0000	      0.0000	      0.0000	      0.0000
     -6.5375	     -5.8300	     -8.7286	     -1.0951
      0.0000	      0.0000	      0.0000	      0.0000
      0.0000	      0.0000	      0.0000	      0.0000
      0.0000	      0.0000	      0.0000	      0.0000
      1.8337	      0.0000	      0.0000	      0.0000
      0.0000	      0.0000	      0.0000	      0.0000
      0.0000	      0.0000	      0.0000	      0.0000
      0.0000	      0.0000	      0.0000	      0.0000
      2.2445	      0.0000	     11.3462	      0.0000
      0.0000	      0.0000	      0.0000	      0.0000
      0.0000	      0.0000	      0.0000	      0.0000
      0.0000	      0.0000	      0.0000	      0.0000
     -3.1454	     -6.7164	     -5.2867	     -8.5478
      0.0000	      0.0000	      0.0000	      0.0000
      0.0000	      0.0000	      0.0000	      0.0000
      0.0000	      0.0000	      0.0000	      0.0000
    -35.7379	    -40.6266	    -41.6652	    -40.6848
      0.0000	      0.0000	      0.0000	      0.0000
      0.0000	      0.0000	      0.0000	      0.0000
      0.0000	      0.0000	      0.0000	      0.0000
     -0.4696	     21.7550	      0.0000	      0.0000
      0.0000	      0.0000	      0.0000	      0.0000
      0.0000	      0.0000	      0.0000	      0.0000
      0.0000	      0.0000	      0.0000	      0.0000
     37.4863	      3.8327	      0.0000	      0.0000
      0.0000	      0.0000	      0.0000	      0.0000
      0.0000	      0.0000	      0.0000	      0.0000
      0.0000	      0.0000	      0.0000	      0.0000
     -4.9208	     -0.4204	    -14.9820	     -2.9828
      0.0000	      0.0000	      0.0000	      0.0000
      0.0000	      0.0000	      0.0000	      0.0000
      0.0000	      0.0000	      0.0000	      0.0000
      3.9863	     11.9888	     -1.8156	     -2.4076
      0.0000	      0.0000	      0.0000	      0.0000
      0.0000	      0.0000	      0.0000	      0.0000
      0.0000	      0.0000	      0.0000	      0.0000
      3.2220	      4.0899	      0.0000	      0.0000
      0.0000	      0.0000	      0.0000	      0.0000
      0.0000	      0.0000	      0.0000	      0.0000
      0.0000	      0.0000	      0.0000	      0.0000
      0.5258	     16.2246	     -4.6408	     -2.2552
      0.0000	      0.0000	      0.0000	      0.0000
      0.0000	      0.0000	      0.0000	      0.0000
      0.0000	      0.0000	      0.0000	      0.0000
     12.4552	      1.1738	     -7.6609	      0.8476
      0.0000	      0.0000	      0.0000	      0.0000
      0.0000	      0.0000	      0.0000	      0.0000
      0.0000	      0.0000	      0.0000	      0.0000
     -5.8365	    -10.5733	     -8.6127	      4.3596
      0.0000	      0.0000	      0.0000	      0.0000
      0.0000	      0.0000	      0.0000	      0.0000
      0.0000	      0.0000	      0.0000	      0.0000
     21.0699	      3.5548	      0.0000	      0.0000
      0.0000	      0.0000	      0.0000	      0.0000
      0.0000	      0.0000	      0.0000	      0.0000
      0.0000	      0.0000	      0.0000	      0.0000
      0.6097	     -3.3110	     -4.8942	     12.3106
      0.0000	      0.0000	      0.0000	      0.0000
      0.0000	      0.0000	      0.0000	      0.0000
      0.0000	      0.0000	      0.0000	      0.0000
    -11.0780	    -19.0894	    -11.5643	     -7.7544
      0.0000	      0.0000	      0.0000	      0.0000
      0.0000	      0.0000	      0.0000	      0.0000
      0.0000	      0.0000	      0.0000	      0.0000
      3.2104	      0.0000	      0.0000	      0.0000
      0.0000	      0.0000	      0.0000	      0.0000
      0.0000	      0.0000	      0.0000	      0.0000
      0.0000	      0.0000	      0.0000	      0.0000
      2.4670	     -1.0476	     15.7505	      0.0000
      0.0000	      0.0000	      0.0000	      0.0000
      0.0000	      0.0000	      0.0000	      0.0000
      0.0000	      0.0000	      0.0000	      0.0000
     -6.8333	    -30.3595	     -9.1517	     -2.5128
      0.0000	      0.0000	      0.0000	      0.0000
      0.0000	      0.0000	      0.0000	      0.0000
      0.0000	      0.0000	      0.0000	      0.0000
    -42.0619	    -41.6724	      0.1197	    -41.0364
      0.0000	      0.0000	      0.0000	      0.0000
      0.0000	      0.0000	      0.0000	      0.0000
      0.0000	      0.0000	      0.0000	      0.0000
     11.2064	     34.2811	     -0.7504	    -18.1312
      0.0000	      0.0000	      0.0000	      0.0000
      0.0000	      0.0000	      0.0000	      0.0000
      0.0000	      0.0000	      0.0000	      0.0000
     32.4133	      2.8085	      2.7967	      6.4309
      0.0000	      0.0000	      0.0000	      0.0000
      0.0000	      0.0000	      0.0000	      0.0000
      0.0000	      0.0000	      0.0000	      0.0000
     -4.3084	     10.2633	      0.6736	    -15.7723
      0.0000	      0.0000	      0.0000	      0.0000
      0.0000	      0.0000	      0.0000	      0.0000
      0.0000	      0.0000	      0.0000	      0.0000
     17.9404	     24.9111	     16.5616	     14.3764
      0.0000	      0.0000	      0.0000	      0.0000
      0.0000	      0.0000	      0.0000	      0.0000
      0.0000	      0.0000	      0.0000	      0.0000
     21.4799	     20.2614	     21.8528	     34.0392
      0.0000	      0.0000	      0.0000	      0.0000
      0.0000	      0.0000	      0.0000	      0.0000
      0.0000	      0.0000	      0.0000	      0.0000
      6.0679	     14.0607	     10.9165	      1.2819
      0.0000	      0.0000	      0.0000	      0.0000
      0.0000	      0.0000	      0.0000	      0.0000
      0.0000	      0.0000	      0.0000	      0.0000
     21.0190	     14.7585	     15.1560	     16.3566
      0.0000	      0.0000	      0.0000	      0.0000
      0.0000	      0.0000	      0.0000	      0.0000
      0.0000	      0.0000	      0.0000	      0.0000
      3.0655	      8.5895	     17.7663	     24.7343
      0.0000	      0.0000	      0.0000	      0.0000
      0.0000	      0.0000	      0.0000	      0.0000
      0.0000	      0.0000	      0.0000	      0.0000
     25.5616	      2.9797	      6.4177	      4.1495
      0.0000	      0.0000	      0.0000	      0.0000
      0.0000	      0.0000	      0.0000	      0.0000
      0.0000	      0.0000	      0.0000	      0.0000
     14.4053	      8.1521	     10.3248	     23.6371
      0.0000	      0.0000	      0.0000	      0.0000
      0.0000	      0.0000	      0.0000	      0.0000
      0.0000	      0.0000	      0.0000	      0.0000
    -10.4206	    -11.4577	     14.3725	     -2.6552
      0.0000	      0.0000	      0.0000	      0.0000
      0.0000	      0.0000	      0.0000	      0.0000
      0.0000	      0.0000	      0.0000	      0.0000
     88.3119	     91.9583	     82.0183	    129.2943
      0.0000	      0.0000	      0.0000	      0.0000
      0.0000	      0.0000	      0.0000	      0.0000
      0.0000	      0.0000	      0.0000	      0.0000
     14.9839	      1.5733	     -7.0345	     64.8268
      0.0000	      0.0000	      0.0000	      0.0000
      0.0000	      0.0000	      0.0000	      0.0000
      0.0000	      0.0000	      0.0000	      0.0000
    -53.2399	    -47.5930	    -46.5980	     -4.6161
      0.0000	      0.0000	      0.0000	      0.0000
      0.0000	      0.0000	      0.0000	      0.0000
      0.0000	      0.0000	      0.0000	      0.0000
    -66.4420	    -54.9668	    -27.9375	    -73.0388
      0.0000	      0.0000	      0.0000	      0.0000
      0.0000	      0.0000	      0.0000	      0.0000
      0.0000	      0.0000	      0.0000	      0.0000
      2.1184	     26.5487	      5.2972	     -2.5958
      0.0000	      0.0000	      0.0000	      0.0000
      0.0000	      0.0000	      0.0000	      0.0000
      0.0000	      0.0000	      0.0000	      0.0000
     28.8484	     17.0390	     20.1322	     13.8406
      0.0000	      0.0000	      0.0000	      0.0000
      0.0000	      0.0000	      0.0000	      0.0000
      0.0000	      0.0000	      0.0000	      0.0000
    -27.4650	      0.3336	    -31.1562	    -33.1863
      0.0000	      0.0000	      0.0000	      0.0000
      0.0000	      0.0000	      0.0000	      0.0000
      0.0000	      0.0000	      0.0000	      0.0000
    -12.7746	      9.3111	     -4.1945	      1.0234
      0.0000	      0.0000	      0.0000	      0.0000
      0.0000	      0.0000	      0.0000	      0.0000
      0.0000	      0.0000	      0.0000	      0.0000
     13.6277	     22.6729	     12.4997	     11.6730
      0.0000	      0.0000	      0.0000	      0.0000
      0.0000	      0.0000	      0.0000	      0.0000
      0.0000	      0.0000	      0.0000	      0.0000
    -17.1928	     -1.6557	    -42.5096	    -17.0126
      0.0000	      0.0000	      0.0000	      0.0000
      0.0000	      0.0000	      0.0000	      0.0000
      0.0000	      0.0000	      0.0000	      0.0000
     -8.8669	     -6.9603	     -8.3883	     -2.8810
      0.0000	      0.0000	      0.0000	      0.0000
      0.0000	      0.0000	      0.0000	      0.0000
      0.0000	      0.0000	      0.0000	      0.0000
     12.9976	      2.7865	    -11.1607	      2.5107
      0.0000	      0.0000	      0.0000	      0.0000
      0.0000	      0.0000	      0.0000	      0.0000
      0.0000	      0.0000	      0.0000	      0.0000
      1.6427	      2.7518	    -22.2942	     13.3082
      0.0000	      0.0000	      0.0000	      0.0000
      0.0000	      0.0000	      0.0000	      0.0000
      0.0000	      0.0000	      0.0000	      0.0000
      9.3300	      4.8890	    -10.9445	     18.0186
      0.0000	      0.0000	      0.0000	      0.0000
      0.0000	      0.0000	      0.0000	      0.0000
      0.0000	      0.0000	      0.0000	      0.0000
      3.9040	     -5.4025	    -38.3783	     14.8489
      0.0000	      0.0000	      0.0000	      0.0000
      0.0000	      0.0000	      0.0000	      0.0000
      0.0000	      0.0000	      0.0000	      0.0000
     29.6820	     24.6582	      2.2398	     28.6804
      0.0000	      0.0000	      0.0000	      0.0000
      0.0000	      0.0000	      0.0000	      0.0000
      0.0000	      0.0000	      0.0000	      0.0000
     18.6324	      3.0151	      1.5819	     38.0998
      0.0000	      0.0000	      0.0000	      0.0000
      0.0000	      0.0000	      0.0000	      0.0000
      0.0000	      0.0000	      0.0000	      0.0000
    -40.8355	    -53.7894	    -60.6929	     19.0885
      0.0000	      0.0000	      0.0000	      0.0000
      0.0000	      0.0000	      0.0000	      0.0000
      0.0000	      0.0000	      0.0000	      0.0000
    -97.6726	    -94.4269	    -76.0940	   -112.4995
      0.0000	      0.0000	      0.0000	      0.0000
      0.0000	      0.0000	      0.0000	      0.0000
      0.0000	      0.0000	      0.0000	      0.0000
    -23.4432	     -6.7935	     -6.9657	    -42.7052
      0.0000	      0.0000	      0.0000	      0.0000
      0.0000	      0.0000	      0.0000	      0.0000
      0.0000	      0.0000	      0.0000	      0.0000
      5.1395	      5.4330	     11.2605	      5.1896
      0.0000	      0.0000	      0.0000	      0.0000
      0.0000	      0.0000	      0.0000	      0.0000
      0.0000	      0.0000	      0.0000	      0.0000
    -65.9344	    -26.5439	    -70.6214	    -76.7540
      0.0000	      0.0000	      0.0000	      0.0000
      0.0000	      0.0000	      0.0000	      0.0000
      0.0000	      0.0000	      0.0000	      0.0000
    -14.8630	    -28.4581	    -30.3379	    -28.5812
      0.0000	      0.0000	      0.0000	      0.0000
      0.0000	      0.0000	      0.0000	      0.0000
      0.0000	      0.0000	      0.0000	      0.0000
    -10.8823	    -14.7108	    -28.9419	    -17.3974
      0.0000	      0.0000	      0.0000	      0.0000
      0.0000	      0.0000	      0.0000	      0.0000
      0.0000	      0.0000	      0.0000	      0.0000
    -38.7116	    -24.1777	    -46.2125	    -40.8929
      0.0000	      0.0000	      0.0000	      0.0000
      0.0000	      0.0000	      0.0000	      0.0000
      0.0000	      0.0000	      0.0000	      0.0000
    -21.7562	    -30.1645	    -30.1224	    -32.7142
      0.0000	      0.0000	      0.0000	      0.0000
      0.0000	      0.0000	      0.0000	      0.0000
      0.0000	      0.0000	      0.0000	      0.0000
    -25.9670	    -29.4691	    -34.6677	    -29.1326
      0.0000	      0.0000	      0.0000	      0.0000
      0.0000	      0.0000	      0.0000	      0.0000
      0.0000	      0.0000	      0.0000	      0.0000
    -17.8542	    -43.0066	    -52.8761	    -42.7030
      0.0000	      0.0000	      0.0000	      0.0000
      0.0000	      0.0000	      0.0000	      0.0000
      0.0000	      0.0000	      0.0000	      0.0000
    -29.5842	    -26.9882	    -31.9353	     -2.5907
      0.0000	      0.0000	      0.0000	      0.0000
      0.0000	      0.0000	      0.0000	      0.0000
      0.0000	      0.0000	      0.0000	      0.0000
    -50.4642	    -49.8529	    -57.2046	    -14.2696
      0.0000	      0.0000	      0.0000	      0.0000
      0.0000	      0.0000	      0.0000	      0.0000
      0.0000	      0.0000	      0.0000	      0.0000
    -19.4663	    -19.6484	     -7.7483	     35.5429
      0.0000	      0.0000	      0.0000	      0.0000
      0.0000	      0.0000	      0.0000	      0.0000
      0.0000	      0.0000	      0.0000	      0.0000
    -14.5000	    -34.0520	    -30.5258	     29.5733
      0.0000	      0.0000	      0.0000	      0.0000
      0.0000	      0.0000	      0.0000	      0.0000
      0.0000	      0.0000	      0.0000	      0.0000
   -108.7761	    -92.4837	   -107.6041	     -1.1001
      0.0000	      0.0000	      0.0000	      0.0000
      0.0000	      0.0000	      0.0000	      0.0000
      0.0000	      0.0000	      0.0000	      0.0000
    -44.1411	     -3.7337	    -47.4968	    -43.9494
      0.0000	      0.0000	      0.0000	      0.0000
      0.0000	      0.0000	      0.0000	      0.0000
      0.0000	      0.0000	      0.0000	      0.0000
      0.0000	     32.4130	      0.0098	      6.9109
      0.0000	      0.0000	      0.0000	      0.0000
      0.0000	      0.0000	      0.0000	      0.0000
      0.0000	      0.0000	      0.0000	      0.0000
      0.0000	      5.6573	      0.0000	     35.7972
      0.0000	      0.0000	      0.0000	      0.0000
      0.0000	      0.0000	      0.0000	      0.0000
      0.0000	      0.0000	      0.0000	      0.0000
    -10.2780	     24.3800	     -8.2972	    -10.6602
      0.0000	      0.0000	      0.0000	      0.0000
      0.0000	      0.0000	      0.0000	      0.0000
      0.0000	      0.0000	      0.0000	      0.0000
      6.0700	     33.1650	     27.7187	      2.7259
      0.0000	      0.0000	      0.0000	      0.0000
      0.0000	      0.0000	      0.0000	      0.0000
      0.0000	      0.0000	      0.0000	      0.0000
     13.6137	     42.7666	     16.2872	     18.9831
      0.0000	      0.0000	      0.0000	      0.0000
      0.0000	      0.0000	      0.0000	      0.0000
      0.0000	      0.0000	      0.0000	      0.0000
      2.7741	     21.9446	     14.4668	     -0.3793
      0.0000	      0.0000	      0.0000	      0.0000
      0.0000	      0.0000	      0.0000	      0.0000
      0.0000	      0.0000	      0.0000	      0.0000
     25.0584	     11.1934	     29.6610	     20.9586
      0.0000	      0.0000	      0.0000	      0.0000
      0.0000	      0.0000	      0.0000	      0.0000
      0.0000	      0.0000	      0.0000	      0.0000
      0.7162	     -1.3408	     29.5429	      6.8942
      0.0000	      0.0000	      0.0000	      0.0000
      0.0000	      0.0000	      0.0000	      0.0000
      0.0000	      0.0000	      0.0000	      0.0000
     33.1115	      5.4510	      0.0000	      0.0000
      0.0000	      0.0000	      0.0000	      0.0000
      0.0000	      0.0000	      0.0000	      0.0000
      0.0000	      0.0000	      0.0000	      0.0000
      5.3598	      8.6487	     31.7448	      7.0018
      0.0000	      0.0000	      0.0000	      0.0000
      0.0000	      0.0000	      0.0000	      0.0000
      0.0000	      0.0000	      0.0000	      0.0000
     -1.3311	     -8.9028	     19.5720	      0.0000
      0.0000	      0.0000	      0.0000	      0.0000
      0.0000	      0.0000	      0.0000	      0.0000
      0.0000	      0.0000	      0.0000	      0.0000
      3.2528	      0.0000	     43.6148	      0.0000
      0.0000	      0.0000	      0.0000	      0.0000
      0.0000	      0.0000	      0.0000	      0.0000
      0.0000	      0.0000	      0.0000	      0.0000
      0.0000	     -3.4235	     21.1454	      3.0036
      0.0000	      0.0000	      0.0000	      0.0000
      0.0000	      0.0000	      0.0000	      0.0000
      0.0000	      0.0000	      0.0000	      0.0000
    -19.4061	    -20.6769	    -27.4775	    -11.5246
      0.0000	      0.0000	      0.0000	      0.0000
      0.0000	      0.0000	      0.0000	      0.0000
      0.0000	      0.0000	      0.0000	      0.0000
    -57.6389	      7.9481	    -64.9656	    -56.8359
      0.0000	      0.0000	      0.0000	      0.0000
      0.0000	      0.0000	      0.0000	      0.0000
      0.0000	      0.0000	      0.0000	      0.0000
      4.8588	     37.0133	     18.5585	    -23.5896
      0.0000	      0.0000	      0.0000	      0.0000
      0.0000	      0.0000	      0.0000	      0.0000
      0.0000	      0.0000	      0.0000	      0.0000
     45.0176	     38.8630	     21.8989	     20.9093
      0.0000	      0.0000	      0.0000	      0.0000
      0.0000	      0.0000	      0.0000	      0.0000
      0.0000	      0.0000	      0.0000	      0.0000
     -7.7147	    -15.2521	    -24.4095	    -19.7273
      0.0000	      0.0000	      0.0000	      0.0000
      0.0000	      0.0000	      0.0000	      0.0000
      0.0000	      0.0000	      0.0000	      0.0000
     17.3542	     30.9454	      8.4877	      3.5940
      0.0000	      0.0000	      0.0000	      0.0000
      0.0000	      0.0000	      0.0000	      0.0000
      0.0000	      0.0000	      0.0000	      0.0000
     28.9440	     17.8583	    -17.6081	     21.5569
      0.0000	      0.0000	      0.0000	      0.0000
      0.0000	      0.0000	      0.0000	      0.0000
      0.0000	      0.0000	      0.0000	      0.0000
      3.6759	     -0.5033	    -12.3831	     -8.9327
      0.0000	      0.0000	      0.0000	      0.0000
      0.0000	      0.0000	      0.0000	      0.0000
      0.0000	      0.0000	      0.0000	      0.0000
     12.8011	      8.4151	      1.9788	      7.9497
      0.0000	      0.0000	      0.0000	      0.0000
      0.0000	      0.0000	      0.0000	      0.0000
      0.0000	      0.0000	      0.0000	      0.0000
      5.0286	      3.9621	    -26.5688	     12.1335
      0.0000	      0.0000	      0.0000	      0.0000
      0.0000	      0.0000	      0.0000	      0.0000
      0.0000	      0.0000	      0.0000	      0.0000
     24.4284	     12.7170	      2.5159	     12.8855
      0.0000	      0.0000	      0.0000	      0.0000
      0.0000	      0.0000	      0.0000	      0.0000
      0.0000	      0.0000	      0.0000	      0.0000
     15.5012	      5.9950	      0.5661	     22.6779
      0.0000	      0.0000	      0.0000	      0.0000
      0.0000	      0.0000	      0.0000	      0.0000
      0.0000	      0.0000	      0.0000	      0.0000
     -1.2100	     -5.3364	    -37.4110	      7.9022
      0.0000	      0.0000	      0.0000	      0.0000
      0.0000	      0.0000	      0.0000	      0.0000
      0.0000	      0.0000	      0.0000	      0.0000
     38.0421	      6.2660	     10.8009	      4.2377
      0.0000	      0.0000	      0.0000	      0.0000
      0.0000	      0.0000	      0.0000	      0.0000
      0.0000	      0.0000	      0.0000	      0.0000
     -1.1630	     11.1211	     -1.3305	     37.0121
      0.0000	      0.0000	      0.0000	      0.0000
      0.0000	      0.0000	      0.0000	      0.0000
      0.0000	      0.0000	      0.0000	      0.0000
    -36.7805	    -46.6304	    -40.4163	     23.4542
      0.0000	      0.0000	      0.0000	      0.0000
      0.0000	      0.0000	      0.0000	      0.0000
      0.0000	      0.0000	      0.0000	      0.0000
    -95.5759	    -77.3403	    -63.3114	    -80.4960
      0.0000	      0.0000	      0.0000	      0.0000
      0.0000	      0.0000	      0.0000	      0.0000
      0.0000	      0.0000	      0.0000	      0.0000
     -6.6263	     11.4701	    -13.4103	     -7.8841
      0.0000	      0.0000	      0.0000	      0.0000
      0.0000	      0.0000	      0.0000	      0.0000
      0.0000	      0.0000	      0.0000	      0.0000
      7.9610	      5.8476	      0.3749	     19.8914
      0.0000	      0.0000	      0.0000	      0.0000
      0.0000	      0.0000	      0.0000	      0.0000
      0.0000	      0.0000	      0.0000	      0.0000
    -63.6623	    -26.4990	    -67.8314	    -56.5571
      0.0000	      0.0000	      0.0000	      0.0000
      0.0000	      0.0000	      0.0000	      0.0000
      0.0000	      0.0000	      0.0000	      0.0000
      1.2017	    -13.0015	    -27.5759	    -28.2175
      0.0000	      0.0000	      0.0000	      0.0000
      0.0000	      0.0000	      0.0000	      0.0000
      0.0000	      0.0000	      0.0000	      0.0000
    -39.7499	    -26.8530	    -45.9769	     -4.8033
      0.0000	      0.0000	      0.0000	      0.0000
      0.0000	      0.0000	      0.0000	      0.0000
      0.0000	      0.0000	      0.0000	      0.0000
    -34.8418	    -23.2649	    -58.2200	    -50.4926
      0.0000	      0.0000	      0.0000	      0.0000
      0.0000	      0.0000	      0.0000	      0.0000
      0.0000	      0.0000	      0.0000	      0.0000
      0.8232	    -25.3951	    -18.6295	    -10.4808
      0.0000	      0.0000	      0.0000	      0.0000
      0.0000	      0.0000	      0.0000	      0.0000
      0.0000	      0.0000	      0.0000	      0.0000
    -54.9591	    -62.8212	    -87.7907	    -86.9000
      0.0000	      0.0000	      0.0000	      0.0000
      0.0000	      0.0000	      0.0000	      0.0000
      0.0000	      0.0000	      0.0000	      0.0000
     -6.2344	      0.9513	    -37.6248	    -20.0664
      0.0000	      0.0000	      0.0000	      0.0000
      0.0000	      0.0000	      0.0000	      0.0000
      0.0000	      0.0000	      0.0000	      0.0000
     -2.1351	    -24.3280	    -35.2850	     -8.2764
      0.0000	      0.0000	      0.0000	      0.0000
      0.0000	      0.0000	      0.0000	      0.0000
      0.0000	      0.0000	      0.0000	      0.0000
    -86.3360	   -101.6566	   -107.3758	    -82.0638
      0.0000	      0.0000	      0.0000	      0.0000
      0.0000	      0.0000	      0.0000	      0.0000
      0.0000	      0.0000	      0.0000	      0.0000
     20.6254	     25.9568	    -11.0310	     29.8850
      0.0000	      0.0000	      0.0000	      0.0000
      0.0000	      0.0000	      0.0000	      0.0000
      0.0000	      0.0000	      0.0000	      0.0000
      0.1663	    -27.7520	    -23.7052	     22.6233
      0.0000	      0.0000	      0.0000	      0.0000
      0.0000	      0.0000	      0.0000	      0.0000
      0.0000	      0.0000	      0.0000	      0.0000
   -109.5114	   -152.5661	   -145.7514	    -40.9219
      0.0000	      0.0000	      0.0000	      0.0000
      0.0000	      0.0000	      0.0000	      0.0000
      0.0000	      0.0000	      0.0000	      0.0000
    -43.6393	     35.3973	    -55.4645	    -43.7390
      0.0000	      0.0000	      0.0000	      0.0000
      0.0000	      0.0000	      0.0000	      0.0000
      0.0000	      0.0000	      0.0000	      0.0000
     27.5994	     74.4796	     15.9339	     13.0120
      0.0000	      0.0000	      0.0000	      0.0000
      0.0000	      0.0000	      0.0000	      0.0000
      0.0000	      0.0000	      0.0000	      0.0000
     84.9949	     79.3947	     63.9980	     37.5899
      0.0000	      0.0000	      0.0000	      0.0000
      0.0000	      0.0000	      0.0000	      0.0000
      0.0000	      0.0000	      0.0000	      0.0000
     -0.9387	     29.5528	      0.0000	      0.0000
      0.0000	      0.0000	      0.0000	      0.0000
      0.0000	      0.0000	      0.0000	      0.0000
      0.0000	      0.0000	      0.0000	      0.0000
     37.8631	      0.0000	      5.3988	      3.5205
      0.0000	      0.0000	      0.0000	      0.0000
      0.0000	      0.0000	      0.0000	      0.0000
      0.0000	      0.0000	      0.0000	      0.0000
     28.2469	      0.0000	      0.0000	      0.0000
      0.0000	      0.0000	      0.0000	      0.0000
      0.0000	      0.0000	      0.0000	      0.0000
      0.0000	      0.0000	      0.0000	      0.0000
     10.5294	      3.9232	     -4.6499	      1.6210
      0.0000	      0.0000	      0.0000	      0.0000
      0.0000	      0.0000	      0.0000	      0.0000
      0.0000	      0.0000	      0.0000	      0.0000
     16.3296	      0.0000	      0.0000	      1.8617
      0.0000	      0.0000	      0.0000	      0.0000
      0.0000	      0.0000	      0.0000	      0.0000
      0.0000	      0.0000	      0.0000	      0.0000
     -1.1886	     -1.3595	     14.2096	      0.0000
      0.0000	      0.0000	      0.0000	      0.0000
      0.0000	      0.0000	      0.0000	      0.0000
      0.0000	      0.0000	      0.0000	      0.0000
     15.2069	      0.0000	      0.0000	      0.0000
      0.0000	      0.0000	      0.0000	      0.0000
      0.0000	      0.0000	      0.0000	      0.0000
      0.0000	      0.0000	      0.0000	      0.0000
      0.0057	      6.6871	      0.0000	      0.0000
      0.0000	      0.0000	      0.0000	      0.0000
      0.0000	      0.0000	      0.0000	      0.0000
      0.0000	      0.0000	      0.0000	      0.0000
     -5.5280	      0.1901	     -1.1487	     -2.6584
      0.0000	      0.0000	      0.0000	      0.0000
      0.0000	      0.0000	      0.0000	      0.0000
      0.0000	      0.0000	      0.0000	      0.0000
     18.8560	     11.6111	     49.9303	      0.0000
      0.0000	      0.0000	      0.0000	      0.0000
      0.0000	      0.0000	      0.0000	      0.0000
      0.0000	      0.0000	      0.0000	      0.0000
      8.5298	      2.5514	     -1.8571	     52.1555
      0.0000	      0.0000	      0.0000	      0.0000
      0.0000	      0.0000	      0.0000	      0.0000
      0.0000	      0.0000	      0.0000	      0.0000
    -10.5154	     -9.6040	    -10.6648	     -0.4356
      0.0000	      0.0000	      0.0000	      0.0000
      0.0000	      0.0000	      0.0000	      0.0000
      0.0000	      0.0000	      0.0000	      0.0000
    -52.9741	     11.9855	    -59.8693	    -53.3272
      0.0000	      0.0000	      0.0000	      0.0000
      0.0000	      0.0000	      0.0000	      0.0000
      0.0000	      0.0000	      0.0000	      0.0000
      4.7093	     62.0015	     -7.2652	     -4.0346
      0.0000	      0.0000	      0.0000	      0.0000
      0.0000	      0.0000	      0.0000	      0.0000
      0.0000	      0.0000	      0.0000	      0.0000
     87.6942	     17.7948	      2.9610	     16.6661
      0.0000	      0.0000	      0.0000	      0.0000
      0.0000	      0.0000	      0.0000	      0.0000
      0.0000	      0.0000	      0.0000	      0.0000
     -0.6340	     26.1577	      0.0000	     -3.1318
      0.0000	      0.0000	      0.0000	      0.0000
      0.0000	      0.0000	      0.0000	      0.0000
      0.0000	      0.0000	      0.0000	      0.0000
      1.5800	     33.0383	      2.9052	      0.0000
      0.0000	      0.0000	      0.0000	      0.0000
      0.0000	      0.0000	      0.0000	      0.0000
      0.0000	      0.0000	      0.0000	      0.0000
     21.7001	      0.0000	     -4.2353	      5.1408
      0.0000	      0.0000	      0.0000	      0.0000
      0.0000	      0.0000	      0.0000	      0.0000
      0.0000	      0.0000	      0.0000	      0.0000
     20.1611	     -3.6080	    -13.8278	     -2.9796
      0.0000	      0.0000	      0.0000	      0.0000
      0.0000	      0.0000	      0.0000	      0.0000
      0.0000	      0.0000	      0.0000	      0.0000
      0.1545	     11.7357	      0.0000	      1.9119
      0.0000	      0.0000	      0.0000	      0.0000
      0.0000	      0.0000	      0.0000	      0.0000
      0.0000	      0.0000	      0.0000	      0.0000
     -2.1620	     -0.0079	    -29.8716	      7.7973
      0.0000	      0.0000	      0.0000	      0.0000
      0.0000	      0.0000	      0.0000	      0.0000
      0.0000	      0.0000	      0.0000	      0.0000
     28.0656	      4.0172	      3.7729	      6.7068
      0.0000	      0.0000	      0.0000	      0.0000
      0.0000	      0.0000	      0.0000	      0.0000
      0.0000	      0.0000	      0.0000	      0.0000
      0.1707	      0.0000	      1.2253	     19.5463
      0.0000	      0.0000	      0.0000	      0.0000
      0.0000	      0.0000	      0.0000	      0.0000
      0.0000	      0.0000	      0.0000	      0.0000
    -18.9674	    -10.7411	    -13.2714	     -1.0387
      0.0000	      0.0000	      0.0000	      0.0000
      0.0000	      0.0000	      0.0000	      0.0000
      0.0000	      0.0000	      0.0000	      0.0000
     22.0767	      8.2598	     19.6583	     15.0550
      0.0000	      0.0000	      0.0000	      0.0000
      0.0000	      0.0000	      0.0000	      0.0000
      0.0000	      0.0000	      0.0000	      0.0000
     35.2293	      0.0000	     11.4373	     10.3855
      0.0000	      0.0000	      0.0000	      0.0000
      0.0000	      0.0000	      0.0000	      0.0000
      0.0000	      0.0000	      0.0000	      0.0000
    -15.8137	    -22.3374	    -30.1303	      0.5042
      0.0000	      0.0000	      0.0000	      0.0000
      0.0000	      0.0000	      0.0000	      0.0000
      0.0000	      0.0000	      0.0000	      0.0000
   -109.0849	      1.4860	    -80.3814	    -90.1343
      0.0000	      0.0000	      0.0000	      0.0000
      0.0000	      0.0000	      0.0000	      0.0000
      0.0000	      0.0000	      0.0000	      0.0000
      2.9807	     25.4378	     -8.4309	     -9.5423
      0.0000	      0.0000	      0.0000	      0.0000
      0.0000	      0.0000	      0.0000	      0.0000
      0.0000	      0.0000	      0.0000	      0.0000
     16.7244	     24.9477	     14.5547	     16.2531
      0.0000	      0.0000	      0.0000	      0.0000
      0.0000	      0.0000	      0.0000	      0.0000
      0.0000	      0.0000	      0.0000	      0.0000
    -47.3178	    -12.3329	    -59.5018	    -48.6030
      0.0000	      0.0000	      0.0000	      0.0000
      0.0000	      0.0000	      0.0000	      0.0000
      0.0000	      0.0000	      0.0000	      0.0000
     -5.6733	    -13.6853	    -31.2323	    -30.1632
      0.0000	      0.0000	      0.0000	      0.0000
      0.0000	      0.0000	      0.0000	      0.0000
      0.0000	      0.0000	      0.0000	      0.0000
    -61.4633	    -57.5330	    -64.7535	    -43.4497
      0.0000	      0.0000	      0.0000	      0.0000
      0.0000	      0.0000	      0.0000	      0.0000
      0.0000	      0.0000	      0.0000	      0.0000
    -30.1907	    -17.5762	    -41.4548	    -38.0017
      0.0000	      0.0000	      0.0000	      0.0000
      0.0000	      0.0000	      0.0000	      0.0000
      0.0000	      0.0000	      0.0000	      0.0000
    -12.2622	    -57.3999	    -44.0902	    -37.6405
      0.0000	      0.0000	      0.0000	      0.0000
      0.0000	      0.0000	      0.0000	      0.0000
      0.0000	      0.0000	      0.0000	      0.0000
   -108.6635	   -106.7869	   -104.7111	   -109.1284
      0.0000	      0.0000	      0.0000	      0.0000
      0.0000	      0.0000	      0.0000	      0.0000
      0.0000	      0.0000	      0.0000	      0.0000
     -2.4841	    -18.6033	    -15.7503	    -18.3501
      0.0000	      0.0000	      0.0000	      0.0000
      0.0000	      0.0000	      0.0000	      0.0000
      0.0000	      0.0000	      0.0000	      0.0000
    -24.6487	    -38.3464	    -21.7051	    -10.2553
      0.0000	      0.0000	      0.0000	      0.0000
      0.0000	      0.0000	      0.0000	      0.0000
      0.0000	      0.0000	      0.0000	      0.0000
   -147.1387	    -79.8315	   -148.1277	   -123.1217
      0.0000	      0.0000	      0.0000	      0.0000
      0.0000	      0.0000	      0.0000	      0.0000
      0.0000	      0.0000	      0.0000	      0.0000
     21.3396	     20.2059	      0.0000	     18.9137
      0.0000	      0.0000	      0.0000	      0.0000
      0.0000	      0.0000	      0.0000	      0.0000
      0.0000	      0.0000	      0.0000	      0.0000
     -0.3869	    -38.2221	      1.1950	      4.5466
      0.0000	      0.0000	      0.0000	      0.0000
      0.0000	      0.0000	      0.0000	      0.0000
      0.0000	      0.0000	      0.0000	      0.0000
   -158.0622	   -169.0157	    -93.6118	   -170.7208
      0.0000	      0.0000	      0.0000	      0.0000
      0.0000	      0.0000	      0.0000	      0.0000
      0.0000	      0.0000	      0.0000	      0.0000
    -21.5099	     -8.8838	      0.0000	      0.0000
      0.0000	      0.0000	      0.0000	      0.0000
      0.0000	      0.0000	      0.0000	      0.0000
      0.0000	      0.0000	      0.0000	      0.0000
      0.0000	      0.0000	      0.0000	      0.0000
      0.0000	      0.0000	      0.0000	      0.0000
      0.0000	      0.0000	      0.0000	      0.0000
      0.0000	      0.0000	      0.0000	      0.0000
      0.0000	      0.0000	      0.0000	      0.0000
      0.0000	      0.0000	      0.0000	      0.0000
      0.0000	      0.0000	      0.0000	      0.0000
      0.0000	      0.0000	      0.0000	      0.0000
      0.0000	      0.0000	      0.0000	      0.0000
      0.0000	      0.0000	      0.0000	      0.0000
      0.0000	      0.0000	      0.0000	      0.0000
      0.0000	      0.0000	      0.0000	      0.0000
      8.4699	      0.0000	      0.0000	      0.0000
      0.0000	      0.0000	      0.0000	      0.0000
      0.0000	      0.0000	      0.0000	      0.0000
      0.0000	      0.0000	      0.0000	      0.0000
      8.2596	      0.0000	      0.0000	      0.0000
      0.0000	      0.0000	      0.0000	      0.0000
      0.0000	      0.0000	      0.0000	      0.0000
    -18.4499	      0.0000	      0.0000	      0.0000
     -9.9085	      0.0000	      0.0000	      0.0000
      0.0000	      0.0000	      0.0000	      0.0000
      0.0000	      0.0000	      0.0000	      0.0000
    -20.0000	      0.0000	      0.0000	      0.0000
      0.0000	      0.0000	      0.0000	      0.0000
      0.0000	      0.0000	      0.0000	      0.0000
      0.0000	      0.0000	      0.0000	      0.0000
      0.0000	      0.0000	      0.0000	      0.0000
      0.0000	      0.0000	      0.0000	      0.0000
      0.0000	      0.0000	      0.0000	      0.0000
      2.4888	      0.0000	      0.0000	      0.0000
    -19.5939	      9.5077	      0.0000	      0.0000
      0.0000	      0.0000	      0.0000	      0.0000
     -3.1915	      0.0000	      0.0000	      0.0000
      0.0000	      0.0000	      0.0000	      0.0000
      0.0000	      0.0000	      0.0000	      0.0000
     15.2091	      0.0000	      0.0000	      0.0000
      0.0000	      0.0000	      0.0000	      0.0000
      0.0000	      0.0000	      0.0000	      0.0000
      0.0000	      0.0000	      0.0000	      0.0000
      0.0000	      0.0000	      0.0000	      0.0000
      0.0000	      0.0000	      0.0000	      0.0000
      0.0000	      0.0000	      0.0000	      0.0000
      0.0000	      0.0000	      0.0000	      0.0000
      0.0000	      0.0000	      0.0000	      0.0000
      0.0000	      0.0000	      0.0000	      0.0000
      0.0000	      0.0000	      0.0000	      0.0000
      0.0000	      0.0000	      0.0000	      0.0000
    -18.0698	    -23.8000	      0.0000	      0.0000
      0.0000	      0.0000	      0.0000	      0.0000
      0.0000	      0.0000	      0.0000	      0.0000
      0.0000	      0.0000	      0.0000	      0.0000
    -23.0410	    -36.0000	    -36.0000	    -32.5612
      0.0000	      0.0000	      0.0000	      0.0000
      0.0000	      0.0000	      0.0000	      0.0000
      0.0000	      0.0000	      0.0000	      0.0000
    -20.0000	      0.0000	      0.0000	      0.0000
      0.0000	      0.0000	      0.0000	      0.0000
      0.0000	      0.0000	      0.0000	      0.0000
      0.0000	      0.0000	      0.0000	      0.0000
      0.0000	      0.0000	      0.0000	      6.0257
      0.0000	      0.0000	      0.0000	      0.0000
      0.0000	      0.0000	      0.0000	      0.0000
      0.0000	      0.0000	      0.0000	      0.0000
    -13.7527	     -9.9741	      0.0000	      0.0000
      0.0000	      0.0000	      0.0000	      0.0000
      0.0000	      0.0000	      0.0000	      0.0000
      0.0000	      0.0000	      0.0000	      0.0000
      0.0000	      0.0000	      0.0000	      0.0000
      0.0000	      0.0000	      0.0000	      0.0000
     14.0788	      0.0000	      0.0000	      0.0000
      0.0000	      0.0000	      0.0000	      0.0000
     29.1900	      0.0000	      0.0000	      0.0000
      0.0000	      0.0000	      0.0000	      0.0000
      5.7135	      0.0000	      0.0000	      0.0000
      0.0000	      0.0000	      0.0000	      0.0000
     19.5736	      0.0000	      0.0000	      0.0000
      0.0000	      0.0000	      0.0000	      0.0000
      0.0000	      0.0000	     20.7112	      7.4159
      0.0000	      0.0000	      0.0000	      0.0000
     19.9505	      0.0000	      0.0000	      0.0000
     17.5293	      0.0000	      0.0000	      0.0000
     17.6265	      0.0000	      0.0000	      0.0000
      2.2971	      0.0000	      0.0000	      0.0000
     10.9060	      0.0000	      0.0000	      0.0000
     18.9512	      0.0000	      0.0000	      0.0000
     12.1513	      0.0000	      0.0000	      0.0000
      0.2194	      0.0000	      0.0000	      0.0000
     21.6464	      0.0000	      0.0000	      0.0000
     24.0402	      0.0000	      0.0000	      0.0000
     22.8195	      0.0000	      0.0000	      3.4167
     17.1787	      0.0000	      0.0000	      0.0000
     22.1629	      2.7655	      0.0000	      0.0000
     14.1306	      0.0000	      0.0000	      5.3571
      0.0000	      0.0000	      0.0000	      0.0000
      0.0000	      0.0000	      0.0000	      0.0000
     34.6179	      0.0000	      0.0000	      0.0000
      0.0000	      0.0000	      0.0000	      0.0000
      0.0000	      0.0000	      0.0000	      0.0000
      0.0000	      0.0000	      0.0000	      0.0000
     -0.1452	      0.0000	      0.0000	      0.0000
      7.3766	     -1.6984	      0.0000	      0.0000
      0.0000	      0.0000	      0.0000	      0.0000
     -0.2540	      0.1401	      0.0000	      0.0000
      0.0000	     10.1588	      0.0000	      0.0000
      0.0000	      0.0000	      0.0000	      0.0000
    -16.8462	      0.0000	      0.0000	      0.0000
      0.0000	      0.0000	      0.0000	      0.0000
      0.0000	      0.0000	      0.0000	      0.0000
      2.9636	      0.0000	      0.0000	      0.0000
      0.0000	      0.0000	      0.0000	      0.0000
      0.0000	      0.0000	      0.0000	      0.0000
    -21.8471	    -31.1085	    -20.0734	    -20.9968
    -20.8494	     -6.6204	    -18.0748	      0.0000
      0.0000	      0.0000	      0.0000	      0.0000
      0.0000	      0.0000	      0.0000	      0.0000
      0.0000	      0.0000	      0.0000	      0.0000
      0.0000	      0.0000	      0.0000	      0.0000
      0.0000	      0.0000	      0.0000	      0.0000
      0.0000	      0.0000	      0.0000	      0.0000
     -0.5904	     -0.8065	      0.0000	      0.0000
      0.0000	      0.0000	      0.0000	      0.0000
      0.0000	      0.0000	      0.0000	      0.0000
      0.0000	      0.0000	      0.0000	      0.0000
      0.0000	      0.0000	      0.0000	      0.0000
      0.0000	      0.0000	      0.0000	      0.0000
      0.0000	      0.0000	      0.0000	      0.0000
      0.0000	      0.0000	      0.0000	      0.0000
     -2.7245	     -1.2864	      0.0000	      0.0000
      0.0000	      0.0000	      0.0000	      0.0000
      0.0000	      0.0000	      0.0000	      0.0000
      0.0000	      0.0000	      0.0000	      0.0000
     -0.0058	     -0.2469	      3.6705	      0.0000
      0.0000	      0.0000	      0.0000	      0.0000
      0.0000	      0.0000	      0.0000	      0.0000
      0.1648	      0.0000	      0.0000	      0.0000
      0.0000	      0.0000	      0.0000	      0.0000
      0.0000	      0.0000	      0.0000	      0.0000
      0.0000	      0.0000	      0.0000	      0.0000
      0.0000	      0.0000	      0.0000	      0.0000
     -2.8434	     -3.8528	     -2.8955	      8.8127
      0.0000	      0.0000	      0.0000	      0.0000
      0.0000	      0.7586	      0.0000	      0.0000
     -1.7312	      0.0000	      0.0000	      0.0000
      0.6961	     -1.5865	      0.0617	     23.2466
     -1.9427	     -0.6646	      0.5590	      0.0000
     -0.8907	     -0.8122	      3.6082	      0.0000
     -3.1505	     -2.6153	     -5.7451	      6.5765
     -1.2181	     -3.5039	     -4.6378	      5.2676
      1.8512	      0.0000	      0.0000	      0.0000
     14.0729	      0.0000	      0.0000	      0.0000
     -0.7279	     -4.7979	     -1.5793	      0.0000
      8.3991	      0.0000	      0.0000	      0.0000
     -0.7683	      0.3531	      0.0000	      0.0000
      0.0000	      0.0000	      0.0000	      0.0000
      0.0000	      0.0000	      0.0000	      0.0000
      4.5273	     -1.4877	      0.0000	      0.0000
      0.0000	      0.0000	      0.0000	      8.4203
      0.0000	      0.0000	      0.0000	      0.0000
     -3.9107	     -1.9438	     -4.3644	      0.0000
     -2.6709	     -2.3118	    -16.9960	     14.3109
      6.8464	      0.0000	      0.0000	      0.0000
      0.0000	      0.0000	      0.0000	      0.0000
      0.8698	      0.0000	      0.0000	      0.0000
      2.5615	      0.0000	      0.0000	      0.0000
      0.0000	      0.0000	      0.0000	      0.0000
      0.0000	      0.0000	      7.1306	      0.0000
      0.0000	      0.0000	      0.0000	      0.0000
      0.0000	      0.0000	      0.0000	      0.0000
      0.0000	      0.0000	      0.0000	      0.0000
      1.2283	      0.0000	      0.0000	      0.0000
      0.0000	      0.0000	      0.0000	      0.0000
     -1.4689	     -2.1104	      0.0000	      0.0000
      0.0000	      0.0000	      0.0000	      0.0000
      0.0000	      0.0000	      0.0000	      0.0000
      0.0000	      0.0000	      0.0000	      0.0000
      1.9604	      0.0000	      0.0000	      0.0000
      0.0000	      0.0000	      0.0000	      0.0000
      0.0000	      0.0000	      0.0000	      0.0000
      0.0000	      0.0000	      0.0000	      0.0000
      0.0000	      0.0000	      0.0000	      0.0000
      0.0000	      0.0000	      0.0000	      0.0000
      0.0000	      0.0000	      0.0000	      0.0000
      0.0000	      0.0000	      0.0000	      0.0000
      0.0000	      0.0000	      0.0000	      0.0000
      0.0000	      0.0000	      0.0000	      0.0000
    -15.8773	    -20.0000	      6.9440	      0.0000
      0.0000	      0.0000	      0.0000	      0.0000
     14.3966	      0.0000	      0.0000	      0.0000
      0.0000	      0.0000	      0.0000	      0.0000
      0.0000	      0.0000	      0.0000	      0.0000
      0.0000	      0.0000	      0.0000	      0.0000
     20.8477	     15.6564	      0.0000	      0.0000
      0.0000	      0.0000	      0.0000	      0.0000
      0.0000	     19.9740	      0.0000	      0.0000
      0.0000	      0.0000	      0.0000	      0.0000
      0.0000	      0.0000	      0.0000	      0.0000
      0.0000	      0.0000	      0.0000	      0.0000
     10.5989	      0.0000	      0.0000	      0.0000
      0.0000	      0.0000	      0.0000	      0.0000
     -9.6996	     10.1514	      0.0000	      0.0000
      0.0000	      0.0000	      0.0000	      0.0000
      0.0000	     10.0047	      0.0000	      0.0000
    -19.5556	     11.7024	      0.0000	      0.0000
     55.7014	     11.0238	      0.0000	      0.0000
     38.3172	      0.0000	      0.0000	      0.0000
     23.3533	      0.0000	      0.0000	      0.0000
     19.5027	      0.0000	      0.0000	      0.0000
     24.5274	      0.0000	      0.0000	      0.0000
      0.0000	      0.0000	      0.0000	      0.0000
      6.8164	      0.0000	      0.0000	      0.0000
    -18.5689	    -20.7261	    -11.6975	      0.0000
     -7.7396	      0.0000	      0.0000	      0.0000
      0.0000	     -7.6025	      0.0000	      0.0000
      0.0000	      0.0000	      0.0000	      0.0000
      0.0000	      0.0000	      0.0000	      0.0000
     17.2501	      0.0000	      0.0000	      0.0000
     30.3166	      0.0000	      0.0000	      0.0000
      0.0000	      0.0000	      0.0000	      0.0000
      0.0000	      0.0000	      0.0000	      0.0000
      0.0000	      0.0000	      0.0000	      0.0000
      0.0000	      4.8939	      0.0000	      0.0000
      0.0000	      0.0000	      0.0000	      0.0000
      0.0000	      0.0000	      0.0000	      0.0000
      0.0000	      0.0000	      0.0000	      0.0000
     14.5945	      0.0000	      0.0000	      0.0000
      0.0000	      0.0000	      0.0000	      0.0000
      0.0000	      0.0000	      0.0000	      0.0000
      0.0000	      0.0000	      0.0000	    -20.0000
      0.0000	      0.0000	      0.0000	      0.0000
      0.0000	      0.0000	      0.0000	      0.0000
      0.0000	      0.0000	      0.0000	      0.0000
    -19.2493	    -21.3467	      0.0000	      0.0000
    -20.0000	      0.0000	      0.0000	      0.0000
      0.0000	      0.0000	      0.0000	      0.0000
      0.0000	      0.0000	      0.0000	      0.0000
     -2.1035	     -1.8672	      0.0000	      0.0000
      0.0000	      0.0000	      0.0000	      0.0000
      0.0000	      0.0000	      0.0000	      0.0000
      0.0000	      0.0000	      0.0000	      0.0000
      0.0000	      0.0000	     -0.2771	      0.0000
      0.0000	      0.0000	      0.0000	      0.0000
      0.0000	      0.0000	      0.0000	      0.0000
      0.0000	      0.0000	      0.0000	      0.0000
      0.0000	      0.0000	      0.0000	      0.0000
    -14.5158	      0.0000	      0.0000	      0.0000
      0.0000	      0.0000	      0.0000	      0.0000
      0.0000	      0.0000	      0.0000	      0.0000
     47.5655	      0.0000	      0.0000	      0.0000
      0.0000	      0.0000	      0.0000	      0.0000
      4.3995	      0.0000	      0.0000	      0.0000
     21.7098	      0.0000	      0.0000	      0.0000
     65.0854	     12.1630	     12.6409	     17.2413
      0.0000	      0.0000	      0.0000	      0.0000
     55.1721	      0.0000	      0.0000	     12.7598
      6.3839	      0.0000	      0.0000	      0.0000
     52.0613	      0.0000	      0.0000	      0.0000
      0.0000	      0.0000	      0.0000	      0.0000
     58.5727	      0.0000	      0.0000	      0.0000
      6.2402	      0.0000	      0.0000	      0.0000
     37.2808	      0.0000	      0.0000	     11.1164
     51.9125	      0.0000	      0.0000	     16.5833
     47.2314	      0.0000	      0.0000	     12.1344
      0.4978	     36.1402	      6.2985	     -0.6189
     59.5157	     34.0225	     43.0052	     48.5421
     57.4725	      8.5446	     11.5317	     13.4079
     58.9720	      0.0000	      0.0000	      0.0000
     25.7735	     44.6585	     12.9676	      7.2345
     52.6868	     12.5810	      0.0000	      0.0000
     48.1129	      0.0000	      0.0000	      0.0000
     49.8338	      9.1249	     -5.0899	     13.6514
      3.1409	     32.5022	      0.0000	      0.0000
     34.8536	      0.0000	      0.0000	      0.0000
     54.7964	      0.0000	      0.0000	      0.0000
      0.0000	      0.0000	      0.0000	      0.0000
      0.0000	      0.0000	      0.0000	      0.0000
     61.3823	      0.0000	      0.0000	      0.0000
     55.8377	      0.0000	      0.0000	     19.8281
      0.0000	      0.0000	      0.0000	      0.0000
     15.3163	      0.0000	      0.0000	      0.0000
      1.3003	      0.0000	      9.9605	      0.0000
     34.3934	      0.0000	      0.0000	      1.7956
      6.9432	      0.0000	      0.0000	      0.0000
     -9.7449	     21.3839	      0.0000	      6.9943
      0.0000	      3.0235	      0.0000	      0.0000
      0.0000	      0.0000	      0.0000	    -20.0000
    -20.0000	    -20.0000	      0.0000	      0.0000
      0.0000	      0.0000	      0.0000	      0.0000
      0.0000	      0.0000	      0.0000	      0.0000
      0.0000	      0.0000	      0.0000	      0.0000
      0.0000	      0.0000	      0.0000	      0.0000
      0.0000	      0.0000	      0.0000	      0.0000
      0.0000	      0.0000	      0.0000	      0.0000
      0.0000	      0.0000	      0.0000	      5.7682
      0.0000	      0.0000	      0.0000	      0.0000
      0.0000	      0.0000	      0.0000	      0.0000
      0.0000	      0.0000	      0.0000	      0.0000
      0.0000	      0.0000	      0.0000	      0.0000
      0.0000	      0.0000	      0.0000	      0.0000
      0.0000	      0.0000	      0.0000	      0.0000
      4.9168	     -0.4511	     -2.8450	      0.2762
     -0.1690	     -1.2107	     -5.1276	      0.0000
      0.0000	      0.0000	      0.0000	      0.0000
      0.0000	     -3.5693	      0.0000	      0.0000
      3.6244	      0.0000	      0.0000	      0.0000
      0.0000	      0.0000	      0.0000	      0.0000
      0.0000	      0.0000	      0.0000	      0.0000
      0.0000	      0.0000	      0.0000	      0.0000
     -1.9650	      8.4501	     -4.6347	     -2.1856
      0.0000	      0.0000	      0.0000	      0.0000
      0.0000	      0.0000	      0.0000	      0.0000
      6.1140	      0.0000	      0.0000	      0.0000
     -0.5069	     25.7752	      0.0000	     -0.1909
     18.1186	      0.0000	      0.0000	      0.0000
     -1.9622	     -0.8619	     -4.7320	     11.0546
     20.5756	      5.1704	      0.0000	      8.0493
      0.0000	     10.2514	      0.0000	      0.0000
      0.0000	      0.0000	      0.0000	      0.0000
     14.6615	      0.0000	      2.4159	      0.0000
     13.8824	      0.0000	      0.0000	      0.0000
     16.6284	     37.8905	     -8.4796	     -2.3838
     -1.4748	     14.6858	     -2.8130	     41.7709
     42.8168	      0.5840	      0.0716	      0.0000
     -0.7617	     13.1119	     -4.2333	     24.4683
     44.7084	     29.7634	     15.0327	     22.1788
     43.1528	     25.9648	     10.2356	     14.0534
     48.6768	     25.3587	     10.2658	     28.0270
     71.2539	     27.8136	     -2.1442	     31.4828
     43.3000	      7.3198	     -2.3511	     -1.8532
     35.1202	      0.0000	      0.0000	     15.6775
     -0.8002	     37.9729	      0.0000	      0.0000
      9.2655	     24.5670	     -6.4515	     -3.2357
     17.0616	      0.0000	      0.0000	      9.4724
     -0.6605	     -0.7546	     -4.0885	     27.5614
      0.0000	      0.0000	      0.0000	      0.0000
      8.1732	      0.0000	      0.0000	      0.0000
     33.6422	      2.5992	      3.9679	     14.5131
     33.3332	      5.6717	     -0.8232	      7.4581
     23.6304	      0.0000	      0.0000	      0.0000
     -1.1779	     -1.8853	     -7.4971	     29.3016
     -2.4023	     -1.2314	     -5.0430	      6.7925
     -1.8010	     -2.2511	     -1.0055	      0.0000
      0.0000	      0.0000	      0.0000	      0.0000
     -0.6825	     18.0679	      0.0000	      0.0000
      0.0000	      0.0000	      0.0000	      0.0000
      0.0000	      0.0000	      0.0000	      0.0000
      0.0000	      0.0000	      0.0000	      0.0000
      0.0000	      0.0000	      0.0000	      0.0000
      0.0000	      0.0000	      0.0000	      0.0000
      0.0000	      0.0000	      0.0000	      0.0000
      0.0000	      0.0000	      0.0000	      0.0000
      0.0000	      0.0000	      0.0000	      0.0000
     -0.2930	      0.0000	      0.0000	      0.0000
      0.2994	      0.0000	      0.0000	      0.0000
      0.0000	      0.0000	      0.0000	      0.0000
      0.0000	      0.0000	      0.0000	      0.0000
    -24.3683	    -21.5285	    -31.9829	    -20.1300
      0.0000	      0.0000	      0.0000	      0.0000
    -24.2010	      0.0000	      0.0000	      0.0000
      0.0000	      0.0000	      0.0000	      0.0000
      0.0000	      0.0000	      0.0000	      0.0000
      0.0000	      0.0000	      0.0000	      0.0000
      0.0000	      0.0000	      0.0000	      0.0000
      0.0000	      0.0000	      0.0000	      0.0000
    -20.0000	      0.0000	    -19.8225	      0.0000
    -11.8532	      0.0000	      0.0000	      0.0000
      0.0000	      0.0000	      0.0000	      0.0000
      0.0000	      0.0000	      0.0000	      0.0000
      0.0000	      0.0000	      0.0000	      0.0000
      0.0000	      0.0000	      0.0000	      0.0000
      0.0000	      0.0000	      0.0000	      0.0000
      0.0000	      0.0000	      0.0000	      0.0000
      0.0000	      0.0000	      0.0000	      0.0000
      0.0000	      0.0000	      0.0000	      0.0000
      3.1606	      0.0000	      0.0000	      0.0000
      0.0000	      0.0000	      0.0000	      0.0000
      0.0000	     18.3816	      0.0000	      0.0000
      0.0000	      0.0000	      0.0000	      0.0000
      0.0000	      0.0000	      0.0000	      0.0000
      0.0000	      0.0000	      0.0000	      0.0000
      0.0000	      0.0000	      0.0000	      0.0000
    -17.9210	      0.0000	      0.0000	      0.0000
    -16.2664	      0.0000	      0.0000	      0.0000
    -15.8994	      0.0000	      0.0000	      0.0000
     32.1984	      0.0000	      0.0000	      0.0000
      0.0000	      0.0000	      0.0000	      0.0000
      0.0000	      0.0000	      0.0000	      0.0000
     -8.3456	     12.1098	      0.0000	      0.0000
      0.0000	      0.0000	      0.0000	      0.0000
      0.0000	      0.0000	      0.0000	      0.0000
      0.0000	      0.0000	      0.0000	      0.0000
    -18.9974	     -9.0768	     -5.6992	      0.0000
      8.8945	      0.0000	      0.0000	      0.0000
      0.0000	      0.0000	      0.0000	      8.7607
      0.0000	      0.0000	      0.0000	      0.0000
      0.0000	      0.0000	      0.0000	      0.0000
    -14.0656	      2.0948	      0.0000	      0.0000
    -14.9159	    -17.9580	      0.0000	      0.0000
      0.0000	      0.0000	      0.0000	      0.0000
      0.0000	      0.0000	      0.0000	      0.0000
      0.0000	      0.0000	      0.0000	      0.0000
      0.0000	      0.0000	      0.0000	      0.0000
      0.0000	      0.0000	      0.0000	      0.0000
      0.0000	      0.0000	      0.0000	      0.0000
      0.0000	      0.0000	    -19.0212	      0.0000
      0.0000	      0.0000	      0.0000	      0.0000
      0.0000	      0.0000	      0.0000	      0.0000
      0.0000	      0.0000	      0.0000	      0.0000
      0.0000	      0.0000	      0.0000	      0.0000
      0.0000	      0.0000	      0.0000	      0.0000
      0.0000	      0.0000	      0.0000	      0.0000
      0.0000	      0.0000	      0.0000	      0.0000
      0.0000	      0.0000	      0.0000	      0.0000
      0.0000	      0.0000	      0.0000	      0.0000
      0.0000	      0.0000	      0.0000	      0.0000
      0.0000	      0.0000	      0.0000	      0.0000
    -60.9328	    -51.2262	    -61.3155	    -59.6551
      0.0000	      0.0000	      0.0000	      0.0000
     -9.5940	    -15.7019	      0.0000	      0.0000
      0.0000	      0.0000	      0.0000	      0.0000
     -1.2382	      0.0000	      0.0000	      0.0000
      0.0000	      0.0000	      0.0000	      0.0000
      0.0000	      0.0000	      0.0000	      0.0000
      0.0000	      0.0000	      0.0000	      0.0000
      1.1431	      0.0000	      0.0000	      0.0000
      0.0000	      0.0000	      0.0000	      0.0000
      0.0000	      0.0000	      0.0000	      0.0000
      0.0000	      0.0000	      0.0000	      0.0000
      1.0829	      0.0000	      0.0000	      0.0000
      0.0000	      0.0000	      0.0000	      0.0000
    -18.6586	      0.0000	      0.0000	      0.0000
      0.0000	      0.0000	      0.0000	      0.0000
      7.3437	      0.0000	      0.0000	      0.0000
      0.0000	      0.0000	      0.0000	      0.0000
      8.0012	      0.0000	      0.0000	      0.0000
      0.0000	      0.0000	      0.0000	      0.0000
      0.0000	      0.0000	      0.0000	      0.0000
      0.0000	      0.0000	      0.0000	      0.0000
      0.0000	      0.0000	      2.3069	      0.0000
      0.0000	      0.0000	      0.0000	      0.0000
     -4.9944	      1.3023	      0.0000	      0.0000
      0.0000	      0.0000	     13.1755	      0.0000
      0.0000	      0.0000	      0.0000	      0.0000
     -0.8795	      2.1939	      0.0000	      0.0000
     13.3724	      0.0000	      0.0000	      0.1703
     12.1518	      0.0000	      0.0000	      0.0000
     25.8255	      0.0000	      0.0000	      0.0000
      0.0000	      0.0000	      0.0000	      0.0000
      7.5627	      0.0000	      0.0000	      0.0000
    -20.0000	      0.0000	      0.0000	      0.0000
     16.9255	      0.0000	      0.0000	      0.0000
      0.0000	      0.0000	      0.0000	      0.0000
      0.0000	      0.0000	      0.0000	      3.6530
      0.0000	      0.0000	      0.0000	      0.0000
      0.0000	      0.0000	      0.0000	      0.0000
      0.0000	      0.0000	      0.0000	      0.0000
      0.0000	      0.0000	      0.0000	      0.0000
      0.0000	      0.0000	      0.0000	      0.0000
      0.0000	      0.0000	      0.0000	      0.0000
      0.0000	      0.0000	      0.0000	      0.0000
      1.2975	      0.0000	      0.0000	      0.0000
      0.0000	      0.0000	      0.0000	      0.0000
      0.0000	      0.0000	      0.0000	      0.0000
      0.0000	      0.0000	      0.0000	      0.0000
    -15.3946	      0.0000	      0.0000	      0.0000
      0.0000	      0.0000	      0.0000	      0.0000
      0.0000	      0.0000	      0.0000	      0.0000
      0.0000	      0.0000	      0.0000	      0.0000
      0.0000	      0.0000	      0.0000	      0.0000
      0.0000	      0.0000	      0.0000	      0.0000
      0.0000	      0.0000	      0.0000	      0.0000
      0.0000	      0.0000	      0.0000	      0.0000
      0.0000	      0.0000	      0.0000	      0.0000
      0.0000	      0.0000	      0.0000	      0.0000
      0.0000	      0.0000	      0.0000	      0.0000
      0.0000	      0.0000	      0.0000	      0.0000
     -8.4231	      0.0000	      0.0000	      0.0000
      0.0000	      0.0000	      0.0000	      0.0000
      0.0000	      0.0000	      0.0000	      0.0000
      0.0000	      0.0000	      0.0000	      0.0000
      0.0000	      0.0000	      0.0000	      0.0000
      0.0000	      0.0000	      0.0000	      0.0000
      0.0000	      0.0000	      0.0000	      0.0000
      0.0000	      0.0000	      0.0000	      0.0000
      0.0000	      0.0000	      0.0000	      0.0000
      0.0000	      0.0000	      0.0000	      0.0000
      0.0000	      0.0000	      0.0000	      0.0000
      0.0000	      0.0000	      0.0000	      0.0000
     -1.2762	      0.0000	     -8.3964	      0.0000
      0.0000	      0.0000	      0.0000	      0.0000
      0.0000	      0.0000	      0.0000	      0.0000
      0.0000	      0.0000	      0.0000	      0.0000
      1.0946	      0.0000	      0.0000	      0.0000
      0.0000	      0.0000	      0.0000	      0.0000
     20.8800	      0.0000	      0.0000	      0.0000
     -1.6208	      6.5264	      0.0000	      0.0000
      4.2848	      0.0000	      0.0000	      0.0000
      0.0000	      0.0000	      0.0000	      0.0000
      2.6891	      0.0000	      0.0000	      0.0000
      0.0000	      0.0000	      0.0000	      0.0000
     -0.9889	      5.4810	     -2.3481	      0.0000
      0.0000	      0.0000	      0.0000	      0.0000
      0.0000	      0.0000	      0.0000	      0.0000
      0.0000	      0.0000	      0.0000	      0.0000
     19.9273	      0.0000	      0.0000	      0.0000
     -1.0759	     31.9367	     -1.9030	      0.0000
     25.3526	      0.0000	      0.0000	      0.0000
     30.2440	      0.0000	      0.0000	      0.0000
      0.1434	      0.0000	      0.0000	     -3.0601
      0.0000	      0.0000	      0.0000	      0.0000
      0.0000	      0.0000	      0.0000	      0.0000
      0.0000	      0.0000	      0.0000	      0.0000
      1.6071	      0.0000	      0.0000	      0.0000
      0.0000	      0.0000	      0.0000	     -0.6460
      0.0000	      0.0000	      0.0000	      0.0000
      0.0000	      0.0000	      0.0000	      0.0000
      0.0000	      0.0000	      0.0000	      0.0000
      0.0000	      0.0000	      0.0000	      0.0000
      0.0000	      0.0000	      0.0000	      0.0000
      0.0000	      0.0000	      0.0000	      0.0000
      0.0000	      0.0000	      0.0000	      0.0000
      0.0000	      0.0000	      0.0000	      0.0000
      0.0000	      0.0000	      0.0000	      0.0000
      0.0000	      0.0000	      0.0000	      0.0000
      9.7041	      0.0000	      0.0000	      0.0000
      0.0000	      0.0000	      0.0000	      0.0000
      0.0000	      0.0000	      0.0000	      0.0000
      0.0000	      0.0000	      0.0000	      0.0000
      0.0000	      0.0000	      0.0000	      0.0000
      0.0000	      0.0000	      0.0000	      0.0000
      0.0000	      0.0000	      0.0000	      0.0000
      0.0000	      0.0000	      0.0000	      0.0000
      0.0000	      0.0000	      0.0000	      0.0000
      0.0000	      0.0000	      0.0000	      0.0000
      0.0000	      0.0000	      0.0000	      0.0000
      0.0000	      0.0000	      0.0000	      0.0000
     -8.8320	     -4.3413	     -6.9499	     -7.5484
      0.0000	      0.0000	      0.0000	      0.0000
     -6.1903	      0.0000	      0.0000	      0.0000
      0.0000	      0.0000	      0.0000	      0.0000
      0.0000	      0.0000	      0.0000	      0.0000
      0.0000	      0.0000	      0.0000	      0.0000
      0.0000	      0.0000	      0.0000	      0.0000
      0.0000	      0.0000	      0.0000	      0.0000
      0.0000	      0.0000	      0.0000	      0.0000
      0.0000	      0.0000	      0.0000	      0.0000
      0.0000	      0.0000	      0.0000	      0.0000
      0.0000	      0.0000	      0.0000	      0.0000
      0.0000	      0.0000	      0.0000	      0.0000
      0.0000	      0.0000	      0.0000	      0.0000
      0.0000	      0.0000	      0.0000	      0.0000
      0.0000	      0.0000	      0.0000	      0.0000
      6.2429	      0.0000	      0.0000	      0.0000
      0.0000	      0.0000	      0.0000	      0.0000
      0.0000	      0.0000	      0.0000	      0.0000
      0.0000	      0.0000	      0.0000	      0.0000
      0.0000	      0.0000	      0.0000	      1.8403
      0.0000	      0.0000	      0.0000	      0.0000
      0.0000	      0.0000	      0.0000	      0.0000
      0.0000	      0.0000	      0.0000	      0.0000
      0.0000	      0.0000	      0.0000	      0.0000
      0.0000	      0.0000	      0.0000	      0.0000
      0.0000	      0.0000	      0.0000	      0.0000
      0.0000	      0.0000	      0.0000	      0.0000
     -0.4855	     -1.9594	     28.3823	      0.0000
      0.0000	      0.0000	      0.0000	      0.0000
      0.0000	      0.0000	      0.0000	      0.0000
      0.0000	      0.0000	      0.0000	      0.0000
     -0.7789	     -2.4263	     19.2368	      0.0000
      0.0000	      0.0000	      0.0000	      0.0000
      0.0000	      0.0000	      0.0000	      0.0000
      0.0000	      0.0000	      0.0000	      0.0000
      4.8773	      0.0000	      0.0000	      0.0000
      0.0000	      0.0000	      0.0000	      0.0000
      0.0000	      0.0000	      0.0000	      0.0000
      0.0000	      0.0000	      0.0000	      0.0000
      3.9568	      0.0000	      0.0000	      0.0000
      0.0000	      0.0000	      0.0000	      0.0000
      0.0000	      0.0000	      0.0000	      0.0000
      0.0000	      0.0000	      0.0000	      0.0000
     -2.0115	      0.0000	      0.0000	      9.3720
      0.0000	      0.0000	      0.0000	      0.0000
      0.0000	      0.0000	      0.0000	      0.0000
      0.0000	      0.0000	      0.0000	      0.0000
     16.0209	      0.0000	      0.0000	      0.0000
      0.0000	      0.0000	      0.0000	      0.0000
      0.0000	      0.0000	      0.0000	      0.0000
      0.0000	      0.0000	      0.0000	      0.0000
    -11.2101	     -3.7911	     -1.2610	    -19.4600
      4.5826	      0.0000	      0.0000	      0.0000
      0.0000	      0.0000	      0.0000	      0.0000
      0.0000	      0.0000	      0.0000	      0.0000
    -13.0281	    -28.1936	    -44.7704	    -22.5563
     -6.3232	      0.0000	      0.0000	      0.0000
      0.0000	      0.0000	      0.0000	      0.0000
      0.0000	      0.0000	      0.0000	      0.0000
     -3.8658	     -0.0103	     -2.1045	     -5.1338
      0.0000	      0.0000	      0.0000	      0.0000
      0.0000	      0.0000	      0.0000	      0.0000
      0.0000	      0.0000	      0.0000	      0.0000
     -0.5593	      8.6123	      0.0000	      0.0000
      0.0000	      0.0000	      0.0000	      0.0000
      0.0000	      0.0000	      0.0000	      0.0000
      0.0000	      0.0000	      0.0000	      0.0000
      0.0000	     13.1712	      6.8806	      0.0000
      9.8513	      0.0000	      0.0000	      0.0000
      0.0000	      0.0000	      0.0000	      0.0000
      0.0000	      0.0000	      0.0000	      0.0000
     -4.3039	     -1.7185	     -1.6858	     -1.8936
      0.0000	      0.0000	      0.0000	      0.0000
      0.0000	      0.0000	      0.0000	      0.0000
      0.0000	      0.0000	      0.0000	      0.0000
      5.3067	     -0.4549	      0.0000	      3.7305
      0.0000	      0.0000	      0.0000	      0.0000
      0.0000	      0.0000	      0.0000	      0.0000
      0.0000	      0.0000	      0.0000	      0.0000
     14.7666	      0.0000	      0.0000	      0.0000
      0.0000	      0.0000	      0.0000	      0.0000
      0.0000	      0.0000	      0.0000	      0.0000
      0.0000	      0.0000	      0.0000	      0.0000
     -1.5515	     -1.9966	     -1.5663	      9.3552
      0.0000	      0.0000	      0.0000	      0.0000
      0.0000	      0.0000	      0.0000	      0.0000
      0.0000	      0.0000	      0.0000	      0.0000
      4.1461	     -2.2900	     15.5403	      4.7785
      0.0000	      0.0000	      0.0000	      0.0000
      0.0000	      0.0000	      0.0000	      0.0000
      0.0000	      0.0000	      0.0000	      0.0000
     -0.8579	     -6.1808	     -0.6572	     35.4796
      0.0000	      0.0000	      0.0000	      0.0000
      0.0000	      0.0000	      0.0000	      0.0000
      0.0000	      0.0000	      0.0000	      0.0000
     16.6229	      0.0000	      3.8842	      0.0000
      0.0000	      0.0000	      0.0000	      0.0000
      0.0000	      0.0000	      0.0000	      0.0000
      0.0000	      0.0000	      0.0000	      0.0000
     -0.4043	     -2.7476	     -1.9696	     24.4406
      0.0000	      0.0000	      0.0000	      0.0000
      0.0000	      0.0000	      0.0000	      0.0000
      0.0000	      0.0000	      0.0000	      0.0000
     -1.3420	     -2.7499	     -4.3238	     12.2596
      0.0000	      0.0000	      0.0000	      0.0000
      0.0000	      0.0000	      0.0000	      0.0000
      0.0000	      0.0000	      0.0000	      0.0000
     21.4102	      0.0000	      0.0000	      0.0000
      0.0000	      0.0000	      0.0000	      0.0000
      0.0000	      0.0000	      0.0000	      0.0000
      0.0000	      0.0000	      0.0000	      0.0000
     -0.4233	     -6.8967	     -7.7757	      7.5414
      0.0000	      0.0000	      0.0000	      0.0000
      0.0000	      0.0000	      0.0000	      0.0000
      0.0000	      0.0000	      0.0000	      0.0000
    -22.6674	    -22.6320	    -28.5884	    -21.7142
     -4.1845	     -9.8565	    -11.4989	    -10.5221
      0.0000	      0.0000	      0.0000	      0.0000
      0.0000	      0.0000	      0.0000	      0.0000
     -4.3534	     -5.1628	     -9.9930	     -6.4071
      0.0000	      0.0000	      0.0000	      0.0000
      0.0000	      0.0000	      0.0000	      0.0000
      0.0000	      0.0000	      0.0000	      0.0000
     -0.0126	     -0.7228	     -2.2783	     -3.3138
      0.0000	      0.0000	      0.0000	      0.0000
      0.0000	      0.0000	      0.0000	      0.0000
      0.0000	      0.0000	      0.0000	      0.0000
      7.5018	      0.0000	     -2.4778	      0.0000
      0.0000	      0.0000	      0.0000	      0.0000
      1.1807	      0.0000	      0.0000	      0.0000
      0.0000	      0.0000	      0.0000	      0.0000
     -8.3787	     -8.8294	    -13.6374	     -8.9015
      0.0000	      0.0000	      0.0000	      0.0000
      0.0000	      0.0000	      0.0000	      0.0000
      0.0000	      0.0000	      0.0000	      0.0000
      9.4331	     -2.5413	     -4.6828	     -1.8915
      0.0000	      0.0000	      0.0000	      0.0000
      0.0000	      0.0000	      0.0000	      0.0000
      0.0000	      0.0000	      0.0000	      0.0000
      3.9215	      0.0000	      0.0000	      0.0000
      0.0000	      0.0000	      0.0000	      0.0000
      0.0000	      0.0000	      0.0000	      0.0000
      0.0000	      0.0000	      0.0000	      0.0000
     -0.9312	      6.7235	     -5.6896	     -3.7571
      0.0000	      0.0000	      0.0000	      0.0000
      0.0000	      0.0000	      0.0000	      0.0000
      0.0000	      0.0000	      0.0000	      0.0000
     -1.3880	     -1.8387	     -0.1908	     19.7915
      0.0000	      0.0000	      0.0000	      0.0000
      0.0000	      0.0000	      0.0000	      0.0000
      0.0000	      0.0000	      0.0000	      0.0000
     -0.0173	     -2.3454	     -4.2391	     26.2760
      0.0000	      0.0000	      0.0000	      0.0000
      0.0000	      0.0000	      0.0000	      0.0000
      0.0000	      0.0000	      0.0000	      0.0000
     13.6753	      0.0000	      0.0000	      0.0000
      0.0000	      0.0000	      0.0000	      0.0000
      0.0000	      0.0000	      0.0000	      0.0000
      0.0000	      0.0000	      0.0000	      0.0000
     -1.3852	     -2.8026	     -5.9718	     33.0776
      0.0000	      0.0000	      0.0000	      0.0000
      0.0000	      0.0000	      0.0000	      0.0000
      0.0000	      0.0000	      0.0000	      0.0000
     -3.4685	     -3.9278	     -6.0533	     17.3686
      0.0000	      0.0000	      0.0000	      0.0000
      0.0000	      0.0000	      0.0000	      0.0000
      0.0000	      0.0000	      0.0000	      0.0000
     23.8272	      0.0000	     -2.7830	      0.0000
     -0.0995	      4.5356	      0.0000	      0.0000
      0.0000	      0.0000	      0.0000	      0.0000
      0.0000	      0.0000	      0.0000	      0.0000
     -0.3799	     -1.7664	     -7.8848	     13.6724
     -0.2546	     -1.6711	      0.0000	      0.0000
      0.0000	      0.0000	      0.0000	      0.0000
      0.0000	      0.0000	      0.0000	      0.0000
     -7.9653	     -8.1424	    -12.0645	     -3.4741
     -1.7137	      0.0000	      0.0000	      0.0000
      0.0000	      0.0000	      0.0000	      0.0000
      0.0000	      0.0000	      0.0000	      0.0000
     14.7694	      0.0000	    -17.8215	    -19.8901
      0.0000	      0.0000	      0.0000	      0.0000
      0.0000	      0.0000	      0.0000	      0.0000
      0.0000	      0.0000	      0.0000	      0.0000
      0.0000	      0.0000	      0.0000	      0.0000
      0.0000	      0.0000	      0.0000	      0.0000
      0.0000	      0.0000	      0.0000	      0.0000
      0.0000	      0.0000	      0.0000	      0.0000
     23.2389	      6.1199	      0.0000	      0.0000
      0.0000	      0.0000	      0.0000	      0.0000
      8.4917	      0.0000	      0.0000	      0.0000
      0.0000	      0.0000	      0.0000	      0.0000
      0.0000	      0.0000	     26.9764	      0.0000
      0.0000	      0.0000	      0.0000	      0.0000
      0.0000	      0.0000	      0.0000	      0.0000
      0.0000	      0.0000	      0.0000	      0.0000
      2.8420	      0.9768	     53.5322	     -0.5863
      0.0000	      0.0000	      0.0000	      0.0000
      0.0000	      0.0000	      0.0000	      0.0000
      0.0000	      0.0000	      0.0000	      0.0000
      3.8191	      0.0000	      9.0245	      0.0000
      0.0000	      0.0000	      0.0000	      0.0000
      0.0000	      0.0000	      0.0000	      0.0000
      0.0000	      0.0000	      0.0000	      0.0000
      3.7517	      0.0000	      0.0000	      0.0000
      0.0000	      0.0000	      0.0000	      0.0000
      0.0000	      0.0000	      0.0000	      0.0000
      0.0000	      0.0000	      0.0000	      0.0000
      9.9754	     31.9664	     54.4992	     17.2554
      0.0000	      0.0000	      0.0000	      0.0000
      0.0000	      0.0000	      0.0000	      0.0000
      0.0000	      0.0000	      0.0000	      0.0000
     -0.4747	     -3.5473	     46.0958	      0.0000
      0.0000	      0.0000	      0.0000	      0.0000
      0.0000	      0.0000	      0.0000	      0.0000
      0.0000	      0.0000	      0.0000	      0.0000
     13.2696	      0.0000	      0.0000	      0.0000
      0.0000	      0.0000	      0.0000	      0.0000
      0.0000	      0.0000	      0.0000	      0.0000
      0.0000	      0.0000	      0.0000	      0.0000
     -0.0786	     -1.0279	     36.9495	      0.0000
      0.0000	      0.0000	      0.0000	      0.0000
      0.0000	      0.0000	      0.0000	      0.0000
      0.0000	      0.0000	      0.0000	      0.0000
     -1.3526	     -0.4828	      5.2380	      0.2361
      0.0000	      0.0000	      0.0000	      0.0000
      0.0000	      0.0000	      0.0000	      0.0000
      0.0000	      0.0000	      0.0000	      0.0000
     11.9079	      0.0000	      0.0000	      0.0000
      0.0000	      0.0000	      0.0000	      0.0000
      0.0000	      0.0000	      0.0000	      0.0000
      0.0000	      0.0000	      0.0000	      0.0000
    -20.0587	     -0.0859	     -2.4689	      0.0000
      0.0000	      0.0000	      0.0000	      0.0000
      0.0000	      0.0000	      0.0000	      0.0000
      0.0000	      0.0000	      0.0000	      0.0000
     -9.6812	    -21.6964	    -14.0916	     -8.9338
      0.0000	      0.0000	      0.0000	      0.0000
      0.0000	      0.0000	      0.0000	      0.0000
      0.0000	      0.0000	      0.0000	      0.0000
     -5.4268	     -3.0209	     -6.6633	     -6.4557
      0.0000	      0.0000	      0.0000	      0.0000
     -3.9878	     -4.4077	      0.0000	      0.0000
      0.0000	      0.0000	      0.0000	      0.0000
      6.5059	     22.9424	      0.0000	      0.0000
      0.0000	      0.0000	      0.0000	      0.0000
      0.0000	      0.0000	      0.0000	      0.0000
      0.0000	      0.0000	      0.0000	      0.0000
     40.8197	      0.0000	      0.0000	      0.0000
      5.4689	      0.0000	      0.0000	      0.0000
      6.9616	      0.0000	      0.0000	      0.0000
      0.0000	      0.0000	      0.0000	      0.0000
     -1.6952	     23.0431	     -2.6617	     -2.0426
      0.0000	      0.0000	      0.0000	      0.0000
      0.0000	      0.0000	      0.0000	      0.0000
      0.0000	      0.0000	      0.0000	      0.0000
     11.5321	     35.7860	     12.2597	     12.9982
      0.0000	      0.0000	      0.0000	      0.0000
      0.0000	      0.0000	      0.0000	      0.0000
      0.0000	      0.0000	      0.0000	      0.0000
     46.4423	      0.0000	      0.4874	      6.4482
      0.0000	      0.0000	      0.0000	      0.0000
      0.0000	      0.0000	      0.0000	      0.0000
      0.0000	      0.0000	      0.0000	      0.0000
     12.1553	     33.2698	      0.0000	     11.9542
      0.0000	      0.0000	      0.0000	      0.0000
      0.0000	      0.0000	      0.0000	      0.0000
      0.0000	      0.0000	      0.0000	      0.0000
     42.8738	     21.7639	     26.5268	     26.2189
      0.0000	      0.0000	      0.0000	      0.0000
      0.0000	      0.0000	      0.0000	      0.0000
      0.0000	      0.0000	      0.0000	      0.0000
     17.1166	     -3.7611	     17.9066	     32.3127
      0.0000	      0.0000	      0.0000	      0.0000
      0.0000	      0.0000	      0.0000	      0.0000
      0.0000	      0.0000	      0.0000	      0.0000
     36.9648	     10.2974	      0.0000	      0.0000
      0.0000	      0.0000	      0.0000	      0.0000
      0.0000	      0.0000	      0.0000	      0.0000
      0.0000	      0.0000	      0.0000	      0.0000
      8.5045	      5.2316	     30.6462	      5.2111
      0.0000	      0.0000	      0.0000	      0.0000
      0.0000	      0.0000	      0.0000	      0.0000
      0.0000	      0.0000	      0.0000	      0.0000
     -1.8350	     -2.7274	     -1.3692	     20.9628
      0.0000	      0.0000	      0.0000	      0.0000
      0.0000	      0.0000	      0.0000	      0.0000
      0.0000	      0.0000	      0.0000	      0.0000
     22.7814	      0.0000	      0.0000	      1.5359
      0.0000	      0.0000	      0.0000	      0.0000
      0.0000	      0.0000	      0.0000	      0.0000
      0.0000	      0.0000	      0.0000	      0.0000
     -0.1224	      3.2794	      0.0000	      0.0000
      0.0000	      0.0000	      0.0000	      0.0000
      0.0000	      0.0000	      0.0000	      0.0000
      0.0000	      0.0000	      0.0000	      0.0000
    -10.0345	    -11.1904	     -9.8743	     -9.5730
      3.1666	      0.0000	      0.0000	      0.0000
      0.0000	      0.0000	      0.0000	      0.0000
      0.0000	      0.0000	      0.0000	      0.0000
    -18.1533	    -20.0330	    -19.6439	    -21.1326
     -4.9094	      0.0000	      0.0000	      0.0000
     -3.6271	     -2.4107	      0.0000	      0.0000
      0.0000	      0.0000	      0.0000	      0.0000
     -1.2400	     12.9790	    -10.2243	     -0.8855
      0.0000	      0.0000	      0.0000	      0.0000
     -1.0622	      5.2748	      0.0000	      0.0000
      0.0000	      0.0000	      0.0000	      0.0000
     32.4856	      7.7113	      0.0000	      1.6770
      0.0000	      0.0000	      0.0000	      0.0000
     10.5311	      2.6260	      0.0000	      0.0000
      0.0000	      0.0000	      0.0000	      0.0000
     -6.5742	     -0.6677	    -11.4484	     -8.8723
      0.0000	      0.0000	      0.0000	      0.0000
      0.0000	      0.0000	      0.0000	      0.0000
      0.0000	      0.0000	      0.0000	      0.0000
      4.4143	     22.7989	     -8.2274	     -4.6929
      0.0000	      0.0000	      0.0000	      0.0000
      0.0000	      0.0000	      0.0000	      0.0000
      0.0000	      0.0000	      0.0000	      0.0000
     28.9346	      0.0000	      0.0000	      0.0000
      0.0000	      0.0000	      0.0000	      0.0000
      0.0000	      0.0000	      0.0000	      0.0000
      0.0000	      0.0000	      0.0000	      0.0000
      7.2547	     26.4169	     -5.0160	      1.2597
      0.0000	      0.0000	      0.0000	      0.0000
      0.0000	      0.0000	      0.0000	      0.0000
      0.0000	      0.0000	      0.0000	      0.0000
     23.6085	     13.4811	      2.7155	     12.4568
      0.0000	      0.0000	      0.0000	      0.0000
      0.0000	      0.0000	      0.0000	      0.0000
      0.0000	      0.0000	      0.0000	      0.0000
     -2.5545	      2.3211	     -6.7488	     22.8629
      0.0000	      0.0000	      0.0000	      0.0000
      0.0000	      0.0000	      0.0000	      0.0000
      0.0000	      0.0000	      0.0000	      0.0000
     31.9761	      5.1701	     -2.3648	     13.7922
      0.0000	      0.0000	      0.0000	      0.0000
      0.0000	      0.0000	      0.0000	      0.0000
      0.0000	      0.0000	      0.0000	      0.0000
      8.5380	      6.6161	     -6.5561	     24.1253
      0.0000	      0.0000	      0.0000	      0.0000
      0.0000	      0.0000	      0.0000	      0.0000
      0.0000	      0.0000	      0.0000	      0.0000
     -6.4783	     -7.9733	     -9.0278	     17.8852
      0.0000	      0.0000	      0.0000	      0.0000
      0.0000	      0.0000	      0.0000	      0.0000
      0.0000	      0.0000	      0.0000	      0.0000
     35.7918	      5.3787	     -1.8732	      0.0000
      6.7511	      0.0000	      0.0000	      0.0000
      0.0000	      0.0000	      0.0000	      0.0000
      0.0000	      0.0000	      0.0000	      0.0000
      0.4764	     -4.2282	     -7.9210	     29.4752
     -1.6333	      4.8009	      0.0000	      0.0000
      0.0000	      0.0000	      0.0000	      0.0000
      0.0000	      0.0000	      0.0000	      0.0000
     -3.9816	     -3.2859	    -11.0190	      6.4879
     -4.1123	     -2.6282	    -10.9051	      0.0000
      0.0000	      0.0000	      0.0000	      0.0000
      0.0000	      0.0000	      0.0000	      0.0000
    -32.0390	    -31.3310	    -31.4221	    -25.8237
      0.0000	      0.0000	      0.0000	      0.0000
      0.0000	      0.0000	      0.0000	      0.0000
      0.0000	      0.0000	      0.0000	      0.0000
      0.0000	      0.0000	      0.0000	      0.0000
      0.0000	      0.0000	      0.0000	      0.0000
      0.0000	      0.0000	      0.0000	      0.0000
      0.0000	      0.0000	      0.0000	      0.0000
    -12.6206	    -13.8692	     -0.6586	      4.6029
      0.0000	      0.0000	      0.0000	      0.0000
     -6.1231	      0.0000	      0.0000	      0.0000
      0.0000	      0.0000	      0.0000	      0.0000
      0.0000	      0.0000	      0.0000	      0.0000
      0.0000	      0.0000	      0.0000	      0.0000
      0.0000	      0.0000	      0.0000	      0.0000
      0.0000	      0.0000	      0.0000	      0.0000
      0.0000	      0.0000	      7.8279	      1.3455
      0.0000	      0.0000	      0.0000	      0.0000
      0.0000	      0.0000	      0.0000	      0.0000
      0.0000	      0.0000	      0.0000	      0.0000
      0.0000	      0.0000	      0.0000	      0.0000
      0.0000	      0.0000	      0.0000	      0.0000
      0.0000	      0.0000	      0.0000	      0.0000
      0.0000	      0.0000	      0.0000	      0.0000
      2.7381	      0.0000	      0.0000	      0.0000
      0.0000	      0.0000	      0.0000	      0.0000
      0.0000	      0.0000	      0.0000	      0.0000
      0.0000	      0.0000	      0.0000	      0.0000
     20.3545	      0.0000	      0.0000	      0.0000
      0.0000	      0.0000	      0.0000	      0.0000
      0.0000	      0.0000	      0.0000	      0.0000
      0.0000	      0.0000	      0.0000	      0.0000
      0.0000	      0.0000	      0.0000	      0.0000
      0.0000	      0.0000	      0.0000	      0.0000
      0.0000	      0.0000	      0.0000	      0.0000
      0.0000	      0.0000	      0.0000	      0.0000
      0.0000	      0.0000	      0.0000	      0.0000
      0.0000	      0.0000	      0.0000	      0.0000
      0.0000	      0.0000	      0.0000	      0.0000
      0.0000	      0.0000	      0.0000	      0.0000
      6.8835	      0.0000	     40.7192	      2.4963
      0.0000	      0.0000	      0.0000	      0.0000
      0.0000	      0.0000	      0.0000	      0.0000
      0.0000	      0.0000	      0.0000	      0.0000
      0.0000	      0.0000	      0.0000	      0.0000
      0.0000	      0.0000	      0.0000	      0.0000
      0.0000	      0.0000	      0.0000	      0.0000
      0.0000	      0.0000	      0.0000	      0.0000
      7.7169	      0.0000	      0.0000	      0.0000
      0.0000	      0.0000	      0.0000	      0.0000
      6.3449	      0.0000	      0.0000	      0.0000
      0.0000	      0.0000	      0.0000	      0.0000
      0.0395	      0.0000	      0.0000	      7.0177
      0.0000	      0.0000	      0.0000	      0.0000
      0.0000	      0.0000	      0.0000	      0.0000
      0.0000	      0.0000	      0.0000	      0.0000
     -2.9628	     -6.2888	     -3.3932	      0.0000
      0.0000	      0.0000	      0.0000	      0.0000
      0.0000	      0.0000	      0.0000	      0.0000
      0.0000	      0.0000	      0.0000	      0.0000
    -26.8486	    -29.2668	    -38.9602	    -31.5480
      0.0000	      0.0000	      0.0000	      0.0000
     -6.5531	     -3.6025	      0.0000	    -12.5972
      0.0000	      0.0000	      0.0000	      0.0000
     -0.6864	     13.7572	      0.0000	      0.0000
      0.0000	      0.0000	      0.0000	      0.0000
      0.0000	      0.0000	      0.0000	      0.0000
      0.0000	      0.0000	      0.0000	      0.0000
     14.0119	      0.0000	      0.0000	      3.7272
      0.0000	      0.0000	      0.0000	      0.0000
      0.0000	      0.0000	      0.0000	      0.0000
      0.0000	      0.0000	      0.0000	      0.0000
     -2.1653	      8.1466	     -4.7417	     -3.5215
      0.0000	      0.0000	      0.0000	      0.0000
      0.0000	      0.0000	      0.0000	      0.0000
      0.0000	      0.0000	      0.0000	      0.0000
     -0.7368	     17.4296	     -3.0751	      0.0000
      0.0000	      0.0000	      0.0000	      0.0000
      0.0000	      0.0000	      0.0000	      0.0000
      0.0000	      0.0000	      0.0000	      0.0000
      0.0000	     21.4032	     -0.7089	      0.0000
      0.0000	      0.0000	      0.0000	      0.0000
      0.0000	      0.0000	      0.0000	      0.0000
      0.0000	      0.0000	      0.0000	      0.0000
     -2.1483	     34.5952	      0.0000	      0.0000
      0.0000	      0.0000	      0.0000	      0.0000
      0.0000	      0.0000	      0.0000	      0.0000
      0.0000	      0.0000	      0.0000	      0.0000
      6.9432	     30.7979	      3.9474	      0.0000
      0.0000	      0.0000	      0.0000	      0.0000
      0.0000	      0.0000	      0.0000	      0.0000
      0.0000	      0.0000	      0.0000	      0.0000
      1.6265	      0.0000	      0.0000	      4.6281
      0.0000	      0.0000	      0.0000	      0.0000
      0.0000	      0.0000	      0.0000	      0.0000
      0.0000	      0.0000	      0.0000	      0.0000
      5.7945	      0.0000	      0.0000	      0.0000
      0.0000	      0.0000	      0.0000	      0.0000
      0.0000	      0.0000	      0.0000	      0.0000
      0.0000	      0.0000	      0.0000	      0.0000
      0.4939	      3.0877	     32.0471	      0.0000
      0.0000	      0.0000	      0.0000	      0.0000
      0.0000	      0.0000	      0.0000	      0.0000
      0.0000	      0.0000	      0.0000	      0.0000
      0.0000	      0.0000	      0.0000	      0.0000
      0.0000	      0.0000	      0.0000	      0.0000
      0.0000	      0.0000	      0.0000	      0.0000
      0.0000	      0.0000	      0.0000	      0.0000
     15.1283	      4.6516	      0.0000	      0.0000
      0.0000	      0.0000	      0.0000	      0.0000
      0.0000	      0.0000	      0.0000	      0.0000
      0.0000	      0.0000	      0.0000	      0.0000
     -0.4588	     -1.2533	      6.9386	      0.0000
      0.0000	      0.0000	      0.0000	      0.0000
      0.0000	      0.0000	      0.0000	      0.0000
      0.0000	      0.0000	      0.0000	      0.0000
     -3.0323	     -3.6686	      1.6268	      0.0000
      1.7286	      0.0000	      0.0000	      0.0000
      0.0000	      0.0000	      0.0000	      0.0000
      0.0000	      0.0000	      0.0000	      0.0000
    -13.6242	     -7.6008	    -15.0047	     -9.9651
      0.0000	      0.0000	      0.0000	      0.0000
     -7.4873	     -1.6603	    -12.6821	      0.0000
      0.0000	      0.0000	      0.0000	      0.0000
      3.5073	      0.6464	      0.0000	     -1.7934
      0.0000	      0.0000	      0.0000	      0.0000
     -0.4015	      1.6372	      0.0000	      0.0000
      0.0000	      0.0000	      0.0000	      0.0000
     11.0045	      0.0000	      0.0000	      0.0000
      0.0000	      0.0000	      0.0000	      0.0000
     -0.1759	      0.0000	      0.0000	      0.0000
      0.0000	      0.0000	      0.0000	      0.0000
     -4.4211	      3.7301	     -5.7572	     -2.7405
      0.0000	      0.0000	      0.0000	      0.0000
      0.0000	      0.0000	      0.0000	      0.0000
      0.0000	      0.0000	      0.0000	      0.0000
     -0.6166	     13.2007	      0.0000	      0.0000
      0.0000	      0.0000	      0.0000	      0.0000
      0.0000	      0.0000	      0.0000	      0.0000
      0.0000	      0.0000	      0.0000	      0.0000
      6.1788	      0.0000	      0.0000	      0.0000
      0.0000	      0.0000	      0.0000	      0.0000
      0.0000	      0.0000	      0.0000	      0.0000
      0.0000	      0.0000	      0.0000	      0.0000
     -2.3331	     35.0025	      0.0000	      0.0000
      0.0000	      0.0000	      0.0000	      0.0000
      0.0000	      0.0000	      0.0000	      0.0000
      0.0000	      0.0000	      0.0000	      0.0000
     -0.2526	     21.7162	      0.0000	      0.0000
      0.0000	      0.0000	      0.0000	      0.0000
      0.0000	      0.0000	      0.0000	      0.0000
      0.0000	      0.0000	      0.0000	      0.0000
     -1.3637	     -0.1072	     -4.3740	     -0.9409
      0.0000	      0.0000	      0.0000	      0.0000
      0.0000	      0.0000	      0.0000	      0.0000
      0.0000	      0.0000	      0.0000	      0.0000
     21.1285	      7.2729	      0.0000	      0.0000
      0.0000	      0.0000	      0.0000	      0.0000
      0.0000	      0.0000	      0.0000	      0.0000
      0.0000	      0.0000	      0.0000	      0.0000
     19.0682	      5.5750	     -0.7321	      0.0000
      0.0000	      0.0000	      0.0000	      0.0000
      0.0000	      0.0000	      0.0000	      0.0000
      0.0000	      0.0000	      0.0000	      0.0000
     -1.3895	     -5.9712	     -1.8696	      0.0000
      0.0000	      0.0000	      0.0000	      0.0000
      0.0000	      0.0000	      0.0000	      0.0000
      0.0000	      0.0000	      0.0000	      0.0000
      0.0000	      0.0000	      0.0000	     27.2435
      1.9611	      0.0000	      0.0000	      0.0000
      0.0000	      8.7692	     -1.4140	      0.0000
      0.0000	      0.0000	      0.0000	      0.0000
      0.0000	      0.0000	      0.0000	      0.0000
      0.0000	      0.0000	      0.0000	      0.0000
      0.0000	      0.0000	      0.0000	      0.0000
      0.0000	      0.0000	      0.0000	      0.0000
      0.0000	      0.0000	      0.0000	      0.0000
      0.0000	      0.0000	      0.0000	      0.0000
      0.0000	      0.0000	      0.0000	      0.0000
      0.0000	      0.0000	      0.0000	      0.0000
     -3.2484	     -3.5124	      0.4453	      0.0000
      0.0000	      0.0000	      0.0000	      0.0000
      0.0000	      0.0000	      0.0000	      0.0000
      0.0000	      0.0000	      0.0000	      0.0000
      0.0000	      0.0000	      0.0000	      0.0000
      0.0000	      0.0000	      0.0000	      0.0000
      0.0000	      0.0000	      0.0000	      0.0000
      0.0000	      0.0000	      0.0000	      0.0000
      0.0000	      0.0000	      0.0000	      0.0000
      0.0000	      0.0000	      0.0000	      0.0000
      0.0000	      0.0000	      0.0000	      0.0000
      0.0000	      0.0000	      0.0000	      0.0000
     -3.2681	      0.0000	      0.0000	      0.0000
      0.0000	      0.0000	      0.0000	      0.0000
      0.0000	      0.0000	      0.0000	      0.0000
      0.0000	      0.0000	      0.0000	      0.0000
      4.5894	      0.0000	     31.9219	      0.0000
      0.0000	      0.0000	      0.0000	      0.0000
      0.0000	      0.0000	      0.0000	      0.0000
      0.0000	      0.0000	      0.0000	      0.0000
      8.5403	      0.0000	      0.0000	      0.0000
      0.0000	      0.0000	      0.0000	      0.0000
      0.0000	      0.0000	      0.0000	      0.0000
      0.0000	      0.0000	      0.0000	      0.0000
     -0.5899	     -0.6381	      1.6477	      0.0000
      0.0000	      0.0000	      0.0000	      0.0000
      0.0000	      0.0000	      0.0000	      0.0000
      0.0000	      0.0000	      0.0000	      0.0000
     19.9800	      1.1901	      0.0000	      2.0903
      0.0000	      0.0000	      0.0000	      0.0000
      0.0000	      0.0000	      0.0000	      0.0000
      0.0000	      0.0000	      0.0000	      0.0000
      2.3227	      0.0000	      0.0000	      0.0000
      0.0000	      0.0000	      0.0000	      0.0000
      0.0000	      0.0000	      0.0000	      0.0000
      0.0000	      0.0000	      0.0000	      0.0000
      4.1223	      0.0000	      0.0000	      0.0000
      0.0000	      0.0000	      0.0000	      0.0000
      0.0000	      0.0000	      0.0000	      0.0000
      0.0000	      0.0000	      0.0000	      0.0000
      1.2033	      0.0000	      0.0000	     20.1858
      0.0000	      0.0000	      0.0000	      0.0000
      0.0000	      0.0000	      0.0000	      0.0000
      0.0000	      0.0000	      0.0000	      0.0000
     -2.3615	     -5.4765	     -1.8586	      6.3716
      0.0000	      0.0000	      0.0000	      0.0000
      0.0000	      0.0000	      0.0000	      0.0000
      0.0000	      0.0000	      0.0000	      0.0000
      0.0000	      0.0000	      0.0000	      0.0000
      0.0000	      0.0000	      0.0000	      0.0000
      0.0000	      0.0000	      0.0000	      0.0000
      0.0000	      0.0000	      0.0000	      0.0000
      4.7199	      0.0000	     -3.2512	      0.0000
      0.0000	      0.0000	      0.0000	      0.0000
      0.0000	      0.0000	      0.0000	      0.0000
      0.0000	      0.0000	      0.0000	      0.0000
    -19.0224	    -18.3043	    -19.7247	    -13.4240
      0.0000	      0.0000	      0.0000	      0.0000
      0.0000	      0.0000	      0.0000	      0.0000
      0.0000	      0.0000	      0.0000	      0.0000
     -1.9638	     -1.7440	      0.0000	      0.0000
      0.0000	      0.0000	      0.0000	      0.0000
      0.0000	      0.0000	      0.0000	      0.0000
      0.0000	      0.0000	      0.0000	      0.0000
     -0.6234	     -0.7828	      4.2555	      0.0000
      0.0000	      0.0000	      0.0000	      0.0000
      0.0000	      0.0000	      0.0000	      0.0000
      0.0000	      0.0000	      0.0000	      0.0000
      0.0000	      0.0000	      0.0000	      0.0000
      0.0000	      0.0000	      0.0000	      0.0000
      0.0000	      0.0000	      0.0000	      0.0000
      0.0000	      0.0000	      0.0000	      0.0000
     -4.8389	     -4.6964	     -2.4123	     -0.2145
      0.0000	      0.0000	      0.0000	      0.0000
      0.0000	      0.0000	      0.0000	      0.0000
      0.0000	      0.0000	      0.0000	      0.0000
      4.3216	      3.2153	     23.5386	      0.0000
      0.0000	      0.0000	      0.0000	      0.0000
      0.0000	      0.0000	      0.0000	      0.0000
      0.0000	      0.0000	      0.0000	      0.0000
      0.0000	      0.0000	      0.0000	     16.9485
      0.0000	      0.0000	      0.0000	      0.0000
      0.0000	      0.0000	      0.0000	      0.0000
      0.0000	      0.0000	      0.0000	      0.0000
     -0.8149	      2.7573	      0.0000	      0.0000
      0.0000	      0.0000	      0.0000	      0.0000
      0.0000	      0.0000	      0.0000	      0.0000
      0.0000	      0.0000	      0.0000	      0.0000
     16.7515	      0.0000	      7.3522	      0.0000
      0.0000	      0.0000	      0.0000	      0.0000
      0.0000	      0.0000	      0.0000	      0.0000
      0.0000	      0.0000	      0.0000	      0.0000
     -1.3274	     -0.7498	     -1.7067	     30.9154
      0.0000	      0.0000	      0.0000	      0.0000
      0.0000	      0.0000	      0.0000	      0.0000
      0.0000	      0.0000	      0.0000	      0.0000
      9.7094	      0.0000	      0.0000	      0.0000
      0.0000	      0.0000	      0.0000	      0.0000
      0.0000	      0.0000	      0.0000	      0.0000
      0.0000	      0.0000	      0.0000	      0.0000
     -0.2757	     -2.2469	      2.6726	      0.0000
      0.0000	      0.0000	      0.0000	      0.0000
      0.0000	      0.0000	      0.0000	      0.0000
      0.0000	      0.0000	      0.0000	      0.0000
     -1.3301	    -10.5203	     -4.0403	     12.3231
      0.0000	      0.0000	      0.0000	      0.0000
      0.0000	      0.0000	      0.0000	      0.0000
      0.0000	      0.0000	      0.0000	      0.0000
      0.0000	      0.0000	      0.0000	     19.1739
      0.0000	      0.0000	      0.0000	      0.0000
      0.0000	      0.0000	      0.0000	      0.0000
      0.0000	      0.0000	      0.0000	      0.0000
      0.0941	     -4.0944	      0.0000	      0.0000
      0.0000	      0.0000	      0.0000	      0.0000
      0.0000	      0.0000	      0.0000	      0.0000
      0.0000	      0.0000	      0.0000	      0.0000
    -18.2479	    -16.4508	    -24.3744	    -17.5032
      0.0000	      0.0000	      0.0000	      0.0000
      0.0000	      0.0000	      0.0000	      0.0000
      0.0000	      0.0000	      0.0000	      0.0000
     -6.7117	     -8.3454	     -5.9723	     -4.3144
      0.0000	      0.0000	      0.0000	      0.0000
      0.0000	      0.0000	      0.0000	      0.0000
      0.0000	      0.0000	      0.0000	      0.0000
     -1.2082	     -0.1760	     -2.8738	      0.0000
      0.0000	      0.0000	      0.0000	      0.0000
      0.0000	      0.0000	      0.0000	      0.0000
      0.0000	      0.0000	      0.0000	      0.0000
      0.0000	      0.0000	      0.0000	      0.0000
      0.0000	      0.0000	      0.0000	      0.0000
      0.0000	      0.0000	      0.0000	      0.0000
      0.0000	      0.0000	      0.0000	      0.0000
     -6.8632	     -4.2163	     -6.9792	     -5.2298
      0.0000	      0.0000	      0.0000	      0.0000
      0.0000	      0.0000	      0.0000	      0.0000
      0.0000	      0.0000	      0.0000	      0.0000
     14.3010	      3.7923	     -4.2814	     -1.5409
      0.0000	      0.0000	      0.0000	      0.0000
      0.0000	      0.0000	      0.0000	      0.0000
      0.0000	      0.0000	      0.0000	      0.0000
      1.1453	      0.0000	      6.5340	      0.0000
      0.0000	      0.0000	      0.0000	      0.0000
      0.0000	      0.0000	      0.0000	      0.0000
      0.0000	      0.0000	      0.0000	      0.0000
     -1.8757	     -2.6437	     -3.0299	     -3.1705
      0.0000	      0.0000	      0.0000	      0.0000
      0.0000	      0.0000	      0.0000	      0.0000
      0.0000	      0.0000	      0.0000	      0.0000
     -0.1144	     -1.3255	    -11.6227	     17.9623
      0.0000	      0.0000	      0.0000	      0.0000
      0.0000	      0.0000	      0.0000	      0.0000
      0.0000	      0.0000	      0.0000	      0.0000
     -1.5126	     -3.2504	     -1.2078	     21.9199
      0.0000	      0.0000	      0.0000	      0.0000
      0.0000	      0.0000	      0.0000	      0.0000
      0.0000	      0.0000	      0.0000	      0.0000
     13.1718	      0.0000	      0.0000	      0.0000
      0.0000	      0.0000	      0.0000	      0.0000
      0.0000	      0.0000	      0.0000	      0.0000
      0.0000	      0.0000	      0.0000	      0.0000
     -0.3299	     -0.6625	     -4.9704	     17.0366
      0.0000	      0.0000	      0.0000	      0.0000
      0.0000	      0.0000	      0.0000	      0.0000
      0.0000	      0.0000	      0.0000	      0.0000
     -3.4922	     -3.5642	     -6.4712	     -1.9457
      0.0000	      0.0000	      0.0000	      0.0000
      0.0000	      0.0000	      0.0000	      0.0000
      0.0000	      0.0000	      0.0000	      0.0000
      3.0900	      0.0000	     -2.8015	     27.4159
      0.0000	      0.0000	      0.0000	      0.0000
      0.0000	      0.0000	      0.0000	      0.0000
      0.0000	      0.0000	      0.0000	      0.0000
      3.0963	     -2.5858	     -7.5260	     13.1243
      0.0000	      0.0000	      0.0000	      0.0000
      0.0000	      0.0000	      0.0000	      0.0000
      0.0000	      0.0000	      0.0000	      0.0000
     -7.2156	     -7.9429	    -11.8909	     -4.1651
      0.0000	      0.0000	      0.0000	      0.0000
      0.0000	      0.0000	      0.0000	      0.0000
      0.0000	      0.0000	      0.0000	      0.0000
    -13.6630	    -11.1181	    -15.6584	     -9.7033
      0.0000	      0.0000	      0.0000	      0.0000
      0.0000	      0.0000	      0.0000	      0.0000
      0.0000	      0.0000	      0.0000	      0.0000
      0.0000	      6.5629	      1.4715	      0.3601
      0.0000	      0.0000	      0.0000	      0.0000
      0.0000	      0.0000	      0.0000	      0.0000
      0.0000	      0.0000	      0.0000	      0.0000
      7.8648	      0.0000	      0.0000	      0.0000
      0.0000	      0.0000	      0.0000	      0.0000
      0.0000	      0.0000	      0.0000	      0.0000
      0.0000	      0.0000	      0.0000	      0.0000
     -3.8048	     -0.4328	     10.2521	      0.0000
      0.0000	      0.0000	      0.0000	      0.0000
      0.0000	      0.0000	      0.0000	      0.0000
      0.0000	      0.0000	      0.0000	      0.0000
     12.2179	     43.0720	      0.0000	      1.9773
      0.0000	      0.0000	      0.0000	      0.0000
      0.0000	      0.0000	      0.0000	      0.0000
      0.0000	      0.0000	      0.0000	      0.0000
     31.6805	     18.5817	     10.0158	      0.0000
      0.0000	      0.0000	      0.0000	      0.0000
      0.0000	      0.0000	      0.0000	      0.0000
      0.0000	      0.0000	      0.0000	      0.0000
     -0.5031	     -0.3178	     35.7976	      0.0000
      0.0000	      0.0000	      0.0000	      0.0000
      0.0000	      0.0000	      0.0000	      0.0000
      0.0000	      0.0000	      0.0000	      0.0000
     48.2425	     11.6113	     23.6982	     17.9546
      0.0000	      0.0000	      0.0000	      0.0000
      0.0000	      0.0000	      0.0000	      0.0000
      0.0000	      0.0000	      0.0000	      0.0000
     -0.2284	      2.0724	     47.9068	      0.0000
      0.0000	      0.0000	      0.0000	      0.0000
      0.0000	      0.0000	      0.0000	      0.0000
      0.0000	      0.0000	      0.0000	      0.0000
     16.7078	      0.0000	      0.0000	      0.0000
      0.0000	      0.0000	      0.0000	      0.0000
      0.0000	      0.0000	      0.0000	      0.0000
      0.0000	      0.0000	      0.0000	      0.0000
      7.8957	      0.0000	     31.8259	      5.6240
      0.0000	      0.0000	      0.0000	      0.0000
      0.0000	      0.0000	      0.0000	      0.0000
      0.0000	      0.0000	      0.0000	      0.0000
     -0.9451	     -2.0710	     15.8918	      0.0000
      0.0000	      0.0000	      0.0000	      0.0000
      0.0000	      0.0000	      0.0000	      0.0000
      0.0000	      0.0000	      0.0000	      0.0000
     13.4840	      1.1256	      0.0000	      0.0000
      0.0000	      0.0000	      0.0000	      0.0000
      0.0000	      0.0000	      0.0000	      0.0000
      0.0000	      0.0000	      0.0000	      0.0000
      2.1876	      0.0000	      0.0000	      0.0000
      0.0000	      0.0000	      0.0000	      0.0000
      0.0000	      0.0000	      0.0000	      0.0000
      0.0000	      0.0000	      0.0000	      0.0000
    -10.6930	     -6.4883	     -6.8425	     -1.0359
      0.0000	      0.0000	      0.0000	      0.0000
      0.0000	      0.0000	      0.0000	      0.0000
      0.0000	      0.0000	      0.0000	      0.0000
    -14.5318	     -9.0752	    -24.8174	    -14.0971
      0.0000	      0.0000	      0.0000	      0.0000
      0.0000	      0.0000	      0.0000	      0.0000
      0.0000	      0.0000	      0.0000	      0.0000
      0.0000	     14.3109	      0.0000	      0.0000
      0.0000	      0.0000	      0.0000	      0.0000
      0.0000	      0.0000	      0.0000	      0.0000
      0.0000	      0.0000	      0.0000	      0.0000
     23.7613	      0.0000	      0.0000	      0.0000
      0.0000	      0.0000	      0.0000	      0.0000
      0.0000	      0.0000	      0.0000	      0.0000
      0.0000	      0.0000	      0.0000	      0.0000
     -6.1440	     23.8463	     -6.2299	     -6.9309
      0.0000	      0.0000	      0.0000	      0.0000
      0.0000	      0.0000	      0.0000	      0.0000
      0.0000	      0.0000	      0.0000	      0.0000
      5.1803	     27.5308	      2.3467	     -0.8809
      0.0000	      0.0000	      0.0000	      0.0000
      0.0000	      0.0000	      0.0000	      0.0000
      0.0000	      0.0000	      0.0000	      0.0000
     41.0318	      2.4002	      0.0000	      0.0000
      0.0000	      0.0000	      0.0000	      0.0000
      0.0000	      0.0000	      0.0000	      0.0000
      0.0000	      0.0000	      0.0000	      0.0000
      6.7839	     23.9662	     -2.4057	      3.2560
      0.0000	      0.0000	      0.0000	      0.0000
      0.0000	      0.0000	      0.0000	      0.0000
      0.0000	      0.0000	      0.0000	      0.0000
     31.5253	     23.2496	     22.9044	     23.0548
      0.0000	      0.0000	      0.0000	      0.0000
      0.0000	      0.0000	      0.0000	      0.0000
      0.0000	      0.0000	      0.0000	      0.0000
      5.7322	      3.4464	     10.0722	     31.5095
      0.0000	      0.0000	      0.0000	      0.0000
      0.0000	      0.0000	      0.0000	      0.0000
      0.0000	      0.0000	      0.0000	      0.0000
     33.0945	      6.4906	      7.3544	      5.2899
      0.0000	      0.0000	      0.0000	      0.0000
      0.0000	      0.0000	      0.0000	      0.0000
      0.0000	      0.0000	      0.0000	      0.0000
      7.8586	      7.3290	      0.5768	     36.2693
      0.0000	      0.0000	      0.0000	      0.0000
      0.0000	      0.0000	      0.0000	      0.0000
      0.0000	      0.0000	      0.0000	      0.0000
     -2.0592	     -3.0627	     -3.9600	     12.4008
      0.0000	      0.0000	      0.0000	      0.0000
      0.0000	      0.0000	      0.0000	      0.0000
      0.0000	      0.0000	      0.0000	      0.0000
     18.8428	      0.0000	      0.0000	      6.6282
      0.0000	      0.0000	      0.0000	      0.0000
      0.0000	      0.0000	      0.0000	      0.0000
      0.0000	      0.0000	      0.0000	      0.0000
     -0.7306	     -4.0644	     -6.1049	     12.0360
      0.0000	      0.0000	      0.0000	      0.0000
      0.0000	      0.0000	      0.0000	      0.0000
      0.0000	      0.0000	      0.0000	      0.0000
     -6.9870	     -8.3441	    -12.0566	     -0.3998
      0.0000	      0.0000	      0.0000	      0.0000
      0.0000	      0.0000	      0.0000	      0.0000
      0.0000	      0.0000	      0.0000	      0.0000
    -20.4898	    -13.2266	    -19.2049	    -18.4058
      0.0000	      0.0000	      0.0000	      0.0000
      0.0000	      0.0000	      0.0000	      0.0000
      0.0000	      0.0000	      0.0000	      0.0000
      0.4822	     15.2154	     -6.3505	     -2.4929
      0.0000	      0.0000	      0.0000	      0.0000
      0.0000	      0.0000	      0.0000	      0.0000
      0.0000	      0.0000	      0.0000	      0.0000
     23.3257	      0.0000	      0.0000	      0.0000
      0.0000	      0.0000	      0.0000	      0.0000
      0.0000	      0.0000	      0.0000	      0.0000
      0.0000	      0.0000	      0.0000	      0.0000
    -12.9505	      4.5719	    -18.2430	    -13.1935
      0.0000	      0.0000	      0.0000	      0.0000
      0.0000	      0.0000	      0.0000	      0.0000
      0.0000	      0.0000	      0.0000	      0.0000
     -1.2909	     22.3036	     -5.9512	     -3.0336
      0.0000	      0.0000	      0.0000	      0.0000
      0.0000	      0.0000	      0.0000	      0.0000
      0.0000	      0.0000	      0.0000	      0.0000
     25.0726	      3.5991	     -1.0746	      0.0000
      0.0000	      0.0000	      0.0000	      0.0000
      0.0000	      0.0000	      0.0000	      0.0000
      0.0000	      0.0000	      0.0000	      0.0000
     -6.4891	     18.2932	     -9.6883	    -10.3044
      0.0000	      0.0000	      0.0000	      0.0000
      0.0000	      0.0000	      0.0000	      0.0000
      0.0000	      0.0000	      0.0000	      0.0000
     19.1946	      7.7492	     -2.5234	      1.0963
      0.0000	      0.0000	      0.0000	      0.0000
      0.0000	      0.0000	      0.0000	      0.0000
      0.0000	      0.0000	      0.0000	      0.0000
     -4.7903	     -8.1914	     -8.2848	     18.4351
      0.0000	      0.0000	      0.0000	      0.0000
      0.0000	      0.0000	      0.0000	      0.0000
      0.0000	      0.0000	      0.0000	      0.0000
      0.0000	      2.4204	      0.0000	     24.0102
      0.0000	      0.0000	      0.0000	      0.0000
      0.0000	      0.0000	      0.0000	      0.0000
      0.0000	      0.0000	      0.0000	      0.0000
      0.0247	     -5.1095	     -9.6730	     19.4421
      0.0000	      0.0000	      0.0000	      0.0000
      0.0000	      0.0000	      0.0000	      0.0000
      0.0000	      0.0000	      0.0000	      0.0000
    -10.0278	    -11.7038	    -11.8985	      4.3724
      0.0000	      0.0000	      0.0000	      0.0000
      0.0000	      0.0000	      0.0000	      0.0000
      0.0000	      0.0000	      0.0000	      0.0000
      0.0000	      8.9245	     -3.7258	      0.0000
      0.0000	      0.0000	      0.0000	      0.0000
      0.0000	      0.0000	      0.0000	      0.0000
      0.0000	      0.0000	      0.0000	      0.0000
     -1.5100	     -1.5365	     -8.5459	      8.8202
      0.0000	      0.0000	      0.0000	      0.0000
      0.0000	      0.0000	      0.0000	      0.0000
      0.0000	      0.0000	      0.0000	      0.0000
    -20.1761	    -17.6745	    -25.5856	    -20.3446
      0.0000	      0.0000	      0.0000	      0.0000
      0.0000	      0.0000	      0.0000	      0.0000
      0.0000	      0.0000	      0.0000	      0.0000
    -15.8505	    -21.4179	    -15.4892	    -12.9130
      0.0000	      0.0000	      0.0000	      0.0000
      0.0000	      0.0000	      0.0000	      0.0000
      0.0000	      0.0000	      0.0000	      0.0000
      0.9117	      0.0000	      0.0000	      0.0000
      0.0000	      0.0000	      0.0000	      0.0000
      0.0000	      0.0000	      0.0000	      0.0000
      0.0000	      0.0000	      0.0000	      0.0000
      8.4789	      4.7601	     -1.1473	      0.0000
      0.0000	      0.0000	      0.0000	      0.0000
      0.0000	      0.0000	      0.0000	      0.0000
      0.0000	      0.0000	      0.0000	      0.0000
     -1.9332	      4.7080	      0.0000	      0.0000
      0.0000	      0.0000	      0.0000	      0.0000
      0.0000	      0.0000	      0.0000	      0.0000
      0.0000	      0.0000	      0.0000	      0.0000
      1.4150	      0.0000	      0.0000	      0.0000
      0.0000	      0.0000	      0.0000	      0.0000
      0.0000	      0.0000	      0.0000	      0.0000
      0.0000	      0.0000	      0.0000	      0.0000
      2.8846	      0.0000	      0.0000	      0.0000
      0.0000	      0.0000	      0.0000	      0.0000
      0.0000	      0.0000	      0.0000	      0.0000
      0.0000	      0.0000	      0.0000	      0.0000
     -1.7758	     -0.6716	      0.6865	     -0.0425
      0.0000	      0.0000	      0.0000	      0.0000
      0.0000	      0.0000	      0.0000	      0.0000
      0.0000	      0.0000	      0.0000	      0.0000
     14.4393	      0.0000	      5.1508	      0.0000
      0.0000	      0.0000	      0.0000	      0.0000
      0.0000	      0.0000	      0.0000	      0.0000
      0.0000	      0.0000	      0.0000	      0.0000
      0.0000	      0.0000	      0.0000	      0.0000
      0.0000	      0.0000	      0.0000	      0.0000
      0.0000	      0.0000	      0.0000	      0.0000
      0.0000	      0.0000	      0.0000	      0.0000
      0.0000	      0.0000	      0.0000	      0.0000
      0.0000	      0.0000	      0.0000	      0.0000
      0.0000	      0.0000	      0.0000	      0.0000
      0.0000	      0.0000	      0.0000	      0.0000
     15.1984	     -0.3313	      0.0000	      0.4121
      0.0000	      0.0000	      0.0000	      0.0000
      0.0000	      0.0000	      0.0000	      0.0000
      0.0000	      0.0000	      0.0000	      0.0000
     -2.7746	     -2.9181	      2.0701	      0.0000
      0.0000	      0.0000	      0.0000	      0.0000
      0.0000	      0.0000	      0.0000	      0.0000
      0.0000	      0.0000	      0.0000	      0.0000
      0.0000	      0.0000	      0.0000	      0.0000
      0.0000	      0.0000	      0.0000	      0.0000
      0.0000	      0.0000	      0.0000	      0.0000
      0.0000	      0.0000	      0.0000	      0.0000
      1.0000	      0.0000	     -1.6264	      0.0000
      0.0000	      0.0000	      0.0000	      0.0000
      0.0000	      0.0000	      0.0000	      0.0000
      0.0000	      0.0000	      0.0000	      0.0000
     -3.8892	     -4.2025	      8.7689	      0.0000
      0.0000	      0.0000	      0.0000	      0.0000
      0.0000	      0.0000	      0.0000	      0.0000
      0.0000	      0.0000	      0.0000	      0.0000
     -9.2075	     -1.2045	     -8.3876	     -7.5185
      0.0000	      0.0000	      0.0000	      0.0000
      0.0000	      0.0000	      0.0000	      0.0000
      0.0000	      0.0000	      0.0000	      0.0000
      2.6580	      0.0000	     -3.1494	      0.0000
      0.0000	      0.0000	      0.0000	      0.0000
      0.0000	      0.0000	      0.0000	      0.0000
      0.0000	      0.0000	      0.0000	      0.0000
     23.4316	      0.0000	     -0.3577	      0.0000
      0.0000	      0.0000	      0.0000	      0.0000
      0.0000	      0.0000	      0.0000	      0.0000
      0.0000	      0.0000	      0.0000	      0.0000
     -2.9147	      4.7124	     -2.9279	     -2.3193
      0.0000	      0.0000	      0.0000	      0.0000
      0.0000	      0.0000	      0.0000	      0.0000
      0.0000	      0.0000	      0.0000	      0.0000
     -0.0072	      9.5426	      0.0000	      0.0000
      0.0000	      0.0000	      0.0000	      0.0000
      0.0000	      0.0000	      0.0000	      0.0000
      0.0000	      0.0000	      0.0000	      0.0000
      1.5380	      0.0000	      0.0000	      0.0000
      0.0000	      0.0000	      0.0000	      0.0000
      0.0000	      0.0000	      0.0000	      0.0000
      0.0000	      0.0000	      0.0000	      0.0000
     -3.0115	     32.3250	      0.0000	      0.0000
      0.0000	      0.0000	      0.0000	      0.0000
      0.0000	      0.0000	      0.0000	      0.0000
      0.0000	      0.0000	      0.0000	      0.0000
      0.8036	     25.4579	      3.2738	      0.0000
      0.0000	      0.0000	      0.0000	      0.0000
      0.0000	      0.0000	      0.0000	      0.0000
      0.0000	      0.0000	      0.0000	      0.0000
     -1.5353	      2.9784	      0.0000	      0.0000
      0.0000	      0.0000	      0.0000	      0.0000
      0.0000	      0.0000	      0.0000	      0.0000
      0.0000	      0.0000	      0.0000	      0.0000
     23.5627	      0.0000	      2.3452	      0.0000
      0.0000	      0.0000	      0.0000	      0.0000
      0.0000	      0.0000	      0.0000	      0.0000
      0.0000	      0.0000	      0.0000	      0.0000
     19.8445	      0.0000	      6.0238	      6.2636
      0.0000	      0.0000	      0.0000	      0.0000
      0.0000	      0.0000	      0.0000	      0.0000
      0.0000	      0.0000	      0.0000	      0.0000
     -1.5444	     -1.6263	     -1.8384	     -1.4796
      0.0000	      0.0000	      0.0000	      0.0000
      0.0000	      0.0000	      0.0000	      0.0000
      0.0000	      0.0000	      0.0000	      0.0000
      4.8100	      0.0000	      0.0000	      0.0000
      0.0000	      0.0000	      0.0000	      0.0000
      0.0000	      0.0000	      0.0000	      0.0000
      0.0000	      0.0000	      0.0000	      0.0000
      7.2273	      0.0000	      0.0000	      0.0000
      0.0000	      0.0000	      0.0000	      0.0000
      0.0000	      0.0000	      0.0000	      0.0000
      0.0000	      0.0000	      0.0000	      0.0000
     -1.8063	     -2.1239	      0.0000	      0.0000
      0.0000	      0.0000	      0.0000	      0.0000
      0.0000	      0.0000	      0.0000	      0.0000
      0.0000	      0.0000	      0.0000	      0.0000
    -11.5850	    -11.4777	    -16.0313	    -10.9088
      0.0000	      0.0000	      0.0000	      0.0000
      0.0000	      0.0000	      0.0000	      0.0000
      0.0000	      0.0000	      0.0000	      0.0000
      0.1187	      9.6453	      0.0000	      0.0000
      0.0000	      0.0000	      0.0000	      0.0000
      0.0000	      0.0000	      0.0000	      0.0000
      0.0000	      0.0000	      0.0000	      0.0000
     18.4117	      3.9123	      0.0000	      0.0000
      0.0000	      0.0000	      0.0000	      0.0000
      0.0000	      0.0000	      0.0000	      0.0000
      0.0000	      0.0000	      0.0000	      0.0000
     -1.6215	      5.7608	     -5.7827	     -3.5252
      0.0000	      0.0000	      0.0000	      0.0000
      0.0000	      0.0000	      0.0000	      0.0000
      0.0000	      0.0000	      0.0000	      0.0000
     -0.5707	     17.0617	      0.0000	      0.0000
      0.0000	      0.0000	      0.0000	      0.0000
      0.0000	      0.0000	      0.0000	      0.0000
      0.0000	      0.0000	      0.0000	      0.0000
     10.1832	      4.5514	      0.0000	      0.0000
      0.0000	      0.0000	      0.0000	      0.0000
      0.0000	      0.0000	      0.0000	      0.0000
      0.0000	      0.0000	      0.0000	      0.0000
     -2.4532	     16.6529	      0.0000	      0.0000
      0.0000	      0.0000	      0.0000	      0.0000
      0.0000	      0.0000	      0.0000	      0.0000
      0.0000	      0.0000	      0.0000	      0.0000
     -0.1142	     20.2929	      1.2153	      0.0000
      0.0000	      0.0000	      0.0000	      0.0000
      0.0000	      0.0000	      0.0000	      0.0000
      0.0000	      0.0000	      0.0000	      0.0000
     -1.9044	     -1.6657	      0.0000	      0.0000
      0.0000	      0.0000	      0.0000	      0.0000
      0.0000	      0.0000	      0.0000	      0.0000
      0.0000	      0.0000	      0.0000	      0.0000
     16.9105	      0.0000	      1.7688	      0.0000
      0.0000	      0.0000	      0.0000	      0.0000
      0.0000	      0.0000	      0.0000	      0.0000
      0.0000	      0.0000	      0.0000	      0.0000
     14.8602	     -0.8339	     -2.3881	     -0.9331
      0.0000	      0.0000	      0.0000	      0.0000
      0.0000	      0.0000	      0.0000	      0.0000
      0.0000	      0.0000	      0.0000	      0.0000
     -1.4047	     -2.2760	      0.0000	     -1.1964
      0.0000	      0.0000	      0.0000	      0.0000
      0.0000	      0.0000	      0.0000	      0.0000
      0.0000	      0.0000	      0.0000	      0.0000
      0.0000	      0.0000	      0.0000	      0.0000
      0.0000	      0.0000	      0.0000	      0.0000
      0.0000	      0.0000	      0.0000	      0.0000
      0.0000	      0.0000	      0.0000	      0.0000
     -0.3444	     -0.7250	      0.0000	      0.0000
      0.0000	      0.0000	      0.0000	      0.0000
      0.0000	      0.0000	      0.0000	      0.0000
      0.0000	      0.0000	      0.0000	      0.0000
     -5.1647	     -6.4513	     -7.9534	     -5.2145
      0.0000	      0.0000	      0.0000	      0.0000
      0.0000	      0.0000	      0.0000	      0.0000
      0.0000	      0.0000	      0.0000	      0.0000
    -13.3372	    -14.8383	    -14.6252	    -14.9728
      0.0000	      0.0000	      0.0000	      0.0000
      0.0000	      0.0000	      0.0000	      0.0000
      0.0000	      0.0000	      0.0000	      0.0000
     -0.4558	      2.2024	      0.0000	      0.0000
      0.0000	      0.0000	      0.0000	      0.0000
      0.0000	      0.0000	      0.0000	      0.0000
      0.0000	      0.0000	      0.0000	      0.0000
      2.9619	      2.0820	      5.8211	      0.0000
      0.0000	      0.0000	      0.0000	      0.0000
      0.0000	      0.0000	      0.0000	      0.0000
      0.0000	      0.0000	      0.0000	      0.0000
     -3.2914	     -7.3261	      2.0102	      0.0000
      0.0000	      0.0000	      0.0000	      0.0000
      0.0000	      0.0000	      0.0000	      0.0000
      0.0000	      0.0000	      0.0000	      0.0000
     19.4536	      0.0000	      0.0000	      0.0000
      0.0000	      0.0000	      0.0000	      0.0000
      0.0000	      0.0000	      0.0000	      0.0000
      0.0000	      0.0000	      0.0000	      0.0000
     15.3644	      0.0000	      0.0000	      2.9022
      0.0000	      0.0000	      0.0000	      0.0000
      0.0000	      0.0000	      0.0000	      0.0000
      0.0000	      0.0000	      0.0000	      0.0000
      1.7525	     -0.1319	     14.5472	      0.0000
      0.0000	      0.0000	      0.0000	      0.0000
      0.0000	      0.0000	      0.0000	      0.0000
      0.0000	      0.0000	      0.0000	      0.0000
      1.0779	      0.0000	     42.8492	      4.3861
      0.0000	      0.0000	      0.0000	      0.0000
      0.0000	      0.0000	      0.0000	      0.0000
      0.0000	      0.0000	      0.0000	      0.0000
      1.8666	      0.0000	      0.0000	      0.0000
      0.0000	      0.0000	      0.0000	      0.0000
      0.0000	      0.0000	      0.0000	      0.0000
      0.0000	      0.0000	      0.0000	      0.0000
      0.0000	      0.0000	      0.0000	      8.9190
      0.0000	      0.0000	      0.0000	      0.0000
      0.0000	      0.0000	      0.0000	      0.0000
      0.0000	      0.0000	      0.0000	      0.0000
     15.8501	      0.0000	      0.0000	      3.3831
      0.0000	      0.0000	      0.0000	      0.0000
      0.0000	      0.0000	      0.0000	      0.0000
      0.0000	      0.0000	      0.0000	      0.0000
     -4.6680	     -2.7581	     -3.0347	     11.1770
      0.0000	      0.0000	      0.0000	      0.0000
      0.0000	      0.0000	      0.0000	      0.0000
      0.0000	      0.0000	      0.0000	      0.0000
      7.1407	      4.3302	     -4.1016	      0.0000
      0.0000	      0.0000	      0.0000	      0.0000
      0.0000	      0.0000	      0.0000	      0.0000
      0.0000	      0.0000	      0.0000	      0.0000
     11.2558	     -2.7478	     -4.5225	      1.6983
      0.0000	      0.0000	      0.0000	      0.0000
      0.0000	      0.0000	      0.0000	      0.0000
      0.0000	      0.0000	      0.0000	      0.0000
    -16.5738	    -16.7998	    -22.5942	    -16.3612
      0.0000	      0.0000	      0.0000	      0.0000
      0.0000	      0.0000	      0.0000	      0.0000
      0.0000	      0.0000	      0.0000	      0.0000
     -7.2183	      0.0000	      0.0000	      0.0000
      0.0000	      0.0000	      0.0000	      0.0000
      0.0000	      0.0000	      0.0000	      0.0000
      0.0000	      0.0000	      0.0000	      0.0000
      0.0000	      0.0000	      0.0000	      0.0000
      0.0000	      0.0000	      0.0000	      0.0000
      0.0000	      0.0000	      0.0000	      0.0000
      0.0000	      0.0000	      0.0000	      0.0000
      0.0000	      0.0000	      0.0000	      0.0000
      0.0000	      0.0000	      0.0000	      0.0000
      0.0000	      0.0000	      0.0000	      0.0000
      0.0000	      0.0000	      0.0000	      0.0000
     -5.5372	      1.1605	     -4.3653	     -2.3040
      0.0000	      0.0000	      0.0000	      0.0000
      0.0000	      0.0000	      0.0000	      0.0000
      0.0000	      0.0000	      0.0000	      0.0000
      9.2565	      0.0000	     24.6066	      0.0000
      0.0000	      0.0000	      0.0000	      0.0000
      0.0000	      0.0000	      0.0000	      0.0000
      0.0000	      0.0000	      0.0000	      0.0000
     26.3275	      0.0000	      0.0000	      0.0000
      0.0000	      0.0000	      0.0000	      0.0000
      0.0000	      0.0000	      0.0000	      0.0000
      0.0000	      0.0000	      0.0000	      0.0000
     -0.9324	     -0.0481	      5.8568	      0.0000
      0.0000	      0.0000	      0.0000	      0.0000
      0.0000	      0.0000	      0.0000	      0.0000
      0.0000	      0.0000	      0.0000	      0.0000
      3.4837	     -1.4167	      4.2343	     18.2850
      0.0000	      0.0000	      0.0000	      0.0000
      0.0000	      0.0000	      0.0000	      0.0000
      0.0000	      0.0000	      0.0000	      0.0000
     -0.7104	     -1.0272	     -0.1248	     25.7370
      0.0000	      0.0000	      0.0000	      0.0000
      0.0000	      0.0000	      0.0000	      0.0000
      0.0000	      0.0000	      0.0000	      0.0000
      2.6318	      0.0000	      0.0000	      0.0000
      0.0000	      0.0000	      0.0000	      0.0000
      0.0000	      0.0000	      0.0000	      0.0000
      0.0000	      0.0000	      0.0000	      0.0000
      0.3191	     -1.8953	     -2.4794	     21.6458
      0.0000	      0.0000	      0.0000	      0.0000
      0.0000	      0.0000	      0.0000	      0.0000
      0.0000	      0.0000	      0.0000	      0.0000
     -2.5640	      0.0000	     -3.5539	     19.2322
      0.0000	      0.0000	      0.0000	      0.0000
      0.0000	      0.0000	      0.0000	      0.0000
      0.0000	      0.0000	      0.0000	      0.0000
      0.0000	      3.6150	      0.0000	      0.0000
      0.0000	      0.0000	      0.0000	      0.0000
      0.0000	      0.0000	      0.0000	      0.0000
      0.0000	      0.0000	      0.0000	      0.0000
      2.7552	     -0.7642	     -9.4888	      7.7107
      0.0000	      0.0000	      0.0000	      0.0000
      0.0000	      0.0000	      0.0000	      0.0000
      0.0000	      0.0000	      0.0000	      0.0000
     -8.8743	    -10.6625	    -16.8427	     -5.6121
      0.0000	      0.0000	      0.0000	      0.0000
      0.0000	      0.0000	      0.0000	      0.0000
      0.0000	      0.0000	      0.0000	      0.0000
    -17.1041	    -13.4292	    -25.1738	    -22.9707
      0.0000	      0.0000	      0.0000	      0.0000
      0.0000	      0.0000	      0.0000	      0.0000
      0.0000	      0.0000	      0.0000	      0.0000
     -2.0503	      1.7424	     -2.7590	     -3.1035
      0.0000	      0.0000	      0.0000	      0.0000
      0.0000	      0.0000	      0.0000	      0.0000
      0.0000	      0.0000	      0.0000	      0.0000
      8.5392	      0.0000	      0.0000	      0.0000
      0.0000	      0.0000	      0.0000	      0.0000
      0.0000	      0.0000	      0.0000	      0.0000
      0.0000	      0.0000	      0.0000	      0.0000
    -10.7135	     -1.9773	    -11.5012	     -9.2366
      0.0000	      0.0000	      0.0000	      0.0000
      0.0000	      0.0000	      0.0000	      0.0000
      0.0000	      0.0000	      0.0000	      0.0000
      0.7171	     13.1579	     -2.4418	      0.4623
      0.0000	      0.0000	      0.0000	      0.0000
      0.0000	      0.0000	      0.0000	      0.0000
      0.0000	      0.0000	      0.0000	      0.0000
      0.0000	      4.0522	      0.0000	     27.9418
      0.0000	      0.0000	      0.0000	      0.0000
      0.0000	      0.0000	      0.0000	      0.0000
      0.0000	      0.0000	      0.0000	      0.0000
     -6.8465	     -0.4170	    -11.3403	     -4.9983
      0.0000	      0.0000	      0.0000	      0.0000
      0.0000	      0.0000	      0.0000	      0.0000
      0.0000	      0.0000	      0.0000	      0.0000
     -6.4419	     -9.9962	    -11.0067	      8.0080
      0.0000	      0.0000	      0.0000	      0.0000
      0.0000	      0.0000	      0.0000	      0.0000
      0.0000	      0.0000	      0.0000	      0.0000
      2.5142	     -2.8441	     -2.9210	     17.4251
      0.0000	      0.0000	      0.0000	      0.0000
      0.0000	      0.0000	      0.0000	      0.0000
      0.0000	      0.0000	      0.0000	      0.0000
      9.4164	      0.0000	      0.0000	      0.0000
      0.0000	      0.0000	      0.0000	      0.0000
      0.0000	      0.0000	      0.0000	      0.0000
      0.0000	      0.0000	      0.0000	      0.0000
     -4.1239	     -3.9557	     -4.3789	     13.5200
      0.0000	      0.0000	      0.0000	      0.0000
      0.0000	      0.0000	      0.0000	      0.0000
      0.0000	      0.0000	      0.0000	      0.0000
     -8.8017	    -13.3629	     -9.8069	      0.2622
      0.0000	      0.0000	      0.0000	      0.0000
      0.0000	      0.0000	      0.0000	      0.0000
      0.0000	      0.0000	      0.0000	      0.0000
     19.9022	      0.0000	     -4.5371	      0.0000
      0.0000	      0.0000	      0.0000	      0.0000
      0.0000	      0.0000	      0.0000	      0.0000
      0.0000	      0.0000	      0.0000	      0.0000
     -0.0379	     -9.2660	     -7.6795	      5.5988
      0.0000	      0.0000	      0.0000	      0.0000
      0.0000	      0.0000	      0.0000	      0.0000
      0.0000	      0.0000	      0.0000	      0.0000
    -19.1661	    -21.6635	    -39.0662	    -14.4184
      0.0000	      0.0000	      0.0000	      0.0000
      0.0000	      0.0000	      0.0000	      0.0000
      0.0000	      0.0000	      0.0000	      0.0000
    -15.1520	    -14.3621	    -13.9259	    -12.4280
      0.0000	      0.0000	      0.0000	      0.0000
      0.0000	      0.0000	      0.0000	      0.0000
      0.0000	      0.0000	      0.0000	      0.0000
      5.9426	      3.7363	      0.0000	      0.0000
      0.0000	      0.0000	      0.0000	      0.0000
      0.0000	      0.0000	      0.0000	      0.0000
      0.0000	      0.0000	      0.0000	      0.0000
      0.0000	      0.0000	      0.0000	      8.1676
      0.0000	      0.0000	      0.0000	      0.0000
      0.0000	      0.0000	      0.0000	      0.0000
      0.0000	      0.0000	      0.0000	      0.0000
     -1.7458	     -0.4092	     26.5039	      0.0000
      0.0000	      0.0000	      0.0000	      0.0000
      0.0000	      0.0000	      0.0000	      0.0000
      0.0000	      0.0000	      0.0000	      0.0000
      1.3797	      0.0000	     48.0648	      0.0000
      0.0000	      0.0000	      0.0000	      0.0000
      0.0000	      0.0000	      0.0000	      0.0000
      0.0000	      0.0000	      0.0000	      0.0000
     43.1671	      0.0000	      0.0000	      0.0000
      0.0000	      0.0000	      0.0000	      0.0000
      0.0000	      0.0000	      0.0000	      0.0000
      0.0000	      0.0000	      0.0000	      0.0000
     -0.5001	     45.5904	      0.0000	      0.0000
      0.0000	      0.0000	      0.0000	      0.0000
      0.0000	      0.0000	      0.0000	      0.0000
      0.0000	      0.0000	      0.0000	      0.0000
     34.9439	     24.1441	     50.5543	     23.4887
      0.0000	      0.0000	      0.0000	      0.0000
      0.0000	      0.0000	      0.0000	      0.0000
      0.0000	      0.0000	      0.0000	      0.0000
      7.7899	      7.6058	      3.4796	     45.4362
      0.0000	      0.0000	      0.0000	      0.0000
      0.0000	      0.0000	      0.0000	      0.0000
      0.0000	      0.0000	      0.0000	      0.0000
     25.8937	      0.0000	      0.0000	      0.0000
      0.0000	      0.0000	      0.0000	      0.0000
      0.0000	      0.0000	      0.0000	      0.0000
      0.0000	      0.0000	      0.0000	      0.0000
      8.9674	     -0.8022	     41.0469	      8.6813
      0.0000	      0.0000	      0.0000	      0.0000
      0.0000	      0.0000	      0.0000	      0.0000
      0.0000	      0.0000	      0.0000	      0.0000
     -1.4196	     -1.6971	      0.0000	     13.0833
      0.0000	      0.0000	      0.0000	      0.0000
      0.0000	      0.0000	      0.0000	      0.0000
      0.0000	      0.0000	      0.0000	      0.0000
     11.3627	      0.0000	      0.0000	      0.0000
      0.0000	      0.0000	      0.0000	      0.0000
      0.0000	      0.0000	      0.0000	      0.0000
      0.0000	      0.0000	      0.0000	      0.0000
      0.0000	      0.0000	      0.0000	      3.6750
      0.0000	      0.0000	      0.0000	      0.0000
      0.0000	      0.0000	      0.0000	      0.0000
      0.0000	      0.0000	      0.0000	      0.0000
     -9.9956	    -14.3678	    -12.4375	    -12.0647
      0.0000	      0.0000	      0.0000	      0.0000
      0.0000	      0.0000	      0.0000	      0.0000
      0.0000	      0.0000	      0.0000	      0.0000
    -12.1006	    -10.7554	    -14.0965	    -12.0153
      0.0000	      0.0000	      0.0000	      0.0000
      0.0000	      0.0000	      0.0000	      0.0000
      0.0000	      0.0000	      0.0000	      0.0000
     -0.6520	      7.7854	     -3.9720	      0.0000
      0.0000	      0.0000	      0.0000	      0.0000
      0.0000	      0.0000	      0.0000	      0.0000
      0.0000	      0.0000	      0.0000	      0.0000
     18.3212	      0.0000	      0.0000	      0.0000
      0.0000	      0.0000	      0.0000	      0.0000
      0.0000	      0.0000	      0.0000	      0.0000
      0.0000	      0.0000	      0.0000	      0.0000
     -2.3330	     19.8141	     -0.6707	     -1.9855
      0.0000	      0.0000	      0.0000	      0.0000
      0.0000	      0.0000	      0.0000	      0.0000
      0.0000	      0.0000	      0.0000	      0.0000
     19.9074	     27.7044	     21.4881	      9.0366
      0.0000	      0.0000	      0.0000	      0.0000
      0.0000	      0.0000	      0.0000	      0.0000
      0.0000	      0.0000	      0.0000	      0.0000
     31.3448	      7.4268	     16.5214	     11.5355
      0.0000	      0.0000	      0.0000	      0.0000
      0.0000	      0.0000	      0.0000	      0.0000
      0.0000	      0.0000	      0.0000	      0.0000
      7.3538	     16.5633	      3.2841	      2.7879
      0.0000	      0.0000	      0.0000	      0.0000
      0.0000	      0.0000	      0.0000	      0.0000
      0.0000	      0.0000	      0.0000	      0.0000
     32.1071	     14.2645	     19.8814	     10.9520
      0.0000	      0.0000	      0.0000	      0.0000
      0.0000	      0.0000	      0.0000	      0.0000
      0.0000	      0.0000	      0.0000	      0.0000
     11.2586	      2.1039	     11.8903	     21.0180
      0.0000	      0.0000	      0.0000	      0.0000
      0.0000	      0.0000	      0.0000	      0.0000
      0.0000	      0.0000	      0.0000	      0.0000
      5.4330	     14.3592	     31.8800	      0.0000
      0.0000	      0.0000	      0.0000	      0.0000
      0.0000	      0.0000	      0.0000	      0.0000
      0.0000	      0.0000	      0.0000	      0.0000
     20.4887	     11.6334	     18.5924	     27.1408
      0.0000	      0.0000	      0.0000	      0.0000
      0.0000	      0.0000	      0.0000	      0.0000
      0.0000	      0.0000	      0.0000	      0.0000
     -2.0113	     -5.5374	     -4.1648	     17.6738
      0.0000	      0.0000	      0.0000	      0.0000
      0.0000	      0.0000	      0.0000	      0.0000
      0.0000	      0.0000	      0.0000	      0.0000
     27.3806	      0.0000	      0.0000	      0.0000
      0.0000	      0.0000	      0.0000	      0.0000
      0.0000	      0.0000	      0.0000	      0.0000
      0.0000	      0.0000	      0.0000	      0.0000
     -0.8278	     -1.4211	     -2.0880	     20.2237
      0.0000	      0.0000	      0.0000	      0.0000
      0.0000	      0.0000	      0.0000	      0.0000
      0.0000	      0.0000	      0.0000	      0.0000
    -12.2356	    -13.4629	    -13.0143	    -16.2246
      0.0000	      0.0000	      0.0000	      0.0000
      0.0000	      0.0000	      0.0000	      0.0000
      0.0000	      0.0000	      0.0000	      0.0000
    -22.0437	    -24.4975	    -30.5921	    -23.0520
      0.0000	      0.0000	      0.0000	      0.0000
      0.0000	      0.0000	      0.0000	      0.0000
      0.0000	      0.0000	      0.0000	      0.0000
     -2.1223	     11.3266	     -6.0353	     -2.9212
      0.0000	      0.0000	      0.0000	      0.0000
      0.0000	      0.0000	      0.0000	      0.0000
      0.0000	      0.0000	      0.0000	      0.0000
      2.1139	      0.0000	      0.0000	      0.0000
      0.0000	      0.0000	      0.0000	      0.0000
      0.0000	      0.0000	      0.0000	      0.0000
      0.0000	      0.0000	      0.0000	      0.0000
    -11.8467	     10.0662	    -19.5736	    -20.6821
      0.0000	      0.0000	      0.0000	      0.0000
      0.0000	      0.0000	      0.0000	      0.0000
      0.0000	      0.0000	      0.0000	      0.0000
      3.0877	     16.5475	    -10.7178	     -4.7992
      0.0000	      0.0000	      0.0000	      0.0000
      0.0000	      0.0000	      0.0000	      0.0000
      0.0000	      0.0000	      0.0000	      0.0000
     24.4045	      0.0000	     -1.6432	      3.2242
      0.0000	      0.0000	      0.0000	      0.0000
      0.0000	      0.0000	      0.0000	      0.0000
      0.0000	      0.0000	      0.0000	      0.0000
      2.8261	     15.8949	     -6.8294	    -10.9952
      0.0000	      0.0000	      0.0000	      0.0000
      0.0000	      0.0000	      0.0000	      0.0000
      0.0000	      0.0000	      0.0000	      0.0000
      8.3252	      4.4933	     -9.1102	      5.6420
      0.0000	      0.0000	      0.0000	      0.0000
      0.0000	      0.0000	      0.0000	      0.0000
      0.0000	      0.0000	      0.0000	      0.0000
     -3.9956	     -1.8039	    -13.8669	     13.9863
      0.0000	      0.0000	      0.0000	      0.0000
      0.0000	      0.0000	      0.0000	      0.0000
      0.0000	      0.0000	      0.0000	      0.0000
      0.0000	     23.7875	     -2.5315	      0.0000
      0.0000	      0.0000	      0.0000	      0.0000
      0.0000	      0.0000	      0.0000	      0.0000
      0.0000	      0.0000	      0.0000	      0.0000
      4.9327	      5.2415	     -9.7311	     17.8009
      0.0000	      0.0000	      0.0000	      0.0000
      0.0000	      0.0000	      0.0000	      0.0000
      0.0000	      0.0000	      0.0000	      0.0000
     -9.2282	     -8.0093	    -22.4034	     13.8342
      0.0000	      0.0000	      0.0000	      0.0000
      0.0000	      0.0000	      0.0000	      0.0000
      0.0000	      0.0000	      0.0000	      0.0000
     23.7637	      0.0000	      1.5359	      0.0000
      0.0000	      0.0000	      0.0000	      0.0000
      0.0000	      0.0000	      0.0000	      0.0000
      0.0000	      0.0000	      0.0000	      0.0000
      4.9378	      0.5696	      0.0000	     14.9805
      0.0000	      0.0000	      0.0000	      0.0000
      0.0000	      0.0000	      0.0000	      0.0000
      0.0000	      0.0000	      0.0000	      0.0000
    -26.8718	    -24.7365	    -24.3553	    -27.2097
      0.0000	      0.0000	      0.0000	      0.0000
      0.0000	      0.0000	      0.0000	      0.0000
      0.0000	      0.0000	      0.0000	      0.0000
    -20.7243	    -23.1349	    -23.3774	    -21.0262
      0.0000	      0.0000	      0.0000	      0.0000
      0.0000	      0.0000	      0.0000	      0.0000
      0.0000	      0.0000	      0.0000	      0.0000
      1.3497	      0.0000	      0.0000	      0.0000
      0.0000	      0.0000	      0.0000	      0.0000
      0.0000	      0.0000	      0.0000	      0.0000
      0.0000	      0.0000	      0.0000	      0.0000
     18.0992	      5.8220	      0.0000	      0.0000
      0.0000	      0.0000	      0.0000	      0.0000
      0.0000	      0.0000	      0.0000	      0.0000
      0.0000	      0.0000	      0.0000	      0.0000
     -0.8560	     14.5639	      0.0000	      0.0000
      0.0000	      0.0000	      0.0000	      0.0000
      0.0000	      0.0000	      0.0000	      0.0000
      0.0000	      0.0000	      0.0000	      0.0000
     -0.0470	     27.1647	      0.0000	      0.0000
      0.0000	      0.0000	      0.0000	      0.0000
      0.0000	      0.0000	      0.0000	      0.0000
      0.0000	      0.0000	      0.0000	      0.0000
      5.7219	      0.0000	     11.9735	      0.0000
      0.0000	      0.0000	      0.0000	      0.0000
      0.0000	      0.0000	      0.0000	      0.0000
      0.0000	      0.0000	      0.0000	      0.0000
     -0.1342	     13.1441	      0.0000	      0.0000
      0.0000	      0.0000	      0.0000	      0.0000
      0.0000	      0.0000	      0.0000	      0.0000
      0.0000	      0.0000	      0.0000	      0.0000
     20.0258	      3.5584	      0.0000	      0.0000
      0.0000	      0.0000	      0.0000	      0.0000
      0.0000	      0.0000	      0.0000	      0.0000
      0.0000	      0.0000	      0.0000	      0.0000
     -0.0138	     12.1926	      0.0000	      0.0000
      0.0000	      0.0000	      0.0000	      0.0000
      0.0000	      0.0000	      0.0000	      0.0000
      0.0000	      0.0000	      0.0000	      0.0000
     16.8420	      0.0000	      0.0000	      0.0000
      0.0000	      0.0000	      0.0000	      0.0000
      0.0000	      0.0000	      0.0000	      0.0000
      0.0000	      0.0000	      0.0000	      0.0000
     10.1699	      0.0000	      0.0000	      0.0000
      0.0000	      0.0000	      0.0000	      0.0000
      0.0000	      0.0000	      0.0000	      0.0000
      0.0000	      0.0000	      0.0000	      0.0000
     -0.4122	      1.5117	      0.0000	      0.0000
      0.0000	      0.0000	      0.0000	      0.0000
      0.0000	      0.0000	      0.0000	      0.0000
      0.0000	      0.0000	      0.0000	      0.0000
      4.0907	      1.9048	     -0.9841	      0.0000
      0.0000	      0.0000	      0.0000	      0.0000
      0.0000	      0.0000	      0.0000	      0.0000
      0.0000	      0.0000	      0.0000	      0.0000
      0.0000	      0.0000	      0.0000	      0.0000
      0.0000	      0.0000	      0.0000	      0.0000
      0.0000	      0.0000	      0.0000	      0.0000
      0.0000	      0.0000	      0.0000	      0.0000
     -3.2053	     -4.7554	     -4.1892	     -5.5104
      0.0000	      0.0000	      0.0000	      0.0000
      0.0000	      0.0000	      0.0000	      0.0000
      0.0000	      0.0000	      0.0000	      0.0000
    -21.7534	    -16.6548	    -21.8183	    -22.1906
      0.0000	      0.0000	      0.0000	      0.0000
      0.0000	      0.0000	      0.0000	      0.0000
      0.0000	      0.0000	      0.0000	      0.0000
      0.0000	      0.0000	      0.0000	      0.0000
      0.0000	      0.0000	      0.0000	      0.0000
      0.0000	      0.0000	      0.0000	      0.0000
      0.0000	      0.0000	      0.0000	      0.0000
      4.7866	      0.0000	      0.0000	      0.0000
      0.0000	      0.0000	      0.0000	      0.0000
      0.0000	      0.0000	      0.0000	      0.0000
      0.0000	      0.0000	      0.0000	      0.0000
     -7.5139	      6.6125	     -7.6711	     -8.4594
      0.0000	      0.0000	      0.0000	      0.0000
      0.0000	      0.0000	      0.0000	      0.0000
      0.0000	      0.0000	      0.0000	      0.0000
     -0.2414	     23.8932	      3.3006	     -0.0977
      0.0000	      0.0000	      0.0000	      0.0000
      0.0000	      0.0000	      0.0000	      0.0000
      0.0000	      0.0000	      0.0000	      0.0000
      8.1866	      0.0000	      0.0000	      0.0000
      0.0000	      0.0000	      0.0000	      0.0000
      0.0000	      0.0000	      0.0000	      0.0000
      0.0000	      0.0000	      0.0000	      0.0000
     -0.1887	     24.0219	      0.0000	      0.4863
      0.0000	      0.0000	      0.0000	      0.0000
      0.0000	      0.0000	      0.0000	      0.0000
      0.0000	      0.0000	      0.0000	      0.0000
      5.4327	     17.4166	      1.9317	      0.0000
      0.0000	      0.0000	      0.0000	      0.0000
      0.0000	      0.0000	      0.0000	      0.0000
      0.0000	      0.0000	      0.0000	      0.0000
     -0.3596	     -1.1339	     -0.1633	     14.2918
      0.0000	      0.0000	      0.0000	      0.0000
      0.0000	      0.0000	      0.0000	      0.0000
      0.0000	      0.0000	      0.0000	      0.0000
     18.6901	      0.0000	      0.0000	      0.0000
      0.0000	      0.0000	      0.0000	      0.0000
      0.0000	      0.0000	      0.0000	      0.0000
      0.0000	      0.0000	      0.0000	      0.0000
     19.5453	      0.0000	     11.9016	      2.3627
      0.0000	      0.0000	      0.0000	      0.0000
      0.0000	      0.0000	      0.0000	      0.0000
      0.0000	      0.0000	      0.0000	      0.0000
     -3.1786	     -3.1463	     -1.5841	      2.4583
      0.0000	      0.0000	      0.0000	      0.0000
      0.0000	      0.0000	      0.0000	      0.0000
      0.0000	      0.0000	      0.0000	      0.0000
      7.0581	      0.0000	      0.0000	      0.0000
      0.0000	      0.0000	      0.0000	      0.0000
      0.0000	      0.0000	      0.0000	      0.0000
      0.0000	      0.0000	      0.0000	      0.0000
      0.0000	      0.0000	      0.0000	      0.0000
      0.0000	      0.0000	      0.0000	      0.0000
      0.0000	      0.0000	      0.0000	      0.0000
      0.0000	      0.0000	      0.0000	      0.0000
     -8.9695	     -4.8268	     -8.2809	     -5.4210
      0.0000	      0.0000	      0.0000	      0.0000
      0.0000	      0.0000	      0.0000	      0.0000
      0.0000	      0.0000	      0.0000	      0.0000
    -25.0743	    -23.3091	    -27.5849	    -26.8524
      0.0000	      0.0000	      0.0000	      0.0000
      0.0000	      0.0000	      0.0000	      0.0000
      0.0000	      0.0000	      0.0000	      0.0000
     -0.8127	      8.8175	      0.0000	      0.0000
      0.0000	      0.0000	      0.0000	      0.0000
      0.0000	      0.0000	      0.0000	      0.0000
      0.0000	      0.0000	      0.0000	      0.0000
     16.7308	      0.0000	      0.0000	      0.8185
      0.0000	      0.0000	      0.0000	      0.0000
      0.0000	      0.0000	      0.0000	      0.0000
      0.0000	      0.0000	      0.0000	      0.0000
     -2.0887	     -3.8610	     -5.4649	     -2.9997
      0.0000	      0.0000	      0.0000	      0.0000
      0.0000	      0.0000	      0.0000	      0.0000
      0.0000	      0.0000	      0.0000	      0.0000
      0.0000	     13.4041	      0.0000	      0.2199
      0.0000	      0.0000	      0.0000	      0.0000
      0.0000	      0.0000	      0.0000	      0.0000
      0.0000	      0.0000	      0.0000	      0.0000
      8.4084	      0.0000	      0.0000	      0.0000
      0.0000	      0.0000	      0.0000	      0.0000
      0.0000	      0.0000	      0.0000	      0.0000
      0.0000	      0.0000	      0.0000	      0.0000
     -0.8380	     18.1096	      0.0000	      0.0000
      0.0000	      0.0000	      0.0000	      0.0000
      0.0000	      0.0000	      0.0000	      0.0000
      0.0000	      0.0000	      0.0000	      0.0000
      3.7330	     13.9154	      0.0000	      0.0000
      0.0000	      0.0000	      0.0000	      0.0000
      0.0000	      0.0000	      0.0000	      0.0000
      0.0000	      0.0000	      0.0000	      0.0000
     -4.9780	     -1.9904	     -4.1784	      0.3524
      0.0000	      0.0000	      0.0000	      0.0000
      0.0000	      0.0000	      0.0000	      0.0000
      0.0000	      0.0000	      0.0000	      0.0000
      1.1234	     11.8375	      0.0000	      0.0000
      0.0000	      0.0000	      0.0000	      0.0000
      0.0000	      0.0000	      0.0000	      0.0000
      0.0000	      0.0000	      0.0000	      0.0000
     -0.9046	     -1.3281	     -2.4490	      9.6241
      0.0000	      0.0000	      0.0000	      0.0000
      0.0000	      0.0000	      0.0000	      0.0000
      0.0000	      0.0000	      0.0000	      0.0000
     -3.7618	     -5.2413	     -4.5147	     -7.1471
      0.0000	      0.0000	      0.0000	      0.0000
      0.0000	      0.0000	      0.0000	      0.0000
      0.0000	      0.0000	      0.0000	      0.0000
      0.0000	      0.0000	      0.0000	      0.0000
      0.0000	      0.0000	      0.0000	      0.0000
      0.0000	      0.0000	      0.0000	      0.0000
      0.0000	      0.0000	      0.0000	      0.0000
     -0.9887	     -0.7521	      6.7850	      0.0000
      0.0000	      0.0000	      0.0000	      0.0000
      0.0000	      0.0000	      0.0000	      0.0000
      0.0000	      0.0000	      0.0000	      0.0000
     -4.9559	     -5.6366	     -3.5968	     -5.5873
      0.0000	      0.0000	      0.0000	      0.0000
      0.0000	      0.0000	      0.0000	      0.0000
      0.0000	      0.0000	      0.0000	      0.0000
    -34.4307	    -24.1737	    -42.6160	    -36.5596
      0.0000	      0.0000	      0.0000	      0.0000
      0.0000	      0.0000	      0.0000	      0.0000
      0.0000	      0.0000	      0.0000	      0.0000
      9.0614	     19.1679	     -4.2430	     -7.4041
      0.0000	      0.0000	      0.0000	      0.0000
      0.0000	      0.0000	      0.0000	      0.0000
      0.0000	      0.0000	      0.0000	      0.0000
      0.0000	      0.0000	      0.0000	     13.4290
      0.0000	      0.0000	      0.0000	      0.0000
      0.0000	      0.0000	      0.0000	      0.0000
      0.0000	      0.0000	      0.0000	      0.0000
      7.1337	     35.3960	     -3.2319	     11.5048
      0.0000	      0.0000	      0.0000	      0.0000
      0.0000	      0.0000	      0.0000	      0.0000
      0.0000	      0.0000	      0.0000	      0.0000
     23.6254	     22.0624	     47.4640	      5.9726
      0.0000	      0.0000	      0.0000	      0.0000
      0.0000	      0.0000	      0.0000	      0.0000
      0.0000	      0.0000	      0.0000	      0.0000
     44.5957	     11.0624	      0.0000	      0.0000
      0.0000	      0.0000	      0.0000	      0.0000
      0.0000	      0.0000	      0.0000	      0.0000
      0.0000	      0.0000	      0.0000	      0.0000
     13.2491	     37.5202	     13.9057	     19.9254
      0.0000	      0.0000	      0.0000	      0.0000
      0.0000	      0.0000	      0.0000	      0.0000
      0.0000	      0.0000	      0.0000	      0.0000
     31.5594	     29.1532	     30.7676	     41.9254
      0.0000	      0.0000	      0.0000	      0.0000
      0.0000	      0.0000	      0.0000	      0.0000
      0.0000	      0.0000	      0.0000	      0.0000
      0.0798	     -3.6905	      0.2997	     36.9135
      0.0000	      0.0000	      0.0000	      0.0000
      0.0000	      0.0000	      0.0000	      0.0000
      0.0000	      0.0000	      0.0000	      0.0000
      0.0000	     28.6034	      0.0000	      0.0000
      0.0000	      0.0000	      0.0000	      0.0000
      0.0000	      0.0000	      0.0000	      0.0000
      0.0000	      0.0000	      0.0000	      0.0000
     23.4731	     10.4282	     21.3177	     38.4308
      0.0000	      0.0000	      0.0000	      0.0000
      0.0000	      0.0000	      0.0000	      0.0000
      0.0000	      0.0000	      0.0000	      0.0000
      3.1143	     -6.2816	    -12.0250	     34.3249
      0.0000	      0.0000	      0.0000	      0.0000
      0.0000	      0.0000	      0.0000	      0.0000
      0.0000	      0.0000	      0.0000	      0.0000
     99.4034	     35.4000	     15.2256	     45.9393
      0.0000	      0.0000	      0.0000	      0.0000
      0.0000	      0.0000	      0.0000	      0.0000
      0.0000	      0.0000	      0.0000	      0.0000
     24.9600	      8.8622	      2.2558	     33.6895
      0.0000	      0.0000	      0.0000	      0.0000
      0.0000	      0.0000	      0.0000	      0.0000
      0.0000	      0.0000	      0.0000	      0.0000
    -67.0340	    -71.1304	    -67.7113	    -58.0075
      0.0000	      0.0000	      0.0000	      0.0000
      0.0000	      0.0000	      0.0000	      0.0000
      0.0000	      0.0000	      0.0000	      0.0000
    -45.4258	    -34.5410	    -57.2169	    -44.7996
      0.0000	      0.0000	      0.0000	      0.0000
      0.0000	      0.0000	      0.0000	      0.0000
      0.0000	      0.0000	      0.0000	      0.0000
      2.2835	     19.3818	      1.1489	     -6.1467
      0.0000	      0.0000	      0.0000	      0.0000
      0.0000	      0.0000	      0.0000	      0.0000
      0.0000	      0.0000	      0.0000	      0.0000
     27.2396	      0.0000	      0.0000	     12.5907
      0.0000	      0.0000	      0.0000	      0.0000
      0.0000	      0.0000	      0.0000	      0.0000
      0.0000	      0.0000	      0.0000	      0.0000
    -10.0704	     13.5794	    -34.1666	    -16.0999
      0.0000	      0.0000	      0.0000	      0.0000
      0.0000	      0.0000	      0.0000	      0.0000
      0.0000	      0.0000	      0.0000	      0.0000
     19.3275	     21.2900	     10.4354	     15.1857
      0.0000	      0.0000	      0.0000	      0.0000
      0.0000	      0.0000	      0.0000	      0.0000
      0.0000	      0.0000	      0.0000	      0.0000
     31.3975	     22.1762	      1.3976	      4.4352
      0.0000	      0.0000	      0.0000	      0.0000
      0.0000	      0.0000	      0.0000	      0.0000
      0.0000	      0.0000	      0.0000	      0.0000
      2.3205	      9.9310	    -26.8447	      5.7915
      0.0000	      0.0000	      0.0000	      0.0000
      0.0000	      0.0000	      0.0000	      0.0000
      0.0000	      0.0000	      0.0000	      0.0000
     12.9857	      8.8033	     -7.5039	     18.6658
      0.0000	      0.0000	      0.0000	      0.0000
      0.0000	      0.0000	      0.0000	      0.0000
      0.0000	      0.0000	      0.0000	      0.0000
     14.3708	     11.1856	    -15.6198	     22.0111
      0.0000	      0.0000	      0.0000	      0.0000
      0.0000	      0.0000	      0.0000	      0.0000
      0.0000	      0.0000	      0.0000	      0.0000
     -2.0633	     22.0396	     -3.2772	      0.0000
      0.0000	      0.0000	      0.0000	      0.0000
      0.0000	      0.0000	      0.0000	      0.0000
      0.0000	      0.0000	      0.0000	      0.0000
     16.1675	      3.8786	    -20.8371	     31.2110
      0.0000	      0.0000	      0.0000	      0.0000
      0.0000	      0.0000	      0.0000	      0.0000
      0.0000	      0.0000	      0.0000	      0.0000
    -13.3517	     -4.7021	    -30.4490	     24.9155
      0.0000	      0.0000	      0.0000	      0.0000
      0.0000	      0.0000	      0.0000	      0.0000
      0.0000	      0.0000	      0.0000	      0.0000
     16.8641	     53.1709	      9.6090	     59.5803
      0.0000	      0.0000	      0.0000	      0.0000
      0.0000	      0.0000	      0.0000	      0.0000
      0.0000	      0.0000	      0.0000	      0.0000
     15.3115	     -6.1845	     14.9592	     55.1722
      0.0000	      0.0000	      0.0000	      0.0000
      0.0000	      0.0000	      0.0000	      0.0000
      0.0000	      0.0000	      0.0000	      0.0000
    -23.4841	    -24.9766	    -46.0153	     30.2087
      0.0000	      0.0000	      0.0000	      0.0000
      0.0000	      0.0000	      0.0000	      0.0000
      0.0000	      0.0000	      0.0000	      0.0000
   -120.7477	    -54.6572	   -125.4832	   -106.6988
      0.0000	      0.0000	      0.0000	      0.0000
      0.0000	      0.0000	      0.0000	      0.0000
      0.0000	      0.0000	      0.0000	      0.0000
    -13.1259	      0.2216	    -15.4114	    -51.6939
      0.0000	      0.0000	      0.0000	      0.0000
      0.0000	      0.0000	      0.0000	      0.0000
      0.0000	      0.0000	      0.0000	      0.0000
      5.6791	     -1.3052	     -3.0955	     -0.5197
      0.0000	      0.0000	      0.0000	      0.0000
      0.0000	      0.0000	      0.0000	      0.0000
      0.0000	      0.0000	      0.0000	      0.0000
    -57.5196	    -35.0386	    -77.7294	    -59.4851
      0.0000	      0.0000	      0.0000	      0.0000
      0.0000	      0.0000	      0.0000	      0.0000
      0.0000	      0.0000	      0.0000	      0.0000
    -20.1683	    -16.6851	    -25.1286	    -20.5119
      0.0000	      0.0000	      0.0000	      0.0000
      0.0000	      0.0000	      0.0000	      0.0000
      0.0000	      0.0000	      0.0000	      0.0000
     -3.0979	    -15.3607	    -14.4546	    -12.4950
      0.0000	      0.0000	      0.0000	      0.0000
      0.0000	      0.0000	      0.0000	      0.0000
      0.0000	      0.0000	      0.0000	      0.0000
    -34.5570	    -20.9430	    -44.1831	    -33.4321
      0.0000	      0.0000	      0.0000	      0.0000
      0.0000	      0.0000	      0.0000	      0.0000
      0.0000	      0.0000	      0.0000	      0.0000
    -16.3315	    -23.6399	    -27.0659	    -14.5627
      0.0000	      0.0000	      0.0000	      0.0000
      0.0000	      0.0000	      0.0000	      0.0000
      0.0000	      0.0000	      0.0000	      0.0000
    -18.1845	    -25.3549	    -36.0235	     -9.8294
      0.0000	      0.0000	      0.0000	      0.0000
      0.0000	      0.0000	      0.0000	      0.0000
      0.0000	      0.0000	      0.0000	      0.0000
    -28.2099	    -11.8685	    -41.6909	    -25.7279
      0.0000	      0.0000	      0.0000	      0.0000
      0.0000	      0.0000	      0.0000	      0.0000
      0.0000	      0.0000	      0.0000	      0.0000
    -32.0451	    -14.6932	    -28.7797	     -5.6449
      0.0000	      0.0000	      0.0000	      0.0000
      0.0000	      0.0000	      0.0000	      0.0000
      0.0000	      0.0000	      0.0000	      0.0000
    -36.3552	    -36.1495	    -54.0797	    -38.0623
      0.0000	      0.0000	      0.0000	      0.0000
      0.0000	      0.0000	      0.0000	      0.0000
      0.0000	      0.0000	      0.0000	      0.0000
      6.0341	     26.9546	      3.6317	     26.1494
      0.0000	      0.0000	      0.0000	      0.0000
      0.0000	      0.0000	      0.0000	      0.0000
      0.0000	      0.0000	      0.0000	      0.0000
      0.0482	     -4.7621	    -14.1024	     20.1116
      0.0000	      0.0000	      0.0000	      0.0000
      0.0000	      0.0000	      0.0000	      0.0000
      0.0000	      0.0000	      0.0000	      0.0000
   -101.0310	   -100.6673	   -109.5685	    -50.3793
      0.0000	      0.0000	      0.0000	      0.0000
      0.0000	      0.0000	      0.0000	      0.0000
      0.0000	      0.0000	      0.0000	      0.0000
    -44.8859	    -23.1458	    -55.9070	    -46.0882
      0.0000	      0.0000	      0.0000	      0.0000
      0.0000	      0.0000	      0.0000	      0.0000
      0.0000	      0.0000	      0.0000	      0.0000
      2.3253	     27.3457	     -4.1032	      1.5608
      0.0000	      0.0000	      0.0000	      0.0000
      0.0000	      0.0000	      0.0000	      0.0000
      0.0000	      0.0000	      0.0000	      0.0000
     49.1479	     31.5807	      1.3370	     22.5247
      0.0000	      0.0000	      0.0000	      0.0000
      0.0000	      0.0000	      0.0000	      0.0000
      0.0000	      0.0000	      0.0000	      0.0000
     -8.5305	     17.7541	     33.6605	      0.3339
      0.0000	      0.0000	      0.0000	      0.0000
      0.0000	      0.0000	      0.0000	      0.0000
      0.0000	      0.0000	      0.0000	      0.0000
     29.1787	     48.8986	     36.2021	      7.2789
      0.0000	      0.0000	      0.0000	      0.0000
      0.0000	      0.0000	      0.0000	      0.0000
      0.0000	      0.0000	      0.0000	      0.0000
     34.7826	     19.3874	     51.2553	     19.7135
      0.0000	      0.0000	      0.0000	      0.0000
      0.0000	      0.0000	      0.0000	      0.0000
      0.0000	      0.0000	      0.0000	      0.0000
     -0.7399	     21.3311	     38.2324	      7.0706
      0.0000	      0.0000	      0.0000	      0.0000
      0.0000	      0.0000	      0.0000	      0.0000
      0.0000	      0.0000	      0.0000	      0.0000
     45.1098	     37.0335	     37.0464	     40.2327
      0.0000	      0.0000	      0.0000	      0.0000
      0.0000	      0.0000	      0.0000	      0.0000
      0.0000	      0.0000	      0.0000	      0.0000
     15.7234	     12.2417	     18.1159	     46.1690
      0.0000	      0.0000	      0.0000	      0.0000
      0.0000	      0.0000	      0.0000	      0.0000
      0.0000	      0.0000	      0.0000	      0.0000
     42.7052	      0.0000	     10.0168	      8.7760
      0.0000	      0.0000	      0.0000	      0.0000
      0.0000	      0.0000	      0.0000	      0.0000
      0.0000	      0.0000	      0.0000	      0.0000
     23.7420	      7.9796	     48.4780	     25.8494
      0.0000	      0.0000	      0.0000	      0.0000
      0.0000	      0.0000	      0.0000	      0.0000
      0.0000	      0.0000	      0.0000	      0.0000
     -3.5560	     -2.7893	     34.1850	      6.1704
      0.0000	      0.0000	      0.0000	      0.0000
      0.0000	      0.0000	      0.0000	      0.0000
      0.0000	      0.0000	      0.0000	      0.0000
      0.0000	      0.0000	      0.0000	      0.0000
      0.0000	      0.0000	      0.0000	      0.0000
      0.0000	      0.0000	      0.0000	      0.0000
      0.0000	      0.0000	      0.0000	      0.0000
      0.0000	     -4.0892	     26.8663	     -0.1324
      0.0000	      0.0000	      0.0000	      0.0000
      0.0000	      0.0000	      0.0000	      0.0000
      0.0000	      0.0000	      0.0000	      0.0000
    -44.0789	    -40.8447	    -40.8266	    -48.0994
      0.0000	      0.0000	      0.0000	      0.0000
      0.0000	      0.0000	      0.0000	      0.0000
      0.0000	      0.0000	      0.0000	      0.0000
    -51.5892	     25.9463	    -42.7490	    -53.8617
      0.0000	      0.0000	      0.0000	      0.0000
      0.0000	      0.0000	      0.0000	      0.0000
      0.0000	      0.0000	      0.0000	      0.0000
      2.0706	     31.7123	      3.5289	      5.6642
      0.0000	      0.0000	      0.0000	      0.0000
      0.0000	      0.0000	      0.0000	      0.0000
      0.0000	      0.0000	      0.0000	      0.0000
      7.8338	     45.4725	      0.0000	     18.7330
      0.0000	      0.0000	      0.0000	      0.0000
      0.0000	      0.0000	      0.0000	      0.0000
      0.0000	      0.0000	      0.0000	      0.0000
      1.6982	     25.1576	    -13.2438	     -1.8972
      0.0000	      0.0000	      0.0000	      0.0000
      0.0000	      0.0000	      0.0000	      0.0000
      0.0000	      0.0000	      0.0000	      0.0000
     23.1275	     29.5533	     10.2268	     19.0832
      0.0000	      0.0000	      0.0000	      0.0000
      0.0000	      0.0000	      0.0000	      0.0000
      0.0000	      0.0000	      0.0000	      0.0000
     29.1031	     39.3854	     21.6069	     26.9463
      0.0000	      0.0000	      0.0000	      0.0000
      0.0000	      0.0000	      0.0000	      0.0000
      0.0000	      0.0000	      0.0000	      0.0000
     16.5997	     16.4031	     16.5895	     17.6167
      0.0000	      0.0000	      0.0000	      0.0000
      0.0000	      0.0000	      0.0000	      0.0000
      0.0000	      0.0000	      0.0000	      0.0000
     16.7091	     26.1634	     10.4637	     16.5946
      0.0000	      0.0000	      0.0000	      0.0000
      0.0000	      0.0000	      0.0000	      0.0000
      0.0000	      0.0000	      0.0000	      0.0000
     11.2800	      3.6957	     -0.2598	     22.4357
      0.0000	      0.0000	      0.0000	      0.0000
      0.0000	      0.0000	      0.0000	      0.0000
      0.0000	      0.0000	      0.0000	      0.0000
     30.2202	     26.8744	      5.8837	     34.3043
      0.0000	      0.0000	      0.0000	      0.0000
      0.0000	      0.0000	      0.0000	      0.0000
      0.0000	      0.0000	      0.0000	      0.0000
     25.1810	     20.6603	     11.9281	     31.2539
      0.0000	      0.0000	      0.0000	      0.0000
      0.0000	      0.0000	      0.0000	      0.0000
      0.0000	      0.0000	      0.0000	      0.0000
      4.2445	     -3.5305	    -13.8455	     21.3203
      0.0000	      0.0000	      0.0000	      0.0000
      0.0000	      0.0000	      0.0000	      0.0000
      0.0000	      0.0000	      0.0000	      0.0000
      2.2564	      5.4307	     38.5198	      6.6382
      0.0000	      0.0000	      0.0000	      0.0000
      0.0000	      0.0000	      0.0000	      0.0000
      0.0000	      0.0000	      0.0000	      0.0000
      3.9408	     -5.8616	      9.0240	     36.9401
      0.0000	      0.0000	      0.0000	      0.0000
      0.0000	      0.0000	      0.0000	      0.0000
      0.0000	      0.0000	      0.0000	      0.0000
    -39.4235	    -33.4978	    -51.2200	      4.9798
      0.0000	      0.0000	      0.0000	      0.0000
      0.0000	      0.0000	      0.0000	      0.0000
      0.0000	      0.0000	      0.0000	      0.0000
    -94.9877	     -2.6656	    -90.2403	    -82.1171
      0.0000	      0.0000	      0.0000	      0.0000
      0.0000	      0.0000	      0.0000	      0.0000
      0.0000	      0.0000	      0.0000	      0.0000
     -2.0494	     21.7460	    -14.0690	    -14.0612
      0.0000	      0.0000	      0.0000	      0.0000
      0.0000	      0.0000	      0.0000	      0.0000
      0.0000	      0.0000	      0.0000	      0.0000
      8.1706	     34.7269	      7.2389	      8.4943
      0.0000	      0.0000	      0.0000	      0.0000
      0.0000	      0.0000	      0.0000	      0.0000
      0.0000	      0.0000	      0.0000	      0.0000
    -60.6634	     -3.5057	    -58.5013	    -43.4129
      0.0000	      0.0000	      0.0000	      0.0000
      0.0000	      0.0000	      0.0000	      0.0000
      0.0000	      0.0000	      0.0000	      0.0000
     10.3552	      2.2586	    -23.3516	    -13.8763
      0.0000	      0.0000	      0.0000	      0.0000
      0.0000	      0.0000	      0.0000	      0.0000
      0.0000	      0.0000	      0.0000	      0.0000
     11.7968	    -12.6423	    -21.5179	    -13.8665
      0.0000	      0.0000	      0.0000	      0.0000
      0.0000	      0.0000	      0.0000	      0.0000
      0.0000	      0.0000	      0.0000	      0.0000
    -22.2538	     -7.0656	    -53.5676	    -32.5740
      0.0000	      0.0000	      0.0000	      0.0000
      0.0000	      0.0000	      0.0000	      0.0000
      0.0000	      0.0000	      0.0000	      0.0000
     -0.0998	     -5.7243	    -19.5062	    -10.4944
      0.0000	      0.0000	      0.0000	      0.0000
      0.0000	      0.0000	      0.0000	      0.0000
      0.0000	      0.0000	      0.0000	      0.0000
    -20.5438	    -35.1587	    -41.2826	     -9.4787
      0.0000	      0.0000	      0.0000	      0.0000
      0.0000	      0.0000	      0.0000	      0.0000
      0.0000	      0.0000	      0.0000	      0.0000
      0.2477	     10.4813	    -27.8468	     -3.5095
      0.0000	      0.0000	      0.0000	      0.0000
      0.0000	      0.0000	      0.0000	      0.0000
      0.0000	      0.0000	      0.0000	      0.0000
      0.4477	    -26.8172	    -22.7949	      1.5821
      0.0000	      0.0000	      0.0000	      0.0000
      0.0000	      0.0000	      0.0000	      0.0000
      0.0000	      0.0000	      0.0000	      0.0000
    -58.4726	    -42.5688	    -64.8285	    -55.5116
      0.0000	      0.0000	      0.0000	      0.0000
      0.0000	      0.0000	      0.0000	      0.0000
      0.0000	      0.0000	      0.0000	      0.0000
     12.6497	     13.3011	     -5.9059	     28.7627
      0.0000	      0.0000	      0.0000	      0.0000
      0.0000	      0.0000	      0.0000	      0.0000
      0.0000	      0.0000	      0.0000	      0.0000
      6.2630	    -37.0351	     -9.5609	     20.2227
      0.0000	      0.0000	      0.0000	      0.0000
      0.0000	      0.0000	      0.0000	      0.0000
      0.0000	      0.0000	      0.0000	      0.0000
   -124.8695	   -123.4136	   -125.8466	    -54.6688
      0.0000	      0.0000	      0.0000	      0.0000
      0.0000	      0.0000	      0.0000	      0.0000
      0.0000	      0.0000	      0.0000	      0.0000
    -44.6532	    -44.9993	    -48.7374	    -29.6251
      0.0000	      0.0000	      0.0000	      0.0000
      0.0000	      0.0000	      0.0000	      0.0000
      0.0000	      0.0000	      0.0000	      0.0000
      7.0602	     60.3745	     10.5928	    -12.2109
      0.0000	      0.0000	      0.0000	      0.0000
      0.0000	      0.0000	      0.0000	      0.0000
      0.0000	      0.0000	      0.0000	      0.0000
    105.2711	     77.6641	     57.9548	     65.9388
      0.0000	      0.0000	      0.0000	      0.0000
      0.0000	      0.0000	      0.0000	      0.0000
      0.0000	      0.0000	      0.0000	      0.0000
     -5.7385	     -5.3265	     24.8134	    -14.7136
      0.0000	      0.0000	      0.0000	      0.0000
      0.0000	      0.0000	      0.0000	      0.0000
      0.0000	      0.0000	      0.0000	      0.0000
      2.4349	     42.0121	      5.5995	      2.5194
      0.0000	      0.0000	      0.0000	      0.0000
      0.0000	      0.0000	      0.0000	      0.0000
      0.0000	      0.0000	      0.0000	      0.0000
     28.7370	      9.6353	      0.0000	      4.9822
      0.0000	      0.0000	      0.0000	      0.0000
      0.0000	      0.0000	      0.0000	      0.0000
      0.0000	      0.0000	      0.0000	      0.0000
      6.9557	     41.5111	      7.8628	      9.6659
      0.0000	      0.0000	      0.0000	      0.0000
      0.0000	      0.0000	      0.0000	      0.0000
      0.0000	      0.0000	      0.0000	      0.0000
     27.5487	     36.1775	     20.5061	     26.7005
      0.0000	      0.0000	      0.0000	      0.0000
      0.0000	      0.0000	      0.0000	      0.0000
      0.0000	      0.0000	      0.0000	      0.0000
      4.3446	     16.0534	     13.1452	     33.2567
      0.0000	      0.0000	      0.0000	      0.0000
      0.0000	      0.0000	      0.0000	      0.0000
      0.0000	      0.0000	      0.0000	      0.0000
     39.5118	      8.6813	     15.1909	      0.0000
      0.0000	      0.0000	      0.0000	      0.0000
      0.0000	      0.0000	      0.0000	      0.0000
      0.0000	      0.0000	      0.0000	      0.0000
     12.5762	     22.4792	     16.7312	     38.8191
      0.0000	      0.0000	      0.0000	      0.0000
      0.0000	      0.0000	      0.0000	      0.0000
      0.0000	      0.0000	      0.0000	      0.0000
      0.9219	     -7.5832	    -10.8767	     29.5378
      0.0000	      0.0000	      0.0000	      0.0000
      0.0000	      0.0000	      0.0000	      0.0000
      0.0000	      0.0000	      0.0000	      0.0000
     77.2022	     51.6919	     35.3530	     48.4782
      0.0000	      0.0000	      0.0000	      0.0000
      0.0000	      0.0000	      0.0000	      0.0000
      0.0000	      0.0000	      0.0000	      0.0000
     13.7716	     -5.3037	     -3.1539	     81.0097
      0.0000	      0.0000	      0.0000	      0.0000
      0.0000	      0.0000	      0.0000	      0.0000
      0.0000	      0.0000	      0.0000	      0.0000
    -20.1611	    -26.3699	    -21.7743	    -21.3583
      0.0000	      0.0000	      0.0000	      0.0000
      0.0000	      0.0000	      0.0000	      0.0000
      0.0000	      0.0000	      0.0000	      0.0000
    -26.1972	      7.9514	    -46.2297	    -25.3180
      0.0000	      0.0000	      0.0000	      0.0000
      0.0000	      0.0000	      0.0000	      0.0000
      0.0000	      0.0000	      0.0000	      0.0000
      2.9945	     47.2624	     -9.1568	     -2.2623
      0.0000	      0.0000	      0.0000	      0.0000
      0.0000	      0.0000	      0.0000	      0.0000
      0.0000	      0.0000	      0.0000	      0.0000
     20.3128	      3.8535	     12.1847	     47.2866
      0.0000	      0.0000	      0.0000	      0.0000
      0.0000	      0.0000	      0.0000	      0.0000
      0.0000	      0.0000	      0.0000	      0.0000
     -2.7977	     27.9574	    -30.0552	     -9.7033
      0.0000	      0.0000	      0.0000	      0.0000
      0.0000	      0.0000	      0.0000	      0.0000
      0.0000	      0.0000	      0.0000	      0.0000
     12.7261	     27.6639	     -7.9040	      7.2516
      0.0000	      0.0000	      0.0000	      0.0000
      0.0000	      0.0000	      0.0000	      0.0000
      0.0000	      0.0000	      0.0000	      0.0000
     25.3411	      0.0000	     -6.1007	      0.0000
      0.0000	      0.0000	      0.0000	      0.0000
      0.0000	      0.0000	      0.0000	      0.0000
      0.0000	      0.0000	      0.0000	      0.0000
     -5.7541	     24.6677	     -3.5035	     14.0890
      0.0000	      0.0000	      0.0000	      0.0000
      0.0000	      0.0000	      0.0000	      0.0000
      0.0000	      0.0000	      0.0000	      0.0000
     24.7198	     11.7660	    -12.8675	     11.2458
      0.0000	      0.0000	      0.0000	      0.0000
      0.0000	      0.0000	      0.0000	      0.0000
      0.0000	      0.0000	      0.0000	      0.0000
      2.7083	      0.8256	    -22.8523	     14.2526
      0.0000	      0.0000	      0.0000	      0.0000
      0.0000	      0.0000	      0.0000	      0.0000
      0.0000	      0.0000	      0.0000	      0.0000
     32.3982	     17.4218	      0.0000	     11.1496
      0.0000	      0.0000	      0.0000	      0.0000
      0.0000	      0.0000	      0.0000	      0.0000
      0.0000	      0.0000	      0.0000	      0.0000
     12.8101	      6.8555	      8.9594	     21.1108
      0.0000	      0.0000	      0.0000	      0.0000
      0.0000	      0.0000	      0.0000	      0.0000
      0.0000	      0.0000	      0.0000	      0.0000
     -7.2223	    -10.6661	    -23.3679	     12.5925
      0.0000	      0.0000	      0.0000	      0.0000
      0.0000	      0.0000	      0.0000	      0.0000
      0.0000	      0.0000	      0.0000	      0.0000
     48.6320	     11.7424	      0.0000	      8.5258
      0.0000	      0.0000	      0.0000	      0.0000
      0.0000	      0.0000	      0.0000	      0.0000
      0.0000	      0.0000	      0.0000	      0.0000
      6.9137	     -8.2362	     21.1376	      0.0000
      0.0000	      0.0000	      0.0000	      0.0000
      0.0000	      0.0000	      0.0000	      0.0000
      0.0000	      0.0000	      0.0000	      0.0000
    -52.2644	    -49.2652	    -52.1315	    -52.0118
      0.0000	      0.0000	      0.0000	      0.0000
      0.0000	      0.0000	      0.0000	      0.0000
      0.0000	      0.0000	      0.0000	      0.0000
    -57.4314	    -10.5788	    -73.3439	    -67.9064
      0.0000	      0.0000	      0.0000	      0.0000
      0.0000	      0.0000	      0.0000	      0.0000
      0.0000	      0.0000	      0.0000	      0.0000
      6.8178	     19.6310	    -11.2916	    -32.3554
      0.0000	      0.0000	      0.0000	      0.0000
      0.0000	      0.0000	      0.0000	      0.0000
      0.0000	      0.0000	      0.0000	      0.0000
     12.2312	      2.4559	     17.2805	     23.5408
      0.0000	      0.0000	      0.0000	      0.0000
      0.0000	      0.0000	      0.0000	      0.0000
      0.0000	      0.0000	      0.0000	      0.0000
    -27.3779	     -0.6497	    -51.0811	    -23.1893
      0.0000	      0.0000	      0.0000	      0.0000
      0.0000	      0.0000	      0.0000	      0.0000
      0.0000	      0.0000	      0.0000	      0.0000
    -12.1690	      0.3000	    -26.7987	     -8.6772
      0.0000	      0.0000	      0.0000	      0.0000
      0.0000	      0.0000	      0.0000	      0.0000
      0.0000	      0.0000	      0.0000	      0.0000
    -28.2790	    -30.0710	    -44.1658	    -16.8185
      0.0000	      0.0000	      0.0000	      0.0000
      0.0000	      0.0000	      0.0000	      0.0000
      0.0000	      0.0000	      0.0000	      0.0000
    -17.4323	     -4.8240	    -31.1621	    -21.1772
      0.0000	      0.0000	      0.0000	      0.0000
      0.0000	      0.0000	      0.0000	      0.0000
      0.0000	      0.0000	      0.0000	      0.0000
    -12.7141	    -19.0544	    -28.0782	    -17.7820
      0.0000	      0.0000	      0.0000	      0.0000
      0.0000	      0.0000	      0.0000	      0.0000
      0.0000	      0.0000	      0.0000	      0.0000
    -57.7159	    -50.5779	    -53.6088	     -7.6791
      0.0000	      0.0000	      0.0000	      0.0000
      0.0000	      0.0000	      0.0000	      0.0000
      0.0000	      0.0000	      0.0000	      0.0000
    -12.6591	     14.7123	    -24.0506	     -8.4561
      0.0000	      0.0000	      0.0000	      0.0000
      0.0000	      0.0000	      0.0000	      0.0000
      0.0000	      0.0000	      0.0000	      0.0000
    -19.5952	    -42.4423	    -24.2158	    -23.1407
      0.0000	      0.0000	      0.0000	      0.0000
      0.0000	      0.0000	      0.0000	      0.0000
      0.0000	      0.0000	      0.0000	      0.0000
    -98.9773	   -116.5725	    -78.0617	   -125.2708
      0.0000	      0.0000	      0.0000	      0.0000
      0.0000	      0.0000	      0.0000	      0.0000
      0.0000	      0.0000	      0.0000	      0.0000
      3.8136	      2.7678	      2.2051	     14.9177
      0.0000	      0.0000	      0.0000	      0.0000
      0.0000	      0.0000	      0.0000	      0.0000
      0.0000	      0.0000	      0.0000	      0.0000
     -9.3871	    -31.8931	     -2.2128	     -9.1635
      0.0000	      0.0000	      0.0000	      0.0000
      0.0000	      0.0000	      0.0000	      0.0000
      0.0000	      0.0000	      0.0000	      0.0000
   -163.3402	   -162.9837	   -153.0001	   -162.0549
      0.0000	      0.0000	      0.0000	      0.0000
      0.0000	      0.0000	      0.0000	      0.0000
      0.0000	      0.0000	      0.0000	      0.0000
      0.0000	      0.0000	      0.5551	    -24.6794
      0.0000	      0.0000	    -21.9372	      0.0000
      0.0000	      0.0000	      0.0000	      0.0000
      0.0000	      0.0000	      0.0000	      0.0000
      0.0000	      0.0000	      0.0000	      0.0000
      0.0000	      0.0000	      0.0000	      0.0000
      0.0000	      0.0000	      0.0000	      0.0000
      0.0000	      0.0000	      0.0000	      0.0000
      0.0000	      0.0000	      0.0000	      0.0000
     -7.5226	      0.0000	      0.0000	      0.0000
      0.0000	      0.0000	      0.0000	      0.0000
      0.0000	      0.0000	      0.0000	      0.0000
      6.2094	      0.0000	      0.0000	      0.0000
      0.0000	      0.0000	      0.0000	      0.0000
      0.0000	      0.0000	      0.0000	      0.0000
    -18.4966	      0.0000	      0.0000	      0.0000
      0.0000	      0.0000	      0.0000	      0.0000
      0.0000	      0.0000	      0.0000	      0.0000
      0.0000	      0.0000	      0.0000	      0.0000
      0.0000	      0.0000	      0.0000	      0.0000
      5.4598	      0.0000	      0.0000	      0.0000
      0.0000	      0.0000	      0.0000	      0.0000
      0.0000	      0.0000	      0.0000	      0.0000
      0.0000	      0.0000	      0.0000	      0.0000
      0.0000	      0.0000	      0.0000	      0.0000
     -1.6416	    -15.6011	      0.7045	      0.0000
      0.0000	      0.0000	      0.0000	      0.0000
      0.0000	      0.0000	      0.0000	      0.0000
      0.8770	      9.7534	      0.0000	      0.0000
    -21.9112	     -1.2865	      2.8316	      0.0000
      0.0000	      0.0000	      0.0000	      0.0000
      0.0000	      0.0000	      0.0000	      0.0000
     -1.5241	     -0.5112	      0.0000	      0.0000
      0.0000	      0.0000	      0.0000	      0.0000
      0.0000	      0.0000	      0.0000	      0.0000
    -19.4569	      0.0000	      0.0000	      0.0000
      0.0000	      0.0000	      0.0000	      5.4847
      9.4151	      0.0000	      0.0000	      0.0000
      0.0000	      0.0000	      0.0000	      0.0000
      0.0000	      0.0000	      0.0000	      0.0000
      6.3716	      0.0000	      0.0000	      0.0000
    -15.5788	      0.0000	      0.0000	      0.0000
      0.0000	      0.0000	      0.0000	      0.0000
      0.0000	      0.0000	      0.0000	      0.0000
      6.0945	      0.0000	      0.0000	      0.0000
      8.8696	      0.0000	      0.0000	      0.0000
      0.0000	      0.0000	      0.0000	      0.0000
     -0.0134	      0.0000	      0.0000	      0.0000
    -13.5159	     10.9136	      0.0000	      0.0000
    -17.3795	     -4.6711	      0.0000	    -13.3503
     11.4073	      0.0000	      0.0000	      0.0000
      0.0000	      0.0000	      0.0000	      0.0000
      0.0000	      0.0000	      0.0000	      0.0000
      0.0000	      0.0000	      0.0000	      0.0000
      0.0000	      0.0000	      0.0000	      0.0000
      0.0000	      0.0000	      0.0000	      0.0000
    -10.8110	      0.0000	      0.0000	     14.6942
    -20.0000	    -15.5479	      0.0000	      0.0000
      1.6254	      0.0000	      0.0000	      0.0000
      0.0000	      0.0000	      0.0000	      0.0000
     -5.5678	    -23.7988	      0.0000	      0.0000
      0.0000	      0.0000	      0.0000	      0.0000
      0.0000	      0.0000	      0.0000	      0.0000
      0.0000	      0.0000	      0.0000	      0.0000
     -0.7551	     -0.7286	      7.1411	      0.0000
      0.0000	      0.0000	      0.0000	      0.0000
      0.0000	      0.0000	      0.0000	      0.0000
      0.0000	      0.0000	      0.0000	      0.0000
      0.0000	      0.0000	      0.0000	      0.0000
      0.0000	      0.0000	      0.0000	      0.0000
      5.6328	      0.0000	      0.0000	      0.0000
      0.0000	      0.0000	      0.0000	      0.0000
      8.1644	      0.0000	      0.0000	      0.0000
      1.9084	      0.0000	      0.0000	      0.0000
      2.6327	      0.0000	      0.0000	      0.0000
    -20.0498	      0.0000	      0.0000	      0.0000
      0.0000	      0.0000	      0.0000	      7.6471
     -0.3803	    -19.4244	      0.0000	      0.0000
      0.0000	      0.0000	      0.0000	      0.0000
      0.0000	      0.0000	      0.0000	      0.0000
     10.7609	      0.0000	      0.0000	      0.0000
      0.0000	      0.0000	      0.0000	      0.0000
      8.2741	      0.0000	      0.0000	      0.0000
    -18.7044	      0.0000	      0.0000	      0.0000
     -1.5705	     -2.2464	      1.4296	     -0.7245
     12.8736	      0.0000	      0.0000	      0.0000
     -1.0691	      0.0000	      0.0000	      0.0000
    -19.0026	      1.8766	      0.0000	      0.0000
     19.0649	      0.0000	      0.0000	      0.0000
     -1.0322	      3.2083	      0.0000	      0.0000
      0.0000	      0.0000	      0.0000	      0.0000
      0.0000	      0.0000	      0.0000	      0.0000
     -1.2714	      0.1075	      0.0000	      0.0000
      3.7866	      0.0000	      0.0000	      0.0000
      0.0000	      0.0000	      0.0000	      0.0000
      0.0000	      0.0000	      0.0000	      0.0000
      0.0000	      0.0000	     -1.9076	     20.3749
     12.6856	      0.0000	      0.0000	      0.0000
    -15.9308	      0.0000	      0.0000	      0.0000
     -1.9104	      0.0000	      0.0000	      0.0000
     13.7075	      0.0000	      0.0000	      0.0000
      0.0000	      0.0000	      0.0000	      0.0000
     -1.3953	      0.0000	      0.0000	      0.0000
     -1.5044	      0.0000	      0.0000	      0.0000
     11.6172	      0.0000	      0.0000	      0.0000
    -10.3619	      0.0000	      0.0000	      0.0000
      2.5763	      0.0000	      0.0000	      0.0000
      0.0000	      0.0000	     -2.9909	      0.0000
     14.5461	      0.0000	     -1.5693	      0.0000
     -1.6151	      0.0000	      0.0000	      0.0000
    -20.0000	      0.0000	      0.0000	      0.0000
      0.0000	      0.0000	      0.0000	      0.0000
      3.6072	      0.0000	      0.0000	      0.0000
      3.5866	      0.0000	      0.0000	      0.0000
      0.0000	      0.0000	      0.0000	      0.0000
     -0.8315	      0.0000	      0.0000	      0.0000
    -42.5546	    -42.4309	    -27.1224	    -37.5884
    -20.0000	    -19.7023	    -23.4843	    -20.9475
      0.0000	      0.0000	      0.0000	      0.0000
      0.0000	      0.0000	      0.0000	      0.0000
     -3.5632	     -1.6656	      0.0000	      0.0000
      0.0000	      0.0000	      0.0000	      0.0000
      0.0000	      0.0000	      0.0000	      0.0000
      0.0000	      0.0000	      0.0000	      0.0000
     15.2026	      0.0000	      0.0000	      0.0000
      0.0000	      0.0000	      0.0000	      0.0000
      0.0000	      0.0000	      0.0000	      0.0000
      0.0000	      0.0000	      0.0000	      0.0000
     -8.6617	      0.0000	      0.0000	      0.0000
      2.8143	      0.0000	      0.0000	      0.0000
      0.0000	      0.0000	      0.0000	      0.0000
      0.0000	      0.0000	      0.0000	      0.0000
     -4.6503	     -3.1519	     -0.5372	      0.0000
     -0.8476	     -1.4412	     -3.1666	      6.1496
      0.0000	      0.0000	      0.0000	      0.0000
     -0.0339	      0.0000	      0.0000	      0.0000
     10.9363	      0.0000	      0.0000	      0.0000
      0.0826	      0.0000	      0.0000	      0.0000
      5.2631	     -1.9774	      0.0000	      0.0000
     -2.3564	     -2.9738	     -2.3159	      3.7331
      8.2091	      0.0000	      0.0000	      0.0000
     -0.0672	      0.0000	      0.0000	      0.0000
      5.1834	      0.0000	      0.0000	      0.0000
      0.0000	      0.0000	      0.0000	      0.0000
     -2.5668	     -1.9955	     -1.7602	      0.8944
      6.0996	      0.0000	      0.0000	      0.0000
      0.0000	      0.0000	      0.0000	      0.0000
     -0.5743	     -3.4804	      0.0000	      0.0000
     14.2846	      1.3584	      0.0000	      6.5791
      4.1065	      0.0000	      0.0000	      0.0000
     10.1739	      0.0000	      0.0000	      0.0000
     -0.0522	      0.0000	     -5.0748	      0.0000
     -1.8431	     -3.7836	     -1.5194	      1.8383
      0.0000	      0.0000	      0.0000	      0.0000
      0.8318	      0.0000	      0.0000	      0.0000
      0.0000	      0.0000	      0.0000	      0.0000
     14.2423	      0.0000	      0.0000	      3.0906
      0.0000	      4.7918	      0.0000	      0.0000
      0.0000	      0.0000	      0.0000	      0.0000
      0.0000	     -1.3149	      0.0000	      0.0000
     17.5069	      0.0000	      0.0000	      6.3886
     -1.2056	     -1.0529	     -2.2566	     20.2768
     12.5080	      0.0000	      0.0000	      1.4900
     -0.1184	     -0.2213	     -3.6354	      9.6976
     -0.6535	     -0.4318	     -5.3045	      4.7062
      0.0000	      0.0000	      0.0000	      0.0000
      0.0000	      0.0000	      0.0000	      0.0000
      0.0000	      0.0000	      0.0000	      0.0000
     12.6371	      0.0000	      0.0000	      0.0000
      0.3879	      0.0000	      0.0000	      0.0000
      0.0000	      0.0000	      0.0000	      0.0000
      0.0000	      0.0000	      0.0000	      0.0000
     15.4148	      0.0000	      0.0000	      7.3357
     -0.5449	     -0.2963	     -4.8994	      0.3070
      2.1437	      0.0000	      0.0000	      0.0000
      0.0000	      0.0000	      0.0000	      0.0000
    -14.8063	    -11.6806	    -17.7347	    -11.9329
    -11.3205	     -5.8664	    -11.0213	     -5.8231
      0.0000	      0.0000	      0.0000	      0.0000
      0.0000	      0.0000	      0.0000	      0.0000
      0.0000	      0.0000	      0.0000	      0.0000
      0.0000	      0.0000	      0.0000	      0.0000
      0.0000	      0.0000	      0.0000	      0.0000
      0.0000	      0.0000	      0.0000	      0.0000
      8.3188	      0.0000	      0.0000	      0.0000
      0.0000	      0.0000	      0.0000	      0.0000
      0.0000	      0.0000	      0.0000	      0.0000
      0.0000	      0.0000	      0.0000	      0.0000
      0.0000	      0.0000	      0.0000	      0.0000
      0.0000	      0.0000	      0.0000	      0.0000
      0.0000	      0.0000	      0.0000	      0.0000
      0.0000	      0.0000	      0.0000	      0.0000
     18.5689	      0.0000	      0.0000	      0.0000
     -4.0649	      1.8162	      0.0000	      0.0000
      0.0000	      0.0000	      0.0000	      0.0000
    -20.7837	    -20.1897	      0.0000	      0.0000
     -1.3026	      0.0000	      0.0000	      8.7630
      0.0000	      0.0000	      0.0000	      0.0000
      0.0000	      0.0000	      0.0000	      0.0000
      0.0000	      0.0000	      0.0000	      0.0000
      0.0000	      0.0000	     18.1715	      0.0000
      0.0000	      0.0000	      0.0000	      0.0000
      7.2063	      0.0000	      0.0000	      0.0000
    -15.6373	      0.0000	      0.0000	      0.0000
      2.1569	      0.0000	      0.0000	      0.0000
    -19.2554	    -26.6040	    -19.2044	     -5.0806
    -15.2491	      0.0000	      0.0000	      0.0000
    -20.1774	      0.0000	      0.0000	      0.0000
     -0.7985	     17.7458	      0.0000	     -0.6416
     -3.8791	      0.2636	      0.0000	      0.0000
    -13.9951	     -1.9760	      0.0000	      0.0000
    -17.4531	      0.0000	      0.0000	      0.0000
     12.9873	      0.0000	      0.0000	      0.0000
      9.5174	      0.0000	      0.0000	      0.0000
      1.3087	      0.0000	      0.0000	      0.0000
    -15.1073	      0.0000	      0.0000	      0.0000
     15.1454	      0.0000	      0.0000	      0.0000
     -2.9287	     11.8274	      0.0000	      0.0000
      0.0000	      0.0000	      0.0000	      0.0000
      0.0000	      0.0000	      0.0000	      0.0000
      4.4066	      4.1058	      0.0000	      7.8516
      0.0000	      0.0000	      0.0000	      0.0000
      0.0000	      0.0000	      0.0000	      0.0000
      0.0000	      0.0000	      0.0000	      0.0000
      1.2903	      0.0000	      0.0000	    -14.2613
      3.4525	      0.0000	      0.0000	      0.0000
      0.0000	      0.0000	      0.0000	      0.0000
      0.0000	      0.0000	      0.0000	      0.0000
    -15.6796	      0.0000	      0.0000	      0.0000
     12.6971	      0.0000	      0.0000	      0.0000
      0.0000	      0.0000	    -12.2544	      0.0000
      0.0000	      0.0000	      0.0000	      0.0000
      9.9029	      0.0000	      0.0000	      0.0000
      0.0000	      0.0000	      0.0000	      0.0000
      0.0000	      0.0000	      0.0000	      0.0000
      0.0000	      0.0000	      0.0000	      0.0000
    -20.0000	    -13.4204	     -5.9774	    -22.1132
      0.0000	    -36.5071	      0.0000	      0.0000
      0.0000	      0.0000	      0.0000	      0.0000
      0.0000	      0.0000	      0.0000	      0.0000
    -18.4652	    -13.3284	    -39.8458	    -15.0595
      0.7923	      0.0000	      0.0000	      0.0000
    -18.1009	     10.1720	      0.0000	      0.0000
    -20.1732	     -1.4659	     -6.6118	    -15.2059
     -1.0871	     -0.4594	      3.6911	      0.0000
      4.3598	      0.0000	      0.0000	      3.4835
     10.2043	      0.0000	      0.0000	      0.0000
      0.0000	      0.0000	      0.0000	      0.0000
     12.1662	      0.0000	      0.0000	      0.0000
      0.0000	      0.0000	      0.0000	      0.0000
      6.1842	      0.0000	      0.0000	      0.0000
      4.1932	      0.0000	      0.0000	      0.0000
     -1.2282	     16.1688	     -7.9871	     -3.1011
      1.5605	     -7.6993	     -7.7038	     -3.1655
    -18.1281	     11.4540	      0.0000	      0.0000
     -2.3167	    -20.2698	    -21.6058	    -21.7636
     -1.3379	      2.7139	     23.6497	     -1.6263
      2.7030	     11.1378	     -1.9440	     -5.4576
     -4.4140	     11.6139	      0.0000	      0.0000
    -13.2025	      0.0000	      0.0000	      0.0000
      0.0000	      1.8414	     20.0529	      0.0000
      1.6862	      0.0000	      0.0000	      0.0000
     16.7523	      0.0000	      0.0000	      0.0000
     -0.4122	     -0.6865	     -0.6835	     10.4603
      0.3342	     12.8075	     -1.5974	     -1.5667
      0.5693	     -6.8626	     -8.3054	     -7.3061
      7.7031	      0.0000	      0.0000	      0.0000
     18.8409	      0.0000	      0.0000	      0.0000
      7.9425	     -1.2810	     10.7024	      1.0711
     -1.6556	      3.6409	      0.0000	      0.0000
      0.0000	      3.9825	      0.0000	      0.0000
     35.5113	      0.0000	      0.0000	      0.0000
     -2.7821	     -2.9385	     -3.7412	     11.3995
     -0.9847	      0.1481	      0.0000	      0.0000
     -1.6542	      1.7667	     -3.4907	     20.2916
    -11.7984	      0.0000	      0.0000	     27.1583
     25.5040	      0.0000	      0.0000	      3.9867
      0.0000	      0.0000	      6.8403	      0.0000
     10.3670	      0.0000	      0.0000	      0.0000
      0.1256	      0.0000	      0.0000	      0.0000
      0.0000	      0.0000	     15.3279	      5.4087
     19.5714	      0.0000	      0.0000	      0.0000
      8.9122	      0.0000	      0.0000	      0.0000
      0.0000	      0.0000	      0.0000	      0.0000
     -2.2859	     -3.5641	     -2.7085	     -2.2720
     34.9458	      0.0000	      0.0000	      0.0000
     18.6757	     -5.5732	     -4.9730	     -3.1530
    -16.5788	      2.4874	      0.0000	      0.0000
      5.4641	      5.1477	      0.0000	      0.0000
     14.9926	      0.0000	      0.0000	      0.0000
      0.0000	      0.0000	      0.0000	      0.0000
     -1.9841	      0.0000	      0.0000	      0.0000
     -1.1563	     -4.7649	      0.1493	      0.0000
      0.0000	      0.0000	      0.0000	      0.0000
      1.1829	      0.0000	      0.0000	      0.0000
      0.0000	      0.0000	      0.0000	      0.0000
    -26.2303	     -1.5508	    -39.4153	    -17.7282
     -8.2767	     -5.9235	      0.0000	      0.0000
      0.0000	      0.0000	      0.0000	      0.0000
      0.0000	      0.0000	      0.0000	      0.0000
    -16.2939	    -17.7501	    -15.6062	    -14.9776
      0.0000	      0.0000	      0.0000	      0.0000
     -6.9457	     -5.5947	      0.0000	      0.0000
     -1.3033	      0.0000	      0.0000	      0.0000
      0.8908	     23.5633	      0.0000	      1.1506
     19.0460	      0.0000	      0.0000	      2.4145
     -0.1811	      7.0366	      0.0000	      0.0000
      3.4587	     -3.8248	     -6.7242	     -9.9166
     23.9172	      0.0000	      0.0000	      0.0000
      0.0000	      0.0000	      0.0000	      0.0000
      0.4551	      2.0992	      0.0000	      0.0000
      0.0000	      0.0000	      0.0000	      0.0000
     -3.8509	      4.8734	     -9.1038	     -4.5817
     -1.2338	     -1.5712	     -5.2515	     -0.5443
     -1.9322	     -3.7301	      0.0000	      0.0000
      0.0000	      0.0000	      0.0000	      0.0000
     -0.0529	     26.4473	     -5.2355	      0.0000
      8.1692	      3.5934	     -7.3532	      4.9568
     -0.0547	     16.1546	     -4.4809	      3.7514
      0.5050	      1.5104	    -14.3236	     -0.7988
     28.1467	      0.0000	      0.2284	      4.8456
      8.0011	      0.0000	      0.0000	      0.0000
      9.8234	      0.0000	      0.0000	      0.0000
      4.8085	      0.0000	      0.0000	      0.0000
     -2.8301	     10.7661	    -10.5884	     -2.3168
     -1.3995	     -1.7210	     -4.3155	      7.2704
      1.7804	      0.0000	      0.0000	      0.0000
     16.8077	      0.0000	      0.0000	      0.0000
     11.7370	      6.2591	     -1.3907	      5.4291
      8.9877	     13.6052	     -5.6326	      5.9828
     20.1818	     -0.3908	    -11.1038	     13.6128
     19.1643	     12.4100	    -18.5221	     12.6915
     -0.5913	     -0.6441	     -4.1218	     10.4976
      4.6594	      0.0000	      0.0000	      0.0000
      4.7324	      0.0000	      0.0000	      0.0000
      5.4681	      0.0000	      0.0000	      0.0000
      5.7475	      3.1325	      1.1553	     25.0336
     -0.3736	     19.1865	      0.0000	      0.0000
      4.2307	      0.0000	      0.0000	      0.0000
     -0.5804	     -0.1581	     -2.6336	     18.3053
     18.9956	     -0.0702	     -1.7155	     10.3490
     12.3884	      9.4970	     -3.2866	     -3.1131
     24.1075	     10.3768	     -9.6905	     15.1101
     25.3607	     11.7463	    -16.2842	     10.2461
     -5.4373	     -7.0156	     -6.8298	      7.8744
      0.8958	      0.0000	      0.0000	      0.0000
     -2.8946	     -3.5940	     -7.7625	      0.0000
     -2.5956	      9.6587	      0.0000	      0.0000
     27.1698	      0.0000	      0.0000	      4.7438
      0.7554	      0.0000	      0.0000	      0.0000
      0.0000	      0.0000	      0.0000	      0.0000
      0.0000	      0.0000	      0.0000	      0.0000
      7.3269	     -2.2962	     -5.8070	     -0.2834
     -0.3808	     -0.9453	     -5.8878	      7.1623
     16.3204	      0.0000	      0.0000	      0.0000
     -0.0716	     -3.7938	     -5.0670	     -1.5768
     -5.7031	     -8.5510	    -10.5590	     -0.1233
     -5.8803	     -2.6990	     -9.7209	     -2.3416
      0.0000	      0.0000	      0.0000	      0.0000
      0.0000	      0.0000	      0.0000	      0.0000
    -40.3376	    -49.8397	    -53.4238	    -35.7480
      0.0000	      0.0000	      0.0000	      0.0000
    -31.2381	    -24.8499	      0.0000	      0.0000
      0.0000	      0.0000	      0.0000	      0.0000
      0.0000	      0.0000	      0.0000	      0.0000
      0.0000	      0.0000	      0.0000	      0.0000
      0.0000	      0.0000	      0.0000	      0.0000
      0.0000	      0.0000	      0.0000	      0.0000
      0.0000	      0.0000	      0.0000	      0.0000
      0.0000	      0.0000	      0.0000	      0.0000
      0.0000	      0.0000	      0.0000	      0.0000
      0.0000	      0.0000	      0.0000	      0.0000
      4.1441	      0.0000	      0.0000	      0.0000
      0.0000	      0.0000	      0.0000	      0.0000
      0.0000	      0.0000	      0.0000	      0.0000
    -18.8553	      0.0000	      0.0000	      0.0000
      5.8475	      0.0000	      0.0000	      0.0000
      0.0000	      0.0000	      0.0000	      0.0000
      0.0000	      0.0000	      0.0000	      0.0000
      0.0000	      0.0000	      0.0000	      0.0000
      0.0000	      0.0000	      0.0000	      0.0000
    -17.9754	      0.0000	      0.0000	      0.0000
      0.0000	      0.0000	      0.0000	      0.0000
    -20.0000	      0.0000	      0.0000	      0.0000
     -1.9543	      0.0000	      0.0000	      0.0000
      0.0000	      0.0000	      0.0000	      0.0000
      0.0000	      0.0000	      0.0000	      0.0000
      0.0000	      0.0000	      0.0000	      0.0000
    -18.1443	      0.0000	      0.0000	      0.0000
     -5.1205	      0.0000	      0.0000	      0.0000
      0.0000	      0.0000	      0.0000	      0.0000
      0.0000	      0.0000	      0.0000	      0.0000
      2.4080	      0.0000	      0.0000	      0.0000
      0.0000	      0.0000	      0.0000	      0.0000
      0.0000	      0.0000	      0.0000	      0.0000
      0.0000	      0.0000	      0.0000	      0.0000
      0.0000	      0.0000	      0.0000	      0.0000
    -20.0000	      0.0000	      0.0000	      0.0000
      0.0000	      0.0000	      0.0000	      0.0000
      0.0000	      0.0000	      0.0000	      0.0000
      0.9133	      0.0000	      0.0000	      0.0000
      0.0000	      0.0000	      0.0000	      0.0000
      0.0000	      0.0000	      0.0000	      0.0000
      0.0000	      0.0000	      0.0000	      0.0000
      5.9675	      0.0000	      0.0000	      0.0000
      0.0000	      0.0000	      0.0000	      0.0000
      0.0000	      0.0000	      0.0000	      0.0000
    -18.9507	      0.0000	      0.0000	      0.0000
     10.5668	      0.0000	      0.0000	    -17.4390
      0.0000	     -4.1819	      0.0000	      0.0000
      0.0000	      0.0000	      0.0000	      0.0000
      0.0000	      0.0000	      0.0000	      0.0000
      0.0000	      0.0000	      0.0000	      0.0000
      0.0000	      0.0000	      0.0000	      0.0000
      0.0000	      0.0000	      0.0000	      0.0000
      0.0000	      0.0000	      0.0000	      0.0000
    -16.9393	     10.5312	    -22.9342	      0.0000
    -18.9684	      0.0000	      0.0000	      0.0000
     -8.5581	      0.0000	     -9.4744	      0.0000
      0.0000	      0.0000	      0.0000	      0.0000
    -33.4966	     -9.0779	    -25.3411	    -20.0000
      0.0000	      0.0000	      0.0000	      0.0000
      2.7529	      0.0000	      0.0000	      0.0000
      0.0000	      0.0000	      0.0000	      0.0000
     -0.1704	     -0.1281	    -20.0000	      0.0000
      0.0000	      0.0000	      0.0000	      0.0000
     -0.5263	      0.2607	      0.0000	      0.0000
     -4.3009	      0.0000	      0.0000	      0.0000
      0.8126	      0.0000	      0.0000	      0.0000
      0.0000	      0.0000	      0.0000	      0.0000
      0.0000	      0.0000	      0.0000	      0.0000
     -0.7907	      0.0000	      0.0000	      0.0000
     -2.5766	      5.9859	      0.0000	      0.0000
     -6.0322	     -5.7623	     -3.4377	      0.0000
      2.8373	      0.0000	      0.0000	      0.0000
     -0.4507	      0.0000	      0.0000	      0.0000
      0.0000	      0.0000	      0.0000	      1.9421
      0.4553	      0.0000	      0.0000	      0.0000
      3.3621	      0.0000	      0.0000	      0.0000
     -1.4107	      0.0000	     -7.1342	      0.0000
      3.2571	      0.0000	      0.0000	      0.0000
      0.0000	      0.0000	      0.0000	      0.0000
      0.0000	      0.0000	      0.0000	      0.0000
     -0.2232	      0.0000	      0.0000	      0.0000
     -2.5375	     -0.6967	      4.8644	      0.0000
     -6.5763	      0.0000	      0.0000	      0.0000
      0.0000	      0.0000	      0.0000	      0.0000
      0.0000	      0.0000	      0.0000	      0.0000
      0.0000	      0.0000	      0.0000	      0.0000
      0.0000	      0.0000	      0.0000	      0.0000
      0.0000	      0.0000	      0.0000	      0.0000
      0.0000	      0.0000	      0.0000	      0.0000
     -1.5665	     -0.0082	      7.2018	      0.0000
      0.0000	      0.0000	      0.0000	      0.0000
      0.0000	      0.0000	      0.0000	      0.0000
      0.0000	      0.0000	      0.0000	      0.0000
      0.0000	      0.0000	      0.0000	      0.0000
     13.3753	      0.0000	      0.0000	      0.0000
      0.0000	      0.0000	      0.0000	      0.0000
      0.0000	      0.0000	      0.0000	      0.0000
      9.0056	      0.0000	      0.0000	      0.0000
      0.0000	      0.0000	      0.0000	      0.0000
      0.0000	      0.0000	      0.0000	      0.0000
      0.0000	      0.0000	      0.0000	      0.0000
     -1.6117	     -0.4435	      0.0000	      0.0000
      0.0000	      0.0000	      0.0000	      0.0000
      0.0000	      0.0000	      0.0000	      0.0000
      0.0000	      0.0000	      0.0000	      0.0000
      4.9132	     21.3246	     10.8357	    -15.8032
      0.0000	      0.0000	      0.0000	      0.0000
      0.0000	      0.0000	      0.0000	      0.0000
      0.0000	      0.0000	      0.0000	      0.0000
      0.0000	     -1.3304	      0.0000	     10.6604
      0.0000	      0.0000	      0.0000	      0.0000
      0.0000	      0.0000	      0.0000	      0.0000
      0.0000	      0.0000	      0.0000	      0.0000
     -3.4336	     -5.8621	      1.2875	      0.0000
     -3.5587	    -21.2159	      0.0000	      0.0000
      0.0000	      0.0000	      0.0000	      0.0000
      0.0000	      0.0000	      0.0000	      0.0000
    -10.4925	     -5.0022	    -10.0080	    -12.2460
      0.0000	      0.0000	      0.0000	      0.0000
     -6.0759	      0.0000	      0.0000	     -6.2434
      0.0000	      0.0000	      0.0000	      0.0000
     -0.1998	     10.4547	      0.0000	      0.0000
      0.0000	      0.0000	      0.0000	      0.0000
     -0.4292	      0.6471	      0.0000	      0.0000
     -2.7551	      2.0595	      0.0000	      0.0000
      3.6111	      0.0000	      0.0000	      0.0000
      0.0000	      0.0000	      0.0000	      0.0000
      0.0000	      0.0000	      0.0000	      0.0000
      0.0000	      0.0000	      0.0000	      0.0000
     -3.1087	     -4.7701	     -7.6537	     -4.0661
      0.0000	      0.0000	      0.0000	      0.0000
     -0.2243	      0.0000	      0.0000	      0.0000
     -3.2118	      0.0000	      0.0000	      0.0000
      4.3027	     27.5714	      0.0000	      0.0000
     -1.0090	      3.9743	      0.0000	      0.0000
     -1.0344	     -1.5391	     -2.5396	      0.5626
      0.4121	     -2.7361	     -4.7758	     -5.2499
     14.2424	      0.0000	     -3.6494	      0.0000
      0.0000	      0.0000	      0.0000	      0.0000
      0.7714	      0.0000	      0.0000	      0.0000
      0.0000	      0.0000	      0.0000	      0.0000
     -3.0668	      2.9219	      0.0000	      0.0000
      0.0000	      0.0000	      0.0000	      0.0000
      0.0000	      0.0000	      0.0000	      0.0000
      0.0000	      0.0000	      0.0000	      0.0000
     -0.1820	     -0.6085	     -2.7180	     -2.9452
     -0.3161	      5.7098	      0.0000	      0.0000
      0.0000	      0.0000	      0.0000	      0.0000
      0.0000	      0.0000	      0.0000	      0.0000
     -2.8168	     -2.7976	     -3.0605	     -3.4450
      0.0000	      0.0000	      0.0000	      0.0000
      0.0000	      0.0000	      0.0000	      0.0000
      0.0000	      0.0000	      0.0000	      0.0000
      0.5619	      0.0000	      0.0000	      0.0000
      0.0000	      0.0000	      0.0000	      0.0000
     -0.9835	      0.0000	      0.0000	      0.0000
      0.0000	      0.0000	      0.0000	      0.0000
      0.1753	      8.4966	      0.0000	      0.0000
      0.0000	      0.0000	      0.0000	      0.0000
     -1.1390	      0.0000	      0.0000	      0.0000
      0.0000	      0.0000	      0.0000	      0.0000
     -2.1134	      2.3407	      0.0000	      0.0000
      2.1658	      0.0000	      0.0000	      0.0000
      0.8764	      0.0000	      0.0000	      0.0000
      0.0000	      0.0000	      0.0000	      0.0000
      0.0000	      0.0000	      0.0000	      0.0000
      0.0000	      0.0000	      0.0000	      0.0000
      0.0000	      0.0000	      0.0000	      0.0000
      0.0000	      0.0000	      0.0000	      0.0000
      0.0000	      0.0000	      0.0000	      0.0000
      0.0000	      0.0000	      0.0000	      0.0000
      0.0000	      0.0000	      0.0000	      0.0000
      0.0000	      0.0000	      0.0000	      0.0000
     -1.9968	     -4.4076	      0.0000	      0.0000
     -3.9842	      0.0000	      0.0000	      0.0000
      0.0000	      0.0000	      0.0000	      0.0000
      0.0000	      0.0000	      0.0000	      0.0000
     -3.7994	     -4.2299	      0.0000	      0.0000
      0.0000	      0.0000	      0.0000	      0.0000
      0.0000	      0.0000	      0.0000	      0.0000
      0.0000	      0.0000	      0.0000	      0.0000
      4.7943	      0.0000	      0.0000	      0.0000
      0.0000	      0.0000	      0.0000	      0.0000
      0.0000	      0.0000	      0.0000	      0.0000
      0.0000	      0.0000	      0.0000	      0.0000
      0.0000	      0.0000	      0.0000	      0.0000
      0.0000	      0.0000	      0.0000	      0.0000
      0.0000	      0.0000	      0.0000	      0.0000
      0.0000	      0.0000	      0.0000	      0.0000
      1.0370	      0.0000	      0.0000	      0.0000
      0.0000	      0.0000	      0.0000	      0.0000
      6.5843	      0.0000	      0.0000	      0.0000
      0.0000	      0.0000	      0.0000	      0.0000
     -0.1259	    -15.7125	     25.5122	      0.0000
      0.0000	      0.0000	      0.0000	      0.0000
      0.0000	      0.0000	      0.0000	      0.0000
      0.0000	      0.0000	      0.0000	      0.0000
     17.7749	      0.0000	      0.0000	      0.0000
      0.0000	      0.0000	      0.0000	      0.0000
      0.0000	      0.0000	      0.0000	      0.0000
      0.0000	      0.0000	      0.0000	      0.0000
      0.0000	      0.0000	      0.0000	      0.0000
      0.0000	      0.0000	      0.0000	      0.0000
      0.0000	      0.0000	      0.0000	      0.0000
      0.0000	      0.0000	      0.0000	      0.0000
      7.3866	      0.0000	      6.9995	      0.0000
      0.0000	      0.0000	      0.0000	      0.0000
      0.0000	      0.0000	      0.0000	      0.0000
      0.0000	      0.0000	      0.0000	      0.0000
     -1.6348	      3.1890	     17.8581	      0.0000
      0.0000	      0.0000	      0.0000	      0.0000
    -23.3974	     -6.7965	     -6.1592	      0.0000
    -18.2968	      0.0000	      0.0000	      0.0000
      7.5422	      0.0000	      0.0000	      0.0000
      0.0000	      0.0000	      0.0000	      0.0000
      0.0000	      0.0000	      0.0000	      0.0000
      0.0000	      0.0000	      0.0000	      0.0000
      5.0806	      0.0000	      0.0000	      0.0000
      0.0000	      0.0000	      0.0000	      0.0000
      0.0000	      0.0000	      0.0000	      0.0000
      0.0000	      0.0000	      0.0000	      0.0000
     -0.7618	     -3.0330	     -7.1313	      0.3751
      0.0000	      0.0000	      0.0000	      0.0000
      0.0000	      0.0000	      0.0000	      0.0000
      0.0000	      0.0000	      0.0000	      0.0000
     12.6428	      0.0000	     -1.7355	      0.0000
      0.0000	      0.0000	      0.0000	     23.8681
      0.0000	      0.0000	      0.0000	      0.0000
      0.0000	      0.0000	      0.0000	      0.0000
      0.3550	      0.0000	      0.0000	      9.5426
      0.0000	      0.0000	      0.0000	      0.0000
      0.0000	      0.0000	      0.0000	      0.0000
      0.0000	      0.0000	      0.0000	      0.0000
    -24.4894	    -34.4820	    -22.4772	    -21.6499
      0.0000	      0.0000	      0.0000	      0.0000
      0.0000	      0.0000	      0.0000	      0.0000
      0.0000	      0.0000	      0.0000	      0.0000
     -2.1573	     -1.8252	     -0.2715	      0.0000
      0.0000	      0.0000	      0.0000	      0.0000
      0.0000	      0.0000	      0.0000	      0.0000
      0.0000	      0.0000	      0.0000	      0.0000
     -0.4274	      0.0000	      0.0000	      0.0000
      0.0000	      0.0000	      0.0000	      0.0000
      0.0000	      0.0000	      0.0000	      0.0000
      0.0000	      0.0000	      0.0000	      0.0000
      0.0000	      0.0000	      0.0000	      0.0000
      0.0000	      0.0000	      0.0000	      0.0000
      0.0000	      0.0000	      0.0000	      0.0000
      0.0000	      0.0000	      0.0000	      0.0000
     -0.6802	     -0.5466	     -1.5394	      0.0000
      0.0000	      0.0000	      0.0000	      0.0000
      4.2437	      0.0000	      0.0000	      0.0000
      0.0000	      0.0000	      0.0000	      0.0000
      3.3928	     -0.1204	     16.0283	      0.0000
      0.0000	      0.0000	      0.0000	      0.0000
      3.8245	      0.0000	      0.0000	      0.0000
      0.0000	      0.0000	      0.0000	      0.0000
      9.1501	      0.0000	      0.0000	      0.0000
      0.0000	      0.0000	      0.0000	      0.0000
     -0.2125	     -0.1517	      0.0000	      0.0000
      0.0000	      0.0000	      0.0000	      0.0000
     -0.4234	     -2.7457	      2.6018	      0.0000
      0.0000	      0.0000	      0.0000	      0.0000
      0.0000	      0.0000	      0.0000	      0.0000
      0.0000	      0.0000	      0.0000	      0.0000
      5.2501	      0.0000	     10.9574	      0.9859
      0.0000	      0.0000	      0.0000	      0.0000
     -0.4760	     -4.2949	      0.0000	      0.0000
      0.0000	      0.0000	      0.0000	      0.0000
     -3.1617	     -6.3538	     -1.4598	     16.3108
      0.0000	      0.0000	      0.0000	      0.0000
     -4.9404	     -5.9942	      0.6056	      0.0000
      0.0000	      0.0000	      0.0000	      0.0000
     21.6201	      2.1455	      0.0000	      3.2739
      0.0000	      0.0000	      0.0000	      0.0000
     -4.6326	      0.0000	      0.0000	      0.0000
     -2.6542	      0.0000	      0.0000	      0.0000
     -0.2251	     -1.9941	     13.2274	      0.0000
      2.9334	      0.0000	      0.0000	      0.0000
      3.0531	      0.0000	      0.0000	      0.0000
      0.3904	      0.0000	     -0.9266	      0.0000
    -16.3502	     -4.8660	     -6.5897	      4.8043
      3.0289	      0.0000	      0.0000	      0.0000
     -4.1415	      0.0000	      0.0000	      0.0000
      0.0000	      0.0000	      0.0000	      0.0000
     32.2007	      1.5335	      0.0000	      8.8310
      2.9131	      0.0000	      0.0000	      0.0000
      0.0000	      0.0000	      0.0000	      0.0000
      0.0000	      0.0000	      0.0000	      0.0000
      0.1092	     -2.0999	      0.0000	     22.4136
     -1.4043	     -0.8758	      4.2761	      0.0000
      2.0443	      0.0000	      0.0000	      0.0000
     -1.1143	     -2.7259	      0.0000	      0.0000
    -33.4123	    -30.8942	    -45.8940	    -23.2770
    -10.5840	     -5.4967	    -20.0000	      0.0000
      0.0000	      0.0000	      0.0000	      0.0000
      0.0000	      0.0000	      0.0000	      0.0000
     -1.6360	     -2.7909	     -3.6040	     -2.0541
      0.0000	      0.0000	      0.0000	      0.0000
      0.0000	      0.0000	      0.0000	      0.0000
      0.0000	      0.0000	      0.0000	      0.0000
     -0.7007	     -0.9355	      7.8357	      0.0000
      0.0000	      0.0000	      0.0000	      0.0000
      4.7267	      0.0000	      0.0000	      0.0000
      0.0000	      0.0000	      0.0000	      0.0000
     12.5654	      2.5556	      0.0000	      0.0000
      0.0000	      0.0000	      0.0000	      2.8215
      0.0000	      0.0000	      0.0000	      0.0000
      0.0000	      0.0000	      0.0000	      0.0000
     -4.3103	     -2.1916	     -6.5409	     -6.5058
      0.0000	      0.0000	      0.0000	      0.0000
      0.0000	      0.0000	      0.0000	      0.0000
      0.0000	      0.0000	      0.0000	      0.0000
     -0.3403	     -1.2705	     -1.2622	     11.6523
      0.0000	      0.0000	      0.0000	      0.0000
      0.4355	      0.0000	      0.0000	      0.0000
      0.0000	      0.0000	      0.0000	      0.0000
     15.6655	      0.0000	      0.0000	     -4.5419
      0.0000	      0.0000	      0.0000	      0.0000
      0.0000	      0.0000	      0.0000	      0.0000
      0.0000	      0.0000	      0.0000	      0.0000
     -2.9953	      1.6002	     -4.3867	     -2.1029
      0.0000	      0.0000	      0.0000	      0.0000
      0.0000	      0.0000	      0.0000	      0.0000
      0.0000	      0.0000	      0.0000	      0.0000
      4.5762	     -2.3200	     -1.4724	     11.0751
      0.2837	      0.0000	      0.0000	      0.0000
      2.3127	      0.0000	      0.0000	      0.0000
      0.0000	      0.0000	      0.0000	      0.0000
     -1.2556	     -4.0262	     -5.5775	     11.3585
      0.0000	      0.0000	      0.0000	      0.0000
      0.0000	      0.0000	      0.0000	      0.0000
      0.0000	      0.0000	      0.0000	      0.0000
     25.4514	      1.8859	      1.2954	      0.0000
      5.2291	      0.0000	      0.0000	      0.0000
      0.0000	      0.0000	      0.0000	      0.0000
      0.0000	      0.0000	      0.0000	      0.0000
     -0.5681	     -2.2291	     -0.9982	     25.3101
      3.6725	      0.0000	      0.0000	      0.0000
      0.9066	      0.0000	      0.0000	      0.0000
     -3.9337	     -0.6678	     -8.5138	     -1.0457
     -8.1483	     -7.0769	    -13.0848	     -0.2788
     -1.0605	     -1.7914	     -7.7126	      3.1602
      0.0000	      0.0000	      0.0000	      0.0000
      0.0000	      0.0000	      0.0000	      0.0000
     43.5733	      0.2732	      0.0000	     12.7417
      0.0000	      0.0000	      0.0000	      0.0000
      0.0000	      0.0000	      0.0000	      0.0000
      0.0000	      0.0000	      0.0000	      0.0000
      0.2642	      0.0000	      0.0000	     43.2078
     -1.6447	     -3.6607	     -3.8070	     11.0366
      0.0000	      0.0000	      0.0000	      0.0000
     -1.0438	      0.0000	      0.0000	      0.0000
     -4.2422	     -5.6001	    -13.8490	      6.5564
     -4.0166	     -5.4010	      0.0000	      0.0000
      0.0000	      0.0000	      0.0000	      0.0000
      0.0000	      0.0000	      0.0000	      0.0000
     -5.2720	     -3.9443	     -7.3303	      0.0000
      0.0000	      0.0000	      0.0000	      0.0000
      0.0000	      0.0000	      0.0000	      0.0000
      0.0000	      0.0000	      0.0000	      0.0000
      0.0000	      0.0000	      0.0000	      0.0000
      0.0000	      0.0000	      0.0000	      0.0000
      0.0000	      0.0000	      0.0000	      0.0000
      0.0000	      0.0000	      0.0000	      0.0000
      1.3228	      0.0000	      0.0000	      0.0000
      0.0000	      0.0000	      0.0000	      0.0000
      0.0000	      0.0000	      0.0000	      0.0000
      0.0000	      0.0000	      0.0000	      0.0000
      0.0000	      4.7681	      0.0000	      0.0000
      0.0000	      0.0000	      0.0000	      0.0000
      0.0000	      0.0000	      0.0000	      0.0000
      0.0000	      0.0000	      0.0000	      0.0000
     -0.5535	      9.4081	      6.0835	      0.0000
      0.0000	      0.0000	      0.0000	      0.0000
      0.0000	      0.0000	      0.0000	      0.0000
      0.0000	      0.0000	      0.0000	      0.0000
      9.9462	      0.0000	      0.0000	      0.0000
      0.0000	      0.0000	      0.0000	      0.0000
      0.0000	      0.0000	      0.0000	      0.0000
      0.0000	      0.0000	      0.0000	      0.0000
     -0.3326	     -2.5254	     22.4252	      0.0000
      0.0000	      0.0000	      0.0000	      0.0000
      2.1292	      0.0000	      0.0000	      0.0000
      0.0000	      0.0000	      0.0000	      0.0000
      4.7999	      0.7607	     28.9425	     -2.0226
      0.0000	      0.0000	      0.0000	      0.0000
      0.0000	      0.0000	      0.0000	      0.0000
      0.0000	      0.0000	      0.0000	      0.0000
      1.2977	      0.0000	      0.0000	     13.8622
      0.0000	      0.0000	      0.0000	      0.0000
      0.0000	      0.0000	      0.0000	      0.0000
      0.0000	      0.0000	      0.0000	      0.0000
     14.1103	      0.3104	      0.0000	      4.3368
      0.0000	      0.0000	      0.0000	      0.0000
      0.0000	      0.0000	      0.0000	      0.0000
      0.0000	      0.0000	      0.0000	      0.0000
     -1.1042	      0.0000	      2.8045	      7.8023
      0.0000	      0.0000	      0.0000	      0.0000
      0.0000	      0.0000	      0.0000	      0.0000
      0.0000	      0.0000	      0.0000	      0.0000
     -2.2844	      0.0000	     10.6773	      0.0000
      0.0000	      0.0000	      0.0000	      0.0000
      0.0000	      0.0000	      0.0000	      0.0000
      0.0000	      0.0000	      0.0000	      0.0000
     -5.3708	      1.9477	      0.0000	      0.0000
      0.0000	      0.0000	      0.0000	      0.0000
      0.0000	      0.0000	      0.0000	      0.0000
    -20.0000	      0.0000	      0.0000	      0.0000
     16.0518	     -2.0583	    -20.3667	    -18.8351
      0.0000	      0.0000	      0.0000	      0.0000
      0.0000	      0.0000	      0.0000	      0.0000
      0.0000	      0.0000	      0.0000	      0.0000
    -21.5631	    -39.0138	    -21.1115	    -11.8032
      0.0000	      0.0000	      0.0000	      0.0000
      0.0000	      0.0000	      0.0000	      0.0000
      0.0000	      0.0000	      0.0000	      0.0000
    -15.3561	    -14.3877	    -19.8575	    -13.4315
      0.0000	      0.0000	      0.0000	      0.0000
      0.0000	      0.0000	      0.0000	      0.0000
      0.0000	      0.0000	      0.0000	      0.0000
     -0.4960	     -0.2022	     -2.5978	      4.9516
      0.0000	      0.0000	      0.0000	      0.0000
      4.9188	      0.0000	      0.0000	      0.0000
      0.0000	      0.0000	      0.0000	      0.0000
     10.9058	      0.0000	      3.2406	      0.0000
      0.0000	      0.0000	      0.0000	      0.0000
      0.0000	      0.0000	      0.0000	      0.0000
      0.0000	      0.0000	      0.0000	      0.0000
     -3.1862	      8.9838	     -3.1594	     -4.5831
     -2.0853	      0.0000	      0.0000	      0.0000
      1.8657	      0.0000	      0.0000	      0.0000
      0.1570	      0.0000	      0.0000	      0.0000
      1.0915	      9.9978	      0.0000	     -2.0832
      0.0000	      0.0000	      0.0000	      0.0000
    -20.0000	      4.2815	      0.0000	      0.0000
      1.7629	      0.0000	      0.0000	      0.0000
      0.8743	     12.3840	      0.0000	      0.0000
      0.0000	      0.0000	      0.0000	      0.0000
      0.0000	      0.0000	     -1.6273	      0.0000
      0.0000	      0.0000	      0.0000	      0.0000
     -4.3577	     -8.1419	      6.0704	     -3.8707
     -3.5871	     -2.8474	     -2.8690	      3.6400
     -2.6088	      0.0000	      0.0000	      0.0000
      3.8279	      0.0000	      0.0000	      0.0000
      1.4217	      0.7327	      3.2012	     -0.3511
      0.0000	      0.0000	      0.0000	      0.0000
     -1.9371	     -1.8989	     -3.9410	      7.9301
      0.0066	      0.0000	      0.0000	      0.0000
     -4.1341	     -2.5995	     -2.4958	      2.2956
      0.0000	      0.0000	      0.0000	      0.0000
    -14.4559	    -12.4635	    -12.3267	    -13.5667
      0.0000	      0.0000	      0.0000	      0.0000
     12.9520	      4.5092	     17.8924	      0.0000
      0.0000	      7.3109	      0.0000	      0.0000
      1.6844	      0.0000	      0.0000	      0.0000
     -0.1834	      1.8551	      0.0000	      0.0000
     -1.5033	     -2.6460	     -0.6639	     11.2136
     10.0975	      0.0000	      0.0000	      0.0000
      6.7062	     -4.6291	     -6.6192	      0.0000
      0.0000	      0.0000	      0.0000	      0.0000
    -11.3493	    -11.1433	     -7.1115	      9.3876
     14.6262	      0.0000	      0.0000	      0.0000
     -6.7448	     -1.6405	     -9.2392	     -7.3820
     -0.1543	      0.0000	      0.0000	      0.0000
     22.7199	      0.0000	     -4.0775	      5.2142
      0.0000	      0.0000	      0.0000	      7.1660
      0.0000	      0.0000	      0.0000	      0.0000
      0.1077	      0.0000	      0.0000	      0.0000
     -0.9162	     -1.8874	     -0.3117	     15.0331
      2.1386	      0.0000	      0.0000	     11.4418
     -0.1842	      2.1180	      0.0000	      0.0000
      0.2159	     -0.8312	     -2.4318	     -0.8099
    -17.6938	     -9.7428	    -16.2304	     -2.6533
     15.3286	      0.0000	      0.0000	      0.0000
      0.0000	      0.0000	      0.0000	      0.0000
      0.0000	     -1.6243	      0.0000	      0.0000
    -13.5921	    -16.6763	    -15.8234	    -17.7030
      0.0000	      0.0000	      0.0000	      0.0000
     -5.8231	      0.0000	      0.0000	      0.0000
      0.0000	      0.0000	      0.0000	      0.0000
     -0.4927	     12.0396	      0.0000	      0.0000
      0.0000	      0.0000	      0.0000	      0.0000
     -1.4670	      0.0000	      0.0000	      0.0000
      0.0000	      0.0000	      0.0000	      0.0000
      0.0000	     24.3427	      0.0000	      0.0000
      0.0000	      0.0000	      0.0000	      0.0000
      4.2282	      0.0000	      3.7212	      0.0000
      0.0000	      0.0000	      0.0000	      0.0000
    -10.1387	      3.3556	    -12.3750	     -9.1176
      0.0000	      0.0000	      0.0000	      0.0000
     -2.0505	     -4.4464	     -9.2365	      0.0000
      0.0000	      0.0000	      0.0000	      0.0000
      2.4079	      8.7023	     -2.6978	     -3.0060
     -0.2470	      3.8644	      0.0000	      0.0000
      4.6285	      0.0000	      0.0000	      0.0000
     -0.7737	      0.0000	    -11.3367	      0.0000
      0.0000	      7.5867	      0.0000	     16.2809
      0.0000	      0.0000	      0.0000	      0.0000
      5.7739	      0.0000	      0.0000	      0.0000
      0.1683	      0.0000	      0.0000	      0.0000
     -5.7048	      3.0163	    -11.4392	     -0.4936
      0.0000	      0.0000	      0.0000	      0.0000
     -1.5804	      0.0000	      0.0000	      0.0000
     -2.2573	      0.0000	      0.0000	      0.0000
      3.5396	      2.2215	    -13.9341	     -1.0779
     -0.4568	     -0.9437	     -8.4953	     -1.2564
     -1.3668	     -2.4172	     -2.5609	     -1.8276
     -1.5619	     -0.8332	     -5.9762	     -3.0542
     -6.0693	     -2.7250	    -11.4460	      6.7779
      0.0000	      0.0000	      0.0000	      0.0000
     -4.8895	     -0.5583	      0.0000	      0.0000
      0.0000	      0.0000	      0.0000	      0.0000
     16.3321	      7.2235	      1.4039	      0.0000
      2.6338	      0.0000	      0.0000	      0.0000
      1.1000	      0.0000	      0.0000	      0.0000
     -0.9191	      0.0000	      0.0000	      0.0000
      6.3708	     -1.8391	     -5.8678	      8.1873
     11.4652	      1.0518	     -6.0987	      3.7435
      3.4637	     -3.1158	     -4.9467	     -1.2162
     -4.4116	     -7.1433	    -14.7578	     -2.5232
    -10.5677	    -12.5009	    -14.5256	      2.1911
      0.0000	      0.0000	      0.0000	      0.0000
     -1.7771	     -1.2388	      0.0000	      0.0000
     -0.6797	      0.0000	      0.0000	      0.0000
     32.1203	     -0.1204	      0.0000	      6.4592
      0.9051	      0.0000	      0.0000	      0.0000
      0.0000	      0.0000	      0.0000	      0.0000
     -0.2858	      0.0000	      0.0000	      0.0000
     -0.3983	     -2.4910	     -6.7736	     29.5477
     10.1648	      0.0000	      0.0000	      0.0000
      5.3870	      0.0000	      0.0000	      0.0000
     -2.0726	     -5.9367	     -6.0828	     -5.2351
     -8.0856	     -8.0407	    -16.7283	      1.6569
     -1.9484	     -3.0792	     -8.2347	     -3.6509
      0.0000	      0.0000	      0.0000	      0.0000
     -2.1220	      0.0000	      0.0000	      0.0000
    -29.3829	    -22.6482	    -28.4017	    -26.0072
      0.0000	      0.0000	      0.0000	      0.0000
      0.0000	      0.0000	      0.0000	      0.0000
      0.0000	      0.0000	      0.0000	      0.0000
     -0.5320	      0.5620	      0.0000	     -1.7878
      0.0000	      0.0000	      0.0000	      0.0000
      0.0000	      0.0000	      0.0000	      0.0000
      0.0000	      0.0000	      0.0000	      0.0000
     -1.2443	    -16.0948	     -2.6799	    -15.5515
      0.0000	      0.0000	      0.0000	      0.0000
      0.0000	      0.0000	      0.0000	      0.0000
      0.0000	      0.0000	      0.0000	      0.0000
     -6.4527	     -2.6617	      2.3604	      0.0000
      0.0000	      0.0000	      0.0000	      0.0000
      0.0000	      0.0000	      0.0000	      0.0000
      0.0000	      0.0000	      0.0000	      0.0000
     -0.9941	      0.0000	      0.0000	      0.0000
      0.0000	      0.0000	      0.0000	      0.0000
      0.0000	      0.0000	      0.0000	      0.0000
      0.0000	      0.0000	      0.0000	      0.0000
      1.2821	      0.0000	      0.0000	      0.0000
      0.0000	      0.0000	      0.0000	      0.0000
      0.0000	      0.0000	      0.0000	      0.0000
      0.0000	      0.0000	      0.0000	      0.0000
     -0.3485	    -19.9347	      0.0000	      0.0000
      0.0000	      0.0000	      0.0000	      0.0000
      0.0000	      0.0000	      0.0000	      0.0000
      0.0000	      0.0000	      0.0000	      0.0000
     -0.0912	      5.9051	      0.0000	      0.0000
      0.0000	      0.0000	      0.0000	      0.0000
      0.0000	      0.0000	      0.0000	      0.0000
      0.0000	      0.0000	      0.0000	      0.0000
     -1.5427	     -2.3845	      0.0000	      0.0000
      0.0000	      0.0000	      0.0000	      0.0000
      0.0000	      0.0000	      0.0000	      0.0000
      0.0000	      0.0000	      0.0000	      0.0000
      2.2355	     11.4638	      0.0000	      0.0000
      0.0000	      0.0000	      0.0000	      0.0000
      0.0000	      0.0000	      0.0000	      0.0000
      0.0000	      0.0000	      0.0000	      0.0000
      0.0000	      3.6337	      0.0000	      0.0000
      5.4847	      0.0000	      0.0000	      0.0000
      0.0000	      0.0000	      0.0000	      0.0000
      0.0000	      0.0000	      0.0000	      0.0000
     -1.6647	     -0.4020	      1.5964	      0.0000
      0.0000	      0.0000	      0.0000	      0.0000
      0.0000	      0.0000	      0.0000	      0.0000
      0.0000	      0.0000	      0.0000	      0.0000
      7.5737	      0.0000	      0.0000	    -31.7836
      0.0000	      0.0000	      0.0000	      0.0000
      0.0000	      0.0000	      0.0000	      0.0000
      0.0000	      0.0000	      0.0000	      0.0000
      0.0000	      0.0000	      4.8825	      0.0000
      0.0000	      0.0000	      0.0000	      0.0000
      0.0000	      0.0000	      0.0000	      0.0000
      0.0000	      0.0000	      0.0000	      0.0000
    -19.6413	     -1.0087	     -8.1401	    -17.6824
      0.0000	      0.0000	      0.0000	      0.0000
      0.0000	      0.0000	      0.0000	      0.0000
      0.0000	      0.0000	      0.0000	      0.0000
    -14.4566	    -17.2746	    -11.1978	    -10.7920
      0.0000	      0.0000	      0.0000	      0.0000
    -12.6912	      0.0000	      0.0000	      0.0000
      0.0000	      0.0000	      0.0000	      0.0000
     -0.4671	      3.7931	      0.0000	      0.0000
      0.0000	      0.0000	      0.0000	      0.0000
      4.3369	      0.0000	      0.0000	      0.0000
      0.0000	      0.0000	      0.0000	      0.0000
     23.5106	      0.0000	     -0.6807	     -1.8781
      0.0000	      0.0000	      0.0000	      0.0000
      0.0000	      0.0000	      0.0000	      0.0000
      0.0000	      0.0000	      0.0000	      0.0000
     -1.9708	      0.3764	     -4.8156	     -5.3953
      0.0000	      0.0000	      0.0000	      0.0000
      0.0000	      0.0000	      0.0000	      0.0000
      0.0000	      0.0000	      0.0000	      0.0000
      1.3937	      0.0000	      0.0000	      0.0000
      0.0000	      0.0000	      0.0000	      0.0000
      0.0000	      0.0000	      0.0000	      0.0000
      0.0000	      0.0000	      0.0000	      0.0000
      9.0850	      0.0000	      0.0000	      0.0000
      0.0000	      0.0000	      0.0000	      0.0000
      0.0000	      0.0000	      0.0000	      0.0000
      0.0000	      0.0000	      0.0000	      0.0000
     -1.9074	      5.8338	      0.0000	      0.0000
      0.0000	      0.0000	      0.0000	      0.0000
      0.0000	      0.0000	      0.0000	      0.0000
      0.0000	      0.0000	      0.0000	      0.0000
     -1.0918	     -1.1703	      7.6066	      0.0000
      0.0000	      0.0000	      0.0000	      0.0000
      0.0000	      0.0000	      0.0000	      0.0000
      0.0000	      0.0000	      0.0000	      0.0000
     -3.1030	     -1.9260	     -3.9846	     -2.8291
      0.0000	      0.0000	      0.0000	      0.0000
      0.0000	      0.0000	      0.0000	      0.0000
      0.0000	      0.0000	      0.0000	      0.0000
      9.7208	      3.2297	      0.0000	      0.0000
      7.5145	      0.0000	      0.0000	      0.0000
      0.0000	      0.0000	      0.0000	      0.0000
      0.0000	      0.0000	      0.0000	      0.0000
      0.5066	      0.0000	      0.0000	      0.0000
      7.2188	      0.0000	      0.0000	      0.0000
      0.0000	      0.0000	      0.0000	      0.0000
      0.0000	      0.0000	      0.0000	      0.0000
     -3.1899	      1.0622	      0.0000	     -3.3933
      0.0000	      0.0000	      0.0000	      0.0000
      0.0000	      0.0000	      0.0000	      0.0000
      0.0000	      0.0000	      0.0000	      0.0000
      0.0000	      4.4613	      0.0000	     39.3881
      0.0000	      0.0000	      0.0000	      0.0000
      0.0000	      0.0000	      0.0000	      0.0000
      0.0000	      0.0000	      0.0000	      0.0000
      0.7333	      0.0000	      0.0000	      0.0000
      0.0000	      0.0000	      0.0000	      0.0000
      0.0000	      0.0000	      0.0000	      0.0000
      0.0000	      0.0000	      0.0000	      0.0000
     -2.2735	      1.2018	      0.0000	      0.0000
      0.0000	      0.0000	      0.0000	      0.0000
      0.0000	      0.0000	      0.0000	      0.0000
      0.0000	      0.0000	      0.0000	      0.0000
    -27.9129	    -27.2532	    -28.2770	    -24.6525
      0.0000	      0.0000	      0.0000	      0.0000
     -6.8170	     -9.9684	      0.0000	      0.0000
      0.0000	      0.0000	      0.0000	      0.0000
     -1.1563	      6.6057	     -5.6463	      0.0000
      0.0000	      0.0000	      0.0000	      0.0000
     -0.6856	     -1.4826	      0.0000	      0.0000
      0.0000	      0.0000	      0.0000	      0.0000
     13.6240	      0.0000	     -3.0189	      0.0000
      0.0000	      0.0000	      0.0000	      0.0000
     -1.0223	      0.0000	      0.0000	      0.0000
      0.0000	      0.0000	      0.0000	      0.0000
     -6.5429	     -0.8255	     -8.0663	     -8.6800
      0.0000	      0.0000	      0.0000	      0.0000
      0.0000	      0.0000	      0.0000	      0.0000
      0.0000	      0.0000	      0.0000	      0.0000
      0.0000	      3.9831	      0.0000	      0.0000
      0.0000	      0.0000	      0.0000	      0.0000
      0.0000	      0.0000	      0.0000	      0.0000
      0.0000	      0.0000	      0.0000	      0.0000
      3.8269	      0.0000	      0.0000	      0.0000
      0.0000	      0.0000	      0.0000	      0.0000
      0.0000	      0.0000	      0.0000	      0.0000
      0.0000	      0.0000	      0.0000	      0.0000
      2.4300	      6.8584	     -5.4656	     -5.0588
      0.0000	      0.0000	      0.0000	      0.0000
      0.0000	      0.0000	      0.0000	      0.0000
      0.0000	      0.0000	      0.0000	      0.0000
     -1.6557	      8.4522	      0.0000	     -1.0197
      0.0000	      0.0000	      0.0000	      0.0000
     -0.0637	     -2.3720	      0.0000	      0.0000
      0.0000	      0.0000	      0.0000	      0.0000
      0.0000	      0.0000	      0.0000	      0.0000
      0.0000	      0.0000	      0.0000	      0.0000
      0.0000	      0.0000	      0.0000	      0.0000
      0.0000	      0.0000	      0.0000	      0.0000
      9.9454	      0.0000	      0.0000	      0.0000
      0.0000	      0.0000	      0.0000	      0.0000
      0.0000	      0.0000	      0.0000	      0.0000
      0.0000	      0.0000	      0.0000	      0.0000
     -0.0786	     -0.0389	      3.7273	     -0.1376
      0.0000	      0.0000	      0.0000	      0.0000
      0.0000	      0.0000	      0.0000	      0.0000
      0.0000	      0.0000	      0.0000	      0.0000
     -4.2564	      0.0000	     -1.8701	      0.0000
      0.0000	      0.0000	      0.0000	      0.0000
      0.0000	      0.0000	      0.0000	      0.0000
      0.0000	      0.0000	      0.0000	      0.0000
      7.9641	      7.6793	      6.2504	     21.9033
      4.1996	      0.0000	      0.0000	      0.0000
      0.0000	      0.0000	      0.0000	      0.0000
      0.0000	      0.0000	      0.0000	      0.0000
      0.0000	      0.0000	      0.0000	      0.0000
      0.0000	      0.0000	      0.0000	      0.0000
      0.0000	      0.0000	      0.0000	      0.0000
      0.0000	      0.0000	      0.0000	      0.0000
      0.0000	      0.0000	      0.0000	      0.0000
      0.0000	      0.0000	      0.0000	      0.0000
      0.0000	      0.0000	      0.0000	      0.0000
      0.0000	      0.0000	      0.0000	      0.0000
     -9.1226	     -5.6368	     -0.9792	     -5.3088
      0.0000	      0.0000	      0.0000	      0.0000
      0.0000	      0.0000	      0.0000	      0.0000
      0.0000	      0.0000	      0.0000	      0.0000
     -0.2808	      1.2427	      0.0000	      0.0000
      0.0000	      0.0000	      0.0000	      0.0000
      0.0000	      0.0000	      0.0000	      0.0000
      0.0000	      0.0000	      0.0000	      0.0000
      3.4887	      0.0000	      0.0000	      0.0000
      0.0000	      0.0000	      0.0000	      0.0000
      0.0000	      0.0000	      0.0000	      0.0000
      0.0000	      0.0000	      0.0000	      0.0000
     -1.0953	      0.0393	      0.0000	      0.0000
      0.0000	      0.0000	      0.0000	      0.0000
      0.0000	      0.0000	      0.0000	      0.0000
      0.0000	      0.0000	      0.0000	      0.0000
     -0.0255	     16.9069	      6.2009	      0.0000
      0.0000	      0.0000	      0.0000	      0.0000
      0.0000	      0.0000	      0.0000	      0.0000
      0.0000	      0.0000	      0.0000	      0.0000
     20.6592	      5.7318	      0.0000	      0.0000
      0.0000	      0.0000	      0.0000	      0.0000
      0.0000	      0.0000	      0.0000	      0.0000
      0.0000	      0.0000	      0.0000	      0.0000
     -0.2417	      0.0000	      0.0000	      0.0000
      0.0000	      0.0000	      0.0000	      0.0000
      0.0000	      0.0000	      0.0000	      0.0000
      0.0000	      0.0000	      0.0000	      0.0000
      0.0000	      0.0000	     27.6383	      0.0000
      0.0000	      0.0000	      0.0000	      0.0000
      0.0000	      0.0000	      0.0000	      0.0000
      0.0000	      0.0000	      0.0000	      0.0000
     -0.3795	     -0.3387	     -0.5996	     20.0575
      0.0000	      0.0000	      0.0000	      0.0000
      0.0000	      0.0000	      0.0000	      0.0000
      0.0000	      0.0000	      0.0000	      0.0000
      4.7821	      0.0000	      0.0000	      0.0000
      0.0000	      0.0000	      0.0000	      0.0000
      0.0000	      0.0000	      0.0000	      0.0000
      0.0000	      0.0000	      0.0000	      0.0000
      2.2477	      0.0000	      0.0000	      0.0000
      0.0000	      0.0000	      0.0000	      0.0000
      0.0000	      0.0000	      0.0000	      0.0000
      0.0000	      0.0000	      0.0000	      0.0000
     -0.6864	     -1.9148	     -1.1171	      0.0000
      0.0000	      0.0000	      0.0000	      0.0000
      0.0000	      0.0000	      0.0000	      0.0000
      0.0000	      0.0000	      0.0000	      0.0000
     22.1472	      4.8596	      3.2969	      0.0000
      0.0000	      0.0000	      0.0000	      0.0000
      0.0000	      0.0000	      0.0000	      0.0000
      0.0000	      0.0000	      0.0000	      0.0000
      5.2347	     -2.8541	     -5.0906	      0.0000
      0.0000	      0.0000	      0.0000	      0.0000
      0.0000	      0.0000	      0.0000	      0.0000
      0.0000	      0.0000	      0.0000	      0.0000
    -19.1627	    -16.3980	    -18.8164	    -18.9789
      0.0000	      0.0000	      0.0000	      0.0000
      0.0000	      0.0000	      0.0000	      0.0000
      0.0000	      0.0000	      0.0000	      0.0000
     -3.2080	      2.9603	     -4.8934	     -4.6585
      0.0000	      0.0000	      0.0000	      0.0000
      0.0000	      0.0000	      0.0000	      0.0000
      0.0000	      0.0000	      0.0000	      0.0000
     -0.1547	     -0.2831	     28.3270	      0.0000
      0.0000	      0.0000	      0.0000	      0.0000
      0.0000	      0.0000	      0.0000	      0.0000
      0.0000	      0.0000	      0.0000	      0.0000
      5.5288	      0.0000	      0.0000	      0.0000
      0.0000	      0.0000	      0.0000	      0.0000
      0.0000	      0.0000	      0.0000	      0.0000
      0.0000	      0.0000	      0.0000	      0.0000
     -3.6015	     -1.4432	     -2.3415	     -1.7295
      0.0000	      0.0000	      0.0000	      0.0000
      0.0000	      0.0000	      0.0000	      0.0000
      0.0000	      0.0000	      0.0000	      0.0000
     15.1286	      3.0250	      1.6615	      2.0458
      0.0000	      0.0000	      0.0000	      0.0000
      0.0000	      0.0000	      0.0000	      0.0000
      0.0000	      0.0000	      0.0000	      0.0000
     20.5235	      0.0000	      0.0000	      0.0000
      0.0000	      0.0000	      0.0000	      0.0000
      0.0000	      0.0000	      0.0000	      0.0000
      0.0000	      0.0000	      0.0000	      0.0000
     -3.7622	     -0.6634	      0.7026	     -1.3466
      0.0000	      0.0000	      0.0000	      0.0000
      0.0000	      0.0000	      0.0000	      0.0000
      0.0000	      0.0000	      0.0000	      0.0000
      2.1666	     -2.0067	      0.7001	     11.5758
      0.0000	      0.0000	      0.0000	      0.0000
      0.0000	      0.0000	      0.0000	      0.0000
      0.0000	      0.0000	      0.0000	      0.0000
     -1.1581	     -3.7927	     -0.8855	     10.1006
      0.0000	      0.0000	      0.0000	      0.0000
      0.0000	      0.0000	      0.0000	      0.0000
      0.0000	      0.0000	      0.0000	      0.0000
     16.7845	      0.0000	      0.0000	      0.0000
      0.0000	      0.0000	      0.0000	      0.0000
      0.0000	      0.0000	      0.0000	      0.0000
      0.0000	      0.0000	      0.0000	      0.0000
     -0.4010	     -2.1798	     -0.5353	     17.9860
      0.0000	      0.0000	      0.0000	      0.0000
      0.0000	      0.0000	      0.0000	      0.0000
      0.0000	      0.0000	      0.0000	      0.0000
     -2.0802	     -5.2939	    -10.4871	      9.9146
      0.0000	      0.0000	      0.0000	      0.0000
      0.0000	      0.0000	      0.0000	      0.0000
      0.0000	      0.0000	      0.0000	      0.0000
     26.8001	      3.9951	      0.0000	      0.0000
      0.0000	      0.0000	      0.0000	      0.0000
      0.0000	      0.0000	      0.0000	      0.0000
      0.0000	      0.0000	      0.0000	      0.0000
     -0.3466	     -3.0951	     -6.1882	      8.1906
      0.0000	      0.0000	      0.0000	      0.0000
      0.0000	      0.0000	      0.0000	      0.0000
      0.0000	      0.0000	      0.0000	      0.0000
    -22.9388	    -22.1847	    -23.4931	    -19.7864
      0.0000	      0.0000	      0.0000	      0.0000
      0.0000	      0.0000	      0.0000	      0.0000
      0.0000	      0.0000	      0.0000	      0.0000
     -8.0012	     -4.7971	    -12.2668	     -7.6693
      0.0000	      0.0000	      0.0000	      0.0000
      0.0000	      0.0000	      0.0000	      0.0000
      0.0000	      0.0000	      0.0000	      0.0000
     -0.6820	     -0.3474	     14.4164	     -4.0903
      0.0000	      0.0000	      0.0000	      0.0000
      0.0000	      0.0000	      0.0000	      0.0000
      0.0000	      0.0000	      0.0000	      0.0000
      3.6215	      0.0000	      0.0000	      0.0000
      0.0000	      0.0000	      0.0000	      0.0000
      0.0000	      0.0000	      0.0000	      0.0000
      0.0000	      0.0000	      0.0000	      0.0000
    -12.1492	    -13.1092	    -14.1607	    -10.8980
      0.0000	      0.0000	      0.0000	      0.0000
      0.0000	      0.0000	      0.0000	      0.0000
      0.0000	      0.0000	      0.0000	      0.0000
      2.3202	     -0.7261	     -1.2118	     -3.0857
      0.0000	      0.0000	      0.0000	      0.0000
      0.0000	      0.0000	      0.0000	      0.0000
      0.0000	      0.0000	      0.0000	      0.0000
     23.3061	      0.0000	      0.0000	      3.1610
      0.0000	      0.0000	      0.0000	      0.0000
      0.0000	      0.0000	      0.0000	      0.0000
      0.0000	      0.0000	      0.0000	      0.0000
     -9.0478	     -8.8815	    -12.0658	     -7.7274
      0.0000	      0.0000	      0.0000	      0.0000
      0.0000	      0.0000	      0.0000	      0.0000
      0.0000	      0.0000	      0.0000	      0.0000
     -1.4741	     -2.1928	     -3.4061	      5.2719
      0.0000	      0.0000	      0.0000	      0.0000
      0.0000	      0.0000	      0.0000	      0.0000
      0.0000	      0.0000	      0.0000	      0.0000
      0.0000	      1.8717	      0.0000	     12.0726
      0.0000	      0.0000	      0.0000	      0.0000
      0.0000	      0.0000	      0.0000	      0.0000
      0.0000	      0.0000	      0.0000	      0.0000
      2.9046	      0.0000	      0.0000	     27.7679
      0.0000	      0.0000	      0.0000	      0.0000
      0.0000	      0.0000	      0.0000	      0.0000
      0.0000	      0.0000	      0.0000	      0.0000
     -0.0654	     -0.4290	     -4.0696	     16.4056
      0.0000	      0.0000	      0.0000	      0.0000
      0.0000	      0.0000	      0.0000	      0.0000
      0.0000	      0.0000	      0.0000	      0.0000
     -2.0815	     -3.9396	     -5.3028	      8.4992
      0.0000	      0.0000	      0.0000	      0.0000
      0.0000	      0.0000	      0.0000	      0.0000
      0.0000	      0.0000	      0.0000	      0.0000
     32.2374	      0.0000	     -0.9371	      7.8625
      0.0000	      0.0000	      0.0000	      0.0000
      0.0000	      0.0000	      0.0000	      0.0000
      0.0000	      0.0000	      0.0000	      0.0000
     -0.5814	     -3.3063	     -4.0951	     18.7925
      0.0000	      0.0000	      0.0000	      0.0000
      0.0000	      0.0000	      0.0000	      0.0000
      0.0000	      0.0000	      0.0000	      0.0000
    -23.1866	    -22.9815	    -24.0143	     -0.4778
     -1.1253	     -7.0733	      0.0000	      0.0000
      0.0000	      0.0000	      0.0000	      0.0000
      0.0000	      0.0000	      0.0000	      0.0000
     -1.4476	     -1.2676	     -1.6827	      0.0000
      0.0000	      0.0000	      0.0000	      0.0000
      0.0000	      0.0000	      0.0000	      0.0000
      0.0000	      0.0000	      0.0000	      0.0000
      3.6218	      1.3950	      0.0000	      0.0000
      0.0000	      0.0000	      0.0000	      0.0000
      0.0000	      0.0000	      0.0000	      0.0000
      0.0000	      0.0000	      0.0000	      0.0000
      3.1521	      0.0000	      0.0000	      0.0000
      0.0000	      0.0000	      0.0000	      0.0000
      0.0000	      0.0000	      0.0000	      0.0000
      0.0000	      0.0000	      0.0000	      0.0000
     -1.3859	     -0.5538	      5.4345	     -0.9862
      0.0000	      0.0000	      0.0000	      0.0000
      0.0000	      0.0000	      0.0000	      0.0000
      0.0000	      0.0000	      0.0000	      0.0000
     -0.2432	      3.6854	     24.7431	      0.0000
      0.0000	      0.0000	      0.0000	      0.0000
      0.0000	      0.0000	      0.0000	      0.0000
      0.0000	      0.0000	      0.0000	      0.0000
     14.7139	      1.6799	      0.0000	      0.0000
      0.0000	      0.0000	      0.0000	      0.0000
      0.0000	      0.0000	      0.0000	      0.0000
      0.0000	      0.0000	      0.0000	      0.0000
      2.4136	     27.0099	      0.0000	      0.0000
      0.0000	      0.0000	      0.0000	      0.0000
      0.0000	      0.0000	      0.0000	      0.0000
      0.0000	      0.0000	      0.0000	      0.0000
      4.3762	      6.7173	     25.1091	      2.1235
      0.0000	      0.0000	      0.0000	      0.0000
      0.0000	      0.0000	      0.0000	      0.0000
      0.0000	      0.0000	      0.0000	      0.0000
     -3.3320	     -1.5517	     22.7574	      0.0000
      0.0000	      0.0000	      0.0000	      0.0000
      0.0000	      0.0000	      0.0000	      0.0000
      0.0000	      0.0000	      0.0000	      0.0000
     16.5138	      0.0000	      0.0000	      2.3007
      0.0000	      0.0000	      0.0000	      0.0000
      0.0000	      0.0000	      0.0000	      0.0000
      0.0000	      0.0000	      0.0000	      0.0000
     -0.0931	     -0.5329	     19.6039	      0.0000
      0.0000	      0.0000	      0.0000	      0.0000
      0.0000	      0.0000	      0.0000	      0.0000
      0.0000	      0.0000	      0.0000	      0.0000
     -0.2188	     -7.0817	     14.9718	      0.0000
      0.0000	      0.0000	      0.0000	      0.0000
      0.0000	      0.0000	      0.0000	      0.0000
      0.0000	      0.0000	      0.0000	      0.0000
     27.0777	      2.1698	      0.0000	      0.0000
      0.0000	      0.0000	      0.0000	      0.0000
      0.0000	      0.0000	      0.0000	      0.0000
      0.0000	      0.0000	      0.0000	      0.0000
      2.5806	     -0.3312	      0.0000	      0.0000
      0.0000	      0.0000	      0.0000	      0.0000
      0.0000	      0.0000	      0.0000	      0.0000
      0.0000	      0.0000	      0.0000	      0.0000
    -31.7445	    -25.9555	    -20.1294	     -9.5773
      0.0000	      0.0000	      0.0000	      0.0000
      0.0000	      0.0000	      0.0000	      0.0000
      0.0000	      0.0000	      0.0000	      0.0000
    -13.3977	     -8.6516	    -15.3160	    -12.9712
      0.0000	      0.0000	      0.0000	      0.0000
      0.0000	      0.0000	      0.0000	      0.0000
      0.0000	      0.0000	      0.0000	      0.0000
     -0.8884	     11.6815	      0.0000	      0.0000
      0.0000	      0.0000	      0.0000	      0.0000
      0.0000	      0.0000	      0.0000	      0.0000
      0.0000	      0.0000	      0.0000	      0.0000
     25.3898	      0.0000	     10.6056	      0.0000
      0.0000	      0.0000	      0.0000	      0.0000
      0.0000	      0.0000	      0.0000	      0.0000
      0.0000	      0.0000	      0.0000	      0.0000
     -5.8593	      5.7778	     -6.4016	     -4.5786
      0.0000	      0.0000	      0.0000	      0.0000
      0.0000	      0.0000	      0.0000	      0.0000
      0.0000	      0.0000	      0.0000	      0.0000
      1.8581	     13.8767	      4.0315	     -2.9118
      0.0000	      0.0000	      0.0000	      0.0000
      0.0000	      0.0000	      0.0000	      0.0000
      0.0000	      0.0000	      0.0000	      0.0000
     18.4173	      0.0000	      0.0000	      4.5803
      0.0000	      0.0000	      0.0000	      0.0000
      0.0000	      0.0000	      0.0000	      0.0000
      0.0000	      0.0000	      0.0000	      0.0000
     -2.4694	      4.9425	     -4.2480	     -3.8260
      0.0000	      0.0000	      0.0000	      0.0000
      0.0000	      0.0000	      0.0000	      0.0000
      0.0000	      0.0000	      0.0000	      0.0000
     -0.7618	      6.3540	     -0.8974	     -0.6191
      0.0000	      0.0000	      0.0000	      0.0000
      0.0000	      0.0000	      0.0000	      0.0000
      0.0000	      0.0000	      0.0000	      0.0000
     -6.6470	     -8.2156	      8.2358	     -7.8397
      0.0000	      0.0000	      0.0000	      0.0000
     -7.3292	     -7.1664	      0.0000	      0.0000
      0.0000	      0.0000	      0.0000	      0.0000
     14.0500	      4.8954	      4.9650	      4.5394
      0.0000	      0.0000	      0.0000	      0.0000
      0.0000	      0.0000	      0.0000	      0.0000
      0.0000	      0.0000	      0.0000	      0.0000
      5.7883	      0.5271	      0.2860	     13.3860
      0.0000	      0.0000	      0.0000	      0.0000
      0.0000	      0.0000	      0.0000	      0.0000
      0.0000	      0.0000	      0.0000	      0.0000
    -10.3951	    -10.4984	    -11.1589	      7.8218
      0.0000	      0.0000	      0.0000	      0.0000
     -2.7159	      0.0000	      0.0000	      0.0000
      0.0000	      0.0000	      0.0000	      0.0000
     26.5083	      1.5796	      0.0000	      0.0000
      0.0000	      0.0000	      0.0000	      0.0000
      0.0000	      0.0000	      0.0000	      0.0000
      0.0000	      0.0000	      0.0000	      0.0000
      0.0000	     -0.5970	     -0.7243	     17.4081
      0.0000	      0.0000	      0.0000	      0.0000
      0.0000	      0.0000	      0.0000	      0.0000
      0.0000	      0.0000	      0.0000	      0.0000
    -18.6556	    -21.4864	    -22.0798	      1.0524
      0.0000	      0.0000	      0.0000	      0.0000
      0.0000	      0.0000	      0.0000	      0.0000
      0.0000	      0.0000	      0.0000	      0.0000
    -27.3078	     -2.9615	    -35.4788	    -27.5497
      0.0000	      0.0000	      0.0000	      0.0000
      0.0000	      0.0000	      0.0000	      0.0000
      0.0000	      0.0000	      0.0000	      0.0000
      6.4695	     30.5793	      0.0000	     -0.6461
      0.0000	      0.0000	      0.0000	      0.0000
      0.0000	      0.0000	      0.0000	      0.0000
      0.0000	      0.0000	      0.0000	      0.0000
     39.9831	      0.0000	      0.0000	      4.8016
      0.0000	      0.0000	      0.0000	      0.0000
      0.0000	      0.0000	      0.0000	      0.0000
      0.0000	      0.0000	      0.0000	      0.0000
    -17.8673	     -1.2568	    -16.9618	    -14.3629
      0.0000	      0.0000	      0.0000	      0.0000
      0.0000	      0.0000	      0.0000	      0.0000
      0.0000	      0.0000	      0.0000	      0.0000
      5.5508	      4.1135	     -6.5527	     -3.1351
      0.0000	      0.0000	      0.0000	      0.0000
      0.0000	      0.0000	      0.0000	      0.0000
      0.0000	      0.0000	      0.0000	      0.0000
     22.6987	      0.0000	      0.0000	      2.2838
      0.0000	      0.0000	      0.0000	      0.0000
      0.0000	      0.0000	      0.0000	      0.0000
      0.0000	      0.0000	      0.0000	      0.0000
     -5.0728	     -0.6636	    -12.7056	     -6.5289
      0.0000	      0.0000	      0.0000	      0.0000
      0.0000	      0.0000	      0.0000	      0.0000
      0.0000	      0.0000	      0.0000	      0.0000
      2.5765	      0.3407	    -17.6705	     -3.6135
      0.0000	      0.0000	      0.0000	      0.0000
      0.0000	      0.0000	      0.0000	      0.0000
      0.0000	      0.0000	      0.0000	      0.0000
     -2.9675	     -3.0227	    -20.1206	      1.9189
      0.0000	      0.0000	      0.0000	      0.0000
      0.0000	      0.0000	      0.0000	      0.0000
      0.0000	      0.0000	      0.0000	      0.0000
     12.2565	      8.0408	     -0.8877	      6.1650
      0.0000	      0.0000	      0.0000	      0.0000
      0.0000	      0.0000	      0.0000	      0.0000
      0.0000	      0.0000	      0.0000	      0.0000
      5.9753	     -1.3438	    -14.3094	     -1.4792
      0.0000	      0.0000	      0.0000	      0.0000
     -0.4756	     -3.1627	      0.0000	      0.0000
      0.6301	      0.0000	     -6.6496	      0.0000
    -11.9601	    -14.2229	    -17.1540	      1.4455
      0.0000	      0.0000	      0.0000	      0.0000
      0.0000	      0.0000	      0.0000	      0.0000
      0.0000	      0.0000	      0.0000	      0.0000
     27.6114	      0.0000	      0.0000	      7.9530
      0.0000	      0.0000	      0.0000	      0.0000
      0.0000	      0.0000	      0.0000	      0.0000
      0.0000	      0.0000	      0.0000	      0.0000
     -0.0677	     -2.2562	     -4.7383	     15.0890
      0.0000	      0.0000	      0.0000	      0.0000
      0.0000	      0.0000	      0.0000	      0.0000
      0.0000	      0.0000	      0.0000	      0.0000
    -24.1661	    -23.5161	    -26.8815	     -2.3753
      0.0000	      0.0000	      0.0000	      0.0000
      0.0000	      0.0000	      0.0000	      0.0000
      0.0000	      0.0000	      0.0000	      0.0000
    -31.2235	    -15.0357	    -23.8860	    -20.1107
      0.0000	      0.0000	      0.0000	      0.0000
      0.0000	      0.0000	      0.0000	      0.0000
      0.0000	      0.0000	      0.0000	      0.0000
      0.0000	      3.5531	     -3.1693	      0.0000
      0.0000	      0.0000	      0.0000	      0.0000
      0.0000	      0.0000	      0.0000	      0.0000
      0.0000	      0.0000	      0.0000	      0.0000
     13.3030	      0.0000	      0.0000	      2.2887
      0.0000	      0.0000	      0.0000	      0.0000
      0.0000	      0.0000	      0.0000	      0.0000
      0.0000	      0.0000	      0.0000	      0.0000
     -2.1460	     -1.9193	     -1.1282	      0.0000
      0.0000	      0.0000	      0.0000	      0.0000
      0.0000	      0.0000	      0.0000	      0.0000
      0.0000	      0.0000	      0.0000	      0.0000
     -0.5394	      5.0901	      0.0000	      0.0000
      0.0000	      0.0000	      0.0000	      0.0000
      0.0000	      0.0000	      0.0000	      0.0000
      0.0000	      0.0000	      0.0000	      0.0000
      1.2789	      0.0000	      0.0000	      0.0000
      0.0000	      0.0000	      0.0000	      0.0000
      0.0000	      0.0000	      0.0000	      0.0000
      0.0000	      0.0000	      0.0000	      0.0000
      0.0000	     16.2992	      5.2352	      0.0000
      0.0000	      0.0000	      0.0000	      0.0000
      0.0000	      0.0000	      0.0000	      0.0000
      0.0000	      0.0000	      0.0000	      0.0000
     -0.3126	     13.2964	      0.0000	      0.0000
      0.0000	      0.0000	      0.0000	      0.0000
      0.0000	      0.0000	      0.0000	      0.0000
      0.0000	      0.0000	      0.0000	      0.0000
      0.0000	      0.0000	     17.5316	      0.0000
      0.0000	      0.0000	      0.0000	      0.0000
      0.0000	      0.0000	      0.0000	      0.0000
      0.0000	      0.0000	      0.0000	      0.0000
      9.4064	      0.0000	      0.0000	      0.0000
      0.0000	      0.0000	      0.0000	      0.0000
      0.0000	      0.0000	      0.0000	      0.0000
      0.0000	      0.0000	      0.0000	      0.0000
      0.3243	      7.1697	      0.0000	      0.0000
      0.0000	      0.0000	      0.0000	      0.0000
      0.0000	      0.0000	      0.0000	      0.0000
      0.0000	      0.0000	      0.0000	      0.0000
     -2.1877	     -1.8110	     18.2317	      0.0000
      0.0000	      0.0000	      0.0000	      0.0000
      0.0000	      0.0000	      0.0000	      0.0000
      0.0000	      0.0000	      0.0000	      0.0000
      0.0000	      0.0000	      0.0000	     17.8708
      0.0000	      0.0000	      0.0000	      0.0000
      0.0000	      0.0000	      0.0000	      0.0000
      0.0000	      0.0000	      0.0000	      0.0000
      0.0000	      0.0000	     -2.7006	      0.0000
      0.0000	      0.0000	      0.0000	      0.0000
      0.0000	      0.0000	      0.0000	      0.0000
      0.0000	      0.0000	      0.0000	      0.0000
     -7.1567	    -10.8940	     -8.1199	     -8.1012
      0.0000	      0.0000	      0.0000	      0.0000
      0.0000	      0.0000	      0.0000	      0.0000
      0.0000	      0.0000	      0.0000	      0.0000
    -13.9239	    -13.2228	    -22.9956	    -13.5393
      0.0000	      0.0000	      0.0000	      0.0000
      0.0000	      0.0000	      0.0000	      0.0000
      0.0000	      0.0000	      0.0000	      0.0000
     -0.2446	      5.1887	      0.0000	      0.0000
      0.0000	      0.0000	      0.0000	      0.0000
      0.0000	      0.0000	      0.0000	      0.0000
      0.0000	      0.0000	      0.0000	      0.0000
     27.6234	      5.7445	      0.0000	      3.8113
      0.0000	      0.0000	      0.0000	      0.0000
      0.0000	      0.0000	      0.0000	      0.0000
      0.0000	      0.0000	      0.0000	      0.0000
     -3.4726	     -1.8775	     -9.6559	     -7.6776
      0.0000	      0.0000	      0.0000	      0.0000
      0.0000	      0.0000	      0.0000	      0.0000
      0.0000	      0.0000	      0.0000	      0.0000
     -0.4234	      9.9972	      0.0000	      0.0000
      0.0000	      0.0000	      0.0000	      0.0000
      0.0000	      0.0000	      0.0000	      0.0000
      0.0000	      0.0000	      0.0000	      0.0000
      5.1341	      0.0000	      0.0000	      0.0000
      0.0000	      0.0000	      0.0000	      0.0000
      0.0000	      0.0000	      0.0000	      0.0000
      0.0000	      0.0000	      0.0000	      0.0000
     -0.0753	      7.4895	      0.0000	      0.0000
      0.0000	      0.0000	      0.0000	      0.0000
      0.0000	      0.0000	      0.0000	      0.0000
      0.0000	      0.0000	      0.0000	      0.0000
     -1.5795	      9.2691	     -2.7617	     -3.6911
      0.0000	      0.0000	      0.0000	      0.0000
      0.0000	      0.0000	      0.0000	      0.0000
      0.0000	      0.0000	      0.0000	      0.0000
     -2.2351	     -2.1384	     -1.2871	     -1.8415
      0.0000	      0.0000	      0.0000	      0.0000
      0.0000	      0.0000	      0.0000	      0.0000
      0.0000	      0.0000	      0.0000	      0.0000
     18.0971	      0.0000	      3.9314	      2.6967
      0.0000	      0.0000	      0.0000	      0.0000
      0.0000	      0.0000	      0.0000	      0.0000
      0.0000	      0.0000	      0.0000	      0.0000
     -0.3091	     -1.3839	     18.9897	     -0.5039
      0.0000	      0.0000	      0.0000	      0.0000
      0.0000	      0.0000	      0.0000	      0.0000
      0.0000	      0.0000	      0.0000	      0.0000
     -2.7129	     -2.9729	     -2.2623	     -4.4915
      0.0000	      0.0000	      0.0000	      0.0000
      0.0000	      0.0000	      0.0000	      0.0000
      0.0000	      0.0000	      0.0000	      0.0000
      7.8298	      0.0000	      0.0000	      0.0000
      0.0000	      0.0000	      0.0000	      0.0000
      0.0000	      0.0000	      0.0000	      0.0000
      0.0000	      0.0000	      0.0000	      0.0000
     -0.6391	     -1.1004	     16.9210	      0.0000
      0.0000	      0.0000	      0.0000	      0.0000
      0.0000	      0.0000	      0.0000	      0.0000
      0.0000	      0.0000	      0.0000	      0.0000
     -2.7485	     -2.8505	      1.7720	     -1.1794
      0.0000	      0.0000	      0.0000	      0.0000
      0.0000	      0.0000	      0.0000	      0.0000
      0.0000	      0.0000	      0.0000	      0.0000
    -32.0017	    -33.8815	    -35.0999	    -31.2597
      0.0000	      0.0000	      0.0000	      0.0000
      0.0000	      0.0000	      0.0000	      0.0000
      0.0000	      0.0000	      0.0000	      0.0000
     -0.2359	      1.9282	     -7.5734	     -5.6575
      0.0000	      0.0000	      0.0000	      0.0000
      0.0000	      0.0000	      0.0000	      0.0000
      0.0000	      0.0000	      0.0000	      0.0000
      7.8584	      0.0000	      0.0000	      0.0000
      0.0000	      0.0000	      0.0000	      0.0000
      0.0000	      0.0000	      0.0000	      0.0000
      0.0000	      0.0000	      0.0000	      0.0000
     -5.8065	      0.4841	     -7.2949	     -6.5605
      0.0000	      0.0000	      0.0000	      0.0000
      0.0000	      0.0000	      0.0000	      0.0000
      0.0000	      0.0000	      0.0000	      0.0000
     -0.7739	      6.1515	      0.0000	     -1.6854
      0.0000	      0.0000	      0.0000	      0.0000
      0.0000	      0.0000	      0.0000	      0.0000
      0.0000	      0.0000	      0.0000	      0.0000
      4.4926	      0.0000	     -0.9380	      0.0000
      0.0000	      0.0000	      0.0000	      0.0000
      0.0000	      0.0000	      0.0000	      0.0000
      0.0000	      0.0000	      0.0000	      0.0000
     -2.4461	      2.1281	     -2.3427	     -2.0109
      0.0000	      0.0000	      0.0000	      0.0000
      0.0000	      0.0000	      0.0000	      0.0000
      0.0000	      0.0000	      0.0000	      0.0000
     -1.3675	      5.2726	     -7.3778	     -2.8749
      0.0000	      0.0000	      0.0000	      0.0000
      0.0000	      0.0000	      0.0000	      0.0000
      0.0000	      0.0000	      0.0000	      0.0000
     -0.3280	     -1.4341	     -4.8424	     -0.7868
      0.0000	      0.0000	      0.0000	      0.0000
      0.0000	      0.0000	      0.0000	      0.0000
      0.0000	      0.0000	      0.0000	      0.0000
     12.0887	      1.4403	      0.0000	      0.0000
      0.0000	      0.0000	      0.0000	      0.0000
      0.0000	      0.0000	      0.0000	      0.0000
      0.0000	      0.0000	      0.0000	      0.0000
     -0.7248	      4.9680	     -4.3866	     -1.2761
      0.0000	      0.0000	      0.0000	      0.0000
      0.0000	      0.0000	      0.0000	      0.0000
      0.0000	      0.0000	      0.0000	      0.0000
     -6.2516	     -4.7641	     -5.1076	     -3.3547
      0.0000	      0.0000	      0.0000	      0.0000
      0.0000	      0.0000	      0.0000	      0.0000
      0.0000	      0.0000	      0.0000	      0.0000
      0.0000	      0.0000	      0.0000	      0.0000
      0.0000	      0.0000	      0.0000	      0.0000
      0.0000	      0.0000	      0.0000	      0.0000
      0.0000	      0.0000	      0.0000	      0.0000
     -0.9420	     -0.7553	      5.9210	      0.0000
      0.0000	      0.0000	      0.0000	      0.0000
      0.0000	      0.0000	      0.0000	      0.0000
      0.0000	      0.0000	      0.0000	      0.0000
     -8.6655	     -7.0035	     -5.3552	     -5.5135
      0.0000	      0.0000	      0.0000	      0.0000
      0.0000	      0.0000	      0.0000	      0.0000
      0.0000	      0.0000	      0.0000	      0.0000
     -5.0652	      0.0000	      0.0000	      0.0000
      0.0000	      0.0000	      0.0000	      0.0000
      0.0000	      0.0000	      0.0000	      0.0000
      0.0000	      0.0000	      0.0000	      0.0000
     -0.4967	      0.0000	      0.0000	      0.0000
      0.0000	      0.0000	      0.0000	      0.0000
      0.0000	      0.0000	      0.0000	      0.0000
      0.0000	      0.0000	      0.0000	      0.0000
      0.0000	      0.0000	      0.0000	      0.0000
      0.0000	      0.0000	      0.0000	      0.0000
      0.0000	      0.0000	      0.0000	      0.0000
      0.0000	      0.0000	      0.0000	      0.0000
      0.0000	      0.0000	      0.0000	      0.0000
      0.0000	      0.0000	      0.0000	      0.0000
      0.0000	      0.0000	      0.0000	      0.0000
      0.0000	      0.0000	      0.0000	      0.0000
      5.2124	      1.2964	      0.0000	      0.0000
      0.0000	      0.0000	      0.0000	      0.0000
      0.0000	      0.0000	      0.0000	      0.0000
      0.0000	      0.0000	      0.0000	      0.0000
      4.1220	      0.0000	      0.0000	      0.0000
      0.0000	      0.0000	      0.0000	      0.0000
      0.0000	      0.0000	      0.0000	      0.0000
      0.0000	      0.0000	      0.0000	      0.0000
     -0.0357	     -0.9857	     13.9193	      0.0000
      0.0000	      0.0000	      0.0000	      0.0000
      0.0000	      0.0000	      0.0000	      0.0000
      0.0000	      0.0000	      0.0000	      0.0000
     33.0908	      0.6758	      4.4791	      4.3023
      0.0000	      0.0000	      0.0000	      0.0000
      0.0000	      0.0000	      0.0000	      0.0000
      0.0000	      0.0000	      0.0000	      0.0000
     -0.4190	      1.9447	     10.7118	      0.0000
      0.0000	      0.0000	      0.0000	      0.0000
      0.0000	      0.0000	      0.0000	      0.0000
      0.0000	      0.0000	      0.0000	      0.0000
      2.9192	      0.0000	      0.0000	      0.0000
      0.0000	      0.0000	      0.0000	      0.0000
      0.0000	      0.0000	      0.0000	      0.0000
      0.0000	      0.0000	      0.0000	      0.0000
      0.3241	      0.0000	      0.0000	     29.1571
      0.0000	      0.0000	      0.0000	      0.0000
      0.0000	      0.0000	      0.0000	      0.0000
      0.0000	      0.0000	      0.0000	      0.0000
     -1.1660	     -1.5322	     -4.3080	     -1.2266
      0.0000	      0.0000	      0.0000	      0.0000
      0.0000	      0.0000	      0.0000	      0.0000
      0.0000	      0.0000	      0.0000	      0.0000
     36.5576	      7.8195	     -0.1259	      0.0000
      0.0000	      0.0000	      0.0000	      0.0000
      0.0000	      0.0000	      0.0000	      0.0000
      0.0000	      0.0000	      0.0000	      0.0000
      8.0296	      0.0000	      0.0000	      0.0000
      0.0000	      0.0000	      0.0000	      0.0000
      0.0000	      0.0000	      0.0000	      0.0000
      0.0000	      0.0000	      0.0000	      0.0000
    -23.8368	    -28.3317	    -28.9207	    -24.1130
      0.0000	      0.0000	      0.0000	      0.0000
      0.0000	      0.0000	      0.0000	      0.0000
      0.0000	      0.0000	      0.0000	      0.0000
    -11.1813	     -6.2785	     -4.5282	     -5.6152
      0.0000	      0.0000	      0.0000	      0.0000
      0.0000	      0.0000	      0.0000	      0.0000
      0.0000	      0.0000	      0.0000	      0.0000
      0.6160	      2.1871	     27.2874	      0.0000
      0.0000	      0.0000	      0.0000	      0.0000
      0.0000	      0.0000	      0.0000	      0.0000
      0.0000	      0.0000	      0.0000	      0.0000
      5.8494	      0.0000	      0.0000	      0.0000
      0.0000	      0.0000	      0.0000	      0.0000
      0.0000	      0.0000	      0.0000	      0.0000
      0.0000	      0.0000	      0.0000	      0.0000
     -6.9637	     -6.1598	     -6.6918	     -6.3340
      0.0000	      0.0000	      0.0000	      0.0000
      0.0000	      0.0000	      0.0000	      0.0000
      0.0000	      0.0000	      0.0000	      0.0000
     17.0585	      2.1058	      0.0000	      1.0320
      0.0000	      0.0000	      0.0000	      0.0000
      0.0000	      0.0000	      0.0000	      0.0000
      0.0000	      0.0000	      0.0000	      0.0000
     25.3235	      0.0000	      0.0000	      0.0000
      0.0000	      0.0000	      0.0000	      0.0000
      0.0000	      0.0000	      0.0000	      0.0000
      0.0000	      0.0000	      0.0000	      0.0000
     -3.6908	     -4.1546	     -6.3267	     -1.9333
      0.0000	      0.0000	      0.0000	      0.0000
      0.0000	      0.0000	      0.0000	      0.0000
      0.0000	      0.0000	      0.0000	      0.0000
     17.2658	      3.6501	      5.4307	      2.2515
      0.0000	      0.0000	      0.0000	      0.0000
      0.0000	      0.0000	      0.0000	      0.0000
      0.0000	      0.0000	      0.0000	      0.0000
     -2.0228	     -1.2648	      0.3862	     13.8210
      0.0000	      0.0000	      0.0000	      0.0000
      0.0000	      0.0000	      0.0000	      0.0000
      0.0000	      0.0000	      0.0000	      0.0000
     15.0966	      0.0000	      0.0000	      0.0000
      0.0000	      0.0000	      0.0000	      0.0000
      0.0000	      0.0000	      0.0000	      0.0000
      0.0000	      0.0000	      0.0000	      0.0000
     -0.0428	     -1.4304	     -2.6282	     16.1003
      0.0000	      0.0000	      0.0000	      0.0000
      0.0000	      0.0000	      0.0000	      0.0000
      0.0000	      0.0000	      0.0000	      0.0000
    -10.8280	     -6.6410	     -6.2865	     -5.1194
      0.0000	      0.0000	      0.0000	      0.0000
      0.0000	      0.0000	      0.0000	      0.0000
      0.0000	      0.0000	      0.0000	      0.0000
      6.7779	      0.0000	      0.0000	     26.2295
      0.0000	      0.0000	      0.0000	      0.0000
      0.0000	      0.0000	      0.0000	      0.0000
      0.0000	      0.0000	      0.0000	      0.0000
     -0.0703	     -3.1967	     -4.9542	      6.0912
      0.0000	      0.0000	      0.0000	      0.0000
      0.0000	      0.0000	      0.0000	      0.0000
      0.0000	      0.0000	      0.0000	      0.0000
    -18.9290	    -19.8262	    -30.7784	    -19.0985
      0.0000	      0.0000	      0.0000	      0.0000
      0.0000	      0.0000	      0.0000	      0.0000
      0.0000	      0.0000	      0.0000	      0.0000
    -24.1942	    -10.2142	    -13.2298	    -22.7237
      0.0000	      0.0000	      0.0000	      0.0000
      0.0000	      0.0000	      0.0000	      0.0000
      0.0000	      0.0000	      0.0000	      0.0000
     -0.0557	     -0.4932	     13.9634	     -0.8692
      0.0000	      0.0000	      0.0000	      0.0000
      0.0000	      0.0000	      0.0000	      0.0000
      0.0000	      0.0000	      0.0000	      0.0000
     13.8427	      0.0000	      0.0000	      0.0000
      0.0000	      0.0000	      0.0000	      0.0000
      0.0000	      0.0000	      0.0000	      0.0000
      0.0000	      0.0000	      0.0000	      0.0000
    -17.2426	    -25.7900	    -20.1200	    -16.9300
      0.0000	      0.0000	      0.0000	      0.0000
      0.0000	      0.0000	      0.0000	      0.0000
      0.0000	      0.0000	      0.0000	      0.0000
     -1.2309	      9.6785	     -1.0922	     -1.1737
      0.0000	      0.0000	      0.0000	      0.0000
      0.0000	      0.0000	      0.0000	      0.0000
      0.0000	      0.0000	      0.0000	      0.0000
     20.1832	      4.2082	      0.0000	      0.0000
      0.0000	      0.0000	      0.0000	      0.0000
      0.0000	      0.0000	      0.0000	      0.0000
      0.0000	      0.0000	      0.0000	      0.0000
     -5.8895	     -7.5572	     -8.3140	     -2.0167
      0.0000	      0.0000	      0.0000	      0.0000
      0.0000	      0.0000	      0.0000	      0.0000
      0.0000	      0.0000	      0.0000	      0.0000
     12.4302	     -1.6862	     -1.8673	     -3.2276
      0.0000	      0.0000	      0.0000	      0.0000
      0.0000	      0.0000	      0.0000	      0.0000
      0.0000	      0.0000	      0.0000	      0.0000
    -10.0059	    -10.6935	     -1.3877	     10.1840
      0.0000	      0.0000	      0.0000	      0.0000
      0.0000	      0.0000	      0.0000	      0.0000
      0.0000	      0.0000	      0.0000	      0.0000
     -3.2652	     -5.0655	     -3.7396	     21.8565
      0.0000	      0.0000	      0.0000	      0.0000
      0.0000	      0.0000	      0.0000	      0.0000
      0.0000	      0.0000	      0.0000	      0.0000
     -0.4600	     -0.7807	     -4.0027	     14.8741
      0.0000	      0.0000	      0.0000	      0.0000
      0.0000	      0.0000	      0.0000	      0.0000
      0.0000	      0.0000	      0.0000	      0.0000
    -12.5846	    -12.7654	    -13.8733	     -6.5154
      0.0000	      0.0000	      0.0000	      0.0000
      0.0000	      0.0000	      0.0000	      0.0000
      0.0000	      0.0000	      0.0000	      0.0000
      2.7846	      3.0116	     -1.3987	     30.5026
      0.0000	      0.0000	      0.0000	      0.0000
      0.0000	      0.0000	      0.0000	      0.0000
      0.0000	      0.0000	      0.0000	      0.0000
      3.5365	     -2.0278	     -6.5557	     27.2760
      0.0000	      0.0000	      0.0000	      0.0000
      0.0000	      0.0000	      0.0000	      0.0000
      0.0000	      0.0000	      0.0000	      0.0000
    -17.7552	    -17.2428	    -19.6301	     -1.6588
      0.0000	      0.0000	      0.0000	      0.0000
      0.0000	      0.0000	      0.0000	      0.0000
      0.0000	      0.0000	      0.0000	      0.0000
     -5.2387	     -4.2921	    -13.2139	     -5.8933
      0.0000	      0.0000	      0.0000	      0.0000
      0.0000	      0.0000	      0.0000	      0.0000
      0.0000	      0.0000	      0.0000	      0.0000
     -0.3642	      5.4909	      0.0000	      0.0000
      0.0000	      0.0000	      0.0000	      0.0000
      0.0000	      0.0000	      0.0000	      0.0000
      0.0000	      0.0000	      0.0000	      0.0000
      6.7581	      0.0000	      0.0000	      0.0000
      0.0000	      0.0000	      0.0000	      0.0000
      0.0000	      0.0000	      0.0000	      0.0000
      0.0000	      0.0000	      0.0000	      0.0000
     -1.2725	     -0.2931	      8.2419	     -2.1482
      0.0000	      0.0000	      0.0000	      0.0000
      0.0000	      0.0000	      0.0000	      0.0000
      0.0000	      0.0000	      0.0000	      0.0000
      5.2222	      0.0000	     30.3625	      0.5044
      0.0000	      0.0000	      0.0000	      0.0000
      0.0000	      0.0000	      0.0000	      0.0000
      0.0000	      0.0000	      0.0000	      0.0000
     29.2658	      0.0000	      0.0000	      6.3618
      0.0000	      0.0000	      0.0000	      0.0000
      0.0000	      0.0000	      0.0000	      0.0000
      0.0000	      0.0000	      0.0000	      0.0000
     -1.0775	     20.5882	      0.0000	      2.9763
      0.0000	      0.0000	      0.0000	      0.0000
      0.0000	      0.0000	      0.0000	      0.0000
      0.0000	      0.0000	      0.0000	      0.0000
      5.9266	     15.6109	     24.4914	     11.4110
      0.0000	      0.0000	      0.0000	      0.0000
      0.0000	      0.0000	      0.0000	      0.0000
      0.0000	      0.0000	      0.0000	      0.0000
      0.0000	      0.0000	     23.1691	      0.0000
      0.0000	      0.0000	      0.0000	      0.0000
      0.0000	      0.0000	      0.0000	      0.0000
      0.0000	      0.0000	      0.0000	      0.0000
     31.4750	      0.0000	      0.0000	      0.0000
      0.0000	      0.0000	      0.0000	      0.0000
      0.0000	      0.0000	      0.0000	      0.0000
      0.0000	      0.0000	      0.0000	      0.0000
      3.6073	      0.0000	     33.0627	      2.3041
      0.0000	      0.0000	      0.0000	      0.0000
      0.0000	      0.0000	      0.0000	      0.0000
      0.0000	      0.0000	      0.0000	      0.0000
     -3.5988	     -5.4813	     10.7189	     -2.5526
      0.0000	      0.0000	      0.0000	      0.0000
      0.0000	      0.0000	      0.0000	      0.0000
      0.0000	      0.0000	      0.0000	      0.0000
     38.7468	      3.0087	      5.5141	      0.0000
      0.0000	      0.0000	      0.0000	      0.0000
      0.0000	      0.0000	      0.0000	      0.0000
      0.0000	      0.0000	      0.0000	      0.0000
      2.2047	      0.0000	      0.0000	     19.2199
      0.0000	      0.0000	      0.0000	      0.0000
      0.0000	      0.0000	      0.0000	      0.0000
      0.0000	      0.0000	      0.0000	      0.0000
    -21.1413	    -22.5357	    -32.2879	     -6.9329
      0.0000	      0.0000	      0.0000	      0.0000
      0.0000	      0.0000	      0.0000	      0.0000
      0.0000	      0.0000	      0.0000	      0.0000
    -21.7571	    -22.7205	    -27.5804	    -25.5629
      0.0000	      0.0000	      0.0000	      0.0000
      0.0000	      0.0000	      0.0000	      0.0000
      0.0000	      0.0000	      0.0000	      0.0000
      0.3121	     18.4866	      0.0000	      0.0000
      0.0000	      0.0000	      0.0000	      0.0000
      0.0000	      0.0000	      0.0000	      0.0000
      0.0000	      0.0000	      0.0000	      0.0000
      9.0218	     31.5077	      0.0000	      0.0000
      0.0000	      0.0000	      0.0000	      0.0000
      0.0000	      0.0000	      0.0000	      0.0000
      0.0000	      0.0000	      0.0000	      0.0000
     -5.1305	      0.9380	     -7.8074	     -6.6701
      0.0000	      0.0000	      0.0000	      0.0000
      0.0000	      0.0000	      0.0000	      0.0000
      0.0000	      0.0000	      0.0000	      0.0000
      6.2697	     19.0495	      6.6496	     -0.0181
      0.0000	      0.0000	      0.0000	      0.0000
      0.0000	      0.0000	      0.0000	      0.0000
      0.0000	      0.0000	      0.0000	      0.0000
     16.1327	      8.1532	      3.7278	      4.0220
      0.0000	      0.0000	      0.0000	      0.0000
      0.0000	      0.0000	      0.0000	      0.0000
      0.0000	      0.0000	      0.0000	      0.0000
      1.7616	      0.7642	     -1.5671	     -0.5227
      0.0000	      0.0000	      0.0000	      0.0000
      0.0000	      0.0000	      0.0000	      0.0000
      0.0000	      0.0000	      0.0000	      0.0000
      0.9564	      0.1780	      0.5096	      2.3823
      0.0000	      0.0000	      0.0000	      0.0000
      0.0000	      0.0000	      0.0000	      0.0000
      0.0000	      0.0000	      0.0000	      0.0000
     -6.5864	     -3.0725	    -14.5736	      2.7675
      0.0000	      0.0000	      0.0000	      0.0000
      0.0000	      0.0000	      0.0000	      0.0000
      0.0000	      0.0000	      0.0000	      0.0000
      6.5945	      7.8281	     14.3047	      6.9347
      0.0000	      0.0000	      0.0000	      0.0000
      0.0000	      0.0000	      0.0000	      0.0000
      0.0000	      0.0000	      0.0000	      0.0000
      3.3093	     -2.2215	      2.0981	      3.0354
      0.0000	      0.0000	      0.0000	      0.0000
      0.0000	      0.0000	      0.0000	      0.0000
      0.0000	      0.0000	      0.0000	      0.0000
    -13.9532	    -14.4670	     -7.5317	      3.3103
      0.0000	      0.0000	      0.0000	      0.0000
      0.0000	      0.0000	      0.0000	      0.0000
      0.0000	      0.0000	      0.0000	      0.0000
     32.1844	      0.0000	      0.0000	      0.0000
      0.0000	      0.0000	      0.0000	      0.0000
      0.0000	      0.0000	      0.0000	      0.0000
      0.0000	      0.0000	      0.0000	      0.0000
     -0.0852	     -1.0778	     -4.2277	     26.9072
      0.0000	      0.0000	      0.0000	      0.0000
      0.0000	      0.0000	      0.0000	      0.0000
      0.0000	      0.0000	      0.0000	      0.0000
    -19.8465	    -21.3841	    -21.5290	      2.8779
      0.0000	      0.0000	      0.0000	      0.0000
      0.0000	      0.0000	      0.0000	      0.0000
      0.0000	      0.0000	      0.0000	      0.0000
    -28.1748	     -8.1414	    -31.9061	    -27.4290
      0.0000	      0.0000	      0.0000	      0.0000
      0.0000	      0.0000	      0.0000	      0.0000
      0.0000	      0.0000	      0.0000	      0.0000
      2.6437	     26.1015	     -9.3029	     -6.8003
      0.0000	      0.0000	      0.0000	      0.0000
      0.0000	      0.0000	      0.0000	      0.0000
      0.0000	      0.0000	      0.0000	      0.0000
     40.3508	      0.0000	      0.0000	      8.0241
      0.0000	      0.0000	      0.0000	      0.0000
      0.0000	      0.0000	      0.0000	      0.0000
      0.0000	      0.0000	      0.0000	      0.0000
    -16.6577	    -12.0486	    -23.5155	    -15.6832
      0.0000	      0.0000	      0.0000	      0.0000
      0.0000	      0.0000	      0.0000	      0.0000
      0.0000	      0.0000	      0.0000	      0.0000
      3.9031	     12.9493	    -12.0199	     -0.9444
      0.0000	      0.0000	      0.0000	      0.0000
      0.0000	      0.0000	      0.0000	      0.0000
      0.0000	      0.0000	      0.0000	      0.0000
      0.0000	     22.1919	      0.3422	      3.6405
      0.0000	      0.0000	      0.0000	      0.0000
      0.0000	      0.0000	      0.0000	      0.0000
      0.0000	      0.0000	      0.0000	      0.0000
     -5.8013	      1.0012	    -14.6986	     -8.3732
      0.0000	      0.0000	      0.0000	      0.0000
      0.0000	      0.0000	      0.0000	      0.0000
      0.0000	      0.0000	      0.0000	      0.0000
      4.8035	     -1.6417	    -14.4650	     -1.8230
      0.0000	      0.0000	      0.0000	      0.0000
      0.0000	      0.0000	      0.0000	      0.0000
      0.0000	      0.0000	      0.0000	      0.0000
     -8.1022	     -9.0694	    -25.1135	     -4.9359
      0.0000	      0.0000	      0.0000	      0.0000
      0.0000	      0.0000	      0.0000	      0.0000
      0.0000	      0.0000	      0.0000	      0.0000
     16.9794	      6.1517	     -2.9027	      7.5360
      0.0000	      0.0000	      0.0000	      0.0000
      0.0000	      0.0000	      0.0000	      0.0000
      0.0000	      0.0000	      0.0000	      0.0000
      4.3834	     -3.5726	    -18.1221	     -1.4140
      0.0000	      0.0000	      0.0000	      0.0000
      0.0000	      0.0000	      0.0000	      0.0000
      0.0000	      0.0000	      0.0000	      0.0000
    -24.4530	    -28.3948	    -36.0209	     -3.4020
      0.0000	      0.0000	      0.0000	      0.0000
      0.0000	      0.0000	      0.0000	      0.0000
      0.0000	      0.0000	      0.0000	      0.0000
     25.7742	      2.3987	     -3.2625	      0.0000
      0.0000	      0.0000	      0.0000	      0.0000
      0.0000	      0.0000	      0.0000	      0.0000
      0.0000	      0.0000	      0.0000	      0.0000
      0.4661	     -3.1025	     -6.4539	     14.6617
      0.0000	      0.0000	      0.0000	      0.0000
      0.0000	      0.0000	      0.0000	      0.0000
      0.0000	      0.0000	      0.0000	      0.0000
    -31.4938	    -37.8312	    -35.6538	     -5.7552
      0.0000	      0.0000	      0.0000	      0.0000
      0.0000	      0.0000	      0.0000	      0.0000
      0.0000	      0.0000	      0.0000	      0.0000
    -13.2686	    -15.2225	    -15.7515	    -22.4118
      0.0000	      0.0000	      0.0000	      0.0000
      0.0000	      0.0000	      0.0000	      0.0000
      0.0000	      0.0000	      0.0000	      0.0000
      3.4931	     17.9350	      0.0000	     -0.2974
      0.0000	      0.0000	      0.0000	      0.0000
      0.0000	      0.0000	      0.0000	      0.0000
      0.0000	      0.0000	      0.0000	      0.0000
     26.6538	      0.0000	      0.0000	      0.0000
      0.0000	      0.0000	      0.0000	      0.0000
      0.0000	      0.0000	      0.0000	      0.0000
      0.0000	      0.0000	      0.0000	      0.0000
     -2.5983	     23.2379	     -3.1470	     -4.1784
      0.0000	      0.0000	      0.0000	      0.0000
      0.0000	      0.0000	      0.0000	      0.0000
      0.0000	      0.0000	      0.0000	      0.0000
      0.0000	     29.3674	      0.0000	     -1.1934
      0.0000	      0.0000	      0.0000	      0.0000
      0.0000	      0.0000	      0.0000	      0.0000
      0.0000	      0.0000	      0.0000	      0.0000
      1.3162	     25.4561	      8.3858	      6.6988
      0.0000	      0.0000	      0.0000	      0.0000
      0.0000	      0.0000	      0.0000	      0.0000
      0.0000	      0.0000	      0.0000	      0.0000
     -0.7047	     31.2856	      0.0000	     -2.1074
      0.0000	      0.0000	      0.0000	      0.0000
      0.0000	      0.0000	      0.0000	      0.0000
      0.0000	      0.0000	      0.0000	      0.0000
     11.4189	      7.0971	     22.9831	     11.9451
      0.0000	      0.0000	      0.0000	      0.0000
      0.0000	      0.0000	      0.0000	      0.0000
      0.0000	      0.0000	      0.0000	      0.0000
      9.2672	     -0.2963	      0.0000	      0.0000
      0.0000	      0.0000	      0.0000	      0.0000
      0.0000	      0.0000	      0.0000	      0.0000
      0.0000	      0.0000	      0.0000	      0.0000
     34.0847	      6.2653	      0.0000	      0.0000
      0.0000	      0.0000	      0.0000	      0.0000
      0.0000	      0.0000	      0.0000	      0.0000
      0.0000	      0.0000	      0.0000	      0.0000
     11.5849	      0.0000	      8.9614	     26.1276
      0.0000	      0.0000	      0.0000	      0.0000
      0.0000	      0.0000	      0.0000	      0.0000
      0.0000	      0.0000	      0.0000	      0.0000
     -1.5547	     -1.7311	     16.6591	     -0.3059
      0.0000	      0.0000	      0.0000	      0.0000
      0.0000	      0.0000	      0.0000	      0.0000
      0.0000	      0.0000	      0.0000	      0.0000
     26.3120	      9.4238	      0.0000	      9.9445
      0.0000	      0.0000	      0.0000	      0.0000
      0.0000	      0.0000	      0.0000	      0.0000
      0.0000	      0.0000	      0.0000	      0.0000
     -0.1760	      0.2517	      0.0000	     11.8400
      0.0000	      0.0000	      0.0000	      0.0000
      0.0000	      0.0000	      0.0000	      0.0000
      0.0000	      0.0000	      0.0000	      0.0000
     -2.6700	     -6.0699	      6.2392	     -1.8702
      0.0000	      0.0000	      0.0000	      0.0000
      0.0000	      0.0000	      0.0000	      0.0000
      0.0000	      0.0000	      0.0000	      0.0000
    -12.6626	     -5.4308	    -16.3262	    -13.1580
      0.0000	      0.0000	      0.0000	      0.0000
      0.0000	      0.0000	      0.0000	      0.0000
      0.0000	      0.0000	      0.0000	      0.0000
      0.9969	     18.4451	     -6.9024	     -3.3687
      0.0000	      0.0000	      0.0000	      0.0000
      0.0000	      0.0000	      0.0000	      0.0000
      0.0000	      0.0000	      0.0000	      0.0000
      0.0000	     42.7504	      0.0000	      1.0960
      0.0000	      0.0000	      0.0000	      0.0000
      0.0000	      0.0000	      0.0000	      0.0000
      0.0000	      0.0000	      0.0000	      0.0000
     -6.6851	      9.9401	     -8.5987	     -7.0486
      0.0000	      0.0000	      0.0000	      0.0000
      0.0000	      0.0000	      0.0000	      0.0000
      0.0000	      0.0000	      0.0000	      0.0000
      0.1217	     14.5111	      0.0000	     -5.3429
      0.0000	      0.0000	      0.0000	      0.0000
      0.0000	      0.0000	      0.0000	      0.0000
      0.0000	      0.0000	      0.0000	      0.0000
     13.6688	      1.7067	      0.0000	      0.5859
      0.0000	      0.0000	      0.0000	      0.0000
      0.0000	      0.0000	      0.0000	      0.0000
      0.0000	      0.0000	      0.0000	      0.0000
      2.3940	     -1.2721	      5.5775	     -5.1036
      0.0000	      0.0000	      0.0000	      0.0000
      0.0000	      0.0000	      0.0000	      0.0000
      0.0000	      0.0000	      0.0000	      0.0000
     -0.2934	     -2.8051	     -2.1120	      1.2990
      0.0000	      0.0000	      0.0000	      0.0000
      0.0000	      0.0000	      0.0000	      0.0000
      0.0000	      0.0000	      0.0000	      0.0000
     -4.1433	     -6.0813	     -7.7152	      2.8739
      0.0000	      0.0000	      0.0000	      0.0000
      0.0000	      0.0000	      0.0000	      0.0000
      0.0000	      0.0000	      0.0000	      0.0000
     22.4663	      0.0000	      0.0000	      0.0000
      0.0000	      0.0000	      0.0000	      0.0000
      0.0000	      0.0000	      0.0000	      0.0000
      0.0000	      0.0000	      0.0000	      0.0000
      3.3384	      1.8649	      5.9589	      3.4105
      0.0000	      0.0000	      0.0000	      0.0000
      0.0000	      0.0000	      0.0000	      0.0000
      0.0000	      0.0000	      0.0000	      0.0000
     -8.9058	    -11.3790	     -8.4465	     -5.0009
      0.0000	      0.0000	      0.0000	      0.0000
      0.0000	      0.0000	      0.0000	      0.0000
      0.0000	      0.0000	      0.0000	      0.0000
      1.0951	     11.4500	      0.0000	      0.0000
      0.0000	      0.0000	      0.0000	      0.0000
      0.0000	      0.0000	      0.0000	      0.0000
      0.0000	      0.0000	      0.0000	      0.0000
      0.0000	      0.0000	     28.0538	      0.1529
      0.0000	      0.0000	      0.0000	      0.0000
      0.0000	      0.0000	      0.0000	      0.0000
      0.0000	      0.0000	      0.0000	      0.0000
     -8.3518	     -9.5652	     -2.3264	     11.6671
      0.0000	      0.0000	      0.0000	      0.0000
      0.0000	      0.0000	      0.0000	      0.0000
      0.0000	      0.0000	      0.0000	      0.0000
    -20.7158	     -9.4991	    -29.1308	    -20.7801
      0.0000	      0.0000	      0.0000	      0.0000
      0.0000	      0.0000	      0.0000	      0.0000
      0.0000	      0.0000	      0.0000	      0.0000
     -0.3346	     10.6880	     -7.5501	      0.0000
      0.0000	      0.0000	      0.0000	      0.0000
      0.0000	      0.0000	      0.0000	      0.0000
      0.0000	      0.0000	      0.0000	      0.0000
     22.1127	      0.0000	     -1.4543	      3.0294
      0.0000	      0.0000	      0.0000	      0.0000
      0.0000	      0.0000	      0.0000	      0.0000
      0.0000	      0.0000	      0.0000	      0.0000
     -6.8426	      7.1848	    -11.7475	    -10.9160
      0.0000	      0.0000	      0.0000	      0.0000
      0.0000	      0.0000	      0.0000	      0.0000
      0.0000	      0.0000	      0.0000	      0.0000
     -0.7092	     14.7233	     -2.6606	     -1.6108
      0.0000	      0.0000	      0.0000	      0.0000
      0.0000	      0.0000	      0.0000	      0.0000
      0.0000	      0.0000	      0.0000	      0.0000
      4.1709	      0.0000	      0.0000	      0.0000
      0.0000	      0.0000	      0.0000	      0.0000
      0.0000	      0.0000	      0.0000	      0.0000
      0.0000	      0.0000	      0.0000	      0.0000
     -2.6074	      7.7921	     -4.1234	     -2.0730
      0.0000	      0.0000	      0.0000	      0.0000
      0.0000	      0.0000	      0.0000	      0.0000
      0.0000	      0.0000	      0.0000	      0.0000
     -2.9755	      2.8441	    -16.9712	     -5.4446
      0.0000	      0.0000	      0.0000	      0.0000
      0.0000	      0.0000	      0.0000	      0.0000
      0.0000	      0.0000	      0.0000	      0.0000
    -13.5117	    -11.6748	    -16.0980	    -11.1060
      0.0000	      0.0000	      0.0000	      0.0000
      0.0000	      0.0000	      0.0000	      0.0000
      0.0000	      0.0000	      0.0000	      0.0000
     18.1840	      0.0000	     -4.1944	      0.9564
      0.0000	      0.0000	      0.0000	      0.0000
      0.0000	      0.0000	      0.0000	      0.0000
      0.0000	      0.0000	      0.0000	      0.0000
     -1.8435	     -8.4554	    -10.7976	     -6.9113
      0.0000	      0.0000	      0.0000	      0.0000
      0.0000	      0.0000	      0.0000	      0.0000
      0.0000	      0.0000	      0.0000	      0.0000
    -29.5626	    -12.6542	    -15.1168	    -18.0119
      0.0000	      0.0000	      0.0000	      0.0000
      0.0000	      0.0000	      0.0000	      0.0000
      0.0000	      0.0000	      0.0000	      0.0000
      0.0000	      0.0000	      0.0000	      8.2667
      0.0000	      0.0000	      0.0000	      0.0000
      0.0000	      0.0000	      0.0000	      0.0000
      0.0000	      0.0000	      0.0000	      0.0000
     -1.2068	     -8.6056	      8.6982	      0.0000
      0.0000	      0.0000	      0.0000	      0.0000
      0.0000	      0.0000	      0.0000	      0.0000
      0.0000	      0.0000	      0.0000	      0.0000
     -7.0887	     -6.0637	     -9.2421	     -6.5543
      0.0000	      0.0000	      0.0000	      0.0000
      0.0000	      0.0000	      0.0000	      0.0000
      0.0000	      0.0000	      0.0000	      0.0000
    -44.1045	    -29.9181	    -47.1764	    -45.7549
      0.0000	      0.0000	      0.0000	      0.0000
      0.0000	      0.0000	      0.0000	      0.0000
      0.0000	      0.0000	      0.0000	      0.0000
     -0.3189	     -0.0213	     36.7410	     -7.9933
      0.0000	      0.0000	      0.0000	      0.0000
      0.0000	      0.0000	      0.0000	      0.0000
      0.0000	      0.0000	      0.0000	      0.0000
      4.0839	      0.0000	      0.0000	      0.0000
      0.0000	      0.0000	      0.0000	      0.0000
      0.0000	      0.0000	      0.0000	      0.0000
      0.0000	      0.0000	      0.0000	      0.0000
     -0.7093	    -10.2664	      9.1180	      0.0000
      0.0000	      0.0000	      0.0000	      0.0000
      0.0000	      0.0000	      0.0000	      0.0000
      0.0000	      0.0000	      0.0000	      0.0000
     15.3706	     50.3016	     15.9944	      0.0000
      0.0000	      0.0000	      0.0000	      0.0000
      0.0000	      0.0000	      0.0000	      0.0000
      0.0000	      0.0000	      0.0000	      0.0000
     52.7037	     10.9562	      0.0000	      0.0000
      0.0000	      0.0000	      0.0000	      0.0000
      0.0000	      0.0000	      0.0000	      0.0000
      0.0000	      0.0000	      0.0000	      0.0000
     -2.9652	     32.9499	      0.0000	      0.0000
      0.0000	      0.0000	      0.0000	      0.0000
      0.0000	      0.0000	      0.0000	      0.0000
      0.0000	      0.0000	      0.0000	      0.0000
     44.7233	     28.9808	     25.4240	     26.9442
      0.0000	      0.0000	      0.0000	      0.0000
      0.0000	      0.0000	      0.0000	      0.0000
      0.0000	      0.0000	      0.0000	      0.0000
     -1.2193	     19.6162	     16.2158	     47.1823
      0.0000	      0.0000	      0.0000	      0.0000
      0.0000	      0.0000	      0.0000	      0.0000
      0.0000	      0.0000	      0.0000	      0.0000
     24.8014	      0.0000	      0.0000	      0.0000
      0.0000	      0.0000	      0.0000	      0.0000
      0.0000	      0.0000	      0.0000	      0.0000
      0.0000	      0.0000	      0.0000	      0.0000
      6.8583	     -2.7733	     41.6342	      0.0000
      0.0000	      0.0000	      0.0000	      0.0000
      0.0000	      0.0000	      0.0000	      0.0000
      0.0000	      0.0000	      0.0000	      0.0000
     -2.0324	    -14.2465	    -11.1561	     29.5405
      0.0000	      0.0000	      0.0000	      0.0000
      0.0000	      0.0000	      0.0000	      0.0000
      0.0000	      0.0000	      0.0000	      0.0000
     94.3696	     22.3543	     39.2167	     54.5038
      0.0000	      0.0000	      0.0000	      0.0000
      0.0000	      0.0000	      0.0000	      0.0000
      0.0000	      0.0000	      0.0000	      0.0000
      0.4812	      0.2289	     -1.5829	     55.5463
      0.0000	      0.0000	      0.0000	      0.0000
      0.0000	      0.0000	      0.0000	      0.0000
      0.0000	      0.0000	      0.0000	      0.0000
    -54.0964	    -54.5033	    -51.3386	    -55.8909
      0.0000	      0.0000	      0.0000	      0.0000
      0.0000	      0.0000	      0.0000	      0.0000
      0.0000	      0.0000	      0.0000	      0.0000
    -16.5012	      4.0424	    -20.7785	    -19.9179
      0.0000	      0.0000	      0.0000	      0.0000
      0.0000	      0.0000	      0.0000	      0.0000
      0.0000	      0.0000	      0.0000	      0.0000
      2.3236	     24.9072	      7.7319	     -3.0716
      0.0000	      0.0000	      0.0000	      0.0000
      0.0000	      0.0000	      0.0000	      0.0000
      0.0000	      0.0000	      0.0000	      0.0000
     32.2012	      0.0000	      0.0000	      1.3765
      0.0000	      0.0000	      0.0000	      0.0000
      0.0000	      0.0000	      0.0000	      0.0000
      0.0000	      0.0000	      0.0000	      0.0000
     -5.4995	     19.3819	    -11.6523	     -5.4023
      0.0000	      0.0000	      0.0000	      0.0000
      0.0000	      0.0000	      0.0000	      0.0000
      0.0000	      0.0000	      0.0000	      0.0000
     35.2768	      9.7641	     14.3481	      8.4701
      0.0000	      0.0000	      0.0000	      0.0000
      0.0000	      0.0000	      0.0000	      0.0000
      0.0000	      0.0000	      0.0000	      0.0000
     42.4720	      0.0000	      3.2766	      0.0000
      0.0000	      0.0000	      0.0000	      0.0000
      0.0000	      0.0000	      0.0000	      0.0000
      0.0000	      0.0000	      0.0000	      0.0000
      2.6337	      1.7108	    -13.1449	     18.7836
      0.0000	      0.0000	      0.0000	      0.0000
      0.0000	      0.0000	      0.0000	      0.0000
      0.0000	      0.0000	      0.0000	      0.0000
      3.7926	     -3.8016	     -3.3312	     19.1999
      0.0000	      0.0000	      0.0000	      0.0000
      0.0000	      0.0000	      0.0000	      0.0000
      0.0000	      0.0000	      0.0000	      0.0000
      5.5700	     -1.5292	    -10.5675	     20.2838
      0.0000	      0.0000	      0.0000	      0.0000
      0.0000	      0.0000	      0.0000	      0.0000
      0.0000	      0.0000	      0.0000	      0.0000
     28.0650	      5.8155	      3.3476	      0.0000
      0.0000	      0.0000	      0.0000	      0.0000
      0.0000	      0.0000	      0.0000	      0.0000
      0.0000	      0.0000	      0.0000	      0.0000
      3.8968	      2.7267	     -2.8501	     29.9572
      0.0000	      0.0000	      0.0000	      0.0000
      0.0000	      0.0000	      0.0000	      0.0000
      0.0000	      0.0000	      0.0000	      0.0000
    -12.6173	     -2.9059	    -11.3275	     20.3044
      0.0000	      0.0000	      0.0000	      0.0000
      0.0000	      0.0000	      0.0000	      0.0000
      0.0000	      0.0000	      0.0000	      0.0000
      6.2804	     31.2592	      0.0000	      7.0557
      0.0000	      0.0000	      0.0000	      0.0000
      0.0000	      0.0000	      0.0000	      0.0000
      0.0000	      0.0000	      0.0000	      0.0000
      0.9407	     -5.9585	    -11.0053	     47.5529
      0.0000	      0.0000	      0.0000	      0.0000
      0.0000	      0.0000	      0.0000	      0.0000
      0.0000	      0.0000	      0.0000	      0.0000
    -51.7072	    -51.1173	    -56.0210	    -19.4454
      0.0000	      0.0000	      0.0000	      0.0000
      0.0000	      0.0000	      0.0000	      0.0000
      0.0000	      0.0000	      0.0000	      0.0000
   -123.6024	   -131.5411	    -52.2235	   -126.6800
      0.0000	      0.0000	      0.0000	      0.0000
      0.0000	      0.0000	      0.0000	      0.0000
      0.0000	      0.0000	      0.0000	      0.0000
    -10.8841	     10.6425	    -14.2835	    -30.7116
      0.0000	      0.0000	      0.0000	      0.0000
      0.0000	      0.0000	      0.0000	      0.0000
      0.0000	      0.0000	      0.0000	      0.0000
      0.4286	     21.4900	     -8.1780	      2.0495
      0.0000	      0.0000	      0.0000	      0.0000
      0.0000	      0.0000	      0.0000	      0.0000
      0.0000	      0.0000	      0.0000	      0.0000
   -102.2020	    -29.0632	   -100.0665	   -105.8207
      0.0000	      0.0000	      0.0000	      0.0000
      0.0000	      0.0000	      0.0000	      0.0000
      0.0000	      0.0000	      0.0000	      0.0000
      5.7270	    -17.1338	    -24.0528	    -28.8164
      0.0000	      0.0000	      0.0000	      0.0000
      0.0000	      0.0000	      0.0000	      0.0000
      0.0000	      0.0000	      0.0000	      0.0000
     12.7762	     -9.0215	     -8.9166	     -7.5130
      0.0000	      0.0000	      0.0000	      0.0000
      0.0000	      0.0000	      0.0000	      0.0000
      0.0000	      0.0000	      0.0000	      0.0000
    -80.7641	    -31.6215	    -62.7654	    -66.2239
      0.0000	      0.0000	      0.0000	      0.0000
      0.0000	      0.0000	      0.0000	      0.0000
      0.0000	      0.0000	      0.0000	      0.0000
      4.7931	    -16.0376	    -34.4111	    -22.9300
      0.0000	      0.0000	      0.0000	      0.0000
      0.0000	      0.0000	      0.0000	      0.0000
      0.0000	      0.0000	      0.0000	      0.0000
    -29.2154	    -35.1331	    -38.1065	      5.5237
      0.0000	      0.0000	      0.0000	      0.0000
      0.0000	      0.0000	      0.0000	      0.0000
      0.0000	      0.0000	      0.0000	      0.0000
    -25.2528	     -0.0839	    -31.0421	    -26.1978
      0.0000	      0.0000	      0.0000	      0.0000
      0.0000	      0.0000	      0.0000	      0.0000
      0.0000	      0.0000	      0.0000	      0.0000
     12.0413	    -13.1695	    -31.0216	    -10.0557
      0.0000	      0.0000	      0.0000	      0.0000
      0.0000	      0.0000	      0.0000	      0.0000
      0.0000	      0.0000	      0.0000	      0.0000
    -37.5215	    -47.8737	    -66.7686	     -4.9843
      0.0000	      0.0000	      0.0000	      0.0000
      0.0000	      0.0000	      0.0000	      0.0000
      0.0000	      0.0000	      0.0000	      0.0000
      6.1237	     17.8471	     -9.2261	     11.2071
      0.0000	      0.0000	      0.0000	      0.0000
      0.0000	      0.0000	      0.0000	      0.0000
      0.0000	      0.0000	      0.0000	      0.0000
      2.9251	     -5.5190	    -14.0529	     20.6723
      0.0000	      0.0000	      0.0000	      0.0000
      0.0000	      0.0000	      0.0000	      0.0000
      0.0000	      0.0000	      0.0000	      0.0000
    -68.1582	    -70.7124	    -84.3363	    -24.3907
      0.0000	      0.0000	      0.0000	      0.0000
      0.0000	      0.0000	      0.0000	      0.0000
      0.0000	      0.0000	      0.0000	      0.0000
    -38.9882	    -38.7552	    -20.0161	    -38.3816
      0.0000	      0.0000	      0.0000	      0.0000
      0.0000	      0.0000	      0.0000	      0.0000
      0.0000	      0.0000	      0.0000	      0.0000
      0.5260	      0.0000	     26.1087	      0.0000
      0.0000	      0.0000	      0.0000	      0.0000
      0.0000	      0.0000	      0.0000	      0.0000
      0.0000	      0.0000	      0.0000	      0.0000
     24.4769	      0.0000	      0.0000	      0.0000
      0.0000	      0.0000	      0.0000	      0.0000
      0.0000	      0.0000	      0.0000	      0.0000
      0.0000	      0.0000	      0.0000	      0.0000
     -0.5448	     17.7601	     -1.0472	     -8.7248
      0.0000	      0.0000	      0.0000	      0.0000
      0.0000	      0.0000	      0.0000	      0.0000
      0.0000	      0.0000	      0.0000	      0.0000
     16.4850	     15.2331	     31.3748	     -0.2579
      0.0000	      0.0000	      0.0000	      0.0000
      0.0000	      0.0000	      0.0000	      0.0000
      0.0000	      0.0000	      0.0000	      0.0000
     33.9590	      0.0000	      0.0000	      7.5860
      0.0000	      0.0000	      0.0000	      0.0000
      0.0000	      0.0000	      0.0000	      0.0000
      0.0000	      0.0000	      0.0000	      0.0000
     -0.5741	     31.4304	      0.0000	      3.1652
      0.0000	      0.0000	      0.0000	      0.0000
      0.0000	      0.0000	      0.0000	      0.0000
      0.0000	      0.0000	      0.0000	      0.0000
     22.8729	     23.1573	     32.2616	     23.1195
      0.0000	      0.0000	      0.0000	      0.0000
      0.0000	      0.0000	      0.0000	      0.0000
      0.0000	      0.0000	      0.0000	      0.0000
      5.4876	     -2.1446	     33.1219	     10.2702
      0.0000	      0.0000	      0.0000	      0.0000
      0.0000	      0.0000	      0.0000	      0.0000
      0.0000	      0.0000	      0.0000	      0.0000
      3.8562	     39.7856	      0.0000	      4.4964
      0.0000	      0.0000	      0.0000	      0.0000
      0.0000	      0.0000	      0.0000	      0.0000
      0.0000	      0.0000	      0.0000	      0.0000
     15.7408	      3.1989	     37.4780	     17.8496
      0.0000	      0.0000	      0.0000	      0.0000
      0.0000	      0.0000	      0.0000	      0.0000
      0.0000	      0.0000	      0.0000	      0.0000
    -10.3151	     -0.3362	     -7.3554	     14.1360
      0.0000	      0.0000	      0.0000	      0.0000
      0.0000	      0.0000	      0.0000	      0.0000
      0.0000	      0.0000	      0.0000	      0.0000
     68.3653	     27.9817	      9.4572	     48.6279
      0.0000	      0.0000	      0.0000	      0.0000
      0.0000	      0.0000	      0.0000	      0.0000
      0.0000	      0.0000	      0.0000	      0.0000
      0.0000	      5.2585	     -3.0597	     59.2279
      0.0000	      0.0000	      0.0000	      0.0000
      0.0000	      0.0000	      0.0000	      0.0000
      0.0000	      0.0000	      0.0000	      0.0000
    -46.6762	    -47.6131	    -56.4664	     17.7126
      0.0000	      0.0000	      0.0000	      0.0000
      0.0000	      0.0000	      0.0000	      0.0000
      0.0000	      0.0000	      0.0000	      0.0000
    -45.6250	    -41.8791	    -22.9133	    -46.8523
      0.0000	      0.0000	      0.0000	      0.0000
      0.0000	      0.0000	      0.0000	      0.0000
      0.0000	      0.0000	      0.0000	      0.0000
      2.4586	     27.3950	     -0.7691	     -0.3013
      0.0000	      0.0000	      0.0000	      0.0000
      0.0000	      0.0000	      0.0000	      0.0000
      0.0000	      0.0000	      0.0000	      0.0000
     28.9684	      0.0000	      0.0000	      0.0000
      0.0000	      0.0000	      0.0000	      0.0000
      0.0000	      0.0000	      0.0000	      0.0000
      0.0000	      0.0000	      0.0000	      0.0000
    -11.9969	     14.6883	    -10.5269	    -11.2464
      0.0000	      0.0000	      0.0000	      0.0000
      0.0000	      0.0000	      0.0000	      0.0000
      0.0000	      0.0000	      0.0000	      0.0000
     15.8672	     26.6405	      9.2758	      2.5687
      0.0000	      0.0000	      0.0000	      0.0000
      0.0000	      0.0000	      0.0000	      0.0000
      0.0000	      0.0000	      0.0000	      0.0000
     23.3620	      7.1685	    -25.6659	     15.5158
      0.0000	      0.0000	      0.0000	      0.0000
      0.0000	      0.0000	      0.0000	      0.0000
      0.0000	      0.0000	      0.0000	      0.0000
     12.9070	     10.2745	      8.3286	      4.4948
      0.0000	      0.0000	      0.0000	      0.0000
      0.0000	      0.0000	      0.0000	      0.0000
      0.0000	      0.0000	      0.0000	      0.0000
     12.1105	      8.1126	      3.2887	      6.2196
      0.0000	      0.0000	      0.0000	      0.0000
      0.0000	      0.0000	      0.0000	      0.0000
      0.0000	      0.0000	      0.0000	      0.0000
     -7.1125	      3.1671	     -1.0087	     10.5106
      0.0000	      0.0000	      0.0000	      0.0000
      0.0000	      0.0000	      0.0000	      0.0000
      0.0000	      0.0000	      0.0000	      0.0000
     15.0154	     22.3407	     12.7714	     12.5237
      0.0000	      0.0000	      0.0000	      0.0000
      0.0000	      0.0000	      0.0000	      0.0000
      0.0000	      0.0000	      0.0000	      0.0000
     14.2472	     11.1091	     13.3073	     11.2068
      0.0000	      0.0000	      0.0000	      0.0000
      0.0000	      0.0000	      0.0000	      0.0000
      0.0000	      0.0000	      0.0000	      0.0000
    -14.7576	    -10.9769	    -23.6831	      8.3208
      0.0000	      0.0000	      0.0000	      0.0000
      0.0000	      0.0000	      0.0000	      0.0000
      0.0000	      0.0000	      0.0000	      0.0000
     15.6999	     13.3042	     24.9590	     54.9679
      0.0000	      0.0000	      0.0000	      0.0000
      0.0000	      0.0000	      0.0000	      0.0000
      0.0000	      0.0000	      0.0000	      0.0000
     11.1871	    -12.8548	     -4.2134	     41.9553
      0.0000	      0.0000	      0.0000	      0.0000
      0.0000	      0.0000	      0.0000	      0.0000
      0.0000	      0.0000	      0.0000	      0.0000
    -46.1660	    -49.2788	    -50.7122	     14.2814
      0.0000	      0.0000	      0.0000	      0.0000
      0.0000	      0.0000	      0.0000	      0.0000
      0.0000	      0.0000	      0.0000	      0.0000
    -65.8568	     -9.0598	    -82.9384	    -93.6020
      0.0000	      0.0000	      0.0000	      0.0000
      0.0000	      0.0000	      0.0000	      0.0000
      0.0000	      0.0000	      0.0000	      0.0000
      4.0792	     15.6071	     -2.1463	    -13.3874
      0.0000	      0.0000	      0.0000	      0.0000
      0.0000	      0.0000	      0.0000	      0.0000
      0.0000	      0.0000	      0.0000	      0.0000
     11.9782	      7.2830	     11.6390	     20.3938
      0.0000	      0.0000	      0.0000	      0.0000
      0.0000	      0.0000	      0.0000	      0.0000
      0.0000	      0.0000	      0.0000	      0.0000
    -47.5143	      1.6211	    -57.0539	    -46.8438
      0.0000	      0.0000	      0.0000	      0.0000
      0.0000	      0.0000	      0.0000	      0.0000
      0.0000	      0.0000	      0.0000	      0.0000
     -7.2083	      3.6785	    -29.2022	     -6.1313
      0.0000	      0.0000	      0.0000	      0.0000
      0.0000	      0.0000	      0.0000	      0.0000
      0.0000	      0.0000	      0.0000	      0.0000
    -13.8018	      5.7787	    -29.8696	    -12.8394
      0.0000	      0.0000	      0.0000	      0.0000
      0.0000	      0.0000	      0.0000	      0.0000
      0.0000	      0.0000	      0.0000	      0.0000
    -12.2020	      2.2238	    -33.7353	    -30.7521
      0.0000	      0.0000	      0.0000	      0.0000
      0.0000	      0.0000	      0.0000	      0.0000
      0.0000	      0.0000	      0.0000	      0.0000
      2.8883	     -7.6380	    -15.8076	     -0.8583
      0.0000	      0.0000	      0.0000	      0.0000
      0.0000	      0.0000	      0.0000	      0.0000
      0.0000	      0.0000	      0.0000	      0.0000
    -30.8646	    -32.4009	    -32.0431	    -18.1085
      0.0000	      0.0000	      0.0000	      0.0000
      0.0000	      0.0000	      0.0000	      0.0000
      0.0000	      0.0000	      0.0000	      0.0000
     -0.8067	     15.3214	    -29.0512	    -12.0160
      0.0000	      0.0000	      0.0000	      0.0000
      0.0000	      0.0000	      0.0000	      0.0000
      0.0000	      0.0000	      0.0000	      0.0000
     -1.1133	    -11.6675	    -14.0148	     -4.9643
      0.0000	      0.0000	      0.0000	      0.0000
      0.0000	      0.0000	      0.0000	      0.0000
      0.0000	      0.0000	      0.0000	      0.0000
    -47.5959	    -60.7556	    -61.8194	    -40.6578
      0.0000	      0.0000	      0.0000	      0.0000
      0.0000	      0.0000	      0.0000	      0.0000
      0.0000	      0.0000	      0.0000	      0.0000
      1.7236	     16.7839	     -9.0147	      0.5059
      0.0000	      0.0000	      0.0000	      0.0000
      0.0000	      0.0000	      0.0000	      0.0000
      0.0000	      0.0000	      0.0000	      0.0000
      6.9255	    -11.0213	    -12.4420	      1.4650
      0.0000	      0.0000	      0.0000	      0.0000
      0.0000	      0.0000	      0.0000	      0.0000
      0.0000	      0.0000	      0.0000	      0.0000
   -104.1052	   -106.2345	    -97.2417	   -104.7204
      0.0000	      0.0000	      0.0000	      0.0000
      0.0000	      0.0000	      0.0000	      0.0000
      0.0000	      0.0000	      0.0000	      0.0000
    -78.8629	     39.8966	    -77.7449	    -78.2712
      0.0000	      0.0000	      0.0000	      0.0000
      0.0000	      0.0000	      0.0000	      0.0000
      0.0000	      0.0000	      0.0000	      0.0000
     11.2143	     75.2498	     -3.9582	     16.9681
      0.0000	      0.0000	      0.0000	      0.0000
      0.0000	      0.0000	      0.0000	      0.0000
      0.0000	      0.0000	      0.0000	      0.0000
     78.7014	     92.4376	     80.9667	     61.9004
      0.0000	      0.0000	      0.0000	      0.0000
      0.0000	      0.0000	      0.0000	      0.0000
      0.0000	      0.0000	      0.0000	      0.0000
     -5.7207	     32.3822	      1.9746	     -1.3172
      0.0000	      0.0000	      0.0000	      0.0000
      0.0000	      0.0000	      0.0000	      0.0000
      0.0000	      0.0000	      0.0000	      0.0000
     21.5068	     27.4431	     21.0526	     12.6667
      0.0000	      0.0000	      0.0000	      0.0000
      0.0000	      0.0000	      0.0000	      0.0000
      0.0000	      0.0000	      0.0000	      0.0000
     26.9562	      8.8825	      7.4053	      2.2541
      0.0000	      0.0000	      0.0000	      0.0000
      0.0000	      0.0000	      0.0000	      0.0000
      0.0000	      0.0000	      0.0000	      0.0000
     22.0655	     12.5770	     12.8327	      2.4711
      0.0000	      0.0000	      0.0000	      0.0000
      0.0000	      0.0000	      0.0000	      0.0000
      0.0000	      0.0000	      0.0000	      0.0000
     28.3810	     16.5733	     10.8744	     12.3097
      0.0000	      0.0000	      0.0000	      0.0000
      0.0000	      0.0000	      0.0000	      0.0000
      0.0000	      0.0000	      0.0000	      0.0000
     -3.6691	     -0.9812	      5.2623	     19.6804
      0.0000	      0.0000	      0.0000	      0.0000
      0.0000	      0.0000	      0.0000	      0.0000
      0.0000	      0.0000	      0.0000	      0.0000
      3.4768	     33.1538	      0.0000	      7.2759
      0.0000	      0.0000	      0.0000	      0.0000
      0.0000	      0.0000	      0.0000	      0.0000
      0.0000	      0.0000	      0.0000	      0.0000
     18.1824	     17.8063	     40.6372	     25.8630
      0.0000	      0.0000	      0.0000	      0.0000
      0.0000	      0.0000	      0.0000	      0.0000
      0.0000	      0.0000	      0.0000	      0.0000
    -17.5034	     -4.4199	     13.2087	     -3.8800
      0.0000	      0.0000	      0.0000	      0.0000
      0.0000	      0.0000	      0.0000	      0.0000
      0.0000	      0.0000	      0.0000	      0.0000
    100.9946	     53.9505	     44.8810	     59.8139
      0.0000	      0.0000	      0.0000	      0.0000
      0.0000	      0.0000	      0.0000	      0.0000
      0.0000	      0.0000	      0.0000	      0.0000
     35.0821	      3.3477	     -0.8700	     44.8986
      0.0000	      0.0000	      0.0000	      0.0000
      0.0000	      0.0000	      0.0000	      0.0000
      0.0000	      0.0000	      0.0000	      0.0000
    -46.2678	    -45.2966	    -51.7457	    -34.3862
      0.0000	      0.0000	      0.0000	      0.0000
      0.0000	      0.0000	      0.0000	      0.0000
      0.0000	      0.0000	      0.0000	      0.0000
    -26.9134	     12.3132	    -51.4791	    -41.0400
      0.0000	      0.0000	      0.0000	      0.0000
      0.0000	      0.0000	      0.0000	      0.0000
      0.0000	      0.0000	      0.0000	      0.0000
     20.7348	     52.3611	     -7.3308	    -11.1092
      0.0000	      0.0000	      0.0000	      0.0000
      0.0000	      0.0000	      0.0000	      0.0000
      0.0000	      0.0000	      0.0000	      0.0000
     67.7442	     44.3829	      9.5686	     34.5748
      0.0000	      0.0000	      0.0000	      0.0000
      0.0000	      0.0000	      0.0000	      0.0000
      0.0000	      0.0000	      0.0000	      0.0000
      2.1605	     14.6454	    -17.3399	     -5.6314
      0.0000	      0.0000	      0.0000	      0.0000
      0.0000	      0.0000	      0.0000	      0.0000
      0.0000	      0.0000	      0.0000	      0.0000
     -3.4320	     26.2738	    -11.6687	      2.2268
      0.0000	      0.0000	      0.0000	      0.0000
      0.0000	      0.0000	      0.0000	      0.0000
      0.0000	      0.0000	      0.0000	      0.0000
      8.8142	     20.2659	    -22.6453	      6.7016
      0.0000	      0.0000	      0.0000	      0.0000
      0.0000	      0.0000	      0.0000	      0.0000
      0.0000	      0.0000	      0.0000	      0.0000
      7.6911	      4.1762	    -16.6657	     -9.7445
      0.0000	      0.0000	      0.0000	      0.0000
      0.0000	      0.0000	      0.0000	      0.0000
      0.0000	      0.0000	      0.0000	      0.0000
      5.0945	      2.4682	     -9.9258	      9.2959
      0.0000	      0.0000	      0.0000	      0.0000
      0.0000	      0.0000	      0.0000	      0.0000
      0.0000	      0.0000	      0.0000	      0.0000
    -18.5631	    -12.3734	    -28.7955	     -2.8155
      0.0000	      0.0000	      0.0000	      0.0000
      0.0000	      0.0000	      0.0000	      0.0000
      0.0000	      0.0000	      0.0000	      0.0000
     20.6920	      7.6390	      2.7441	      7.9518
      0.0000	      0.0000	      0.0000	      0.0000
      0.0000	      0.0000	      0.0000	      0.0000
      0.0000	      0.0000	      0.0000	      0.0000
     -8.4130	     -5.4887	     -1.4464	     12.6465
      0.0000	      0.0000	      0.0000	      0.0000
      0.0000	      0.0000	      0.0000	      0.0000
      0.0000	      0.0000	      0.0000	      0.0000
    -32.8651	    -31.7628	    -30.2324	      0.0852
      0.0000	      0.0000	      0.0000	      0.0000
      0.0000	      0.0000	      0.0000	      0.0000
      0.0000	      0.0000	      0.0000	      0.0000
      2.4249	      7.7194	      9.7578	     35.9082
      0.0000	      0.0000	      0.0000	      0.0000
      0.0000	      0.0000	      0.0000	      0.0000
      0.0000	      0.0000	      0.0000	      0.0000
      6.7229	    -13.4064	     21.5655	      8.7898
      0.0000	      0.0000	      0.0000	      0.0000
      0.0000	      0.0000	      0.0000	      0.0000
      0.0000	      0.0000	      0.0000	      0.0000
    -82.0488	    -54.2673	    -50.8749	    -77.5084
      0.0000	      0.0000	      0.0000	      0.0000
      0.0000	      0.0000	      0.0000	      0.0000
      0.0000	      0.0000	      0.0000	      0.0000
    -51.0743	     -1.9263	    -65.3947	    -45.7472
      0.0000	      0.0000	      0.0000	      0.0000
      0.0000	      0.0000	      0.0000	      0.0000
      0.0000	      0.0000	      0.0000	      0.0000
     10.6711	     19.5516	    -15.6518	    -12.2079
      0.0000	      0.0000	      0.0000	      0.0000
      0.0000	      0.0000	      0.0000	      0.0000
      0.0000	      0.0000	      0.0000	      0.0000
     20.2167	     31.9857	      1.4195	     13.2968
      0.0000	      0.0000	      0.0000	      0.0000
      0.0000	      0.0000	      0.0000	      0.0000
      0.0000	      0.0000	      0.0000	      0.0000
    -23.5691	    -11.4940	    -35.5176	    -32.8266
      0.0000	      0.0000	      0.0000	      0.0000
      0.0000	      0.0000	      0.0000	      0.0000
      0.0000	      0.0000	      0.0000	      0.0000
    -16.7295	     -5.8475	    -28.9856	    -13.4102
      0.0000	      0.0000	      0.0000	      0.0000
      0.0000	      0.0000	      0.0000	      0.0000
      0.0000	      0.0000	      0.0000	      0.0000
    -37.5974	    -35.1040	    -42.7015	     -9.1918
      0.0000	      0.0000	      0.0000	      0.0000
      0.0000	      0.0000	      0.0000	      0.0000
      0.0000	      0.0000	      0.0000	      0.0000
    -21.4079	     -2.8739	    -33.3505	    -38.9772
      0.0000	      0.0000	      0.0000	      0.0000
      0.0000	      0.0000	      0.0000	      0.0000
      0.0000	      0.0000	      0.0000	      0.0000
    -21.6144	     -3.4303	    -32.7989	    -26.6147
      0.0000	      0.0000	      0.0000	      0.0000
      0.0000	      0.0000	      0.0000	      0.0000
      0.0000	      0.0000	      0.0000	      0.0000
    -35.3123	    -35.0607	    -35.6191	    -17.6994
      0.0000	      0.0000	      0.0000	      0.0000
      0.0000	      0.0000	      0.0000	      0.0000
      0.0000	      0.0000	      0.0000	      0.0000
     -1.0896	    -19.3942	    -16.5162	    -17.4056
      0.0000	      0.0000	      0.0000	      0.0000
      0.0000	      0.0000	      0.0000	      0.0000
      0.0000	      0.0000	      0.0000	      0.0000
    -20.8174	    -24.4717	    -22.4533	     -7.7188
      0.0000	      0.0000	      0.0000	      0.0000
      0.0000	      0.0000	      0.0000	      0.0000
      0.0000	      0.0000	      0.0000	      0.0000
    -55.9864	    -67.2607	    -72.2766	    -17.9800
      0.0000	      0.0000	      0.0000	      0.0000
      0.0000	      0.0000	      0.0000	      0.0000
      0.0000	      0.0000	      0.0000	      0.0000
      5.4511	     15.9495	      2.1722	      4.9689
      0.0000	      0.0000	      0.0000	      0.0000
      0.0000	      0.0000	      0.0000	      0.0000
      0.0000	      0.0000	      0.0000	      0.0000
    -17.8293	    -41.9462	    -18.6022	     -4.7752
      0.0000	      0.0000	      0.0000	      0.0000
      0.0000	      0.0000	      0.0000	      0.0000
      0.0000	      0.0000	      0.0000	      0.0000
   -140.7105	   -131.7424	    -87.8578	   -142.1329
      0.0000	      0.0000	      0.0000	      0.0000
      0.0000	      0.0000	      0.0000	      0.0000
      0.0000	      0.0000	      0.0000	      0.0000
     -2.0281	      3.0246	      0.0000	      0.0000
      0.0000	      0.0000	      0.0000	      0.0000
      0.0000	      0.0000	      0.0000	      0.0000
      0.0000	      0.0000	      0.0000	      0.0000
      0.0000	      0.0000	      0.0000	      0.0000
      0.0000	      0.0000	      0.0000	      0.0000
      7.2844	      0.0000	      0.0000	      0.0000
      0.0000	      0.0000	      0.0000	      0.0000
      0.0000	      0.0000	      0.0000	      0.0000
      0.0000	      0.0000	      0.0000	      0.0000
      0.0000	      0.0000	      0.0000	      0.0000
      0.0000	      0.0000	      0.0000	      0.0000
      0.0000	      0.0000	      0.0000	      0.0000
      0.0000	      0.0000	      0.0000	      0.0000
      0.0000	      0.0000	      0.0000	      0.0000
      0.0000	      0.0000	      0.0000	      0.0000
    -14.2129	      0.0000	      0.0000	      0.0000
      0.0000	      0.0000	      0.0000	      0.0000
      0.0000	      0.0000	      0.0000	      0.0000
      0.0000	      0.0000	      0.0000	      0.0000
      0.0000	      0.0000	      0.0000	      0.0000
      0.0000	      0.0000	      0.0000	      0.0000
      0.0000	      0.0000	      0.0000	      0.0000
      0.0000	      0.0000	      0.0000	      0.0000
      0.0000	      0.0000	      0.0000	      0.0000
      0.0000	      0.0000	      0.0000	      0.0000
      0.0000	      0.0000	      0.0000	      0.0000
      0.0000	      0.0000	      0.0000	      0.0000
     -0.2105	     -1.4789	      0.0000	      0.0000
      0.0000	      0.0000	      0.0000	      0.0000
      0.0000	      0.0000	      0.0000	      0.0000
      0.0000	      0.0000	      0.0000	      0.0000
     -1.2969	      0.0000	      0.0000	      0.0000
      0.0000	      0.0000	      0.0000	      0.0000
      0.0000	      0.0000	      0.0000	      0.0000
      0.0000	      0.0000	      0.0000	      0.0000
     20.5967	      0.0000	      0.0000	      0.0000
      0.0000	      0.0000	      0.0000	      0.0000
      0.0000	      0.0000	      0.0000	      0.0000
      0.0000	      0.0000	      0.0000	      0.0000
      0.0000	      0.0000	      0.0000	      0.0000
      0.0000	      0.0000	      0.0000	      0.0000
      0.0000	      0.0000	      0.0000	      0.0000
      0.0000	      0.0000	      0.0000	      0.0000
      0.6166	      0.0000	      0.0000	      0.0000
      6.7589	      0.0000	      0.0000	      0.0000
     -3.9544	      0.0000	      0.0000	      0.0000
      0.0000	      0.0000	      0.0000	      0.0000
      9.3387	      0.0000	      0.0000	      4.1631
      0.0000	      0.0000	      0.0000	      0.0000
      0.0000	      0.0000	      0.0000	      0.0000
      0.0000	      0.0000	      0.0000	      0.0000
     -0.0116	    -20.3160	      0.0000	      0.0000
      0.0000	      0.0000	      0.0000	      0.0000
      0.0000	      0.0000	      0.0000	      0.0000
      0.0000	      0.0000	      0.0000	      0.0000
    -24.0023	    -23.5024	    -31.9786	    -39.8728
      1.1563	      0.0000	      0.0000	      0.0000
      0.0000	      0.0000	      0.0000	      0.0000
    -20.0000	      0.0000	      0.0000	      0.0000
      0.0000	      0.0000	      0.0000	      0.0000
      0.0000	      0.0000	      0.0000	      0.0000
      0.0000	      0.0000	      0.0000	      0.0000
      0.0000	      0.0000	      0.0000	      0.0000
      5.4000	      0.0000	     -0.3827	      0.0000
      0.0000	      0.0000	      0.0000	      0.0000
      3.0384	      0.0000	      0.0000	      0.0000
      0.0000	      0.0000	      0.0000	      0.0000
      5.8073	      0.0000	      0.0000	      0.0000
      0.0000	      0.0000	      0.0000	      0.0000
     13.4054	      0.0000	      0.0000	      0.0000
      1.4327	      0.0000	      0.0000	      0.0000
     -1.5201	      4.5618	      0.0000	      0.0000
      0.0000	      0.0000	      0.0000	      0.0000
      0.0000	      0.0000	      0.0000	      0.0000
      0.0000	      0.0000	      0.0000	      0.0000
     -0.3487	     -0.5782	      9.8865	      0.0000
      0.0000	      0.0000	      0.0000	      0.0000
      0.0000	      0.0000	      0.0000	      0.0000
      0.0000	      0.0000	      0.0000	      0.0000
      5.7785	      0.0000	      0.0000	      0.0000
      3.6371	      0.0000	      0.0000	      0.0000
      6.1428	      0.0000	      0.0000	      0.0000
      0.0000	      0.0000	      0.0000	      0.0000
     -0.6790	     -1.5700	      2.1184	      0.0000
      0.0000	      0.0000	      0.0000	      0.0000
      0.0000	      0.0000	      0.0000	      0.0000
      0.0000	     -0.4277	      0.0000	      0.0000
     -0.3756	     -0.7732	     -0.1871	      0.0000
      0.0000	      0.0000	      0.0000	      0.0000
      0.0000	      0.0000	      0.0000	      0.0000
     -0.2996	      0.0000	      0.0000	      0.0000
     -1.5984	     -2.5205	     -2.5816	      0.0000
      0.0000	      0.0000	      0.0000	      0.0000
      0.0000	      0.0000	      0.0000	      0.0000
      0.0000	      0.0000	      0.0000	      0.0000
     12.2284	      0.0000	      0.0000	      0.0000
      4.9382	      0.0000	      0.0000	      0.0000
     -0.0965	      0.0000	      0.0000	      0.0000
      0.0000	      0.0000	      0.0000	      0.0000
     -0.3279	     -2.3055	     -3.9965	      4.4862
      0.0000	      0.0000	      0.0000	      0.0000
     -1.5125	      1.4470	      0.0000	      0.0000
      0.2252	      0.0000	      0.0000	      0.0000
     -2.4623	     -0.6377	     -5.8715	      5.3122
      5.5477	      0.0000	      0.0000	      0.0000
      0.0000	      0.0000	      0.0000	      0.0000
    -19.6529	      0.0000	      0.0000	      0.0000
     11.2586	      0.0000	      0.0000	      0.0000
     -0.9416	      0.0000	      0.0000	      0.0000
      0.0000	      0.0000	      0.0000	      0.0000
      0.0000	      0.0000	      0.0000	      0.0000
     -0.1616	     -1.4498	     -3.6167	    -16.6416
     -0.0949	    -20.4142	     -5.1872	     -2.0789
      0.0000	      0.0000	      0.0000	      0.0000
     -1.9691	      0.0000	      0.0000	      0.0000
    -18.4972	    -33.9256	    -19.6046	     -7.7500
     -6.8118	    -24.8965	    -32.4935	      6.6001
      0.0000	      0.0000	      0.0000	      0.0000
      0.0000	      0.0000	     -6.5055	      0.0000
     -3.4104	     -2.6839	     -1.5056	     -4.4431
      0.9663	      0.0000	      0.0000	      0.0000
      0.0000	      0.0000	      0.0000	      0.0000
      2.2693	      0.0000	      0.0000	      0.0000
     11.3824	      0.1919	     -2.4874	      0.0000
      0.0000	      0.0000	      0.0000	      0.0000
      0.0000	      0.0000	      0.0000	      0.0000
     -3.8979	      0.0000	      0.0000	      0.0000
      0.0000	      0.0000	      0.0000	      0.0000
      0.0000	      0.0000	      0.0000	      0.0000
      0.9329	      0.0000	      0.0000	      0.0000
      0.0000	      0.0000	      0.0000	      0.0000
     -3.3448	     -3.7282	     -4.6736	     -1.9863
     -0.8266	     -1.6312	      0.0000	      0.0000
      0.0000	      0.0000	      0.0000	      0.0000
      0.0000	      0.0000	      0.0000	      0.0000
      0.1798	      1.3317	      0.0000	      7.6291
     -0.3123	     -1.1196	     -1.0219	      0.0000
      0.0000	      0.0000	      0.0000	      0.0000
      1.4561	      0.0000	      0.0000	      0.0000
      0.0000	      0.0000	      0.0000	      0.0000
      0.0000	      0.0000	      0.0000	      0.0000
      0.0000	      0.0000	      0.0000	      0.0000
      0.0000	      0.0000	      0.0000	      0.0000
     -1.2941	     -0.4999	     -4.7129	      0.0000
      2.3404	      0.0000	      0.0000	      0.0000
      0.0000	      0.0000	      0.0000	      0.0000
      0.0000	      0.0000	      0.0000	      0.0000
      1.7161	      0.0000	      0.0000	      4.0613
      0.8061	      0.0000	      0.0000	      0.0000
      0.0000	      0.0000	      0.0000	      0.0000
     -2.1252	      0.0000	      0.0000	      0.0000
     -0.0694	     -3.6783	     -0.9979	      0.9067
     -2.4924	      0.0000	      0.0000	      0.0000
     -2.8522	      0.0000	      0.0000	      0.0000
     -3.0988	      0.0000	      0.0000	      0.0000
     10.6473	      0.0000	      0.0000	      0.0000
      3.0586	      0.0000	      0.0000	      0.0000
      0.0000	      0.0000	      0.0000	      0.0000
     -1.8284	      0.0000	      0.0000	      0.0000
      2.4883	      0.0000	      0.0000	      9.1402
      1.5581	      0.0000	      0.0000	      0.0000
      1.0119	      0.0000	      0.0000	      0.0000
     -1.0058	     -0.2025	     -4.3757	      0.0000
     -4.5951	     -9.0889	     -6.2042	     -4.2110
     -0.9242	     -2.0203	     -6.7866	     -0.8192
      0.0000	      0.0000	      0.0000	      0.0000
      0.0000	      0.0000	      0.0000	      0.0000
     11.0074	      0.0000	      0.0000	      0.0000
      0.0000	      0.0000	      0.0000	      0.0000
      0.0000	      0.0000	      0.0000	      0.0000
      0.0000	      0.0000	      0.0000	      0.0000
     10.7206	      0.0000	      0.0000	      0.0000
      0.1668	      0.0000	      0.0000	      0.0000
      0.0000	      0.0000	      0.0000	      0.0000
      0.0000	      0.0000	      0.0000	      0.0000
     -5.2572	     -6.8704	     -7.1359	      0.0719
     -2.7753	    -22.2532	    -10.8531	      0.0000
      0.0000	      0.0000	      0.0000	      0.0000
      0.0000	      0.0000	      0.0000	      0.0000
     -7.4623	     -7.3421	     -1.8445	      0.0000
      0.0000	      0.0000	      0.0000	      0.0000
      0.0000	      0.0000	      0.0000	      0.0000
      0.0000	      0.0000	      0.0000	      0.0000
     -0.2335	      0.0000	      0.0000	      0.0000
      0.0000	      0.0000	      0.0000	      0.0000
      0.0000	      0.0000	      0.0000	      0.0000
      0.0000	      0.0000	      0.0000	      0.0000
     14.0420	      0.0000	      0.0000	      0.0000
    -16.1071	      0.0000	      0.0000	      0.0000
     17.8323	      0.0000	      0.0000	      0.0000
      0.0000	      0.0000	      0.0000	      0.0000
      0.0000	      0.0000	      0.0000	      0.0000
    -20.0000	      0.2315	      0.0000	      0.0000
      0.0000	      0.0000	      0.0000	      0.0000
      0.0000	      0.0000	      0.0000	      0.0000
      7.8236	      0.0000	      0.0000	      0.0000
      0.0000	      0.0000	      0.0000	      0.0000
      0.0000	      0.0000	      0.0000	      0.0000
      0.0000	      0.0000	      0.0000	      0.0000
     10.4979	      0.0000	      0.0000	      0.0000
      0.0000	      0.0000	      0.0000	      0.0000
      0.0000	      0.0000	      0.0000	      0.0000
      0.0000	      0.0000	      0.0000	      0.0000
    -15.3616	      0.0000	      0.0000	      0.0000
      0.0000	      0.0000	      0.0000	      0.0000
      0.0000	      0.0000	      0.0000	      0.0000
      0.0000	      0.0000	      0.0000	      0.0000
      0.2040	      0.0000	     20.2079	      0.0000
      0.0000	      0.0000	      0.0000	      0.0000
      0.0000	      0.0000	      0.0000	      0.0000
      0.0000	      0.0000	      0.0000	      0.0000
    -15.0632	      5.4094	      0.0000	      0.0000
     -2.2931	      3.9459	      0.0000	      0.0000
     -2.0928	      0.0000	      0.0000	      0.0000
      0.0000	      0.0000	      0.0000	      0.0000
      0.0000	      0.0000	      5.9247	      0.0000
      0.0000	      0.0000	      0.0000	      0.0000
      0.0000	      0.0000	      0.0000	      0.0000
      0.0000	      0.0000	      0.0000	      0.0000
     -0.8395	     -5.5219	     13.3996	      0.0000
      4.7323	      0.0000	      0.0000	      0.0000
     -8.9358	      0.0000	      0.0000	      0.0000
      0.0000	    -20.0000	      0.0000	      0.0000
     -0.5508	     -2.6523	      7.7933	    -18.7984
      0.0000	      0.0000	      5.3432	      0.0000
      0.0000	      0.0000	      0.0000	      0.0000
      0.0000	      0.0000	      2.0780	      0.0000
     20.5110	      0.0000	      0.0000	      0.0000
      9.5671	      0.0000	      0.0000	      0.0000
      0.0000	      0.0000	      0.0000	      0.0000
    -16.9592	      0.0000	      0.0000	      0.0000
    -20.0000	     -5.5446	      4.3872	      0.0000
     -3.4795	      0.0000	      0.0000	      0.0000
      0.0000	      0.0000	      0.0000	      0.0000
      0.0000	      0.0000	      0.0000	      0.0000
    -22.1365	    -31.0156	    -22.0446	    -21.5986
    -24.6195	      0.0000	    -24.4381	      0.0000
      0.0000	      0.0000	      0.0000	      0.0000
      0.0000	      0.0000	      0.0000	      0.0000
    -12.9168	    -19.7357	    -17.0214	    -21.3359
    -21.2244	     -1.6905	    -10.2370	      0.0000
     -6.8255	     -0.1393	     -1.5368	      0.0000
      0.0000	      0.0000	      0.0000	      0.0000
     -0.5022	     10.4434	      0.0000	     -1.2440
     -0.2422	      0.6401	      0.0000	      0.0000
     -1.4867	      4.2393	      0.0000	      0.0000
     -0.7311	      0.0000	      0.0000	      0.0000
     20.4111	      0.0000	      0.0000	      0.0000
      0.0000	      0.0000	      0.0000	      0.0000
      4.3583	      0.0000	      0.0000	      0.0000
      0.0000	      0.0000	      0.0000	      0.0000
     -6.2852	     -4.6937	     -6.2086	    -12.2669
     -8.1967	     -6.8502	     -4.1430	    -12.2120
     13.3928	      0.0000	      0.3983	      0.0000
      1.2051	      0.0000	      0.0000	      0.0000
     -5.1948	     -8.7196	      0.9628	     -5.0230
     -2.3370	    -20.2222	     -1.2570	      0.0000
      1.0710	      0.0000	      0.0000	      0.0000
      0.0000	      0.0000	      0.0000	      0.0000
      0.0000	    -19.5399	     15.9701	      0.0000
      0.0000	      0.0000	      0.0000	      0.0000
    -13.1682	      1.8670	      0.0000	      0.0000
    -13.4721	      0.0000	      0.0000	      0.0000
     -5.9173	    -11.1861	     -8.8223	    -23.3028
     -8.0905	     -7.8098	    -13.4180	    -10.7755
      7.0595	      0.0000	      0.0000	      0.0000
     -1.0269	      0.7842	      0.0000	      0.0000
    -10.5650	    -25.9051	     -6.1671	     -5.9699
    -10.5555	     -0.0420	     -4.4961	      4.0764
      0.7233	      0.0000	      0.0000	      0.0000
      0.0000	      0.0000	      0.0000	      0.0000
     -2.6726	     -4.8434	     -3.6749	     -2.8329
      1.3054	      0.0000	      0.0000	      0.0000
     -0.3367	     -4.6076	     -3.4314	     -3.2210
      0.0000	      0.0000	      0.0000	      0.0000
      9.9918	      2.8749	      0.0000	      0.0000
    -13.0424	     -0.2653	      6.7283	      0.0000
      0.0000	      0.0000	      0.0000	      0.0000
    -18.9256	      0.0000	      0.0000	      0.0000
     -2.9332	     -1.7174	      3.5720	    -11.7056
    -18.2958	      4.9596	      3.9375	      0.0000
      4.5288	      0.0000	      0.0000	      0.0000
      0.0000	      0.0000	      0.0000	      0.6837
    -10.2321	    -10.4427	    -12.6661	      1.2479
      4.1330	      0.0000	      0.0000	      0.0000
     -6.5769	    -10.3023	     -7.2063	     -5.3483
    -18.2388	     -0.6210	     -4.4242	      0.0000
      0.0000	      0.0000	     10.4324	      0.0000
      3.8625	      0.0000	      0.0000	      0.0000
      0.0000	      0.0000	      0.0000	      0.0000
      0.0000	      0.0000	      0.0000	      0.0000
     -0.7397	      1.7766	     -0.9443	     10.9052
     12.3391	      0.0000	      0.0000	      0.0000
      0.0000	      0.0000	      0.0000	      0.0000
     -0.0765	     -1.0098	      0.0000	      0.0000
    -13.8480	    -13.5658	    -30.2474	      1.5339
     -9.9689	     -4.9047	     -1.5454	     -0.8520
     -8.2990	     -5.6525	     -6.8416	      0.0000
    -17.8840	      0.0000	      0.0000	      0.0000
    -12.3188	    -12.5716	    -21.5280	    -16.0957
      0.0000	      0.0000	      0.0000	      0.0000
     -3.8270	      0.6590	    -13.3836	     -1.4987
      0.0000	      0.0000	      0.0000	      0.0000
      0.6404	     19.0259	     -8.8141	     -0.9351
      2.6424	      5.5734	      0.0000	     -3.0869
     -0.2304	      6.5125	     -2.7067	     -2.3724
     -1.2579	     -2.3155	    -14.2630	     -2.7590
      0.0000	      0.0000	      0.0000	     17.7100
      0.0000	      0.0000	      0.0000	      0.0000
      3.8736	      0.0000	      0.0000	      0.0000
      0.0000	      0.0000	      0.0000	      0.0000
    -11.3648	    -24.9338	    -18.1303	    -13.4285
     -4.0048	     -3.2118	     -4.5504	     -5.6138
     -1.1167	      0.0000	      0.0000	      0.0000
     -2.6285	      0.0000	      0.0000	      0.0000
    -15.0384	      8.8330	     -4.5338	      1.8742
     -0.0366	      3.0835	     -2.3870	     -4.8321
      7.1805	      1.6544	     -8.6897	      0.4918
     -6.2359	     -9.4986	     -7.1149	     -8.5357
     17.7272	      1.8416	     -1.7639	      0.0000
      5.9942	      0.4214	      0.0000	      0.0000
     -0.9216	      7.3387	      0.0000	      0.0000
     -2.0783	     -1.8472	     -5.6971	      0.0000
     -6.6052	     -0.1517	     -5.3276	     -3.5137
     -3.0349	     -1.7274	      0.0000	      0.0000
     -0.8305	      0.0000	      0.0000	      0.0000
      0.0000	      0.0000	      0.0000	      0.0000
     -0.4833	     -4.5484	    -14.9656	     -4.0157
     -1.5573	      6.1886	    -12.2984	     -2.4585
     37.6685	      0.0000	     -5.3218	      0.0000
     10.9265	     -3.5416	    -25.5953	     -3.9681
     -7.3556	     -7.4322	    -11.0618	     -9.6918
      1.7268	     -1.7612	     -7.7799	     -1.9388
     -3.0467	      0.0000	      0.0000	      0.0000
      8.3056	      0.0000	      0.0000	      0.0000
     16.1217	      0.0000	      0.0740	      0.0000
     11.7040	      0.0000	      0.0000	      0.0000
      1.3880	      0.0000	      0.0000	      0.0000
      0.0907	      0.0000	      0.0000	      0.0000
     -2.1828	     -1.9285	     -4.2623	     15.2638
     10.3737	     -1.9573	     -7.0664	     -1.7822
     -0.5281	      4.6800	      0.0000	      0.0000
     22.5758	     -1.1031	    -13.6205	     -1.2692
     -8.6664	    -11.9113	     -9.9805	     -3.9762
     -3.2069	     -2.0574	     -7.6233	     -5.9513
     -1.3367	      4.7150	      0.0000	      0.0000
     -3.5151	     -1.5730	      0.0000	      0.0000
     28.3166	      0.0000	      0.0000	      0.0000
     17.0280	      0.0000	      0.0000	      0.0000
     -2.7039	      0.0000	      0.0000	      0.0000
      0.0000	      0.0000	      0.0000	      0.0000
     -0.6101	     -3.8492	     -4.9709	      0.5951
     -1.6052	     -0.5064	     -5.6796	      8.8848
      1.6108	      0.0000	      0.0000	      0.0000
      7.8028	     -4.6043	     -9.4668	     -6.0026
    -13.1474	    -11.2517	    -16.3094	     -2.5022
     -1.3089	     -0.0541	      0.0000	      0.0000
     -1.3234	      0.0000	      0.0000	      0.0000
      0.0000	      0.0000	      0.0000	      0.0000
    -46.4381	    -16.7535	    -20.0000	    -38.1771
     -9.4740	      0.0000	      0.0000	     -5.5365
    -23.6367	    -28.2872	      0.0000	      0.0000
      0.0000	      0.0000	      0.0000	      0.0000
     -0.5732	      5.1646	    -36.0000	    -17.7783
      0.0000	      0.0000	      0.0000	      0.0000
      0.0000	      0.0000	      0.0000	      0.0000
      0.0000	      0.0000	      0.0000	      0.0000
    -19.7236	    -20.0000	     -2.6128	    -17.2528
      0.0000	      0.0000	      0.0000	      0.0000
      9.9457	      0.0000	      0.0000	      0.0000
      0.0000	      0.0000	      0.0000	      0.0000
      0.0000	      0.0000	      0.0000	      0.0000
      0.0000	      0.0000	      0.0000	      0.0000
      0.0000	      0.0000	      0.0000	      0.0000
    -25.1582	      0.0000	      0.0000	      0.0000
      0.2641	      0.0000	      0.0000	      0.0000
    -16.3415	      0.0000	      0.0000	      0.0000
      0.0000	      0.0000	      0.0000	      0.0000
      0.0000	      0.0000	      0.0000	      0.0000
      0.0000	      0.0000	      0.0000	      0.0000
      0.0000	      0.0000	      0.0000	      0.0000
      0.0000	      0.0000	      0.0000	      0.0000
    -16.5805	      0.0000	      0.0000	      0.0000
     -2.0956	      6.1195	      0.0000	      0.0000
      0.0000	      0.0000	      0.0000	      0.0000
      0.0000	      0.0000	      0.0000	      0.0000
      0.0000	      0.0000	      0.0000	      0.0000
      0.0000	      0.0000	      0.0000	      0.0000
      0.0000	      0.0000	      0.0000	      0.0000
      0.0000	      0.0000	      0.0000	      0.0000
      0.0000	      0.0000	      0.0000	      0.0000
      0.0000	      0.0000	      0.0000	      0.0000
      0.0000	      0.0000	      0.0000	      0.0000
      0.0000	      0.0000	      0.0000	      0.0000
      0.0000	      0.0000	      0.0000	      0.0000
      2.5438	      0.0000	      0.0000	      0.0000
      0.0000	      0.0000	      0.0000	      0.0000
      0.0000	      0.0000	      0.0000	      0.0000
      0.0000	      0.0000	      0.0000	      0.0000
     -0.8569	     -1.1697	      0.0000	      0.0000
      0.0000	      0.0000	      0.0000	      0.0000
      0.0000	      0.0000	    -14.8684	      0.0000
      0.0000	      0.0000	      0.0000	      0.0000
      0.0000	      0.0000	      0.0000	      0.0000
    -20.0000	      0.0000	      0.0000	      0.0000
      0.0000	      0.0000	      0.0000	      0.0000
      0.0000	      0.0000	      0.0000	      0.0000
    -19.1499	      0.0000	     -5.4279	      0.0000
      0.0000	      0.0000	      0.0000	      0.0000
    -16.8666	      0.0000	      0.0000	      0.0000
      0.0000	      0.0000	      0.0000	      0.0000
    -21.2089	    -20.0000	     24.7000	      0.0000
      0.0000	      0.0000	      0.0000	      0.0000
      0.0000	      0.0000	      0.0000	      0.0000
      0.0000	      0.0000	      0.0000	      0.0000
     -9.6244	    -17.6408	    -33.0491	    -14.6328
      0.0000	      0.0000	      0.0000	      0.0000
      0.0000	      0.0000	      0.0000	      0.0000
      0.0000	      0.0000	      0.0000	      0.0000
    -59.7299	    -50.2658	    -49.6699	    -60.3751
      0.0000	      0.0000	      0.0000	      0.0000
     -7.8446	    -13.1752	    -15.5891	    -15.9618
      0.0000	      0.0000	      0.0000	      0.0000
     -0.5842	      6.6683	      0.0000	      0.0000
      0.0000	      0.0000	      0.0000	      0.0000
      0.0000	      0.0000	      0.0000	      0.0000
      0.0000	      0.0000	      0.0000	      0.0000
      3.7654	     24.8861	     -8.3905	      0.0000
      0.0000	      0.0000	      0.0000	      0.0000
      6.9575	      0.0000	      0.0000	      0.0000
      0.0000	      0.0000	      0.0000	      0.0000
    -13.4233	     -8.7390	    -10.6258	    -14.1469
    -20.0000	    -12.8451	    -22.1926	      0.0000
      3.0966	      0.0000	      0.0000	      0.0000
    -20.0000	      0.0000	      0.0000	      0.0000
     -1.2917	    -16.6149	     -0.8006	      0.0000
     -1.0699	     -0.2766	     -6.4349	     -4.2592
      5.1915	      0.0000	      0.0000	      0.0000
     -4.4637	     -0.0859	     -8.2178	      0.0000
     16.5069	      0.0000	      0.0000	      0.0000
     -2.0142	      0.0000	      0.0000	      0.0000
      0.0000	      0.0000	      0.0000	      0.0000
      5.3805	      0.0000	      0.0000	      0.0000
     -1.3533	      0.2698	     -1.4458	     -2.6805
     -5.1134	      5.6983	      0.0000	      0.0000
     11.4087	      0.0000	      0.0000	      0.0000
      0.0000	      0.0000	      0.0000	      0.0000
      5.1841	      0.0000	      0.0000	      0.0000
      0.0000	      0.0000	      0.0000	      0.0000
      0.0000	      0.0000	      0.0000	      0.0000
      0.0000	      0.0000	      0.0000	      0.0000
     -2.5912	     -2.5037	      2.2488	      5.2565
      0.0000	      0.0000	      0.0000	      0.0000
      0.0000	      0.0000	      0.0000	      0.0000
     -2.2652	      0.0000	      0.0000	      0.0000
      9.4848	      0.0000	      0.0000	      0.0000
     -0.9132	      8.5297	      0.0000	      0.0000
      0.0000	      0.0000	      0.0000	      0.0000
      0.0000	      0.0000	      0.0000	      0.0000
     -0.9518	     -1.3769	      7.4080	      0.0000
      0.0000	      0.0000	      0.0000	      0.0000
      0.0000	      0.0000	      0.0000	      0.0000
      0.0000	      0.0000	      0.0000	      0.0000
     -5.1961	     -6.0082	    -21.4128	     -4.0248
      4.0737	      0.0000	      0.0000	      0.0000
      1.9181	      0.0000	      0.0000	      0.0000
      0.0000	      0.0000	      0.0000	      0.0000
    -18.3800	     12.5849	      0.0000	      0.0000
      0.0000	      0.0000	      0.0000	      0.0000
    -16.3148	      0.0000	      0.0000	      0.0000
      0.0000	      0.0000	      0.0000	      0.0000
      0.9201	      0.0000	      0.0000	      0.0000
      0.0000	      0.0000	      0.0000	      0.0000
      0.0000	      0.0000	      0.0000	      0.0000
      0.0000	      0.0000	      0.0000	      0.0000
     -5.9374	    -13.0315	      0.4118	      0.0000
    -22.9078	      0.0000	      0.0000	      0.0000
      0.0000	      0.0000	      0.0000	      0.0000
      0.0000	      0.0000	      0.0000	      0.0000
    -34.4566	    -42.2242	    -43.8086	    -36.3688
      0.0000	      0.0000	      0.0000	      0.0000
     -5.9277	     -1.0771	     -9.2042	    -13.7960
      0.0000	      0.0000	      0.0000	      0.0000
     -0.7340	     16.1028	     -6.0584	     -0.1533
      2.6030	      0.0000	      0.0000	      0.0000
     -0.2270	      1.0268	      0.0000	      0.0000
      0.0000	      0.0000	      0.0000	      0.0000
     20.6478	      0.0000	      0.0000	     -0.3427
      0.0000	      0.0000	      0.0000	      0.0000
      2.9622	      0.0000	      0.0000	      0.0000
      0.0000	      0.0000	      0.0000	      0.0000
     -3.3505	      1.7356	     -5.8213	     -4.9576
      0.0000	      0.0000	      0.0000	      0.0000
      0.0000	      0.0000	      0.0000	      0.0000
      0.0000	      0.0000	      0.0000	      0.0000
     -0.8742	     14.2547	      0.0000	      0.0000
     -0.4670	      0.2318	      0.0000	      0.0000
      0.0000	      0.0000	      0.0000	      0.0000
     -2.8623	     -0.0602	     -6.7026	      0.0000
      1.1345	     25.6120	      0.0000	      0.0000
      0.0000	      0.0000	      0.0000	      0.0000
      0.0000	      0.0000	      0.0000	      0.0000
      0.0000	      0.0000	     -5.1875	      0.0000
     -1.2396	      3.1521	      0.0000	      0.0000
      0.0000	      0.0000	      0.0000	      0.0000
     -3.9771	      0.0000	      0.0000	      0.0000
      0.0000	      0.0000	      0.0000	      0.0000
     -0.9550	      0.9659	     -1.1895	     -1.4533
     -0.0191	      1.9074	      0.0000	      0.0000
     -0.8440	     -0.0284	     -4.7839	      0.0000
     -0.6096	     -1.7095	    -10.8713	     -3.1279
     -5.1047	     -2.7437	     -3.4102	     -2.3484
      0.0000	      0.0000	      0.0000	      0.0000
     -1.4788	      0.0000	      0.0000	      0.0000
      0.0000	      0.0000	      0.0000	      0.0000
      7.6869	      0.0000	      0.0000	      2.5002
      3.7686	      0.0000	      0.0000	      0.0000
      0.0000	      0.0000	      0.0000	      0.0000
      0.0000	      0.0000	      0.0000	      0.0000
     -0.9115	     -0.9230	     -2.8012	      1.1190
      0.0000	      0.0000	      0.0000	      0.0000
      2.6699	      0.0000	      0.0000	      0.0000
      0.5972	      0.0000	      0.0000	      0.0000
     -4.0087	      2.4790	     -5.4559	     -7.0864
     -5.0436	      0.0000	      0.0000	      0.0000
      0.6020	      0.0000	      0.0000	      0.0000
      0.0000	      0.0000	      0.0000	      0.0000
      0.0000	      0.0000	      0.0000	      0.0000
      0.0000	      0.0000	      0.0000	      0.0000
      0.0000	      0.0000	      0.0000	      0.0000
      0.0000	      0.0000	      0.0000	      0.0000
     -0.1597	     -0.8945	      3.5324	      0.0000
      0.0000	      0.0000	      0.0000	      0.0000
      0.0000	      0.0000	      0.0000	      0.0000
      0.0000	      0.0000	      0.0000	      0.0000
     -2.7754	     -2.6305	     -2.4208	      0.0000
      0.0000	      0.0000	      0.0000	      0.0000
      0.0000	      0.0000	      0.0000	      0.0000
      0.0000	      0.0000	      0.0000	      0.0000
      0.0000	      0.0000	     -2.1269	      0.0000
      0.0000	      0.0000	      0.0000	      0.0000
    -16.9582	      0.0000	      0.0000	      0.0000
      0.0000	      0.0000	      0.0000	      0.0000
     -0.2476	      5.5731	      0.0000	     -0.5804
      0.0000	      0.0000	      0.0000	      0.0000
      0.0000	      0.0000	      0.0000	      0.0000
      0.0000	      0.0000	      0.0000	      0.0000
      0.0000	      0.0000	      0.0000	      0.0000
      0.0000	      0.0000	      0.0000	      0.0000
    -18.3782	      0.0000	      0.0000	      0.0000
      0.0000	      0.0000	      0.0000	      0.0000
     -1.5767	     -1.4660	      0.0000	      0.0000
      0.0000	      0.0000	      0.0000	      0.0000
      0.0000	      0.0000	      0.0000	      0.0000
      0.0000	      0.0000	      0.0000	      0.0000
     -0.3204	     -0.0458	      4.7521	      0.0000
      0.0000	      0.0000	      0.0000	      0.0000
      0.0000	      0.0000	      0.0000	      0.0000
      0.0000	      0.0000	      0.0000	      0.0000
      0.0000	      0.0000	      0.0000	      0.0000
      0.0000	      0.0000	      0.0000	      0.0000
      2.2228	      0.0000	      0.0000	      0.0000
      0.0000	      0.0000	      0.0000	      0.0000
      0.0000	      0.0000	      0.0000	      0.0000
      0.0000	      0.0000	      0.0000	      0.0000
      0.0000	      0.0000	      0.0000	      0.0000
      0.0000	      0.0000	      0.0000	      0.0000
      2.2186	      0.0000	      0.0000	      0.0000
      0.0000	      0.0000	      0.0000	      0.0000
      0.0000	      0.0000	      0.0000	      0.0000
      0.0000	      0.0000	      0.0000	      0.0000
     -1.1881	      0.0000	      0.0000	      0.0000
      0.0000	      0.0000	      0.0000	      0.0000
     -0.6812	      0.0000	      0.0000	      0.0000
      0.0000	      0.0000	      0.0000	      0.0000
      0.0000	    -12.2628	      0.0000	      0.0000
      0.0000	      0.0000	      0.0000	      0.0000
      0.0000	      0.0000	      0.0000	      0.0000
      0.0000	      0.0000	      0.0000	      0.0000
      0.7007	      0.0000	      0.0000	      0.0000
      0.0000	      0.0000	      0.0000	      0.0000
      0.0000	      0.0000	      0.0000	      0.0000
      0.0000	      0.0000	      0.0000	      0.0000
     -3.1400	     -5.9851	      0.0000	      0.0000
      0.0000	      0.0000	      0.0000	      0.0000
      0.0000	      0.0000	      0.0000	      0.0000
      0.0000	      0.0000	      0.0000	      0.0000
    -11.9504	      0.0000	     -3.4826	      0.0000
    -14.9297	      0.0000	      0.0000	      0.0000
      0.0000	      0.0000	      0.0000	      0.0000
      0.0000	      0.0000	      0.0000	      0.0000
      0.4001	      0.0000	      0.0000	      0.0000
      0.0000	      0.0000	      0.0000	      0.0000
      0.0000	      0.0000	      0.0000	      0.0000
      0.0000	      0.0000	      0.0000	      0.0000
    -12.4853	    -10.0248	    -11.8819	    -23.9475
     -0.0799	      0.0000	      0.0000	      0.0000
      0.0000	      0.0000	      0.0000	      0.0000
      0.0000	      0.0000	      0.0000	      0.0000
      0.0000	      0.0000	      0.0000	      0.0000
      0.0000	      0.0000	      0.0000	      0.0000
      0.0000	      0.0000	      0.0000	      0.0000
      0.0000	      0.0000	      0.0000	      0.0000
     -0.1327	      0.3266	      0.0000	     -2.3048
      0.0000	      0.0000	      0.0000	      0.0000
      0.0000	      0.0000	      0.0000	      0.0000
      0.0000	      0.0000	      0.0000	      0.0000
      5.7063	      0.0000	      0.0000	      0.0000
      0.0000	      0.0000	      0.0000	      0.0000
      4.9608	      0.0000	      0.0000	      0.0000
      0.0000	      0.0000	      0.0000	      0.0000
      0.0000	      0.0000	      0.0000	      0.0000
      0.0000	      0.0000	      0.0000	      0.0000
      0.0000	      0.0000	      0.0000	      0.0000
      0.0000	      0.0000	      0.0000	      0.0000
      0.9501	      0.0000	     14.1823	      0.0000
      0.0000	      0.0000	      0.0000	      0.0000
      0.0000	      0.0000	      0.0000	      0.0000
      0.0000	      0.0000	      0.0000	      0.0000
      8.9052	      0.0000	      0.0000	     -4.1325
      0.0000	      0.0000	      0.0000	      0.0000
      1.9658	      0.0000	      0.0000	      0.0000
      0.0000	      0.0000	      0.0000	      0.0000
     -1.7564	      0.0000	      0.0000	      0.0000
      0.0000	      0.0000	      0.0000	      0.0000
      0.0000	      0.0000	      0.0000	      0.0000
      0.0000	      0.0000	      0.0000	      0.0000
     -0.0052	     -2.6100	      5.4653	      0.0000
      0.0000	      0.0000	      0.0000	      0.0000
      0.0000	      0.0000	      0.0000	      0.0000
      0.0000	      0.0000	      0.0000	      0.0000
     -6.3881	     -3.5160	     -0.6669	     -2.6268
      0.0000	      0.0000	      0.0000	      0.0000
     -2.5425	     -9.0682	      0.0000	      0.0000
      1.6131	      0.0000	      0.0000	      0.0000
      0.0000	      8.2905	      0.0000	      0.0000
      0.0000	      0.0000	      0.0000	      0.0000
      0.0000	      0.0000	      0.0000	      0.0000
      0.3770	      0.0000	      0.0000	      0.0000
     -0.5063	     -1.8580	     -0.1112	     13.2336
      4.3514	      0.0000	      0.0000	      0.0000
      1.5587	      0.0000	      0.0000	      0.0000
     -0.1481	     -1.1810	     -4.7497	      0.0000
     -2.7061	     -5.6149	     -3.9318	    -10.8582
      0.0000	      0.0000	      0.0000	      0.0000
     -5.3036	      0.0000	      0.0000	      0.0000
     -0.0800	      0.0000	      0.0000	      0.0000
     34.1896	      0.0000	      0.8833	      0.0000
      4.2654	      0.0000	      0.0000	      0.0000
      0.0000	      0.0000	      0.0000	      0.0000
      0.0000	      0.0000	      0.0000	      0.0000
     -0.3128	     -2.1133	     -6.3225	     34.3052
      7.7020	      0.0000	      0.0000	      0.0000
      2.7274	      0.0000	      0.0000	      0.0000
     -0.1525	     -1.1430	     -3.6830	     -1.0558
    -10.0437	    -22.2180	    -11.6952	     -0.8150
     -1.1255	      1.0177	      0.0000	      0.0000
      0.0000	      0.0000	      0.0000	      0.0000
      0.0000	      0.0000	      0.0000	      0.0000
     -3.4520	     -3.7637	     -2.3595	      0.0000
      0.0000	      0.0000	      0.0000	      0.0000
      0.0000	      0.0000	      0.0000	      0.0000
      0.0000	      0.0000	      0.0000	      0.0000
      0.0000	      0.0000	      0.0000	      0.0000
      0.0000	      0.0000	      0.0000	      0.0000
      0.0000	     -1.6562	      0.0000	      0.0000
      0.0000	      0.0000	      0.0000	      0.0000
      4.4523	      0.0000	      0.0000	      0.0000
      0.0000	      0.0000	      0.0000	      0.0000
     -0.1926	      0.0000	      0.0000	      0.0000
      0.0000	      0.0000	      0.0000	      0.0000
     -3.1587	     -0.8594	     -0.1072	      0.0000
      0.0000	      0.0000	      0.0000	      0.0000
      0.0000	      0.0000	      0.0000	      0.0000
      0.0000	      0.0000	      0.0000	      0.0000
     -0.1175	     -0.8594	     -0.5749	      4.1926
      0.0000	      0.0000	     -3.3841	      0.0000
      0.0000	      0.0000	      0.0000	      0.0000
      1.7648	      0.0000	      0.0000	      0.0000
      8.0692	      0.0000	      0.0000	      0.0000
      0.0000	      0.0000	      0.0000	      0.0000
      0.0000	      0.0000	      0.0000	      0.0000
      0.0000	      0.0000	      0.0000	      0.0000
     -3.0018	      0.0092	      0.0000	      0.0000
      0.0000	      0.0000	      0.0000	      0.0000
      0.0000	      0.0000	      0.0000	     -0.1329
      0.0000	      0.0000	      0.0000	      0.0000
      9.2235	     -2.4645	      0.0000	     -0.4456
      0.1702	      0.0000	     -4.2505	      0.0000
      0.0000	      0.0000	      0.0000	      0.0000
     -1.3847	     -0.7226	     -4.4293	      0.0000
     -0.3911	     -1.9599	     -6.0754	      2.2351
      0.0000	      0.0000	      0.0000	      0.0000
      0.0000	      0.0000	      0.0000	      0.0000
      0.0000	      0.0000	      0.0000	      0.0000
      5.4528	      0.0000	      0.0000	      0.0000
      0.0000	      0.0000	      0.0000	      0.0000
      0.0000	      0.0000	      0.0000	      0.0000
      0.0000	      0.0000	      0.0000	      0.0000
     15.2573	     -0.4275	     -3.6626	      2.3603
      0.4945	      0.0000	      0.0000	      0.0000
      0.0000	      0.0000	      0.0000	      0.0000
     -1.1664	     -1.1798	     -8.5625	     -0.6736
     -1.6010	     -6.2564	     -8.3633	      5.6993
     -3.7794	     -2.4408	     -6.5176	      0.0000
      0.0000	      0.0000	      0.0000	      0.0000
      0.0000	      0.0000	      0.0000	      0.0000
     14.8900	      0.0000	      0.0000	      0.0000
      0.0000	      0.0000	      0.0000	      0.0000
      0.0000	      0.0000	      0.0000	      0.0000
      0.0000	      0.0000	      0.0000	      0.0000
     23.9459	      0.9646	     -2.2593	      0.0000
     -0.0962	     -2.7213	      0.0000	      0.0000
      1.2135	      0.0000	      0.0000	      0.0000
     -0.9852	      0.1584	      0.0000	      0.0000
     -5.8422	    -11.7720	    -14.6561	      6.0033
     -4.5914	     -6.8193	      0.0000	      0.0000
      0.0000	      0.0000	      0.0000	      0.0000
      0.0000	      0.0000	      0.0000	      0.0000
    -18.3128	     -5.8171	    -19.1461	    -10.1285
      0.0000	      0.0000	      0.0000	      0.0000
      0.0000	      0.0000	      0.0000	      0.0000
      0.0000	      0.0000	      0.0000	      0.0000
     -0.8338	     16.6053	      0.0000	      0.0000
      0.0000	      0.0000	      0.0000	      0.0000
      0.0000	      0.0000	      0.0000	      0.0000
      0.0000	      0.0000	      0.0000	      0.0000
     19.6466	      0.0000	      0.0000	      0.0000
      0.0000	      0.0000	      0.0000	      0.0000
      3.9840	      0.0000	      0.0000	      0.0000
      0.0000	      0.0000	      0.0000	      0.0000
      0.0000	      0.0000	      2.3482	     -2.7851
    -20.0000	      0.0000	      0.0000	      0.0000
      0.0000	      0.0000	      0.0000	      0.0000
      0.0000	      0.0000	      0.0000	      0.0000
     -0.2173	     12.2184	      0.0000	      0.0000
      0.0000	      0.0000	      0.0000	      0.0000
      0.0000	      0.0000	      0.0000	      0.0000
      0.0000	      0.0000	      0.0000	      0.0000
     17.8807	      0.0000	      5.8092	      0.0000
      0.0000	      0.0000	      0.0000	      0.0000
      9.9820	      0.0000	      0.0000	      0.0000
      0.0000	      0.0000	      0.0000	      0.0000
      1.0559	      9.1207	      0.0000	      0.0000
      0.0000	      0.0000	      0.0000	      0.0000
      0.0000	      0.0000	      0.0000	      0.0000
      0.0000	      0.0000	      0.0000	      0.0000
     -9.7099	     13.2449	      0.0000	      0.0000
      0.0000	      0.0000	      0.0000	      0.0000
      0.3025	      0.0000	      0.0000	      0.0000
    -19.8202	      0.0000	      0.0000	      0.0000
     -1.2849	     -3.0039	     18.3130	     -2.5200
      0.0000	      0.0000	      6.0394	      0.0000
      0.0000	      0.0000	      0.0000	      0.0000
      0.0000	      0.0000	      0.0000	      0.0000
     13.9753	      0.0000	      0.0000	      0.8868
     10.1701	      0.0000	      0.0000	      0.0000
      0.0000	      0.0000	      0.0000	      0.0000
      0.0000	      0.0000	      0.0000	      0.0000
     -0.8086	     -1.6491	      4.2696	      0.0000
      0.0000	      0.0000	      0.0000	      0.0000
      0.0000	      0.0000	      0.0000	      0.0000
      0.0000	      0.0000	      0.0000	      0.0000
     -2.7314	     -2.9597	     -3.5805	     -6.6416
      0.0000	      0.0000	      0.0000	      0.0000
     -5.5455	     -5.8879	      0.0000	      0.0000
      0.0000	      0.0000	      0.0000	      0.0000
     20.2442	      0.0000	     -2.4148	    -11.9344
     16.3155	      0.0000	      0.0000	      0.0000
      0.0000	      0.0000	      0.0000	      0.0000
      0.0000	      0.0000	      0.0000	      0.0000
     -0.2594	     -1.7754	     -6.2818	     11.4333
      0.0000	      0.0000	      0.0000	      0.0000
      0.0000	      0.0000	      0.0000	      0.0000
      0.0000	      0.0000	      0.0000	      0.0000
    -16.9020	    -17.8294	    -22.1376	    -27.8716
    -17.2559	      0.0000	      0.0000	      0.0000
      0.0000	      0.0000	      0.0000	      0.0000
      0.0000	     -1.0942	      0.0000	      0.0000
    -27.8489	     -2.4618	    -24.1408	    -30.0724
      0.0000	      0.0000	      0.0000	      0.0000
     -1.0944	      0.0000	     -4.0814	      0.0000
      0.0000	      0.0000	      0.0000	      0.0000
     -0.5531	     10.2618	     -2.0695	      0.0000
      0.0000	      0.0000	      0.0000	      0.0000
      7.8019	      0.0000	      0.0000	      0.0000
      0.0000	      0.0000	      0.0000	      0.0000
    -13.4543	     39.0014	      0.0000	      0.0000
      0.0000	      0.0000	      0.0000	      0.0000
      9.2153	      0.0000	      0.0000	      0.0000
      0.0000	      0.0000	      0.0000	      0.0000
     -9.6068	     -1.0525	     -9.8137	    -11.9665
     -5.9129	     -8.0607	    -11.6771	     -9.0311
     15.2599	      0.0000	      0.0000	      0.0000
      2.6614	      0.0000	      0.0000	      0.0000
     -0.2290	     -6.8075	      2.9898	      0.0000
      7.4239	     -2.6222	      0.0000	      0.0000
    -17.7981	      8.1325	      0.0000	      0.0000
    -16.9570	      0.0000	      0.0000	      0.0000
      8.9660	    -11.7742	      0.0000	      0.0000
     -0.2088	      0.0000	      0.0000	      0.0000
      7.6500	      0.0000	      1.5881	      0.0000
      0.0000	      0.0000	      0.0000	      0.0000
    -12.6357	    -12.9506	    -21.4259	    -12.3631
    -10.3485	     -6.3123	    -10.8244	     -6.1551
      5.4163	      0.0000	      0.0000	      0.0000
    -19.4859	      0.0000	      0.0000	      0.0000
    -13.5401	    -13.0804	     -9.3697	    -15.8821
    -20.1125	    -24.5187	     -4.0115	     -0.8025
     -4.7335	      5.5542	      0.0000	      0.0000
      2.6296	      0.0000	      0.0000	      0.0000
     -9.0475	    -11.6940	     -9.4875	     -7.7972
     -0.7835	    -19.0982	      0.0000	      0.0000
     -5.3708	    -11.3629	     -6.3816	     -5.2832
      0.9462	      0.0000	      0.0000	      0.0000
      2.9885	      2.5350	      9.2130	     -0.6133
     -1.5586	     -9.6441	      0.0000	      0.0000
      0.0000	      0.0000	      0.0000	      0.0000
      0.4617	      0.0000	      0.0000	      0.0000
     -1.1821	     -3.6160	     -2.4025	      2.1538
      7.2824	      0.0000	      0.0000	      0.0000
     -0.9498	     -1.4122	     -4.3077	     -0.3036
      0.4734	      0.0000	      0.0000	      0.0000
    -21.9803	    -31.5657	    -12.0090	    -25.1832
      6.0529	      0.0000	      0.0000	      0.0000
     -3.8627	     -4.0003	     -4.6434	     -4.4660
     -1.0752	      0.0000	      0.0000	      0.0000
     21.8380	      0.0000	      0.0000	      0.0000
      8.7340	      0.0000	      0.0000	      0.0000
      0.0000	      0.0000	      0.0000	      0.0000
      0.0000	      0.0000	      0.0000	      0.0000
     -0.1592	     -1.8030	     12.0841	     -1.4182
    -16.7443	      1.0778	      0.0000	      0.0000
      0.0000	      0.0000	      0.0000	      0.0000
     -0.0202	     -0.9562	      0.0000	      0.0000
    -16.2006	    -14.7025	    -19.9859	     -1.5968
     10.8681	      0.0000	      0.0000	      0.0000
     -0.9522	      0.0000	      0.0000	      0.0000
     -0.1527	      0.0000	      0.0000	      0.0000
     -2.3606	      7.0517	    -18.5215	     -6.1619
      0.0000	      0.0000	      0.0000	     -6.9865
     -3.6653	      0.5547	    -12.9999	      0.0000
      0.0000	      0.0000	      0.0000	      0.0000
      3.1884	     16.5908	      0.0000	      0.0000
      0.0000	      0.0000	      0.0000	      0.0000
      3.5613	      0.0000	      0.0000	      0.0000
     -0.9253	     -2.1612	     -6.7307	      0.0000
      7.7770	      0.0000	      0.0000	     12.2001
      0.0000	      0.0000	      0.0000	      0.0000
      1.6939	      0.0000	      0.0000	      0.0000
      0.0000	      0.0000	      0.0000	      0.0000
     -5.1267	      0.0382	     -5.1998	     -6.2783
     -1.3711	     -0.4166	     -7.0651	      0.0000
      2.4074	      0.0000	      0.0000	      0.0000
     -0.0780	     -0.8582	      0.0000	      0.0000
      0.6745	     11.4402	     -2.1227	     -3.9373
     15.8778	     -0.2008	     -4.0669	     -1.2187
     -0.7605	      2.2947	     -4.7723	     -1.3524
     10.2234	     -6.4253	    -19.0133	     -6.0689
      6.0941	      4.4308	     -1.8288	      8.3837
      3.4478	      0.0000	      0.0000	      0.0000
      3.3203	      0.0000	      0.0000	      0.0000
      0.0000	      0.0000	      0.0000	      0.0000
     -5.9947	     -2.2979	    -15.6322	     -8.4040
     -3.2000	     -1.1516	     -5.6492	     -3.2087
     -0.9472	     -3.2546	      0.0000	      0.0000
     -1.9282	      0.0000	      0.0000	      0.0000
    -20.1432	     -5.4446	    -19.2794	    -24.1767
      0.6347	     -2.6885	     -4.0166	     -2.4945
      1.7394	     -2.1549	    -11.0856	     -0.7523
     -7.6060	     -6.0480	    -18.6274	     -7.7797
    -10.4306	    -11.8413	    -14.5229	     -5.6206
     -1.8548	      0.0000	      0.0000	      0.0000
     -5.3580	     -3.4243	     -5.8507	      0.0000
     -2.5217	      0.0000	      0.0000	      0.0000
     10.4564	      2.7139	     -0.2053	      8.0927
     -1.2599	      0.0000	      0.0000	      0.0000
      0.5118	      0.0000	      0.0000	      0.0000
     -0.1839	     -0.6149	     -7.8500	     -1.5638
    -10.3242	     -8.8275	    -16.1098	      5.9556
      1.1026	     -2.9220	     -4.8054	     -1.2801
     -4.0463	     -5.7796	     -7.9547	     -4.1974
    -23.7309	    -13.2830	    -18.5064	     -5.0048
    -13.6156	    -14.5439	    -23.1136	     -4.4466
     -2.7689	     -1.9243	     -2.4971	     -1.8213
     -2.0166	      0.0000	      0.0000	      0.0000
     -0.4853	     -1.5579	      0.0000	      0.0000
     24.9713	      4.6763	     -0.6169	      7.3714
      7.9344	      0.0000	      0.0000	      0.0000
      0.0000	      0.0000	      0.0000	      0.0000
      0.0000	      0.0000	      0.0000	     -1.0836
      4.9447	     -3.1118	     -8.3030	     28.6678
     -0.4016	     -0.6387	     -8.3103	     -0.5757
      1.7807	      0.0000	     -4.2814	      0.0000
     -2.1995	     -1.0942	     -7.2696	     -0.1722
    -12.6433	    -23.3434	    -21.8480	     13.6480
     -4.8352	     -0.7477	     -8.1395	      0.0000
      0.0000	      0.0000	      0.0000	      0.0000
      0.0000	      0.0000	      0.0000	      0.0000
    -38.6914	    -38.4057	    -53.5720	    -37.5712
      0.0000	      0.0000	      0.0000	      0.0000
    -23.0551	      0.0000	      0.0000	      0.0000
      0.0000	      0.0000	      0.0000	      0.0000
     -2.5849	    -20.6051	     -7.6014	    -10.9730
      0.0000	      0.0000	      0.0000	      0.0000
      0.0000	      0.0000	      0.0000	      0.0000
      0.0000	      0.0000	      0.0000	      0.0000
      6.8494	    -19.1051	     -8.5939	     -1.5574
      0.0000	      0.0000	      0.0000	      0.0000
      0.0000	      0.0000	      0.0000	      0.0000
      0.0000	      0.0000	      0.0000	      0.0000
     -1.5046	     -0.5248	      0.4573	      0.0000
      0.0000	      0.0000	      0.0000	      0.0000
      3.6623	      0.0000	      0.0000	      0.0000
      0.0000	      0.0000	      0.0000	      0.0000
    -19.9403	     11.3434	      0.0000	     -0.6957
      0.0000	      0.0000	      0.0000	      0.0000
      0.0000	      0.0000	      0.0000	      0.0000
      0.0000	      0.0000	      0.0000	      0.0000
    -11.7154	    -11.8969	      4.9516	      0.0000
      0.0000	      0.0000	      0.0000	      0.0000
     -2.1619	      0.0000	      0.0000	      0.0000
      0.0000	      0.0000	      0.0000	      0.0000
    -21.1466	      4.4007	      0.0000	      0.0000
     -4.8273	      0.0000	      0.0000	      0.0000
      0.0000	      0.0000	      0.0000	      0.0000
      0.0000	      0.0000	      0.0000	      0.0000
     -1.2351	      2.5287	      0.0000	      0.0000
      0.0000	      0.0000	      0.0000	      0.0000
      0.0000	      0.0000	      0.0000	      0.0000
      0.0000	      0.0000	      0.0000	      0.0000
     -0.4076	    -20.2773	    -12.8544	      0.0000
      0.0000	      0.0000	      0.0000	      0.0000
      0.0000	      0.0000	      0.0000	      0.0000
      0.0000	      0.0000	      0.0000	      0.0000
      2.3425	      0.0000	      0.0000	      0.0000
      0.0000	      0.0000	      0.0000	      0.0000
      0.0000	      0.0000	      0.0000	      0.0000
      0.0000	      0.0000	      0.0000	    -20.0000
     -1.3533	     -2.9332	      7.4375	      0.0000
      0.0000	      0.0000	      0.0000	      0.0000
      0.0000	      0.0000	      0.0000	      0.0000
      0.0000	      0.0000	      0.0000	      0.0000
      0.0000	      0.0000	      0.0000	      0.0000
      0.0000	      0.0000	      0.0000	      0.0000
      0.0000	      0.0000	      0.0000	      0.0000
      0.0000	      0.0000	      0.0000	      0.0000
    -19.0617	      0.0000	      0.0000	      0.0000
      0.0000	      0.0000	      0.0000	      0.0000
      0.0000	      0.0000	      0.0000	      0.0000
      0.0000	      0.0000	      0.0000	      0.0000
     -1.1780	     -2.0428	    -18.0848	     -0.2865
      0.0000	      0.0000	      0.0000	      0.0000
      0.0000	      0.0000	      0.0000	      0.0000
      0.0000	      0.0000	      0.0000	      0.0000
     -8.2467	     -9.0006	    -21.1211	     -3.4662
      0.0000	      0.0000	      0.0000	      0.0000
      0.0000	      0.0000	      0.0000	      0.0000
      0.0000	      0.0000	      0.0000	      0.0000
    -24.7180	    -24.4467	    -14.7500	    -16.0399
      0.0000	      0.0000	      0.0000	      0.0000
    -10.1045	     -8.6593	    -12.2981	      0.0000
      0.0000	      0.0000	      0.0000	      0.0000
    -25.6580	     -6.7974	    -15.4409	    -15.8028
      0.0000	      0.0000	      0.0000	      0.0000
      0.0000	      0.0000	      0.0000	      0.0000
      0.0000	      0.0000	      0.0000	      0.0000
     16.0892	      0.0000	      0.0000	      0.0000
      0.0000	      0.0000	      0.0000	      0.0000
      3.0130	      0.0000	      0.0000	      0.0000
      0.0000	      0.0000	      0.0000	      0.0000
     -6.5947	     -6.5876	    -12.2267	     -9.8362
      0.0000	      0.0000	      0.0000	      0.0000
      0.0000	      0.0000	      0.0000	      0.0000
      0.0000	      0.0000	      0.0000	      0.0000
      2.7746	    -14.3778	     -1.4804	     -5.1421
     -0.7608	      0.0000	      0.0000	      0.0000
      0.0000	      0.0000	      0.0000	      0.0000
      0.0000	      0.0000	      0.0000	      0.0000
    -14.3321	    -11.6118	     -1.0834	      0.0000
      0.0000	      0.0000	      0.0000	      0.0000
     -0.0699	      1.0818	      0.0000	      0.0000
      0.0000	      0.0000	      0.0000	      0.0000
     -3.1604	     -4.3159	    -10.4200	    -22.5567
     -3.1499	      0.0000	      0.0000	      0.0000
      0.0000	      0.0000	      0.0000	      0.0000
      0.6065	      0.0000	      0.0000	      0.0000
     -1.5555	     -2.4353	     -2.8692	     -1.6984
      4.0718	      0.0000	      0.0000	      0.0000
      0.0000	      0.0000	      0.0000	      0.0000
      0.0000	      0.0000	      0.0000	      0.0000
    -18.6397	     -3.6643	     -0.9387	    -20.7165
      0.0000	      0.0000	      0.0000	      0.0000
     -1.6274	     -0.7874	      0.0000	      0.0000
      0.0000	      0.0000	      0.0000	      0.0000
    -13.2277	      9.6941	      0.0000	      0.0000
     -0.5212	      0.0000	      0.0000	      0.0000
      0.0000	      0.0000	      0.0000	      0.0000
      0.0000	      0.0000	      0.0000	      0.0000
     -1.3304	    -20.0000	     10.1015	     -0.7732
      0.0000	      0.0000	      0.0000	      0.0000
      0.0000	      0.0000	      0.0000	      0.0000
      0.0000	      0.0000	      0.0000	      0.0000
      0.1969	     -4.4984	     -4.5610	    -21.2183
      6.0846	      0.0000	      0.0000	      0.0000
      0.0000	      0.0000	      0.0000	      0.0000
      0.0000	      0.0000	      0.0000	      0.0000
      2.5431	      0.0000	     -0.4118	      0.0000
      0.0000	      0.0000	      0.0000	      0.0000
      0.0000	      0.0000	      0.0000	      0.0000
      0.0000	      0.0000	      0.0000	      0.0000
    -15.7894	     -1.1210	      0.0000	      0.0000
     -1.4877	     -1.7043	      0.0000	      0.0000
      0.0000	      0.0000	      0.0000	      0.0000
      0.0000	      0.0000	      0.0000	      0.0000
    -23.2035	     -5.3399	      6.6895	     -3.6617
     -2.4343	     -5.5347	      0.0000	     -1.2356
      0.0000	      0.0000	      0.0000	      0.0000
      0.0000	      0.0000	      0.0000	      0.0000
    -30.3266	    -35.2832	    -53.7243	    -31.1994
      0.0000	      0.0000	      0.0000	      0.0000
     -3.8865	     -6.7567	    -23.0293	      0.0000
      0.0000	      0.0000	      0.0000	      0.0000
      0.0428	     11.6056	      0.0000	    -20.5410
      0.0000	      0.0000	      0.0000	      0.0000
      1.3977	      0.0000	      0.0000	      0.0000
      0.0000	      0.0000	      0.0000	      0.0000
     17.9018	     -9.6847	      0.0000	      0.0000
      0.0000	      0.0000	      0.0000	      0.0000
      0.0000	      0.0000	      0.0000	      0.0000
      0.0000	      0.0000	      0.0000	      0.0000
     -3.5266	     -0.5349	     -9.0618	    -13.8073
      0.0000	      0.0000	      0.0000	      0.0000
      0.0000	      0.0000	      0.0000	      0.0000
      0.0000	      0.0000	      0.0000	      0.0000
      1.2699	      8.3311	      0.0000	     -1.5456
     -0.3433	      0.0000	      0.0000	      0.0000
     -0.7552	      0.1110	      0.0000	      0.0000
      1.4664	      0.0000	      0.0000	      0.0000
      1.2533	      0.0000	      0.0000	      5.0097
      0.0000	      0.0000	      0.0000	      0.0000
      0.0000	      0.0000	      0.0000	      0.0000
      0.0000	      0.0000	      0.0000	      0.0000
     -3.6184	     -1.0116	     -1.6924	      0.0000
      0.0000	      0.0000	      0.0000	      0.0000
      0.0000	      0.0000	      0.0000	      0.0000
      0.0000	      0.0000	      0.0000	      0.0000
    -19.6803	     -3.4041	     -5.1829	     -3.2565
      0.0000	      0.0000	      0.0000	      0.0000
      1.7645	      0.0000	      0.0000	      0.0000
     -0.1551	      0.6104	      0.0000	      0.0000
    -21.2283	     -7.4438	    -10.3472	     -5.1464
      0.0000	      0.0000	      0.0000	      0.0000
     -6.0667	     -6.4466	      0.0000	      0.0000
      0.0000	      0.0000	      0.0000	      0.0000
      8.4931	      0.0000	     -2.7888	      0.0000
      1.4713	      0.0000	      0.0000	      0.0000
      0.0000	      0.0000	      0.0000	      0.0000
      0.0000	      0.0000	      0.0000	      0.0000
     -4.9101	      2.0630	     -7.7209	     -5.0409
      1.8692	      0.0000	      0.0000	      0.0000
      1.5710	     -3.8373	     -4.3414	     -3.8534
     -2.7391	     -1.8616	     -6.6835	     -2.6557
    -10.2253	    -24.6892	    -12.8567	    -10.9748
      0.0000	      0.0000	     -7.2413	      0.0000
      0.0000	      0.0000	      0.0000	      0.0000
      0.0000	      0.0000	      0.0000	      0.0000
    -19.9239	      6.7817	      0.0000	      0.0000
     -0.9610	      5.5844	      0.0000	      0.0000
      0.0000	      0.0000	      0.0000	      0.0000
      0.0000	      0.0000	      0.0000	      0.0000
     -0.0370	      1.0038	     11.1086	      0.0000
     -0.7728	      1.6478	      0.0000	      0.0000
      0.0000	      0.0000	      0.0000	      0.0000
      0.0000	      0.0000	      0.0000	      0.0000
     -9.4328	     -7.4963	     -7.4653	     -6.6523
      0.0000	      0.0000	      0.0000	      0.0000
      0.0000	      0.0000	      0.0000	      0.0000
      0.0000	      0.0000	      0.0000	      0.0000
     -9.9475	     -3.9399	     -6.4234	     -2.4192
      0.0000	      0.0000	      0.0000	      0.0000
      0.0000	      0.0000	      0.0000	      0.0000
      0.0000	      0.0000	      0.0000	      0.0000
      0.1267	      0.0000	      0.0000	      0.0000
      0.0000	      0.0000	      0.0000	      0.0000
      0.0000	      0.0000	      0.0000	      0.0000
      0.0000	      0.0000	      0.0000	      0.0000
      1.5749	      0.0000	      0.0000	      0.0000
      0.0000	      0.0000	      0.0000	      0.0000
      0.0000	      0.0000	      0.0000	      0.0000
      0.0000	      0.0000	      0.0000	      0.0000
      0.0000	      0.0000	      0.0000	      0.0000
      0.0000	      0.0000	      0.0000	      0.0000
      0.0000	      0.0000	      0.0000	      0.0000
      0.0000	      0.0000	      0.0000	      0.0000
      3.4539	      0.0000	      0.0000	      0.0000
      0.0000	      0.0000	      0.0000	      0.0000
      0.0000	      0.0000	      0.0000	      0.0000
      0.0000	      0.0000	      0.0000	      0.0000
      5.1369	      0.0000	      0.0000	      0.0000
      0.0000	      0.0000	      0.0000	      0.0000
      0.0000	      0.0000	      0.0000	      0.0000
      0.0000	      0.0000	      0.0000	      0.0000
     -1.1891	      0.3445	      0.0000	      0.0000
      0.0000	      0.0000	      0.0000	      0.0000
      0.0000	      0.0000	      0.0000	      0.0000
      0.0000	      0.0000	      0.0000	      0.0000
      7.0805	      0.0000	      0.0000	      0.0000
      0.0000	      0.0000	      0.0000	      0.0000
      0.0000	      0.0000	      0.0000	      0.0000
      0.0000	      0.0000	      0.0000	      0.0000
     -1.5234	      0.0000	      0.0000	      0.0000
      0.0000	      0.0000	      0.0000	      0.0000
      0.0000	      0.0000	      0.0000	      0.0000
      0.0000	      0.0000	      0.0000	      0.0000
      5.4715	      0.0000	      0.0000	      0.0000
      0.0000	      0.0000	      0.0000	      0.0000
      0.0000	      0.0000	      0.0000	      0.0000
      0.0000	      0.0000	      0.0000	      0.0000
      0.0000	      0.0000	      0.0000	      2.4705
      0.0000	      0.0000	      0.0000	      0.0000
      0.0000	      0.0000	      0.0000	      0.0000
      0.0000	      0.0000	      0.0000	      0.0000
     -3.2623	     -5.5227	     -0.1299	      0.0000
      0.0000	      0.0000	      0.0000	      0.0000
      0.0000	      0.0000	      0.0000	      0.0000
      0.0000	      0.0000	      0.0000	      0.0000
     13.6354	      0.0000	      0.0000	      0.0000
      0.0000	      0.0000	      0.0000	      0.0000
      0.0000	      0.0000	      0.0000	      0.0000
      0.0000	      0.0000	      0.0000	      0.0000
      0.9545	      0.0000	      0.0000	     11.9402
      0.0000	      0.0000	      0.0000	      0.0000
      0.0000	      0.0000	      0.0000	      0.0000
      0.0000	      0.0000	      0.0000	      0.0000
     -7.9319	     -9.5184	    -13.7082	     -4.7645
      6.1743	      0.0000	      0.0000	      0.0000
      0.0000	      0.0000	      0.0000	      0.0000
      0.0000	      0.0000	      0.0000	      0.0000
     -1.0570	     -1.0780	      0.0000	      0.0000
      0.0000	      0.0000	      0.0000	      0.0000
      0.0000	      0.0000	      0.0000	      0.0000
      0.0000	      0.0000	      0.0000	      0.0000
      0.0000	      1.1694	      0.0000	      0.0000
      0.0000	      0.0000	      0.0000	      0.0000
      0.0000	      0.0000	      0.0000	      0.0000
      0.0000	      0.0000	      0.0000	      0.0000
      4.0485	      0.0000	      0.0000	      0.0000
      0.0000	      0.0000	      0.0000	      0.0000
      0.0000	      0.0000	      0.0000	      0.0000
      0.0000	      0.0000	      0.0000	      0.0000
     -1.7301	      1.6919	      0.0000	      0.0000
      0.0000	      0.0000	      0.0000	      0.0000
      0.0000	      0.0000	      0.0000	      0.0000
      0.0000	      0.0000	      0.0000	      0.0000
     -0.0238	     10.2728	      0.0000	      0.0000
      0.0000	      0.0000	      0.0000	      0.0000
      0.0000	      0.0000	      0.0000	      0.0000
      0.0000	      0.0000	      0.0000	      0.0000
     16.8806	      2.4974	      0.0000	      0.0000
      0.0000	      0.0000	      0.0000	      0.0000
      3.1511	      0.0000	      0.0000	      0.0000
      0.0000	      0.0000	      0.0000	      0.0000
     -1.7145	      1.7072	     -0.2404	      0.0000
      0.0000	      0.0000	      0.0000	      0.0000
      0.0000	      0.0000	      0.0000	      0.0000
      0.0000	      0.0000	      0.0000	      0.0000
      0.5904	     -1.8600	      1.8431	     -1.3400
      0.0000	      0.0000	      0.0000	      0.0000
      0.0000	      0.0000	      0.0000	      0.0000
      0.0000	      0.0000	      0.0000	      0.0000
     -2.9051	     -2.3358	     -2.6211	      1.3819
      0.0000	      0.0000	      0.0000	      0.0000
     -0.4995	      0.0000	      0.0000	      0.0000
      0.0000	      0.0000	      0.0000	      0.0000
     18.4010	      0.0000	      1.4940	      0.0000
      0.0000	      0.0000	      0.0000	      0.0000
      0.0000	      0.0000	      0.0000	      0.0000
      0.0000	      0.0000	      0.0000	      0.0000
     -0.2953	     -5.0415	     -1.1674	     14.1503
      0.0000	      0.0000	      0.0000	      0.0000
      1.4901	      0.0000	      0.0000	      0.0000
      0.0000	      0.0000	      0.0000	      0.0000
     -9.8971	     -9.7200	    -10.4493	      0.3949
      0.0000	      0.0000	      0.0000	      0.0000
      0.0000	      0.0000	      0.0000	      0.0000
      0.0000	      0.0000	      0.0000	      0.0000
     22.8110	      5.5996	      1.6090	      0.0000
      0.0000	      0.0000	      0.0000	      0.0000
      0.0000	      0.0000	      0.0000	      0.0000
      0.0000	      0.0000	      0.0000	      0.0000
      2.5147	      0.0000	      0.0000	     24.1590
      0.0000	      0.0000	      0.0000	      0.0000
      0.0000	      0.0000	      0.0000	      0.0000
      0.0000	      0.0000	      0.0000	      0.0000
    -22.6833	    -22.1050	    -28.5833	     -9.6922
      0.0000	      0.0000	      0.0000	      0.0000
      0.0000	      0.0000	      0.0000	      0.0000
      0.0000	      0.0000	      0.0000	      0.0000
      0.0000	      0.0000	      0.0000	      0.0000
      0.0000	      0.0000	      0.0000	      0.0000
      0.0000	      0.0000	      0.0000	      0.0000
      0.0000	      0.0000	      0.0000	      0.0000
      1.5495	      0.0000	      0.0000	      0.0000
      0.0000	      0.0000	      0.0000	      0.0000
      0.0000	      0.0000	      0.0000	      0.0000
      0.0000	      0.0000	      0.0000	      0.0000
      0.0000	      0.0000	      0.0000	      0.0000
      0.0000	      0.0000	      0.0000	      0.0000
      0.0000	      0.0000	      0.0000	      0.0000
      0.0000	      0.0000	      0.0000	      0.0000
     -2.8388	     -3.2220	    -13.3640	     -7.5080
      0.0000	      0.0000	      0.0000	      0.0000
      0.0000	      0.0000	      0.0000	      0.0000
      0.0000	      0.0000	      0.0000	      0.0000
      3.1685	      0.9944	     -3.9487	      0.0000
      0.0000	      0.0000	      0.0000	      0.0000
      0.0000	      0.0000	      0.0000	      0.0000
      0.0000	      0.0000	      0.0000	      0.0000
      9.5093	      0.0000	      0.0000	      0.0000
      0.0000	      0.0000	      0.0000	      0.0000
      3.6579	      0.0000	      0.0000	      0.0000
      0.0000	      0.0000	      0.0000	      0.0000
     -3.7346	      3.7302	     -7.9595	     -5.9668
      0.0000	      0.0000	      0.0000	      0.0000
      0.0000	      0.0000	      0.0000	      0.0000
      0.0000	      0.0000	      0.0000	      0.0000
      7.0224	     -0.7183	     -5.4935	      1.7164
      0.0000	      0.0000	      0.0000	      0.0000
      0.0000	      0.0000	      0.0000	      0.0000
      0.0000	      0.0000	      0.0000	      0.0000
     -2.9727	     -4.3955	     -3.2647	     -0.4947
      0.0000	      0.0000	      0.0000	      0.0000
      0.0000	      0.0000	      0.0000	      0.0000
      0.0000	      0.0000	      0.0000	      0.0000
     20.9798	      3.3159	      0.0000	      5.0112
      0.2659	      0.0000	      0.0000	      0.0000
      0.0000	      0.0000	      0.0000	      0.0000
      0.0000	      0.0000	      0.0000	      0.0000
      0.5198	     -5.3059	     -4.6345	     12.8223
      0.0000	      0.0000	      0.0000	      0.0000
     -0.2715	     -1.4103	     -3.8485	      0.0000
     -0.0738	     -1.1844	     -5.0825	      0.0000
     -4.5952	     -3.4340	     -7.1191	      4.1260
      0.0000	      0.0000	      0.0000	      0.0000
      0.0000	      0.0000	      0.0000	      0.0000
      0.0000	      0.0000	      0.0000	      0.0000
     42.0710	      1.5694	      7.2346	      0.0000
      0.0000	      0.0000	      0.0000	      0.0000
      0.0000	      0.0000	      0.0000	      0.0000
      0.0000	      0.0000	      0.0000	      0.0000
      6.4147	      0.0000	     -5.9178	     30.5396
      0.0000	      0.0000	      0.0000	      0.0000
     -1.6616	      0.0000	      0.0000	      0.0000
      0.0000	      0.0000	      0.0000	      0.0000
    -19.6616	    -20.8868	    -23.1200	     11.1081
     -2.0016	     -6.2136	      0.0000	      0.0000
      0.0000	      0.0000	      0.0000	      0.0000
      0.0000	      0.0000	      0.0000	      0.0000
    -13.4186	     -8.1687	    -16.5284	    -14.0443
      0.0000	      0.0000	      0.0000	      0.0000
      0.0000	      0.0000	      0.0000	      0.0000
      0.0000	      0.0000	      0.0000	      0.0000
     -0.9186	     14.6212	     -0.0665	      0.0000
      0.0000	      0.0000	      0.0000	      0.0000
      0.0000	      0.0000	      0.0000	      0.0000
      0.0000	      0.0000	      0.0000	      0.0000
     22.3603	      0.0000	      0.0000	      0.0000
      0.0000	      0.0000	      0.0000	      0.0000
      0.0000	      0.0000	      0.0000	      0.0000
      0.0000	      0.0000	      0.0000	      0.0000
     -2.2258	      1.7084	     -6.9330	     -5.0955
      0.0000	      0.0000	      0.0000	      0.0000
      0.0000	      0.0000	      0.0000	      0.0000
      0.0000	      0.0000	      0.0000	      0.0000
     -0.4710	     16.6314	      0.0000	     -1.5097
      0.0000	      0.0000	      0.0000	      0.0000
      0.0000	      0.0000	      0.0000	      0.0000
      0.0000	      0.0000	      0.0000	      0.0000
      0.8634	      0.0000	      0.0000	     -9.2743
      0.0000	      0.0000	      0.0000	      0.0000
      0.9466	      0.0000	      0.0000	      0.0000
      0.0000	      0.0000	      0.0000	      0.0000
     -0.7865	      5.2524	    -11.5454	     -2.7600
      0.0000	      0.0000	      0.0000	      0.0000
      0.0000	      0.0000	      0.0000	      0.0000
      0.0000	      0.0000	      0.0000	      0.0000
      5.0116	      4.6446	    -14.1820	      2.1652
      0.0000	      0.0000	      0.0000	      0.0000
     -3.7271	      0.0000	      0.0000	      0.0000
      0.0000	      0.0000	      0.0000	      0.0000
     -0.4050	    -17.0635	     10.7385	      0.0000
      0.0000	      0.0000	      0.0000	      0.0000
      0.0000	      0.0000	      0.0000	      0.0000
      0.0000	      0.0000	      0.0000	      0.0000
     14.1828	      4.1508	      0.0000	      2.8494
      0.0000	      0.0000	      0.0000	      0.0000
      0.0000	      0.0000	      0.0000	      0.0000
      0.0000	      0.0000	      0.0000	      0.0000
      2.4953	     -0.4924	     18.7927	      0.0000
      0.0000	      0.0000	      0.0000	      0.0000
      0.0000	      0.0000	      0.0000	      0.0000
      0.0000	      0.0000	      0.0000	      0.0000
     -6.4234	     -2.6554	     -2.9680	     -4.2835
      0.0000	      0.0000	      0.0000	      0.0000
      0.0000	      0.0000	      0.0000	      0.0000
      0.0000	      0.0000	      0.0000	      0.0000
     25.7972	      0.0000	     -9.9896	      0.0000
      0.0000	      0.0000	      0.0000	      0.0000
      0.0000	      0.0000	      0.0000	      0.0000
      0.0000	      0.0000	      0.0000	      0.0000
     -7.7391	      0.0000	     -1.2538	     25.3268
      0.0000	      0.0000	      0.0000	      0.0000
      0.0000	      0.0000	      0.0000	      0.0000
      0.0000	      0.0000	      0.0000	      0.0000
    -14.6776	    -13.5074	    -14.0693	    -10.9925
      0.0000	      0.0000	      0.0000	      0.0000
      0.0000	      0.0000	      0.0000	      0.0000
      0.0000	      0.0000	      0.0000	      0.0000
    -23.4634	    -34.0603	    -39.6930	    -44.7448
      0.0000	      0.0000	      0.0000	      0.0000
    -10.5885	      0.0000	      0.0000	      0.0000
      0.0000	      0.0000	      0.0000	      0.0000
      4.5482	     27.2179	      0.0000	     -1.5570
      0.0000	      0.0000	      0.0000	      0.0000
      4.0719	      0.0000	      0.0000	      0.0000
      0.0000	      0.0000	      0.0000	      0.0000
     26.4608	      3.4994	     12.8641	      0.0000
      0.0000	      0.0000	      0.0000	      0.0000
      0.0000	      0.0000	      0.0000	      0.0000
      0.0000	      0.0000	      0.0000	      0.0000
    -14.3580	     -9.7677	    -14.5726	    -21.3327
     -7.6297	    -23.9436	      0.0000	      0.0000
      0.9760	      0.0000	      0.0000	      0.0000
      0.0000	      0.0000	      0.0000	      0.0000
     -3.6108	      2.4879	     -4.8341	    -11.0547
      0.0000	      0.0000	      0.0000	      0.0000
      0.0000	      0.0000	      0.0000	      0.0000
      0.0000	      0.0000	      0.0000	      0.0000
      1.4908	     10.4116	     -2.7801	     -0.5608
      0.0000	      0.0000	      0.0000	      0.0000
      0.3723	      0.0000	      0.0000	      0.0000
      0.0000	      0.0000	      0.0000	      0.0000
    -16.0746	     -6.0778	    -17.0433	    -18.8872
     -2.8939	    -19.3345	     -9.9911	     -5.7084
      0.0000	      0.0000	      0.0000	      0.0000
      0.0000	      0.0000	      0.0000	      0.0000
    -24.9389	     -2.0919	    -18.1386	    -17.5958
     -1.5219	      0.0000	      0.0000	      0.0000
    -12.7799	     -7.0103	      0.0000	      0.0000
      1.0557	      0.0000	      0.0000	      0.0000
    -21.2224	    -20.5665	     -4.5018	    -21.2957
      0.0000	      0.0000	      0.0000	      0.0000
     -0.2718	     -2.6564	      0.0000	      0.0000
      0.0000	      0.0000	      0.0000	      0.0000
     -7.4607	     -0.4278	      1.2072	     -0.9987
      5.0229	      0.0000	      0.0000	      0.0000
      0.0000	      0.0000	      0.0000	      0.0000
      0.0000	      0.0000	      0.0000	      0.0000
    -12.6443	     -8.0990	     -7.6132	      6.2432
     -0.6274	      3.6656	      0.0000	      0.0000
      2.4789	      0.0000	      0.0000	      0.0000
      0.7661	      0.0000	      0.0000	      0.0000
    -11.0725	    -18.6054	    -15.5925	      2.6100
      3.4141	      0.0000	      0.0000	      0.0000
     -9.1693	     -5.0101	     -6.3941	    -23.5645
    -20.0980	     -0.5225	      0.0000	      0.0000
      0.0000	     18.8910	      0.0000	      0.0000
     11.9433	      0.0000	      0.0000	      0.0000
      0.0000	      0.0000	      0.0000	      0.0000
      0.0000	      0.0000	      0.0000	      0.0000
     -4.4400	     -7.3394	     18.8353	     -8.2138
      6.4835	      0.0000	      0.0000	      0.0000
      1.8548	      0.0000	      0.0000	      0.0000
      0.0000	      0.0000	      0.0000	      0.0000
    -24.3022	    -25.1107	    -25.8723	      3.4785
      0.1137	      0.0000	      0.0000	      0.0000
      0.0000	      0.0000	      0.0000	      0.0000
      0.0000	      0.0000	      0.0000	      0.0000
    -32.0556	    -32.6248	    -36.0361	    -34.8475
      0.0000	      0.0000	      0.0000	      0.0000
     -1.0030	      1.2074	      0.0000	      0.0000
      0.0000	      0.0000	      0.0000	      0.0000
     -0.9694	     21.7565	      0.0000	      1.0135
      0.0000	      0.0000	      0.0000	      0.0000
     -1.0510	      4.7682	     -5.7965	     -2.5433
      0.0000	      0.0000	      0.0000	      0.0000
     25.4931	     11.1327	     -4.0265	      1.7724
      0.0000	      0.0000	      0.0000	      0.0000
      3.7559	      0.0000	      0.0000	      0.0000
      0.0000	      0.0000	      0.0000	      0.0000
    -23.7934	    -14.4506	    -32.8031	    -27.4339
      0.0000	      0.0000	      0.0000	      0.0000
      0.0000	      0.0000	      0.0000	      0.0000
      0.0000	      0.0000	      0.0000	      0.0000
     -5.1504	      6.9277	    -19.6810	     -9.5716
      1.8987	      0.0000	     -4.4681	      0.0000
     -0.0255	     -2.3717	     -4.1034	     -2.0160
     -0.6585	     -0.9992	     -6.2465	      0.0000
     -3.6649	    -10.7206	     -5.3678	      6.7982
      0.0000	      0.0000	      0.0000	      0.0000
      0.0000	      0.0000	      0.0000	      0.0000
      0.0000	      0.0000	      0.0000	      0.0000
    -18.6637	    -10.3024	    -25.0912	    -23.3131
      0.0000	      0.0000	      0.0000	      0.0000
     -1.1183	     -0.2682	      0.0000	      0.0000
     -2.8130	      0.0000	      0.0000	      0.0000
    -26.3823	    -15.6729	    -22.6183	    -18.7562
     -0.5305	     -0.2220	     -6.7734	      0.0000
     -5.7943	     -6.2982	     -9.4428	     -1.3796
     -0.1484	     -1.3818	     -8.1818	     -1.8296
    -15.0982	    -18.2597	    -26.2252	     -6.1056
      0.0000	      0.0000	      0.0000	      0.0000
     -3.0567	      1.0547	      0.0000	      0.0000
      0.0000	      0.0000	      0.0000	      0.0000
     -0.1985	     -0.1099	     -7.1067	      0.3703
      0.0000	      0.0000	      0.0000	      0.0000
      0.0000	      0.0000	      0.0000	      0.0000
      0.0000	      0.0000	      0.0000	      0.0000
     -1.1298	    -15.2003	    -13.9760	    -14.0494
     -3.2783	     -0.2318	     -6.9876	     -5.1834
    -21.4912	     -4.6690	     -5.8732	     -5.1700
     -7.6782	     -5.6261	    -11.8133	     -7.0095
    -20.4015	    -21.5147	    -22.1269	     -2.9274
      0.0000	      0.0000	      0.0000	     -1.8479
      0.0000	      0.0000	      0.0000	      0.0000
      0.0000	      0.0000	      0.0000	      0.0000
     12.9887	      6.6267	      0.0000	     24.7997
      0.0000	      0.0000	      0.0000	      0.0000
      0.0000	      0.0000	      0.0000	      0.0000
      0.8470	      0.0000	      0.0000	      0.0000
     -5.0830	     -3.3899	     -8.3032	     24.0302
      1.9899	      0.0000	      0.0000	      0.0000
      0.5782	      0.0000	      0.0000	      0.0000
     -4.1468	     -6.8418	      0.0000	      0.0000
    -28.5053	    -27.9260	    -30.6929	     -3.2917
      0.0000	      0.0000	      0.0000	      0.0000
      0.0000	      0.0000	      0.0000	      0.0000
      0.0000	      0.0000	      0.0000	      0.0000
    -68.7223	    -24.4542	    -72.5640	    -68.5471
      0.0000	      0.0000	      0.0000	      0.0000
      0.0000	      0.0000	      0.0000	      0.0000
      0.0000	      0.0000	      0.0000	      0.0000
     -2.3889	    -11.7460	    -20.6642	    -12.2768
      0.0000	      0.0000	      0.0000	      0.0000
      0.0000	      0.0000	      0.0000	      0.0000
      0.0000	      0.0000	      0.0000	      0.0000
    -11.9362	     -5.8242	     -3.8952	      2.0822
      0.0000	      0.0000	      0.0000	      0.0000
      0.0000	      0.0000	      0.0000	      0.0000
      0.0000	      0.0000	      0.0000	      0.0000
    -12.2307	     -7.1269	     -7.4725	    -25.3055
      0.0000	      0.0000	      0.0000	      0.0000
      3.0959	      0.0000	      0.0000	      0.0000
      0.0000	      0.0000	      0.0000	      0.0000
     -0.0761	     14.6559	     -0.3651	      0.0000
      0.0000	      0.0000	      0.0000	      0.0000
      0.0000	      0.0000	      0.0000	      0.0000
      0.0000	      0.0000	      0.0000	      0.0000
    -17.5906	    -17.5958	    -13.9015	      5.7991
      0.0000	      0.0000	      0.0000	      0.0000
      0.0000	      0.0000	      0.0000	      0.0000
      0.0000	      0.0000	      0.0000	      0.0000
     -1.2851	     -2.1149	     -7.2887	    -23.4493
      0.0000	      0.0000	      0.0000	      0.0000
      0.0000	      0.0000	      0.0000	      0.0000
      0.0000	      0.0000	      0.0000	      0.0000
     -0.1650	      7.1778	     -1.8099	     -0.1165
      0.0000	      0.0000	      0.0000	      0.0000
      0.0000	      0.0000	      0.0000	      0.0000
      0.0000	      0.0000	      0.0000	      0.0000
      0.0000	      0.0000	      1.9139	      0.0000
      0.0000	      0.0000	      0.0000	      0.0000
     -2.8204	      0.0000	      0.0000	      0.0000
      0.0000	      0.0000	      0.0000	      0.0000
    -15.7890	     12.2813	      0.0000	      0.0000
      0.0000	      0.0000	      0.0000	      0.0000
      0.0000	      0.0000	      0.0000	      0.0000
      0.0000	      0.0000	      0.0000	      0.0000
     -0.3266	     -0.3873	     20.0857	    -15.0061
      0.0000	      0.0000	      0.0000	      0.0000
      0.0000	      0.0000	      0.0000	      0.0000
      0.0000	      0.0000	      0.0000	      0.0000
    -20.0000	     -6.2975	      6.8532	     -7.6559
      0.0000	      0.0000	      0.0000	      0.0000
      0.0000	      0.0000	      0.0000	      0.0000
      0.0000	      0.0000	      0.0000	      0.0000
    -16.5557	    -19.7676	    -18.8427	     17.5224
      0.0000	      0.0000	      0.0000	      0.0000
      0.0000	      0.0000	      0.0000	      0.0000
      0.0000	      0.0000	      0.0000	      0.0000
    -21.0039	     -6.8587	     30.0502	     -2.1238
      0.0000	      0.0000	      0.0000	      0.0000
      0.0000	      0.0000	      0.0000	      0.0000
      0.0000	      0.0000	      0.0000	      0.0000
    -22.7983	    -35.7733	      7.0105	    -38.9369
      0.0000	      0.0000	      0.0000	      0.0000
      0.0000	      0.0000	      0.0000	      0.0000
      0.0000	      0.0000	      0.0000	      0.0000
    -49.3867	    -11.6870	    -48.1342	    -43.3034
      0.0000	      0.0000	      0.0000	      0.0000
      0.0000	      0.0000	      0.0000	      0.0000
      0.0000	      0.0000	      0.0000	      0.0000
    -24.2406	     16.2365	    -10.5014	    -10.3296
      0.0000	      0.0000	      0.0000	      0.0000
      0.0000	      0.0000	      0.0000	      0.0000
      0.0000	      0.0000	      0.0000	      0.0000
    -12.8400	     -9.1386	     -0.7293	      2.9384
      0.0000	      0.0000	      0.0000	      0.0000
      0.0000	      0.0000	      0.0000	      0.0000
      0.0000	      0.0000	      0.0000	      0.0000
    -24.0318	    -37.4895	    -28.2396	    -26.8095
      0.0000	      0.0000	      0.0000	      0.0000
     -0.5471	      0.0000	      0.0000	      0.0000
      0.0000	      0.0000	      0.0000	      0.0000
    -12.2328	    -23.1017	    -42.2369	    -20.8745
      0.0000	      0.0000	      0.0000	      0.0000
      0.0000	      0.0000	      0.0000	      0.0000
      0.0000	      0.0000	      0.0000	      0.0000
      7.1602	      3.1365	      2.9293	      0.0000
      0.0000	      0.0000	      0.0000	      0.0000
      2.9504	      0.0000	      0.0000	      0.0000
      0.0000	      0.0000	      0.0000	      0.0000
    -26.0166	     -5.7383	    -25.8762	    -26.5948
      0.0000	      0.0000	      0.0000	      0.0000
      0.0000	      0.0000	      0.0000	      0.0000
      0.0000	      0.0000	      0.0000	      0.0000
    -17.2969	    -32.4587	    -31.0312	    -25.8476
      0.0000	      0.0000	      0.0000	      0.0000
      0.0000	      0.0000	      0.0000	      0.0000
      0.0000	      0.0000	      0.0000	      0.0000
    -12.9837	    -14.7431	    -13.0517	    -19.0787
      0.0000	      0.0000	      0.0000	      0.0000
      0.0000	      0.0000	      0.0000	      0.0000
      0.0000	      0.0000	      0.0000	      0.0000
     -5.7446	      1.1365	     12.6947	      0.0000
      0.0000	      0.0000	      0.0000	      0.0000
      0.0000	      0.0000	      0.0000	      0.0000
      0.0000	      0.0000	      0.0000	      0.0000
    -15.5952	     -5.9340	     13.6068	    -16.3935
      0.0000	      0.0000	      0.0000	      0.0000
      0.0000	      0.0000	      0.0000	      0.0000
      0.0000	      0.0000	      0.0000	      0.0000
    -34.6887	    -30.4980	    -19.0701	    -39.8975
      0.0000	      0.0000	      0.0000	      0.0000
     -4.8744	      0.0000	      0.0000	      0.0000
      0.0000	      0.0000	      0.0000	      0.0000
    -19.8524	      8.2147	     -3.1635	      0.0000
      0.0000	      0.0000	      0.0000	      0.0000
      0.0000	      0.0000	      0.0000	      0.0000
      0.0000	      0.0000	      0.0000	      0.0000
     -0.8211	     -0.6721	     21.7726	     -0.7900
      0.0000	      0.0000	      0.0000	      0.0000
      0.0000	      0.0000	      0.0000	      0.0000
      0.0000	      0.0000	      0.0000	      0.0000
    -22.1866	    -27.6202	    -13.9883	    -30.1121
      5.5689	      0.0000	      0.0000	      0.0000
      0.0000	      0.0000	      0.0000	      0.0000
      0.0000	      0.0000	      0.0000	      0.0000
    -50.5287	    -58.1382	    -52.3567	    -49.9925
      0.0000	      0.0000	      0.0000	      0.0000
      0.0000	      0.0000	      0.0000	      0.0000
      0.0000	      0.0000	      0.0000	      0.0000
     -1.2217	     20.2881	    -20.0000	     -1.6711
      0.0000	      0.0000	      0.0000	      0.0000
      0.0000	      0.0000	      0.0000	      0.0000
      0.0000	      0.0000	      0.0000	      0.0000
      0.0000	     45.9145	      0.0000	      0.0000
     -1.2615	      0.0000	      0.0000	      0.0000
      0.0000	      0.0000	      0.0000	      0.0000
      0.0000	      0.0000	      0.0000	      0.0000
    -28.1471	    -27.7954	    -30.4440	    -30.1076
      0.0000	      0.0000	      0.0000	      0.0000
      0.0000	      0.0000	      0.0000	      0.0000
      0.0000	      0.0000	      0.0000	      0.0000
    -25.6508	     -7.8830	    -20.7295	    -19.3396
      0.0000	      0.0000	      0.0000	      0.0000
     -0.8741	     -0.7583	      0.0000	      0.0000
      0.0000	      0.0000	      0.0000	      0.0000
      2.9891	      0.0000	     -9.4958	      0.4550
      0.0000	      0.0000	      0.0000	      0.0000
     -1.8342	      0.0000	      0.0000	      0.0000
      0.0000	      0.0000	      0.0000	      0.0000
    -23.3398	    -31.2312	    -32.2621	    -27.1840
     -3.7092	      0.0000	      0.0000	      0.0000
      0.0000	      0.0000	      0.0000	      0.0000
      0.0000	      0.0000	      0.0000	      0.0000
    -31.2369	    -26.4729	    -24.2148	    -19.2446
      0.0000	      0.0000	      0.0000	      0.0000
      4.6759	      0.0000	      0.0000	      0.0000
     -0.6838	      0.0000	      0.0000	      0.0000
    -17.8627	    -16.0215	    -16.7897	    -35.4463
      0.0000	      0.0000	      0.0000	      0.0000
      0.0000	      0.0000	      0.0000	      0.0000
      0.0000	      0.0000	      0.0000	      0.0000
      0.1410	     12.1634	     -4.1177	     -0.2561
    -19.3730	      0.0000	      0.0000	      0.0000
      0.0000	      0.0000	      0.0000	      0.0000
      0.0000	      0.0000	      0.0000	      0.0000
     -9.8008	     -4.8792	    -12.9817	    -19.8801
    -23.6710	      0.0000	      0.0000	      0.0000
     -1.2086	     -1.5306	      0.0000	      0.0000
      0.0000	      0.0000	      0.0000	      0.0000
    -20.5085	    -14.8244	    -17.9223	    -32.8642
      0.0000	      0.0000	      0.0000	      0.0000
     -1.4572	     -3.9805	      0.0000	      0.0000
      0.0000	      0.0000	      0.0000	      0.0000
     12.2267	    -15.9827	      0.0000	      0.0000
     -0.6546	      1.7458	      0.0000	      0.0000
      1.8165	      0.0000	      0.0000	      0.0000
      0.0000	      0.0000	      0.0000	      0.0000
      0.0000	      0.0000	      7.1346	     -0.1450
      0.0000	      0.0000	      0.0000	      0.0000
      0.0000	      0.0000	      0.0000	      0.0000
      0.0000	      0.0000	      0.0000	      0.0000
    -23.0833	     -7.7284	     -8.5110	     -7.6760
      0.0000	      0.0000	      0.0000	      0.0000
      0.0000	      0.0000	      0.0000	      0.0000
      0.0000	      0.0000	      0.0000	      0.0000
    -10.6285	     -3.8749	     -5.1697	     -6.1539
      0.0000	      0.0000	      0.0000	      0.0000
      0.0000	      0.0000	      0.0000	      0.0000
      0.0000	      0.0000	      0.0000	      0.0000
      1.2868	      0.0000	      0.0000	      0.0000
      0.0000	      0.0000	      0.0000	      0.0000
      0.0000	      0.0000	      0.0000	      0.0000
      0.0000	      0.0000	      0.0000	      0.0000
      1.5799	      0.0000	      0.0000	      0.0000
      0.0000	      0.0000	      0.0000	      0.0000
      0.0000	      0.0000	      0.0000	      0.0000
      0.0000	      0.0000	      0.0000	      0.0000
      0.0000	     -0.2221	      0.0000	      0.0000
      0.0000	      0.0000	      0.0000	      0.0000
      0.0000	      0.0000	      0.0000	      0.0000
      0.0000	      0.0000	      0.0000	      0.0000
      0.0918	      0.0000	      8.1314	      0.0000
      0.0000	      0.0000	      0.0000	      0.0000
      0.0000	      0.0000	      0.0000	      0.0000
      0.0000	      0.0000	      0.0000	      0.0000
      1.8600	      4.2224	      0.0000	      0.0000
      0.0000	      0.0000	      0.0000	      0.0000
      0.0000	      0.0000	      0.0000	      0.0000
      0.0000	      0.0000	      0.0000	      0.0000
      1.7648	      0.0000	      0.0000	      0.0000
      0.0000	      0.0000	      0.0000	      0.0000
      0.0000	      0.0000	      0.0000	      0.0000
      0.0000	      0.0000	      0.0000	      0.0000
      8.5934	      0.0000	      0.0000	      0.0000
      0.0000	      0.0000	      0.0000	      0.0000
      0.0000	      0.0000	      0.0000	      0.0000
      0.0000	      0.0000	      0.0000	      0.0000
     -1.3429	     -1.8111	     -2.0983	     -0.2932
      0.0000	      0.0000	      0.0000	      0.0000
      0.0000	      0.0000	      0.0000	      0.0000
      0.0000	      0.0000	      0.0000	      0.0000
      7.8912	      0.0000	      0.0000	      0.0000
      0.0000	      0.0000	      0.0000	      0.0000
      0.0000	      0.0000	      0.0000	      0.0000
      0.0000	      0.0000	      0.0000	      0.0000
     -0.0719	     -1.3740	     19.5294	      2.7649
      0.0000	      0.0000	      0.0000	      0.0000
      0.0000	      0.0000	      0.0000	      0.0000
      0.0000	      0.0000	      0.0000	      0.0000
     -2.2054	     -4.8018	     -1.0238	      6.6379
      0.0000	      0.0000	      0.0000	      0.0000
      0.0000	      0.0000	      0.0000	      0.0000
      0.0000	      0.0000	      0.0000	      0.0000
      9.0034	      1.1288	      0.0000	      6.2277
      0.0000	      0.0000	      0.0000	      0.0000
      0.0000	      0.0000	      0.0000	      0.0000
      0.0000	      0.0000	      0.0000	      0.0000
      5.2123	      0.0000	      0.0000	      0.0000
      0.0000	      0.0000	      0.0000	      0.0000
      0.0000	      0.0000	      0.0000	      0.0000
      0.0000	      0.0000	      0.0000	      0.0000
    -10.3821	    -10.7662	     -8.2651	     -8.0418
      0.0000	      0.0000	      0.0000	      0.0000
      0.0000	      0.0000	      0.0000	      0.0000
      0.0000	      0.0000	      0.0000	      0.0000
      0.0000	      0.0000	      0.0000	      0.0000
      0.0000	      0.0000	      0.0000	      0.0000
      0.0000	      0.0000	      0.0000	      0.0000
      0.0000	      0.0000	      0.0000	      0.0000
      1.3441	      0.0000	      0.0000	      0.0000
      0.0000	      0.0000	      0.0000	      0.0000
      0.0000	      0.0000	      0.0000	      0.0000
      0.0000	      0.0000	      0.0000	      0.0000
     11.8267	      0.0000	      0.0000	      0.0000
      0.0000	      0.0000	      0.0000	      0.0000
      0.0000	      0.0000	      0.0000	      0.0000
      0.0000	      0.0000	      0.0000	      0.0000
      0.0000	      0.0000	      0.0000	      0.0000
      0.0000	      0.0000	      0.0000	      0.0000
      0.0000	      0.0000	      0.0000	      0.0000
      0.0000	      0.0000	      0.0000	      0.0000
     -0.0395	      0.1558	      6.7958	      0.0000
      0.0000	      0.0000	      0.0000	      0.0000
      0.0000	      0.0000	      0.0000	      0.0000
      0.0000	      0.0000	      0.0000	      0.0000
     16.7509	      0.0000	      0.0000	      0.0000
      0.0000	      0.0000	      0.0000	      0.0000
      0.0000	      0.0000	      0.0000	      0.0000
      0.0000	      0.0000	      0.0000	      0.0000
     -1.9024	     -0.2402	     -0.6441	     -0.9215
      0.0000	      0.0000	      0.0000	      0.0000
      0.0000	      0.0000	      0.0000	      0.0000
      0.0000	      0.0000	      0.0000	      0.0000
      8.0876	     -2.3998	     -2.2895	      0.5847
      0.0000	      0.0000	      0.0000	      0.0000
      0.0000	      0.0000	      0.0000	      0.0000
      0.0000	      0.0000	      0.0000	      0.0000
     -4.2469	     -5.0275	     -3.4548	      4.7041
      0.0000	      0.0000	      0.0000	      0.0000
      0.0000	      0.0000	      0.0000	      0.0000
      0.0000	      0.0000	      0.0000	      0.0000
      9.9134	      0.0000	      0.0000	      0.0000
      0.0000	      0.0000	      0.0000	      0.0000
      0.0000	      0.0000	      0.0000	      0.0000
      0.0000	      0.0000	      0.0000	      0.0000
     -0.0635	     -2.8841	     -0.7104	     10.0440
      0.0000	      0.0000	      0.0000	      0.0000
      0.0000	      0.0000	      0.0000	      0.0000
      0.0000	      0.0000	      0.0000	      0.0000
    -10.1309	    -13.4964	    -11.9781	     -5.4194
      0.0000	      0.0000	      0.0000	      0.0000
      0.0000	      0.0000	      0.0000	      0.0000
      0.0000	      0.0000	      0.0000	      0.0000
     41.2936	      0.0000	      0.0000	      3.6582
      0.0000	      0.0000	      0.0000	      0.0000
      0.0000	      0.0000	      0.0000	      0.0000
      0.0000	      0.0000	      0.0000	      0.0000
      0.0000	      0.0000	      0.0000	     24.1932
      0.0000	      0.0000	      0.0000	      0.0000
      0.0000	      0.0000	      0.0000	      0.0000
      0.0000	      0.0000	      0.0000	      0.0000
    -29.6770	    -29.4012	    -38.5637	     -9.2482
      0.0000	      0.0000	      0.0000	      0.0000
      0.0000	      0.0000	      0.0000	      0.0000
      0.0000	      0.0000	      0.0000	      0.0000
     -2.0297	     -2.2655	     -9.4935	     -1.0321
      0.0000	      0.0000	      0.0000	      0.0000
      0.0000	      0.0000	      0.0000	      0.0000
      0.0000	      0.0000	      0.0000	      0.0000
      1.5576	      0.0000	      0.0000	      0.0000
      0.0000	      0.0000	      0.0000	      0.0000
      0.0000	      0.0000	      0.0000	      0.0000
      0.0000	      0.0000	      0.0000	      0.0000
      6.1802	      0.0000	      0.0000	      0.0000
      0.0000	      0.0000	      0.0000	      0.0000
      0.0000	      0.0000	      0.0000	      0.0000
      0.0000	      0.0000	      0.0000	      0.0000
    -15.6918	     -1.5214	      0.0000	      0.0000
      0.0000	      0.0000	      0.0000	      0.0000
      0.0000	      0.0000	      0.0000	      0.0000
      0.0000	      0.0000	      0.0000	      0.0000
     -2.3303	      2.5726	     -2.7312	     -5.1340
      0.0000	      0.0000	      0.0000	      0.0000
      0.0000	      0.0000	      0.0000	      0.0000
      0.0000	      0.0000	      0.0000	      0.0000
      9.6652	      0.0000	      0.0000	      0.0000
      0.0000	      0.0000	      0.0000	      0.0000
      0.0000	      0.0000	      0.0000	      0.0000
      0.0000	      0.0000	      0.0000	      0.0000
     -7.9193	      1.9942	    -11.9955	     -1.7966
      0.0000	      0.0000	      0.0000	      0.0000
      0.0000	      0.0000	      0.0000	      0.0000
      0.0000	      0.0000	      0.0000	      0.0000
      6.7039	     -3.7998	     -5.1895	     -1.6372
      0.0000	      0.0000	      0.0000	      0.0000
      0.0000	      0.0000	      0.0000	      0.0000
      0.0000	      0.0000	      0.0000	      0.0000
     -7.2390	     -8.6787	     -6.9983	     -5.9315
      0.0000	      0.0000	      0.0000	      0.0000
      0.0000	      0.0000	      0.0000	      0.0000
      0.0000	      0.0000	      0.0000	      0.0000
     23.6798	      2.1813	      0.2476	      6.4460
      0.0000	      0.0000	      0.0000	      0.0000
      0.0000	      0.0000	      0.0000	      0.0000
      0.0000	      0.0000	      0.0000	      0.0000
     -2.0716	     -2.3517	     -3.1903	      6.0960
      0.0000	      0.0000	      0.0000	      0.0000
      0.0000	      0.0000	      0.0000	      0.0000
      0.0000	      0.0000	      0.0000	      0.0000
    -14.7426	    -11.1614	    -14.4863	     -2.6541
      0.0000	      0.0000	      0.0000	      0.0000
      0.0000	      0.0000	      0.0000	      0.0000
      0.0000	      0.0000	      0.0000	      0.0000
     42.5772	      0.0000	      3.0010	      7.0731
      0.0000	      0.0000	      0.0000	      0.0000
      0.0000	      0.0000	      0.0000	      0.0000
      0.0000	      0.0000	      0.0000	      0.0000
     -0.5516	     -2.9411	    -11.8261	     40.3740
      0.0000	      0.0000	      0.0000	      0.0000
      0.0000	      0.0000	      0.0000	      0.0000
      0.0000	      0.0000	      0.0000	      0.0000
    -20.3085	    -20.0158	    -20.1537	    -22.3584
      0.0000	      0.0000	      0.0000	      0.0000
      0.0000	      0.0000	      0.0000	      0.0000
      0.0000	      0.0000	      0.0000	      0.0000
    -27.4261	    -26.4687	    -25.2174	    -21.7817
      0.0000	      0.0000	      0.0000	      0.0000
      0.0000	      0.0000	      0.0000	      0.0000
      0.0000	      0.0000	      0.0000	      0.0000
      0.3089	     12.2415	      0.0000	     -0.0897
      0.0000	      0.0000	      0.0000	      0.0000
      0.0000	      0.0000	      0.0000	      0.0000
      0.0000	      0.0000	      0.0000	      0.0000
     14.0186	    -14.0321	      0.0000	      0.0000
      0.0000	      0.0000	      0.0000	      0.0000
      0.0000	      0.0000	      0.0000	      0.0000
      0.0000	      0.0000	      0.0000	      0.0000
    -14.0955	     -8.3746	    -16.5330	     -9.1965
      0.0000	      0.0000	      0.0000	      0.0000
      0.0000	      0.0000	      0.0000	      0.0000
      0.0000	      0.0000	      0.0000	      0.0000
      0.0830	      0.0000	     12.9864	      0.0000
      0.0000	      0.0000	      0.0000	      0.0000
      0.0000	      0.0000	      0.0000	      0.0000
      0.0000	      0.0000	      0.0000	      0.0000
     20.2852	    -19.1156	     10.5014	      0.0000
      0.0000	      0.0000	      0.0000	      0.0000
      0.0000	      0.0000	      0.0000	      0.0000
      0.0000	      0.0000	      0.0000	      0.0000
     -1.8886	     13.0861	     -7.4059	     -1.4861
      0.0000	      0.0000	      0.0000	      0.0000
      0.0000	      0.0000	      0.0000	      0.0000
      0.0000	      0.0000	      0.0000	      0.0000
      9.1820	     -0.8341	     -0.0571	     -0.5361
      0.0000	      0.0000	      0.0000	      0.0000
      0.0000	      0.0000	      0.0000	      0.0000
      0.0000	      0.0000	      0.0000	      0.0000
     -4.0206	     -4.5051	    -17.8557	      5.9984
      0.0000	      0.0000	      0.0000	      0.0000
      0.0000	      0.0000	      0.0000	      0.0000
      0.0000	      0.0000	      0.0000	      0.0000
     25.5980	      6.2128	      0.0000	      3.9315
      0.0000	      0.0000	      0.0000	      0.0000
      0.0000	      0.0000	      0.0000	      0.0000
      0.0000	      0.0000	      0.0000	      0.0000
      3.3697	     -0.8499	     20.3190	      0.0000
      0.0000	      0.0000	      0.0000	      0.0000
      0.0000	      0.0000	      0.0000	      0.0000
      0.0000	      0.0000	      0.0000	      0.0000
     -5.2261	     -7.9122	     -2.8172	     -5.2556
      0.0000	      0.0000	      0.0000	      0.0000
      0.0000	      0.0000	      0.0000	      0.0000
      0.0000	      0.0000	      0.0000	      0.0000
      4.7172	     15.7840	      0.0000	     40.1524
      0.0000	      0.0000	      0.0000	      0.0000
      0.0000	      0.0000	      0.0000	      0.0000
      0.0000	      0.0000	      0.0000	      0.0000
      0.4308	     -0.1788	      0.0000	     16.6632
      0.0000	      0.0000	      0.0000	      0.0000
      0.0000	      0.0000	      0.0000	      0.0000
      0.0000	      0.0000	      0.0000	      0.0000
    -22.4394	    -31.2793	    -25.4590	      4.0929
      0.0000	      0.0000	      0.0000	      0.0000
      0.0000	      0.0000	      0.0000	      0.0000
      0.0000	      0.0000	      0.0000	      0.0000
    -32.6394	      2.7214	    -30.2855	    -32.4607
      0.0000	      0.0000	      0.0000	      0.0000
      0.0000	      0.0000	      0.0000	      0.0000
      0.0000	      0.0000	      0.0000	      0.0000
     -6.7495	     16.8751	    -10.2702	    -11.9591
      0.0000	      0.0000	      0.0000	      0.0000
      0.0000	      0.0000	      0.0000	      0.0000
      0.0000	      0.0000	      0.0000	      0.0000
     19.7793	      2.7556	     15.6544	     -2.7150
      0.0000	      0.0000	      0.0000	      0.0000
      0.0000	      0.0000	      0.0000	      0.0000
      0.0000	      0.0000	      0.0000	      0.0000
    -27.1996	    -28.3352	    -21.7498	    -28.1655
      0.0000	      0.0000	      0.0000	      0.0000
      0.0000	      0.0000	      0.0000	      0.0000
      0.0000	      0.0000	      0.0000	      0.0000
    -16.7035	    -18.7463	      0.7998	    -16.2595
      0.0000	      0.0000	      0.0000	      0.0000
      0.0000	      0.0000	      0.0000	      0.0000
      0.0000	      0.0000	      0.0000	      0.0000
    -11.4292	     -3.0492	     -5.6205	     -0.9952
      0.0000	      0.0000	      0.0000	      0.0000
      0.0000	      0.0000	      0.0000	      0.0000
      0.0000	      0.0000	      0.0000	      0.0000
    -19.8082	    -19.9630	    -20.1759	    -20.0862
      0.0000	      0.0000	      0.0000	      0.0000
      0.0000	      0.0000	      0.0000	      0.0000
      0.0000	      0.0000	      0.0000	      0.0000
    -28.3045	    -19.4498	    -34.9930	    -23.6967
      0.0000	      0.0000	      0.0000	      0.0000
      0.0000	      0.0000	      0.0000	      0.0000
      0.0000	      0.0000	      0.0000	      0.0000
    -27.3891	    -28.4045	    -24.0895	    -16.7882
      0.0000	      0.0000	      0.0000	      0.0000
      0.0000	      0.0000	      0.0000	      0.0000
      0.0000	      0.0000	      0.0000	      0.0000
     -8.6524	    -15.4075	     -8.8054	     -2.2791
      0.0000	      0.0000	      0.0000	      0.0000
      0.0000	      0.0000	      0.0000	      0.0000
      0.0000	      0.0000	      0.0000	      0.0000
     -5.5446	     -7.4118	     -5.9981	     -7.8921
      0.0000	      0.0000	      0.0000	      0.0000
      0.0000	      0.0000	      0.0000	      0.0000
      0.0000	      0.0000	      0.0000	      0.0000
    -27.0096	    -31.8576	    -31.0696	    -35.2277
      0.0000	      0.0000	      0.0000	      0.0000
      0.0000	      0.0000	      0.0000	      0.0000
      0.0000	      0.0000	      0.0000	      0.0000
     10.4710	     14.6149	      7.2481	      9.6396
      0.0000	      0.0000	      0.0000	      0.0000
      0.0000	      0.0000	      0.0000	      0.0000
      0.0000	      0.0000	      0.0000	      0.0000
      3.2744	      0.4092	     19.6103	     11.5734
      0.0000	      0.0000	      0.0000	      0.0000
      0.0000	      0.0000	      0.0000	      0.0000
      0.0000	      0.0000	      0.0000	      0.0000
    -35.7383	    -37.7932	    -39.2921	     -2.9890
      0.0000	      0.0000	      0.0000	      0.0000
      0.0000	      0.0000	      0.0000	      0.0000
      0.0000	      0.0000	      0.0000	      0.0000
    -32.8259	     -7.9817	    -32.2331	    -27.8900
      0.0000	      0.0000	      0.0000	      0.0000
      0.0000	      0.0000	      0.0000	      0.0000
      0.0000	      0.0000	      0.0000	      0.0000
     18.5283	      1.5126	     -5.3373	     -0.1788
      0.0000	      0.0000	      0.0000	      0.0000
      0.0000	      0.0000	      0.0000	      0.0000
      0.0000	      0.0000	      0.0000	      0.0000
     19.9619	      9.1350	      7.7209	      7.1753
      0.0000	      0.0000	      0.0000	      0.0000
      0.0000	      0.0000	      0.0000	      0.0000
      0.0000	      0.0000	      0.0000	      0.0000
    -24.7285	    -12.3801	    -36.1456	    -25.8584
      0.0000	      0.0000	      0.0000	      0.0000
      0.0000	      0.0000	      0.0000	      0.0000
      0.0000	      0.0000	      0.0000	      0.0000
    -10.0487	      1.7335	    -22.1244	    -18.7728
      0.0000	      0.0000	      0.0000	      0.0000
      0.0000	      0.0000	      0.0000	      0.0000
      0.0000	      0.0000	      0.0000	      0.0000
    -13.5404	      3.0452	    -12.8091	     -3.4532
      0.0000	      0.0000	      0.0000	      0.0000
      0.0000	      0.0000	      0.0000	      0.0000
      0.0000	      0.0000	      0.0000	      0.0000
    -25.0387	     -8.1689	    -29.9628	    -17.8359
      0.0000	      0.0000	      0.0000	      0.0000
      0.0000	      0.0000	      0.0000	      0.0000
      0.0000	      0.0000	      0.0000	      0.0000
    -23.8805	    -14.7896	    -35.9282	    -13.9667
      0.0000	      0.0000	      0.0000	      0.0000
      0.0000	      0.0000	      0.0000	      0.0000
      0.0000	      0.0000	      0.0000	      0.0000
    -19.4467	    -21.2863	    -34.3036	     -9.8711
      0.0000	      0.0000	      0.0000	      0.0000
      0.0000	      0.0000	      0.0000	      0.0000
      0.0000	      0.0000	      0.0000	      0.0000
    -10.0236	      4.1026	     -7.7623	    -23.0689
      0.0000	      0.0000	      0.0000	      0.0000
      0.0000	      0.0000	      0.0000	      0.0000
      0.0000	      0.0000	      0.0000	      0.0000
    -13.9724	    -14.7417	    -18.2676	     -3.8595
      0.0000	      0.0000	      0.0000	      0.0000
      0.0000	      0.0000	      0.0000	      0.0000
      0.0000	      0.0000	      0.0000	      0.0000
    -23.0239	    -25.6622	    -39.0081	     -7.3959
      0.0000	      0.0000	      0.0000	      0.0000
      0.0000	      0.0000	      0.0000	      0.0000
      0.0000	      0.0000	      0.0000	      0.0000
     10.3232	     21.2232	      0.8674	     39.8895
      0.0000	      0.0000	      0.0000	      0.0000
      0.0000	      0.0000	      0.0000	      0.0000
      0.0000	      0.0000	      0.0000	      0.0000
    -12.2948	     -9.1066	     -9.9153	     25.2853
      0.0000	      0.0000	      0.0000	      0.0000
      0.0000	      0.0000	      0.0000	      0.0000
      0.0000	      0.0000	      0.0000	      0.0000
    -34.2658	    -38.3724	    -47.3275	     -4.1339
      0.0000	      0.0000	      0.0000	      0.0000
      0.0000	      0.0000	      0.0000	      0.0000
      0.0000	      0.0000	      0.0000	      0.0000
    -67.6292	    -38.8436	    -78.4333	    -67.4403
      0.0000	      0.0000	      0.0000	      0.0000
      0.0000	      0.0000	      0.0000	      0.0000
      0.0000	      0.0000	      0.0000	      0.0000
      0.0000	     17.8056	     -2.2311	      0.0000
      0.0000	      0.0000	      0.0000	      0.0000
      0.0000	      0.0000	      0.0000	      0.0000
      0.0000	      0.0000	      0.0000	      0.0000
      0.0000	      9.3240	      9.4592	      0.0000
      0.0000	      0.0000	      0.0000	      0.0000
      0.0000	      0.0000	      0.0000	      0.0000
      0.0000	      0.0000	      0.0000	      0.0000
    -32.8073	    -37.5803	    -30.8810	    -32.6830
      0.0000	      0.0000	      0.0000	      0.0000
      0.0000	      0.0000	      0.0000	      0.0000
      0.0000	      0.0000	      0.0000	      0.0000
    -11.6549	      7.6017	    -24.9059	    -16.6797
      0.0000	      0.0000	      0.0000	      0.0000
      0.0000	      0.0000	      0.0000	      0.0000
      0.0000	      0.0000	      0.0000	      0.0000
     -4.3798	     13.1596	      1.2445	    -15.7971
      0.0000	      0.0000	      0.0000	      0.0000
      0.0000	      0.0000	      0.0000	      0.0000
      0.0000	      0.0000	      0.0000	      0.0000
    -28.1060	    -38.1412	    -19.7119	    -28.3943
      0.0000	      0.0000	      0.0000	      0.0000
      0.0000	      0.0000	      0.0000	      0.0000
      0.0000	      0.0000	      0.0000	      0.0000
    -15.6879	     -9.8757	    -17.9477	    -21.5658
      0.0000	      0.0000	      0.0000	      0.0000
      0.0000	      0.0000	      0.0000	      0.0000
      0.0000	      0.0000	      0.0000	      0.0000
    -15.6322	    -33.1056	     -6.6472	    -27.1463
      0.0000	      0.0000	      0.0000	      0.0000
      0.0000	      0.0000	      0.0000	      0.0000
      0.0000	      0.0000	      0.0000	      0.0000
     -6.6184	     12.1039	     -1.4625	      1.7850
      0.0000	      0.0000	      0.0000	      0.0000
      0.0000	      0.0000	      0.0000	      0.0000
      0.0000	      0.0000	      0.0000	      0.0000
     -1.7911	     -2.1175	     12.8817	    -13.7492
      0.0000	      0.0000	      0.0000	      0.0000
      0.0000	      0.0000	      0.0000	      0.0000
      0.0000	      0.0000	      0.0000	      0.0000
    -12.3925	    -20.5925	    -22.9606	    -23.2120
      0.0000	      0.0000	      0.0000	      0.0000
      0.0000	      0.0000	      0.0000	      0.0000
      0.0000	      0.0000	      0.0000	      0.0000
      6.0432	     10.7909	      1.6009	     25.9502
      0.0000	      0.0000	      0.0000	      0.0000
      0.0000	      0.0000	      0.0000	      0.0000
      0.0000	      0.0000	      0.0000	      0.0000
    -11.4274	      4.4482	    -25.4111	    -13.5350
      0.0000	      0.0000	      0.0000	      0.0000
      0.0000	      0.0000	      0.0000	      0.0000
      0.0000	      0.0000	      0.0000	      0.0000
    -32.0013	    -34.6762	     12.2843	    -33.6905
      0.0000	      0.0000	      0.0000	      0.0000
      0.0000	      0.0000	      0.0000	      0.0000
      0.0000	      0.0000	      0.0000	      0.0000
    -47.6380	      3.8900	    -49.6868	    -50.8871
      0.0000	      0.0000	      0.0000	      0.0000
      0.0000	      0.0000	      0.0000	      0.0000
      0.0000	      0.0000	      0.0000	      0.0000
      0.3393	     20.1109	     -6.8186	    -19.7890
      0.0000	      0.0000	      0.0000	      0.0000
      0.0000	      0.0000	      0.0000	      0.0000
      0.0000	      0.0000	      0.0000	      0.0000
     -9.9955	     30.9475	      0.0000	      0.0000
      0.0000	      0.0000	      0.0000	      0.0000
      0.0000	      0.0000	      0.0000	      0.0000
      0.0000	      0.0000	      0.0000	      0.0000
    -26.2393	    -14.2629	    -37.9241	    -30.4131
      0.0000	      0.0000	      0.0000	      0.0000
      0.0000	      0.0000	      0.0000	      0.0000
      0.0000	      0.0000	      0.0000	      0.0000
    -20.4874	      3.8193	    -20.7923	    -19.4808
      0.0000	      0.0000	      0.0000	      0.0000
      0.0000	      0.0000	      0.0000	      0.0000
      0.0000	      0.0000	      0.0000	      0.0000
    -12.4334	     -5.7601	    -12.2241	    -15.1376
      0.0000	      0.0000	      0.0000	      0.0000
      0.0000	      0.0000	      0.0000	      0.0000
      0.0000	      0.0000	      0.0000	      0.0000
    -33.1373	    -11.9875	    -27.4925	    -24.9543
      0.0000	      0.0000	      0.0000	      0.0000
      0.0000	      0.0000	      0.0000	      0.0000
      0.0000	      0.0000	      0.0000	      0.0000
    -37.0519	    -37.7127	    -19.6667	    -33.7751
      0.0000	      0.0000	      0.0000	      0.0000
      0.0000	      0.0000	      0.0000	      0.0000
      0.0000	      0.0000	      0.0000	      0.0000
    -30.7209	    -34.1502	    -40.6682	    -27.2277
      0.0000	      0.0000	      0.0000	      0.0000
      0.0000	      0.0000	      0.0000	      0.0000
      0.0000	      0.0000	      0.0000	      0.0000
     -2.5835	    -16.1384	    -13.4768	    -10.9954
      0.0000	      0.0000	      0.0000	      0.0000
      0.0000	      0.0000	      0.0000	      0.0000
      0.0000	      0.0000	      0.0000	      0.0000
    -18.7552	    -32.5945	     -0.0377	    -32.2588
      0.0000	      0.0000	      0.0000	      0.0000
      0.0000	      0.0000	      0.0000	      0.0000
      0.0000	      0.0000	      0.0000	      0.0000
    -45.7007	    -28.3410	    -47.1760	    -38.8111
      0.0000	      0.0000	      0.0000	      0.0000
      0.0000	      0.0000	      0.0000	      0.0000
      0.0000	      0.0000	      0.0000	      0.0000
     19.1102	      0.0000	      0.0000	      0.0000
      0.0000	      0.0000	      0.0000	      0.0000
      0.0000	      0.0000	      0.0000	      0.0000
      0.0000	      0.0000	      0.0000	      0.0000
      3.9098	      0.0000	     27.3397	      2.5926
      0.0000	      0.0000	      0.0000	      0.0000
      0.0000	      0.0000	      0.0000	      0.0000
      0.0000	      0.0000	      0.0000	      0.0000
    -39.0212	    -25.5018	      0.0587	    -42.0027
      0.0000	      0.0000	      0.0000	      0.0000
      0.0000	      0.0000	      0.0000	      0.0000
      0.0000	      0.0000	      0.0000	      0.0000
    -42.8311	    -12.8352	    -57.1048	    -52.8137
      0.0000	      0.0000	      0.0000	      0.0000
      0.0000	      0.0000	      0.0000	      0.0000
      0.0000	      0.0000	      0.0000	      0.0000
     -6.3639	     25.7544	    -22.3202	    -21.3286
      0.0000	      0.0000	      0.0000	      0.0000
      0.0000	      0.0000	      0.0000	      0.0000
      0.0000	      0.0000	      0.0000	      0.0000
     10.2826	     15.2664	     -1.8413	     -4.1629
      0.0000	      0.0000	      0.0000	      0.0000
      0.0000	      0.0000	      0.0000	      0.0000
      0.0000	      0.0000	      0.0000	      0.0000
    -34.1946	    -11.9340	    -34.9663	    -43.2051
      0.0000	      0.0000	      0.0000	      0.0000
      0.0000	      0.0000	      0.0000	      0.0000
      0.0000	      0.0000	      0.0000	      0.0000
    -28.7000	     -1.1885	    -32.5973	    -41.8637
      0.0000	      0.0000	      0.0000	      0.0000
      0.0000	      0.0000	      0.0000	      0.0000
      0.0000	      0.0000	      0.0000	      0.0000
    -14.1363	    -17.1850	    -17.4879	    -34.4012
      0.0000	      0.0000	      0.0000	      0.0000
      0.0000	      0.0000	      0.0000	      0.0000
      0.0000	      0.0000	      0.0000	      0.0000
    -41.6729	     -5.1320	    -41.3669	    -49.5500
      0.0000	      0.0000	      0.0000	      0.0000
      0.0000	      0.0000	      0.0000	      0.0000
      0.0000	      0.0000	      0.0000	      0.0000
    -55.6158	    -12.0655	    -43.2519	    -46.0627
      0.0000	      0.0000	      0.0000	      0.0000
      0.0000	      0.0000	      0.0000	      0.0000
      0.0000	      0.0000	      0.0000	      0.0000
    -41.3357	    -50.3187	    -45.8994	    -38.5365
      0.0000	      0.0000	      0.0000	      0.0000
      0.0000	      0.0000	      0.0000	      0.0000
      0.0000	      0.0000	      0.0000	      0.0000
    -26.0243	     -4.2526	    -28.1989	    -20.7276
      0.0000	      0.0000	      0.0000	      0.0000
      0.0000	      0.0000	      0.0000	      0.0000
      0.0000	      0.0000	      0.0000	      0.0000
    -36.0115	    -50.7601	    -40.0566	     -7.7637
      0.0000	      0.0000	      0.0000	      0.0000
      0.0000	      0.0000	      0.0000	      0.0000
      0.0000	      0.0000	      0.0000	      0.0000
    -44.6447	    -24.8579	    -53.1068	    -54.2607
      0.0000	      0.0000	      0.0000	      0.0000
      0.0000	      0.0000	      0.0000	      0.0000
      0.0000	      0.0000	      0.0000	      0.0000
     -4.6583	     29.7722	      0.0000	      0.0000
      0.0000	      0.0000	      0.0000	      0.0000
      0.0000	      0.0000	      0.0000	      0.0000
      0.0000	      0.0000	      0.0000	      0.0000
    -14.7830	    -21.6277	     11.7189	    -22.0408
      0.0000	      0.0000	      0.0000	      0.0000
      0.0000	      0.0000	      0.0000	      0.0000
      0.0000	      0.0000	      0.0000	      0.0000
    -36.4661	    -40.0955	    -56.4532	    -13.1463
      0.0000	      0.0000	      0.0000	      0.0000
      0.0000	      0.0000	      0.0000	      0.0000
      0.0000	      0.0000	      0.0000	      0.0000
    -17.2030	    -12.3448	    -15.9288	    -13.3716
      0.0000	      0.0000	      0.0000	      0.0000
      0.0000	      0.0000	      0.0000	      0.0000
      0.0000	      0.0000	      0.0000	      0.0000
      1.2701	      0.0000	      0.0000	      0.0000
      0.0000	      0.0000	      0.0000	      0.0000
      0.0000	      0.0000	      0.0000	      0.0000
      0.0000	      0.0000	      0.0000	      0.0000
      0.0000	      0.0000	      0.0000	      0.0000
      0.0000	      0.0000	      0.0000	      0.0000
      0.0000	      0.0000	      0.0000	      0.0000
      0.0000	      0.0000	      0.0000	      0.0000
      0.0000	      0.0000	      0.0000	      0.0000
      0.0000	      0.0000	      0.0000	      0.0000
      0.0000	      0.0000	      0.0000	      0.0000
      0.0000	      0.0000	      0.0000	      0.0000
     -0.0467	      9.9009	      0.0000	      0.0000
      0.0000	      0.0000	      0.0000	      0.0000
      0.0000	      0.0000	      0.0000	      0.0000
      0.0000	      0.0000	      0.0000	      0.0000
     22.5124	      0.0000	      0.0000	      0.0000
      0.0000	      0.0000	      0.0000	      0.0000
      0.0000	      0.0000	      0.0000	      0.0000
      0.0000	      0.0000	      0.0000	      0.0000
      0.0000	      0.0000	      3.0948	      0.0000
      0.0000	      0.0000	      0.0000	      0.0000
      0.0000	      0.0000	      0.0000	      0.0000
      0.0000	      0.0000	      0.0000	      0.0000
     16.4841	      0.0000	      0.0000	      0.0000
      0.0000	      0.0000	      0.0000	      0.0000
      0.0000	      0.0000	      0.0000	      0.0000
      0.0000	      0.0000	      0.0000	      0.0000
     -0.4937	     -1.7914	      3.6550	     15.1599
      0.0000	      0.0000	      0.0000	      0.0000
      0.0000	      0.0000	      0.0000	      0.0000
      0.0000	      0.0000	      0.0000	      0.0000
      9.9348	      0.0000	      0.0000	      0.0000
      0.0000	      0.0000	      0.0000	      0.0000
      0.0000	      0.0000	      0.0000	      0.0000
      0.0000	      0.0000	      0.0000	      0.0000
     40.1792	      0.0000	      0.0000	      0.0000
      0.0000	      0.0000	      0.0000	      0.0000
      0.0000	      0.0000	      0.0000	      0.0000
      0.0000	      0.0000	      0.0000	      0.0000
     -4.0630	    -13.9284	      3.1753	    -10.2779
      0.0000	      0.0000	      0.0000	      0.0000
      0.0000	      0.0000	      0.0000	      0.0000
      0.0000	      0.0000	      0.0000	      0.0000
     19.7337	     57.5561	     18.2850	     20.0833
      0.0000	      0.0000	      0.0000	      0.0000
      0.0000	      0.0000	      0.0000	      0.0000
      0.0000	      0.0000	      0.0000	      0.0000
      6.8161	     12.5418	     -1.0738	     57.1027
      0.0000	      0.0000	      0.0000	      0.0000
      0.0000	      0.0000	      0.0000	      0.0000
      0.0000	      0.0000	      0.0000	      0.0000
    -58.0820	    -58.3471	    -71.2023	    -26.8424
      0.0000	      0.0000	      0.0000	      0.0000
      0.0000	      0.0000	      0.0000	      0.0000
      0.0000	      0.0000	      0.0000	      0.0000
    -28.2384	    -33.1963	    -29.1177	    -31.5845
      0.0000	      0.0000	      0.0000	      0.0000
      0.0000	      0.0000	      0.0000	      0.0000
      0.0000	      0.0000	      0.0000	      0.0000
      2.6093	      0.0000	      0.0000	      0.0000
      0.0000	      0.0000	      0.0000	      0.0000
      0.0000	      0.0000	      0.0000	      0.0000
      0.0000	      0.0000	      0.0000	      0.0000
     11.8063	      0.0000	      0.0000	      0.0000
      0.0000	      0.0000	      0.0000	      0.0000
      0.0000	      0.0000	      0.0000	      0.0000
      0.0000	      0.0000	      0.0000	      0.0000
     -2.7997	     -2.0261	    -11.7106	     -3.6739
      0.0000	      0.0000	      0.0000	      0.0000
      0.0000	      0.0000	      0.0000	      0.0000
      0.0000	      0.0000	      0.0000	      0.0000
      0.4903	     10.3207	      0.0000	      0.0000
      0.0000	      0.0000	      0.0000	      0.0000
      0.0000	      0.0000	      0.0000	      0.0000
      0.0000	      0.0000	      0.0000	      0.0000
     19.8237	      0.0000	      0.0000	      0.0000
      0.0000	      0.0000	      0.0000	      0.0000
      0.0000	      0.0000	      0.0000	      0.0000
      0.0000	      0.0000	      0.0000	      0.0000
     -1.9132	      6.9020	      0.0000	      0.0000
      0.0000	      0.0000	      0.0000	      0.0000
      0.0000	      0.0000	      0.0000	      0.0000
      0.0000	      0.0000	      0.0000	      0.0000
     17.0858	     -3.9886	      1.8637	     -6.6163
      0.0000	      0.0000	      0.0000	      0.0000
      0.0000	      0.0000	      0.0000	      0.0000
      0.0000	      0.0000	      0.0000	      0.0000
      4.8396	     -7.3424	    -10.6030	     -8.5384
      0.0000	      0.0000	      0.0000	      0.0000
      0.0000	      0.0000	      0.0000	      0.0000
      0.0000	      0.0000	      0.0000	      0.0000
     17.5378	      0.0000	     -0.4490	      0.0000
      0.0000	      0.0000	      0.0000	      0.0000
      0.0000	      0.0000	      0.0000	      0.0000
      0.0000	      0.0000	      0.0000	      0.0000
     27.2694	      1.8468	      7.1281	      0.0000
      0.0000	      0.0000	      0.0000	      0.0000
      0.0000	      0.0000	      0.0000	      0.0000
      0.0000	      0.0000	      0.0000	      0.0000
     -4.8779	    -14.0648	    -16.3004	     -3.4634
      0.0000	      0.0000	      0.0000	      0.0000
      0.0000	      0.0000	      0.0000	      0.0000
      0.0000	      0.0000	      0.0000	      0.0000
      4.5437	     24.8982	      0.0000	      0.0000
      0.0000	      0.0000	      0.0000	      0.0000
      0.0000	      0.0000	      0.0000	      0.0000
      0.0000	      0.0000	      0.0000	      0.0000
     34.6502	     -7.4200	     -2.9244	     11.2519
      0.0000	      0.0000	      0.0000	      0.0000
      0.0000	      0.0000	      0.0000	      0.0000
      0.0000	      0.0000	      0.0000	      0.0000
    -36.5189	    -48.6582	    -69.8695	     26.3311
      0.0000	      0.0000	      0.0000	      0.0000
      0.0000	      0.0000	      0.0000	      0.0000
      0.0000	      0.0000	      0.0000	      0.0000
    -72.0373	    -72.5680	    -52.1046	    -74.5562
      0.0000	      0.0000	      0.0000	      0.0000
      0.0000	      0.0000	      0.0000	      0.0000
      0.0000	      0.0000	      0.0000	      0.0000
     -1.2370	     -3.3688	     -3.9976	     -8.8768
      0.0000	      0.0000	      0.0000	      0.0000
      0.0000	      0.0000	      0.0000	      0.0000
      0.0000	      0.0000	      0.0000	      0.0000
     24.0520	      0.0000	      0.0000	      0.0000
      0.0000	      0.0000	      0.0000	      0.0000
      0.0000	      0.0000	      0.0000	      0.0000
      0.0000	      0.0000	      0.0000	      0.0000
    -56.2769	    -27.2131	    -59.0914	    -57.1514
      0.0000	      0.0000	      0.0000	      0.0000
      0.0000	      0.0000	      0.0000	      0.0000
      0.0000	      0.0000	      0.0000	      0.0000
     -8.7929	     -0.9043	    -10.1234	    -10.8063
      0.0000	      0.0000	      0.0000	      0.0000
      0.0000	      0.0000	      0.0000	      0.0000
      0.0000	      0.0000	      0.0000	      0.0000
     -6.3802	     -8.6886	     -6.7490	      7.5212
      0.0000	      0.0000	      0.0000	      0.0000
      0.0000	      0.0000	      0.0000	      0.0000
      0.0000	      0.0000	      0.0000	      0.0000
    -28.5424	      5.5806	    -27.1021	    -24.4270
      0.0000	      0.0000	      0.0000	      0.0000
      0.0000	      0.0000	      0.0000	      0.0000
      0.0000	      0.0000	      0.0000	      0.0000
      8.4937	    -13.6949	    -16.7241	    -14.2856
      0.0000	      0.0000	      0.0000	      0.0000
      0.0000	      0.0000	      0.0000	      0.0000
      0.0000	      0.0000	      0.0000	      0.0000
    -29.2570	    -31.3286	    -38.7385	     -0.6214
      0.0000	      0.0000	      0.0000	      0.0000
      0.0000	      0.0000	      0.0000	      0.0000
      0.0000	      0.0000	      0.0000	      0.0000
     23.5251	     -6.1218	     -9.2145	     -4.4728
      0.0000	      0.0000	      0.0000	      0.0000
      0.0000	      0.0000	      0.0000	      0.0000
      0.0000	      0.0000	      0.0000	      0.0000
     13.7089	    -12.1061	    -17.7720	     -5.7586
      0.0000	      0.0000	      0.0000	      0.0000
      0.0000	      0.0000	      0.0000	      0.0000
      0.0000	      0.0000	      0.0000	      0.0000
    -42.9885	    -34.4268	    -52.3407	      2.7715
      0.0000	      0.0000	      0.0000	      0.0000
      0.0000	      0.0000	      0.0000	      0.0000
      0.0000	      0.0000	      0.0000	      0.0000
     41.1101	     24.0657	      8.0206	     24.6572
      0.0000	      0.0000	      0.0000	      0.0000
      0.0000	      0.0000	      0.0000	      0.0000
      0.0000	      0.0000	      0.0000	      0.0000
     11.2714	    -11.8406	    -20.5808	     26.1925
      0.0000	      0.0000	      0.0000	      0.0000
      0.0000	      0.0000	      0.0000	      0.0000
      0.0000	      0.0000	      0.0000	      0.0000
    -86.6700	    -80.0314	    -96.0475	     13.1709
      0.0000	      0.0000	      0.0000	      0.0000
      0.0000	      0.0000	      0.0000	      0.0000
      0.0000	      0.0000	      0.0000	      0.0000
    -41.5090	      2.6856	    -46.7069	    -46.1792
      0.0000	      0.0000	      0.0000	      0.0000
      0.0000	      0.0000	      0.0000	      0.0000
      0.0000	      0.0000	      0.0000	      0.0000
      2.5693	     21.5208	      0.0000	    -10.2839
      0.0000	      0.0000	      0.0000	      0.0000
      0.0000	      0.0000	      0.0000	      0.0000
      0.0000	      0.0000	      0.0000	      0.0000
      0.0000	      0.0000	     21.1197	      0.0000
      0.0000	      0.0000	      0.0000	      0.0000
      0.0000	      0.0000	      0.0000	      0.0000
      0.0000	      0.0000	      0.0000	      0.0000
     -6.2019	     -8.6422	     -2.8186	    -11.7181
      0.0000	      0.0000	      0.0000	      0.0000
      0.0000	      0.0000	      0.0000	      0.0000
      0.0000	      0.0000	      0.0000	      0.0000
     10.6992	     16.6433	     -3.7734	     -2.1250
      0.0000	      0.0000	      0.0000	      0.0000
      0.0000	      0.0000	      0.0000	      0.0000
      0.0000	      0.0000	      0.0000	      0.0000
      5.4147	     14.8005	      2.4101	      9.7802
      0.0000	      0.0000	      0.0000	      0.0000
      0.0000	      0.0000	      0.0000	      0.0000
      0.0000	      0.0000	      0.0000	      0.0000
     -2.1103	     -3.7409	      6.4624	     -1.7080
      0.0000	      0.0000	      0.0000	      0.0000
      0.0000	      0.0000	      0.0000	      0.0000
      0.0000	      0.0000	      0.0000	      0.0000
      3.3422	      3.8314	     21.4265	     -1.8153
      0.0000	      0.0000	      0.0000	      0.0000
      0.0000	      0.0000	      0.0000	      0.0000
      0.0000	      0.0000	      0.0000	      0.0000
     -9.4024	     -4.1871	      5.6420	    -10.3811
      0.0000	      0.0000	      0.0000	      0.0000
      0.0000	      0.0000	      0.0000	      0.0000
      0.0000	      0.0000	      0.0000	      0.0000
      9.4564	     29.4321	     13.8988	      2.6495
      0.0000	      0.0000	      0.0000	      0.0000
      0.0000	      0.0000	      0.0000	      0.0000
      0.0000	      0.0000	      0.0000	      0.0000
      9.7204	     -0.6143	     22.4560	      6.5186
      0.0000	      0.0000	      0.0000	      0.0000
      0.0000	      0.0000	      0.0000	      0.0000
      0.0000	      0.0000	      0.0000	      0.0000
     -6.0567	    -21.3097	     -0.0083	     -6.7050
      0.0000	      0.0000	      0.0000	      0.0000
      0.0000	      0.0000	      0.0000	      0.0000
      0.0000	      0.0000	      0.0000	      0.0000
     20.2394	     46.0456	     25.2383	     56.1860
      0.0000	      0.0000	      0.0000	      0.0000
      0.0000	      0.0000	      0.0000	      0.0000
      0.0000	      0.0000	      0.0000	      0.0000
      9.3465	      4.9066	      3.1197	     32.5911
      0.0000	      0.0000	      0.0000	      0.0000
      0.0000	      0.0000	      0.0000	      0.0000
      0.0000	      0.0000	      0.0000	      0.0000
    -97.9501	   -103.2629	     -0.1530	    -98.6319
      0.0000	      0.0000	      0.0000	      0.0000
      0.0000	      0.0000	      0.0000	      0.0000
      0.0000	      0.0000	      0.0000	      0.0000
    -81.2872	    -75.9827	    -18.5918	    -83.1678
      0.0000	      0.0000	      0.0000	      0.0000
      0.0000	      0.0000	      0.0000	      0.0000
      0.0000	      0.0000	      0.0000	      0.0000
      6.2129	     16.2498	     -0.9992	    -20.8018
      0.0000	      0.0000	      0.0000	      0.0000
      0.0000	      0.0000	      0.0000	      0.0000
      0.0000	      0.0000	      0.0000	      0.0000
     16.8322	      0.0000	      0.0000	      1.2246
      0.0000	      0.0000	      0.0000	      0.0000
      0.0000	      0.0000	      0.0000	      0.0000
      0.0000	      0.0000	      0.0000	      0.0000
    -34.2051	     -0.6171	    -31.3184	    -31.5959
      0.0000	      0.0000	      0.0000	      0.0000
      0.0000	      0.0000	      0.0000	      0.0000
      0.0000	      0.0000	      0.0000	      0.0000
     -2.4604	      1.6136	     -4.2191	     -6.9579
      0.0000	      0.0000	      0.0000	      0.0000
      0.0000	      0.0000	      0.0000	      0.0000
      0.0000	      0.0000	      0.0000	      0.0000
     -6.5238	      1.9517	     -4.4307	     -8.5354
      0.0000	      0.0000	      0.0000	      0.0000
      0.0000	      0.0000	      0.0000	      0.0000
      0.0000	      0.0000	      0.0000	      0.0000
    -13.7182	     -4.5727	    -19.0760	    -25.0433
      0.0000	      0.0000	      0.0000	      0.0000
      0.0000	      0.0000	      0.0000	      0.0000
      0.0000	      0.0000	      0.0000	      0.0000
    -15.6604	    -12.5957	    -10.4779	     -8.7958
      0.0000	      0.0000	      0.0000	      0.0000
      0.0000	      0.0000	      0.0000	      0.0000
      0.0000	      0.0000	      0.0000	      0.0000
    -22.1733	    -21.2131	    -26.1954	     -6.2731
      0.0000	      0.0000	      0.0000	      0.0000
      0.0000	      0.0000	      0.0000	      0.0000
      0.0000	      0.0000	      0.0000	      0.0000
      5.2221	    -12.8512	      0.8120	      0.1445
      0.0000	      0.0000	      0.0000	      0.0000
      0.0000	      0.0000	      0.0000	      0.0000
      0.0000	      0.0000	      0.0000	      0.0000
    -12.0417	    -10.8222	     -7.5726	    -17.0207
      0.0000	      0.0000	      0.0000	      0.0000
      0.0000	      0.0000	      0.0000	      0.0000
      0.0000	      0.0000	      0.0000	      0.0000
    -26.0228	    -30.9577	    -15.8124	    -25.5675
      0.0000	      0.0000	      0.0000	      0.0000
      0.0000	      0.0000	      0.0000	      0.0000
      0.0000	      0.0000	      0.0000	      0.0000
     21.5700	     20.9815	     21.7626	     14.8155
      0.0000	      0.0000	      0.0000	      0.0000
      0.0000	      0.0000	      0.0000	      0.0000
      0.0000	      0.0000	      0.0000	      0.0000
      8.8198	      7.3016	     17.1070	      3.3100
      0.0000	      0.0000	      0.0000	      0.0000
      0.0000	      0.0000	      0.0000	      0.0000
      0.0000	      0.0000	      0.0000	      0.0000
    -40.3862	    -37.9783	    -42.4338	      0.8492
      0.0000	      0.0000	      0.0000	      0.0000
      0.0000	      0.0000	      0.0000	      0.0000
      0.0000	      0.0000	      0.0000	      0.0000
    -72.9732	      9.1908	    -77.4662	    -55.6276
      0.0000	      0.0000	      0.0000	      0.0000
      0.0000	      0.0000	      0.0000	      0.0000
      0.0000	      0.0000	      0.0000	      0.0000
      2.7954	     15.5152	    -43.8458	    -23.4990
      0.0000	      0.0000	      0.0000	      0.0000
      0.0000	      0.0000	      0.0000	      0.0000
      0.0000	      0.0000	      0.0000	      0.0000
     -5.4097	     20.6866	    -21.3804	    -15.9276
      0.0000	      0.0000	      0.0000	      0.0000
      0.0000	      0.0000	      0.0000	      0.0000
      0.0000	      0.0000	      0.0000	      0.0000
    -42.4925	     -3.3336	    -61.0995	    -73.0321
      0.0000	      0.0000	      0.0000	      0.0000
      0.0000	      0.0000	      0.0000	      0.0000
      0.0000	      0.0000	      0.0000	      0.0000
      1.0468	    -24.1105	    -31.8189	    -17.2343
      0.0000	      0.0000	      0.0000	      0.0000
      0.0000	      0.0000	      0.0000	      0.0000
      0.0000	      0.0000	      0.0000	      0.0000
      5.2399	    -28.8215	    -40.8663	    -15.1277
      0.0000	      0.0000	      0.0000	      0.0000
      0.0000	      0.0000	      0.0000	      0.0000
      0.0000	      0.0000	      0.0000	      0.0000
    -17.7399	     -8.2476	    -31.0105	    -27.3526
      0.0000	      0.0000	      0.0000	      0.0000
      0.0000	      0.0000	      0.0000	      0.0000
      0.0000	      0.0000	      0.0000	      0.0000
    -27.0233	    -14.1753	    -31.7367	    -26.3160
      0.0000	      0.0000	      0.0000	      0.0000
      0.0000	      0.0000	      0.0000	      0.0000
      0.0000	      0.0000	      0.0000	      0.0000
    -12.8853	    -40.9740	    -45.8057	    -23.0386
      0.0000	      0.0000	      0.0000	      0.0000
      0.0000	      0.0000	      0.0000	      0.0000
      0.0000	      0.0000	      0.0000	      0.0000
      7.4242	     -0.1708	     -9.1767	    -20.4465
      0.0000	      0.0000	      0.0000	      0.0000
      0.0000	      0.0000	      0.0000	      0.0000
      0.0000	      0.0000	      0.0000	      0.0000
    -14.9143	    -13.8794	    -24.3094	      2.0840
      0.0000	      0.0000	      0.0000	      0.0000
      0.0000	      0.0000	      0.0000	      0.0000
      0.0000	      0.0000	      0.0000	      0.0000
    -40.8056	    -43.7988	    -58.6440	     -0.1024
      0.0000	      0.0000	      0.0000	      0.0000
      0.0000	      0.0000	      0.0000	      0.0000
      0.0000	      0.0000	      0.0000	      0.0000
     38.1604	     19.9196	     16.7780	     19.9056
      0.0000	      0.0000	      0.0000	      0.0000
      0.0000	      0.0000	      0.0000	      0.0000
      0.0000	      0.0000	      0.0000	      0.0000
      7.0299	      5.8608	     -2.5504	     25.8844
      0.0000	      0.0000	      0.0000	      0.0000
      0.0000	      0.0000	      0.0000	      0.0000
      0.0000	      0.0000	      0.0000	      0.0000
    -29.7138	    -50.6884	    -32.9188	    -12.5791
      0.0000	      0.0000	      0.0000	      0.0000
      0.0000	      0.0000	      0.0000	      0.0000
      0.0000	      0.0000	      0.0000	      0.0000
    -71.5117	     14.1511	    -71.5858	    -76.0274
      0.0000	      0.0000	      0.0000	      0.0000
      0.0000	      0.0000	      0.0000	      0.0000
      0.0000	      0.0000	      0.0000	      0.0000
    -23.9215	     17.1813	    -30.1347	    -23.8011
      0.0000	      0.0000	      0.0000	      0.0000
      0.0000	      0.0000	      0.0000	      0.0000
      0.0000	      0.0000	      0.0000	      0.0000
     40.8917	     31.2925	     39.6621	     23.3684
      0.0000	      0.0000	      0.0000	      0.0000
      0.0000	      0.0000	      0.0000	      0.0000
      0.0000	      0.0000	      0.0000	      0.0000
    -13.9952	      3.0884	    -20.5497	    -17.4158
      0.0000	      0.0000	      0.0000	      0.0000
      0.0000	      0.0000	      0.0000	      0.0000
      0.0000	      0.0000	      0.0000	      0.0000
    -17.9261	      6.9964	    -18.8725	    -30.9228
      0.0000	      0.0000	      0.0000	      0.0000
      0.0000	      0.0000	      0.0000	      0.0000
      0.0000	      0.0000	      0.0000	      0.0000
     -6.6776	      0.5101	    -31.0930	    -15.1561
      0.0000	      0.0000	      0.0000	      0.0000
      0.0000	      0.0000	      0.0000	      0.0000
      0.0000	      0.0000	      0.0000	      0.0000
    -16.4466	     -5.3372	    -25.3851	    -22.3961
      0.0000	      0.0000	      0.0000	      0.0000
      0.0000	      0.0000	      0.0000	      0.0000
      0.0000	      0.0000	      0.0000	      0.0000
     -9.0953	    -14.2045	    -17.5842	    -16.7943
      0.0000	      0.0000	      0.0000	      0.0000
      0.0000	      0.0000	      0.0000	      0.0000
      0.0000	      0.0000	      0.0000	      0.0000
    -51.3865	    -25.2438	    -59.4311	    -54.3501
      0.0000	      0.0000	      0.0000	      0.0000
      0.0000	      0.0000	      0.0000	      0.0000
      0.0000	      0.0000	      0.0000	      0.0000
      8.8831	     -0.0863	     -2.4321	      1.2656
      0.0000	      0.0000	      0.0000	      0.0000
      0.0000	      0.0000	      0.0000	      0.0000
      0.0000	      0.0000	      0.0000	      0.0000
    -23.4713	    -16.6597	    -30.4982	    -25.7579
      0.0000	      0.0000	      0.0000	      0.0000
      0.0000	      0.0000	      0.0000	      0.0000
      0.0000	      0.0000	      0.0000	      0.0000
     -8.3112	    -28.5974	    -41.3176	    -43.7051
      0.0000	      0.0000	      0.0000	      0.0000
      0.0000	      0.0000	      0.0000	      0.0000
      0.0000	      0.0000	      0.0000	      0.0000
     32.6344	     32.2036	     28.2708	     30.6326
      0.0000	      0.0000	      0.0000	      0.0000
      0.0000	      0.0000	      0.0000	      0.0000
      0.0000	      0.0000	      0.0000	      0.0000
     14.0107	    -19.1842	     45.6248	     29.1879
      0.0000	      0.0000	      0.0000	      0.0000
      0.0000	      0.0000	      0.0000	      0.0000
      0.0000	      0.0000	      0.0000	      0.0000
    -86.7908	    -76.7219	    -42.3597	     22.0723
      0.0000	      0.0000	      0.0000	      0.0000
      0.0000	      0.0000	      0.0000	      0.0000
      0.0000	      0.0000	      0.0000	      0.0000
    -43.3047	    -28.8487	    -73.1406	    -51.8419
      0.0000	      0.0000	      0.0000	      0.0000
      0.0000	      0.0000	      0.0000	      0.0000
      0.0000	      0.0000	      0.0000	      0.0000
    -42.6616	     -3.2420	    -52.0610	    -42.1733
      0.0000	      0.0000	      0.0000	      0.0000
      0.0000	      0.0000	      0.0000	      0.0000
      0.0000	      0.0000	      0.0000	      0.0000
     -9.9896	      7.3758	     -2.8747	    -18.1427
      0.0000	      0.0000	      0.0000	      0.0000
      0.0000	      0.0000	      0.0000	      0.0000
      0.0000	      0.0000	      0.0000	      0.0000
    -42.3637	    -19.4476	    -55.2759	    -56.3384
      0.0000	      0.0000	      0.0000	      0.0000
      0.0000	      0.0000	      0.0000	      0.0000
      0.0000	      0.0000	      0.0000	      0.0000
    -32.3548	    -26.5680	    -47.1576	    -34.0307
      0.0000	      0.0000	      0.0000	      0.0000
      0.0000	      0.0000	      0.0000	      0.0000
      0.0000	      0.0000	      0.0000	      0.0000
    -40.8968	    -21.2305	    -44.1573	    -39.0745
      0.0000	      0.0000	      0.0000	      0.0000
      0.0000	      0.0000	      0.0000	      0.0000
      0.0000	      0.0000	      0.0000	      0.0000
    -45.0014	    -45.1449	    -24.8580	    -46.4896
      0.0000	      0.0000	      0.0000	      0.0000
      0.0000	      0.0000	      0.0000	      0.0000
      0.0000	      0.0000	      0.0000	      0.0000
    -39.7376	    -30.8914	    -31.4971	    -37.9869
      0.0000	      0.0000	      0.0000	      0.0000
      0.0000	      0.0000	      0.0000	      0.0000
      0.0000	      0.0000	      0.0000	      0.0000
    -47.8290	    -39.2717	    -48.6992	    -56.0315
      0.0000	      0.0000	      0.0000	      0.0000
      0.0000	      0.0000	      0.0000	      0.0000
      0.0000	      0.0000	      0.0000	      0.0000
    -24.5469	    -23.0528	    -16.5949	    -23.2013
      0.0000	      0.0000	      0.0000	      0.0000
      0.0000	      0.0000	      0.0000	      0.0000
      0.0000	      0.0000	      0.0000	      0.0000
    -12.1138	    -41.0711	    -33.8617	    -42.2756
      0.0000	      0.0000	      0.0000	      0.0000
      0.0000	      0.0000	      0.0000	      0.0000
      0.0000	      0.0000	      0.0000	      0.0000
    -64.1464	    -52.6754	    -33.3582	    -61.0074
      0.0000	      0.0000	      0.0000	      0.0000
      0.0000	      0.0000	      0.0000	      0.0000
      0.0000	      0.0000	      0.0000	      0.0000
     -3.9791	      2.4788	     42.4485	     -6.3979
      0.0000	      0.0000	      0.0000	      0.0000
      0.0000	      0.0000	      0.0000	      0.0000
      0.0000	      0.0000	      0.0000	      0.0000
    -10.4688	    -57.8614	     35.3551	     -4.8079
      0.0000	      0.0000	      0.0000	      0.0000
      0.0000	      0.0000	      0.0000	      0.0000
      0.0000	      0.0000	      0.0000	      0.0000
    -91.8355	    -75.7904	     -8.9953	    -86.1463
      0.0000	      0.0000	      0.0000	      0.0000
      0.0000	      0.0000	      0.0000	      0.0000
      0.0000	      0.0000	      0.0000	      0.0000
   -101.2739	    -71.3361	   -106.2867	    -95.0631
      0.0000	      0.0000	      0.0000	      0.0000
      0.0000	      0.0000	      0.0000	      0.0000
      0.0000	      0.0000	      0.0000	      0.0000
    -92.0944	    -31.7665	    -79.9574	    -83.3251
      0.0000	      0.0000	      0.0000	      0.0000
      0.0000	      0.0000	      0.0000	      0.0000
      0.0000	      0.0000	      0.0000	      0.0000
    -14.4386	    -26.9918	    -56.6390	    -28.2351
      0.0000	      0.0000	      0.0000	      0.0000
      0.0000	      0.0000	      0.0000	      0.0000
      0.0000	      0.0000	      0.0000	      0.0000
    -89.4539	    -13.6672	    -75.7285	   -116.7618
      0.0000	      0.0000	      0.0000	      0.0000
      0.0000	      0.0000	      0.0000	      0.0000
      0.0000	      0.0000	      0.0000	      0.0000
    -55.7754	     -6.0247	    -70.5877	    -53.8734
      0.0000	      0.0000	      0.0000	      0.0000
      0.0000	      0.0000	      0.0000	      0.0000
      0.0000	      0.0000	      0.0000	      0.0000
    -69.9669	    -69.7386	    -73.5324	    -22.9826
      0.0000	      0.0000	      0.0000	      0.0000
      0.0000	      0.0000	      0.0000	      0.0000
      0.0000	      0.0000	      0.0000	      0.0000
    -25.7940	    -84.7996	    -60.4276	    -57.5315
      0.0000	      0.0000	      0.0000	      0.0000
      0.0000	      0.0000	      0.0000	      0.0000
      0.0000	      0.0000	      0.0000	      0.0000
    -65.1580	    -30.8996	    -78.4625	    -62.5414
      0.0000	      0.0000	      0.0000	      0.0000
      0.0000	      0.0000	      0.0000	      0.0000
      0.0000	      0.0000	      0.0000	      0.0000
    -71.7383	    -76.8640	    -87.2734	    -33.2807
      0.0000	      0.0000	      0.0000	      0.0000
      0.0000	      0.0000	      0.0000	      0.0000
      0.0000	      0.0000	      0.0000	      0.0000
    -38.6063	      4.1764	    -47.2243	    -65.5312
      0.0000	      0.0000	      0.0000	      0.0000
      0.0000	      0.0000	      0.0000	      0.0000
      0.0000	      0.0000	      0.0000	      0.0000
    -69.5975	    -56.5262	    -43.4570	    -19.2409
      0.0000	      0.0000	      0.0000	      0.0000
      0.0000	      0.0000	      0.0000	      0.0000
      0.0000	      0.0000	      0.0000	      0.0000
    -95.5126	    -33.4090	    -94.3690	    -66.7109
      0.0000	      0.0000	      0.0000	      0.0000
      0.0000	      0.0000	      0.0000	      0.0000
      0.0000	      0.0000	      0.0000	      0.0000
      0.6140	     27.6949	    -15.8580	     -6.8277
      0.0000	      0.0000	      0.0000	      0.0000
      0.0000	      0.0000	      0.0000	      0.0000
      0.0000	      0.0000	      0.0000	      0.0000
    -37.0336	    -61.9249	     -3.2297	    -60.4256
      0.0000	      0.0000	      0.0000	      0.0000
      0.0000	      0.0000	      0.0000	      0.0000
      0.0000	      0.0000	      0.0000	      0.0000
    -89.9438	   -112.6733	    -34.8995	    -93.2711
      0.0000	      0.0000	      0.0000	      0.0000
      0.0000	      0.0000	      0.0000	      0.0000
      0.0000	      0.0000	      0.0000	      0.0000
