# a0	a1	a2	a3
    -40.4884	    -32.1036	    -24.1488	    -19.3363
      0.0000	      0.0000	      0.0000	      0.0000
    -15.3617	      0.0000	      0.0000	      0.0000
      0.0000	      0.0000	      0.0000	      0.0000
    -20.2009	     16.2526	      0.0000	      0.0000
      0.0000	      0.0000	      0.0000	      0.0000
      0.0000	      0.0000	      0.0000	      0.0000
      0.0000	      0.0000	      0.0000	      0.0000
    -20.3639	      3.2023	      0.0000	    -15.4796
      0.0000	      0.0000	      0.0000	      0.0000
      0.0000	      0.0000	      0.0000	      0.0000
      0.0000	      0.0000	      0.0000	      0.0000
     -6.3786	     -6.7351	    -12.0695	      0.0000
      0.0000	      0.0000	      0.0000	      0.0000
      0.0000	      0.0000	      0.0000	      0.0000
      0.0000	      0.0000	      0.0000	      0.0000
     -1.9618	     -1.0159	     25.9859	      0.0000
      0.0000	      0.0000	      0.0000	      0.0000
      0.0000	      0.0000	      0.0000	      0.0000
      0.0000	      0.0000	      0.0000	      0.0000
      0.0000	      0.0000	      0.0000	      0.0000
      0.0000	      0.0000	      0.0000	      0.0000
      7.8543	      0.0000	      0.0000	      0.0000
      0.0000	      0.0000	      0.0000	      0.0000
     -1.5389	      9.7270	      0.0000	      0.0000
    -19.7163	      0.0000	      0.0000	      0.0000
     -0.7422	      0.0000	      0.0000	      0.0000
      0.0000	      0.0000	      0.0000	      0.0000
     -1.2163	     -1.6575	      6.0198	      0.0000
      0.0000	      0.0000	      0.0000	      0.0000
      4.3166	      0.0000	      0.0000	      0.0000
      0.0000	      0.0000	      0.0000	      0.0000
     -1.6156	     -4.5793	     -3.6684	     -0.7419
      0.0000	      0.0000	      0.0000	      0.0000
    -17.2550	      0.0000	      0.0000	      0.0000
      0.0000	      0.0000	      0.0000	      0.0000
     10.4630	      0.0000	      0.0000	      0.0000
    -19.7030	      5.2980	      0.0000	      0.0000
    -19.6620	      0.0000	      0.0000	      0.0000
    -18.8534	      0.0000	      0.0000	      0.0000
     -1.9159	    -20.1068	    -20.1010	      0.0000
      0.0000	      0.0000	      0.0000	      0.0000
      0.0000	      0.0000	      0.0000	      0.0000
      0.0000	      0.0000	      0.0000	      0.0000
    -18.4525	     -3.1149	     -2.6910	    -10.9543
      7.2656	      0.0000	      0.0000	      0.0000
     -6.7734	      0.0000	      0.0000	      0.0000
      0.0000	      0.0000	      0.0000	      0.0000
    -13.9207	     -0.6073	     -3.4220	      0.0000
    -25.1044	     -7.2137	      0.0000	      0.0000
      0.0000	      0.0000	      0.0000	      0.0000
      0.0000	      0.0000	      0.0000	      0.0000
    -18.6810	    -21.2281	     -8.9684	    -25.7733
      0.0000	      0.0000	      0.0000	      0.0000
      0.0000	      0.0000	      0.0000	      0.0000
      0.0000	      0.0000	      0.0000	      0.0000
   -103.9148	   -121.1610	   -102.2022	    -79.6380
      5.7385	      0.0000	      0.0000	      0.0000
      0.0000	      0.0000	      0.0000	      0.0000
      0.0000	      0.0000	      0.0000	      0.0000
    -20.1150	     -2.1683	     -5.8543	     -3.8369
      0.0000	      0.0000	      0.0000	      0.0000
    -20.0268	      4.0527	      0.0000	      0.0000
      0.0000	      0.0000	      0.0000	      0.0000
     -1.0744	     -1.2691	     11.3782	      0.0000
      0.0000	      0.0000	      0.0000	      0.0000
     -0.2168	      0.0000	      0.0000	      0.0000
      0.0000	      0.0000	      0.0000	      0.0000
      0.0000	      0.0000	      0.0000	      0.5474
      0.0000	      0.0000	      0.0000	      0.0000
      0.0000	      0.0000	      0.0000	      0.0000
      0.0000	      0.0000	      0.0000	      0.0000
     -3.8319	     -3.7769	     -1.7606	     -2.4599
     -2.8027	      0.0000	      0.0000	      0.0000
      0.0000	      0.0000	      0.0000	      0.0000
      0.0000	      0.0000	      0.0000	      0.0000
     -1.0943	     -1.9016	      8.0285	      0.0000
      0.0000	      0.0000	      0.0000	      0.0000
      7.6926	      0.0000	      0.0000	      0.0000
      0.0000	      0.0000	      0.0000	      0.0000
     16.2090	      0.0000	      0.0000	      0.0000
      3.7947	      0.0000	      0.0000	      0.0000
     21.4300	      0.0000	      0.0000	      0.0000
     30.3357	      0.0000	      0.0000	      0.0000
     -1.7207	    -21.3127	      1.2583	     -1.0754
     -5.7082	      5.7630	      0.0000	      0.0000
      0.0000	      0.0000	      0.0000	      0.0000
      0.0000	      0.0000	      0.0000	      0.0000
    -15.8631	     -1.4329	     -1.2588	     12.9904
      5.8413	      0.0000	      0.0000	      0.0000
     14.3521	      4.4417	      0.0000	      0.0000
      0.0000	      0.0000	      0.0000	      0.0000
    -27.6946	    -22.7207	    -12.5672	     14.6109
      0.0000	      0.0000	      0.0000	      0.0000
     -0.0097	     -7.1274	     -1.9258	     -3.4340
      5.5690	      0.0000	      0.0000	      0.0000
     14.7049	     -1.0605	      0.0000	      0.0000
     25.8474	      0.0000	      0.0000	      0.0000
    -18.4870	      2.0609	      0.0000	      0.0000
      5.3693	      0.0000	      0.0000	      0.0000
     -2.0294	     -3.6887	    -23.3575	     24.0931
     -2.6454	     -1.7493	     -1.8502	     47.7147
     35.5135	      0.0000	      0.0000	      5.5982
     -0.8334	     19.1134	     -6.5183	      8.1915
    -37.4907	    -14.1497	    -21.9821	    -17.2337
      6.9022	      0.0000	      0.0000	      0.0000
     -3.1282	    -11.4230	     -4.5319	      2.0504
    -18.8971	      3.1411	      0.0000	      0.0000
     -8.5797	    -14.3400	      0.0000	      0.0000
      4.8292	      0.0000	      0.0000	      0.0000
      0.0000	      0.0000	      0.0000	      0.0000
     -0.5809	      0.0000	      0.0000	      0.0000
     -1.7809	     -6.7895	    -20.8116	     15.0618
     -8.6640	     -0.3469	     -8.2672	      9.9779
     11.0676	      0.0000	      0.0000	      0.0000
     31.5173	      0.0000	    -10.3179	      0.0000
   -103.9225	    -98.9325	   -122.5880	   -101.9547
    -47.1451	    -43.7070	    -30.6661	    -30.2067
    -19.7133	    -20.2778	      0.0000	      0.0000
      0.0000	      0.0000	      0.0000	      0.0000
     -8.1113	     -7.2626	     -8.1205	     -7.6859
      0.0000	      0.0000	      0.0000	      0.0000
     -6.6377	     -1.7302	     -0.4944	      1.9308
      0.0000	      0.0000	      0.0000	      0.0000
     -0.7237	     -0.9726	      7.1503	     -2.3531
     -0.1154	      0.0000	      0.0000	      0.0000
     -0.0376	      1.3750	      0.0000	      0.0000
      0.0000	      0.0000	      0.0000	      0.0000
     12.9875	      0.3075	      0.0000	      0.0000
      0.0000	      0.0000	      0.0000	      0.0000
      0.0000	      0.0000	      0.0000	      0.0000
      0.0000	      0.0000	      0.0000	      0.0000
    -21.7317	     -8.3207	    -23.1535	    -32.6085
     -0.4064	     -1.2093	     -4.2429	     -4.1045
      0.7000	      0.0000	      0.0000	      0.0000
      0.0000	      0.0000	      0.0000	      0.0000
    -17.3915	     -9.0626	    -10.3850	     -6.2693
     43.4333	      0.0000	      0.0000	      0.0000
     58.5606	      0.0000	      0.0000	      0.0000
     52.7751	      0.0000	      0.0000	      0.0000
    -10.2866	      0.0000	      0.0000	      0.0000
      0.0000	      0.0000	      0.0000	      0.0000
     14.9263	      0.0000	      0.0000	      0.0000
      0.0000	      0.0000	      0.0000	      0.0000
    -10.6064	    -11.6005	    -14.7217	    -10.1818
     -0.0843	     -0.6945	     -7.8488	      0.0000
      0.0000	      0.0000	      0.0000	      0.0000
     -0.8501	      0.0000	      0.0000	      0.0000
     -7.6630	     -3.5303	     -2.8275	     14.0975
     24.6740	      0.0000	     -5.1069	      1.3698
     27.4585	      0.0000	      0.0000	      0.4573
     -0.7807	     16.3305	      0.0000	      0.0000
    -19.9615	    -18.5946	    -26.1731	      1.7743
      0.0000	      0.0000	      0.0000	      0.0000
     -2.7376	      0.0000	      0.0000	      0.0000
      0.0000	      0.0000	      0.0000	      0.0000
     -9.1288	      0.0000	     -0.5490	     14.4851
      2.9574	      0.0000	      0.0000	      0.0000
      5.2515	      0.0000	      0.0000	      0.0000
      0.0000	      0.0000	      0.0000	      0.0000
     -0.0982	     -2.0493	      4.7088	     39.8584
     18.5491	      0.0000	      0.0000	      0.0000
      0.0000	      0.0000	      0.0000	     42.8284
     14.1883	      0.0000	     -0.5471	    101.4686
    -23.8708	    -27.4900	    -35.0186	      7.1465
      4.3909	      0.0000	      0.0000	      0.0000
      0.0000	      0.0000	      0.0000	      0.0000
     -1.9484	      0.0000	      0.0000	      0.0000
    -11.0914	     -0.2478	     -6.2615	     14.2530
      2.9979	      0.0000	      0.0000	      0.0000
      0.0000	      0.0000	      0.0000	      0.0000
      0.0000	      0.0000	      0.0000	      0.0000
    -19.0065	    -14.1343	    -17.4299	    -13.1284
     -1.4253	     -1.9100	     -8.1486	     -0.3869
      7.4199	      0.0000	      0.0000	      0.0000
      0.0000	      0.0000	      0.0000	      7.1516
    -59.1553	    -63.9578	    -66.0070	    -31.2255
     -5.7161	     -6.6209	    -30.9878	      2.9492
      0.0000	      0.0000	      0.0000	      0.0000
      0.0000	      0.0000	      0.0000	      0.0000
      3.6118	    -39.7788	    -33.8593	    -27.0499
      0.0000	      0.0000	      0.0000	      0.0000
      3.9275	      0.0000	      0.0000	      0.0000
      0.0000	      0.0000	      0.0000	      0.0000
    -20.3303	      6.9534	      0.0000	      0.0000
      0.0000	      0.0000	      0.0000	      0.0000
     10.2070	      0.0000	      0.0000	      0.0000
      0.0000	      0.0000	      0.0000	      0.0000
     -0.3322	    -20.3502	    -16.3604	      2.9918
      0.0000	      0.0000	      0.0000	      0.0000
     19.1812	      0.0000	      0.0000	      0.0000
      0.0000	      0.0000	      0.0000	      0.0000
    -10.1820	     -9.3845	     -8.8817	     -8.3975
      0.0000	      0.0000	      0.0000	      0.0000
     61.6741	      0.0000	      0.0000	      0.0000
      0.0000	      0.0000	      0.0000	      0.0000
     -1.4700	     -1.4607	     19.2604	      0.0000
      0.0000	      0.0000	      0.0000	      0.0000
      0.0000	      0.0000	      0.0000	      0.0000
      0.0000	      0.0000	      0.0000	      0.0000
      1.6163	      0.0000	      0.0000	      0.0000
      0.0000	      0.0000	      0.0000	      0.0000
      0.0000	      0.0000	      0.0000	      0.0000
      0.0000	      0.0000	      0.0000	      0.0000
     -0.9081	     -2.2914	      4.7132	     -2.8121
      0.0000	      0.0000	      0.0000	      0.0000
      0.0000	      0.0000	      0.0000	      0.0000
      0.0000	      0.0000	      0.0000	      0.0000
     -0.4194	     -1.5041	     40.4004	      0.0000
      0.0000	      0.0000	      0.0000	      0.0000
     -0.0573	      0.0000	      0.0000	      0.0000
      0.0000	      0.0000	      0.0000	      0.0000
     -3.5145	     -3.0694	     -0.6119	     -0.7212
      0.0000	      0.0000	      0.0000	      0.0000
    -16.4447	      0.0000	      0.0000	      0.0000
    -19.1812	      0.0000	      0.0000	      0.0000
    -12.6405	      0.0000	      0.0000	      0.0000
      0.0000	      0.0000	      0.0000	      0.0000
      0.0000	      0.0000	      0.0000	      0.0000
      0.0000	      0.0000	      0.0000	      0.0000
      0.0000	      0.0000	      0.0000	      0.0000
      0.0000	      0.0000	     33.3652	      0.0000
      0.0000	      0.0000	      0.0000	      0.0000
      0.0000	      0.0000	      0.0000	      0.0000
     -3.6292	    -27.6951	     -9.2706	     -0.8046
      0.0000	      0.0000	      0.0000	      0.0000
      3.4180	      0.0000	      0.0000	      0.0000
      0.0000	      0.0000	      0.0000	      0.0000
    -16.3624	     -1.2586	      5.5758	      0.0000
    -18.9367	      8.2687	      0.0000	      0.0000
      0.0000	      0.0000	      0.0000	      0.0000
      0.0000	      0.0000	      0.0000	      0.0000
     -0.9565	     -1.6195	    -23.5771	     10.1550
      0.0000	      0.0000	      0.0000	      0.0000
      0.0000	      0.0000	      0.0000	      0.0000
      0.0000	      0.0000	      0.0000	      0.0000
    -28.2058	    -31.4522	    -25.3448	    -39.5822
      9.1732	      0.0000	      0.0000	      0.0000
      0.0000	      0.0000	      0.0000	      0.0000
    -17.8334	      0.0000	      0.0000	      0.0000
    -38.3050	      5.4035	    -63.7284	    -44.6488
    -10.0606	      1.2572	      0.0000	      0.0000
     -3.2289	     -2.2751	    -18.3720	     -2.0470
      0.0000	      0.0000	      0.0000	      0.0000
      0.0000	     18.1555	      0.0000	      0.0000
      5.5194	      0.0000	      0.0000	      0.0000
     16.2318	      0.0634	      0.0000	      0.0000
      5.5711	      0.0000	      0.0000	      0.0000
     -0.4178	     38.6911	      0.0000	      0.0000
      3.8010	      0.0000	     -1.4158	      0.0000
     17.0615	      0.0000	      0.0000	      0.0000
      0.0000	      0.0000	      0.0000	      0.0000
    -20.9263	    -26.0537	      2.4905	    -25.6852
     49.6353	      0.0000	      0.0000	      0.0000
    -17.5387	      0.0000	      8.6026	      0.0000
     52.1863	      0.0000	      0.0000	      0.0000
     19.2219	     -2.2775	      3.2246	     -4.3060
    102.4666	      0.0000	      0.0000	      0.0000
     68.1566	      0.0000	      0.0000	      0.0000
      7.3465	      0.0000	      0.0000	      0.0000
      0.0000	     16.0411	      0.0000	      0.0000
     32.0177	      0.0000	      0.0000	      0.0000
    -16.8635	    -17.8237	     16.6128	      0.0000
     77.7125	      0.0000	      0.0000	      0.0000
     -4.7821	      6.7305	     -5.1674	     -5.9322
    -17.7078	     -9.7186	    -10.1937	    -11.6307
     24.7499	      0.0000	      0.0000	      0.0000
     70.2584	      0.0000	      0.0000	      0.0000
     13.5637	     -2.5021	      0.6824	     -4.4946
    -19.2977	     20.0135	      0.0000	      0.0000
      2.1180	      0.0000	      0.0000	      0.0000
     25.8114	      0.0000	      0.0000	      0.0000
     -8.3946	     -8.8929	     -9.6943	     14.3573
      4.1680	      0.0000	      0.0000	      0.0000
     -8.7168	     -1.3592	     -2.9644	     -7.9472
      0.0000	      0.0000	      0.0000	      0.0000
     42.8637	      0.0000	      8.3616	      2.7945
     49.8079	      0.0000	      0.0000	      0.0000
     26.1223	      0.0000	      0.0000	      0.0000
     49.6341	      0.0000	      0.0000	      0.0000
     -0.7291	     -2.4950	     31.6873	      6.6843
     31.2012	      0.0000	      0.0000	      0.0000
     60.3790	     -3.8801	      0.0000	      0.0000
     22.9632	      0.0000	      0.0000	      0.0000
    -17.9595	    -19.6569	    -19.0072	     11.6280
      0.0000	     36.5702	      0.0000	      0.0000
     -9.5602	    -17.5072	     -3.9147	     40.7256
     74.2533	      0.0000	      0.0000	      0.0000
     31.4273	      6.0997	      0.0000	      0.0000
     30.5338	      3.6490	      0.0000	      0.0000
      0.0000	      0.0000	      0.0000	      0.0000
      0.0000	      0.0000	      0.0000	      0.0000
     -1.4566	     -5.3626	     -4.8074	     20.7419
     42.1532	      0.0000	     -5.4625	      0.0000
     10.6771	      0.0000	      0.0000	      0.0000
     32.6334	      0.0000	     -9.4137	      0.0000
    -22.8058	    -20.3448	    -24.7373	     -0.8513
    -22.6788	     -6.4408	    -28.3571	      6.3193
     -0.1848	    -24.8827	    -12.3747	    -16.2722
    -12.6473	    -19.2576	     -1.3763	      0.0000
    -24.3838	    -38.0432	    -42.2469	    -39.6008
      0.0000	      0.0000	      0.0000	      0.0000
     -7.5697	    -12.4221	    -14.3226	    -10.8927
      1.9136	      0.0000	      0.0000	      0.0000
     -0.2619	     21.4439	      0.0000	     -9.7921
      1.4674	     18.6584	      0.0000	      0.0000
     -6.4357	     24.4724	      0.0000	      0.0000
      3.0980	      0.0000	     -4.6193	      0.0000
     31.0820	      7.5013	      5.2040	      0.0000
      0.0000	      0.0000	      0.0000	      0.0000
     11.9834	      0.0000	      0.0000	      0.0000
      0.0000	      0.0000	      0.0000	      0.0000
    -18.9843	     -8.5803	    -25.5105	    -17.8401
     -3.1572	     -0.1293	     -8.5773	     11.6191
     -2.8937	      1.4919	      0.0000	      0.0000
      0.0000	      0.0000	      0.0000	      0.0000
      5.1890	      6.2511	     -4.5038	      2.3145
     92.1579	      0.0000	     -8.5612	     42.7032
     82.0702	      0.0000	     -4.9369	     27.6596
    210.0982	    144.6617	     -2.1564	    106.0559
     14.2719	      6.8734	      2.6434	      0.0000
      8.2044	      0.0000	      0.0000	      0.0000
      0.0000	      0.0000	     -6.7753	     39.2969
     75.3130	      0.0000	      0.0000	      0.0000
     -8.3527	     -8.7535	    -12.2509	     -7.8397
     14.4533	      0.0000	      0.0000	      0.0000
      0.6987	      0.0000	      0.0000	      0.0000
     25.0037	      0.0000	      0.0000	      0.0000
     -3.2751	     18.6984	    -11.5892	    -11.4041
     16.9356	     69.1357	     -4.1073	      7.9201
      4.4012	     -1.9606	     -5.2960	    123.8529
      7.2952	     22.2093	    -15.8756	     92.9467
     -1.0902	     -3.9530	     -8.7359	      8.3459
      9.3146	      0.6570	      0.0000	      0.0000
     -4.9806	     -0.6969	     -5.0618	     -3.7400
     11.6111	      0.0000	      0.0000	      0.0000
     -3.9534	     30.6200	    -12.6470	      4.7369
     13.2227	      0.0000	      0.1930	      0.0000
     -0.6890	      6.5259	      0.0000	      0.0000
      0.0000	      0.0000	      0.0000	      0.0000
     33.6017	      1.8308	      4.3790	     54.9102
    100.4183	     49.4175	     -2.5675	     61.8697
     70.5251	      4.8067	     -1.7970	    118.3768
    152.7552	     81.4351	      1.9214	     54.4028
     -7.5954	     -8.7099	    -20.7688	     70.4743
     -0.1130	     10.8543	      0.0000	      0.0000
     89.1725	      0.0000	      0.0000	      0.0000
     -1.4960	      0.8791	      0.0000	      0.0000
     30.8411	      5.7834	      0.0000	      0.0000
     62.8056	      0.0000	      0.0000	      0.0000
      1.9536	      0.0000	      0.0000	      0.0000
     14.8662	      0.0000	      0.0000	      0.0000
     -0.1193	     14.8883	    -11.2032	     30.6666
    103.5646	     -5.2250	     -5.0378	      1.9633
     87.8429	      1.6646	      0.0000	      0.0000
    146.9797	     21.3721	     -5.8669	     13.3222
    -21.6504	    -20.1003	    -22.1385	    -10.4826
     -1.1337	     -4.5717	    -15.3646	      7.2191
     -3.7183	      3.7653	      0.0000	      0.0000
      0.0000	      0.0000	      0.0000	      0.0000
    -28.1201	    -41.9984	    -44.1127	    -30.4243
      0.0000	      0.0000	      0.0000	      0.0000
      0.0000	      0.0000	      0.0000	      0.0000
      0.0000	      0.0000	      0.0000	      0.0000
      0.0000	      0.0000	      0.0000	      0.0000
      0.0000	      0.0000	      0.0000	      0.0000
      0.0000	      0.0000	      0.0000	      0.0000
      0.0000	      0.0000	      0.0000	      0.0000
      0.0000	      0.0000	      5.9391	      0.0000
      0.0000	      0.0000	      0.0000	      0.0000
      0.0000	      0.0000	      0.0000	      0.0000
      0.0000	      0.0000	      0.0000	      0.0000
     -2.8168	     -3.7188	      0.0000	      0.0000
      0.0000	      0.0000	      0.0000	      0.0000
      0.0000	      0.0000	      0.0000	      0.0000
      0.0000	      0.0000	      0.0000	      0.0000
      0.0000	      0.0000	      0.0000	      0.0000
      0.0000	      0.0000	      0.0000	      0.0000
      0.0000	      0.0000	      0.0000	      0.0000
      6.9315	      0.0000	      0.0000	      0.0000
      0.0000	      0.0000	      0.0000	      0.0000
      0.0000	      0.0000	      0.0000	      0.0000
      0.0000	      0.0000	      0.0000	      0.0000
      0.0000	      0.0000	      0.0000	      0.0000
      0.0000	      0.0000	      0.0000	      0.0000
      0.0000	      0.0000	      0.0000	      0.0000
      0.0000	      0.0000	      0.0000	      0.0000
      0.0000	      0.0000	      0.0000	      0.0000
     -0.8059	      0.9176	      0.0000	      0.0000
      0.0000	      0.0000	      0.0000	      0.0000
      0.0000	      0.0000	      0.0000	      0.0000
      0.0000	      0.0000	      0.0000	      0.0000
      0.0000	      0.0000	      0.0000	      0.0000
      0.0000	      0.0000	      0.0000	      0.0000
      0.0000	      0.0000	      0.0000	      0.0000
      0.0000	      0.0000	      0.0000	      0.0000
      0.0000	      0.0000	      0.0000	      0.0000
      0.0000	      0.0000	      0.0000	      0.0000
      0.0000	      0.0000	      0.0000	      0.0000
      0.0000	      0.0000	      0.0000	      0.0000
     -0.3504	      4.8993	      0.0000	      0.0000
      0.0000	      0.0000	      0.0000	      0.0000
      0.0000	      0.0000	      0.0000	      0.0000
      0.0000	      0.0000	      0.0000	      0.0000
      0.0000	      0.0000	      0.0000	      0.0000
      0.0000	      0.0000	      0.0000	      0.0000
      0.0000	      0.0000	      0.0000	      0.0000
      0.0000	      0.0000	      0.0000	      0.0000
      0.0000	      0.0000	      0.0000	      0.0000
      0.0000	      0.0000	      0.0000	      0.0000
      0.0000	      0.0000	      0.0000	      0.0000
      0.0000	      0.0000	      0.0000	      0.0000
     -0.3012	      0.0000	      0.0000	      0.0000
      0.0000	      0.0000	      0.0000	      0.0000
      0.0000	      0.0000	      0.0000	      0.0000
      0.0000	      0.0000	      0.0000	      0.0000
      0.0000	      0.0000	      0.0000	      0.0000
      0.0000	      0.0000	      0.0000	      0.0000
      0.0000	      0.0000	      0.0000	      0.0000
      0.0000	      0.0000	      0.0000	      0.0000
    -51.4674	    -25.4307	    -51.4995	    -51.9143
      0.0000	      0.0000	      0.0000	      0.0000
    -29.1325	     -2.9290	    -28.9061	    -13.5451
      2.6311	      0.0000	      0.0000	      0.0000
     -0.3529	      1.7504	      0.0000	     -7.4896
     15.3336	      0.0000	      0.0000	      0.0000
     -6.3710	      0.0000	      0.0000	      0.0000
      0.0000	     10.0869	      0.0000	      0.0000
    -21.2491	      0.0000	      0.0000	      0.0000
      0.0000	      0.0000	      0.0000	      0.0000
      0.0000	      0.0000	      0.0000	      0.0000
      0.0000	      0.0000	      0.0000	      0.0000
     -7.8564	      1.6469	      0.0000	      0.0000
     17.1334	      0.0000	      0.0000	      0.0000
      0.0000	      5.2862	      0.0000	      0.0000
      0.0000	      0.0000	      0.0000	      0.0000
     -0.4968	     17.1095	      0.0000	      0.6713
     27.4076	      0.0000	      0.0000	      0.0000
      0.0000	      0.0000	      0.0000	      0.0000
     22.4626	      0.0000	     -1.4568	      0.0000
     11.5164	      0.0000	      0.0000	      0.0000
      0.0000	      0.0000	      0.0000	      0.0000
      0.0000	     12.0683	      0.0000	      0.0000
      0.0000	      0.0000	      0.0000	      0.0000
     -1.4725	     19.0983	      6.2607	      0.0000
      0.1232	      0.0000	      0.0000	      0.0000
      0.0000	      0.0000	      0.0000	      0.0000
      0.0000	      0.0000	      0.0000	      0.0000
     -0.1171	      3.9198	      0.0000	      0.0000
     -2.9857	      0.0000	      0.0000	      0.0000
      0.0000	      0.0000	      0.0000	      0.0000
      0.0000	      0.0000	      0.0000	      0.0000
     -2.8297	     -1.6759	      0.0000	      0.0000
      0.0598	      0.0000	      0.0000	      0.0000
      0.0000	      0.0000	      0.0000	      0.0000
      0.0000	      0.0000	      0.0000	      0.0000
      0.0000	      0.0000	      0.0000	      0.0000
      0.0000	      0.0000	      0.0000	      0.0000
      0.0000	      0.0000	      0.0000	      0.0000
      0.0000	      0.0000	      0.0000	      0.0000
      0.4811	      0.0000	      0.8627	      0.0000
      0.0000	      0.0000	      0.0000	      0.0000
      0.0000	      0.0000	      0.0000	      0.0000
      0.0000	      0.0000	      0.0000	      0.0000
      0.0000	      0.0000	      0.0000	      0.0000
      0.0000	      0.0000	      0.0000	      0.0000
      0.0000	      0.0000	      0.0000	      0.0000
      0.0000	      0.0000	      0.0000	      0.0000
     -4.9890	      0.0000	      0.0000	      0.0000
      0.0000	      0.0000	      0.0000	      0.0000
      0.0000	      0.0000	      0.0000	      0.0000
      0.0000	      0.0000	      0.0000	      0.0000
      5.6140	      0.0000	      0.0000	      0.0000
      0.0000	      0.0000	      0.0000	      0.0000
      0.0000	      0.0000	      0.0000	      0.0000
      0.0000	      0.0000	      0.0000	      0.0000
     -1.6532	     -4.8307	      0.0000	      0.0000
      0.0000	      0.0000	      0.0000	      0.0000
      0.0000	      0.0000	      0.0000	      0.0000
      0.0000	      0.0000	      0.0000	      0.0000
    -21.5146	    -23.9841	    -40.3348	    -25.6067
      0.0000	      0.0000	      0.0000	      0.0000
     -7.1894	     -5.6078	      0.0000	      0.0000
      0.0000	      0.0000	      0.0000	      0.0000
     -0.0304	      6.9167	      0.0000	      0.0000
      0.0000	     -0.1765	      0.0000	      0.0000
      0.0000	      0.0000	      0.0000	      0.0000
     -2.6467	      5.5926	      0.0000	      0.0000
     10.0389	      0.0000	     -3.8803	      0.0000
      0.0000	      0.0000	      0.0000	      0.0000
      0.0000	      0.0000	      0.0000	      0.0000
      0.0000	      0.0000	      0.0000	      0.0000
     -8.2289	     -6.7802	     -5.8916	     -2.3491
      0.0000	      0.0000	      0.0000	      0.0000
      0.0000	      0.0000	      0.0000	      0.0000
      0.0000	      0.0000	      0.0000	      0.0000
      1.0744	     19.7243	     -4.9024	      0.0000
     27.1360	      0.0000	      0.0000	      7.6203
     16.9681	      0.7935	      0.0000	      0.0000
     57.2526	     35.8881	      0.0000	      0.0000
     11.0297	      0.0000	      0.0000	      0.0000
      0.0000	      0.0000	      0.0000	      0.0000
      0.0000	      0.0000	      0.0000	      0.0000
      0.0000	      0.0000	      0.0000	      0.0000
     -0.5870	      5.1098	      0.0000	      0.0000
      0.0000	      0.0000	      0.0000	      0.0000
      0.0000	      0.0000	      0.0000	      0.0000
      0.0000	      0.0000	      0.0000	      0.0000
      1.8982	      0.0000	      0.0000	      0.0000
     13.2602	      0.0000	      0.0000	      0.0000
     16.6511	      0.0000	     -3.5036	      3.1237
     -0.3901	    133.3556	      0.0000	      0.0000
     -3.1144	      0.0000	      0.0000	      0.0000
      0.0000	      0.0000	      0.0000	      0.0000
      0.0000	      0.0000	      0.0000	      0.0000
      0.0000	      0.0000	      0.0000	      0.0000
     12.7174	      0.0000	      0.0000	      0.0000
      0.0000	      0.0000	      0.0000	      0.0000
      0.0000	      0.0000	      0.0000	      0.0000
      0.0000	      0.0000	      0.0000	      0.0000
     52.0641	     20.4746	      0.0000	      0.0000
     22.6174	      0.0000	      0.0000	      0.0000
      7.9950	     45.3784	     -1.9559	     11.5187
     28.4669	      0.0000	      0.0000	      0.0000
     -3.8032	      0.0000	      0.0000	      0.0000
      0.0000	      0.0000	      0.0000	      0.0000
     21.9803	      0.0000	      0.0000	      0.0000
      0.0000	      0.0000	      0.0000	      0.0000
      0.0000	      0.0000	      0.0000	      0.0000
      0.0000	      0.0000	      0.0000	      0.0000
      0.0000	      0.0000	      0.0000	      0.0000
      0.0000	      0.0000	      0.0000	      0.0000
     -0.1731	     14.1054	      0.0000	      0.0000
      0.0000	      0.0000	      0.0000	      0.0000
      0.0000	      0.0000	      0.0000	      0.0000
      0.0000	      0.0000	      0.0000	      0.0000
     -3.9086	     14.9332	      0.0000	      0.0000
      0.0000	      0.0000	      0.0000	      0.0000
     11.1023	      0.0000	      0.0000	      0.0000
      0.0000	      0.0000	      0.0000	      0.0000
    -31.6032	    -38.4149	    -49.0929	    -41.6323
      0.0000	      0.0000	      0.0000	      0.0000
    -28.3797	      0.0000	      0.0000	      0.0000
      0.0000	      0.0000	      0.0000	      0.0000
    -18.0713	      0.0000	      0.0000	     -1.8147
      0.0000	      0.0000	      0.0000	      0.0000
      0.0000	      0.0000	      0.0000	      0.0000
      0.0000	      0.0000	      0.0000	      0.0000
     -0.7150	    -20.2630	     24.9973	      0.0000
    -19.9317	    -13.4276	      0.0000	      0.0000
      0.0000	      0.0000	      0.0000	      0.0000
      0.0000	      0.0000	      0.0000	      0.0000
     -2.5908	     -1.1925	     -3.0338	      0.0000
      2.5084	      0.0000	      0.0000	      0.0000
      0.0000	      0.0000	      0.0000	      0.0000
      0.0000	      0.0000	      0.0000	      0.0000
     -1.3929	      2.2848	     12.0525	      0.0000
      0.0000	      0.0000	      0.0000	      0.0000
      0.0000	      0.0000	      0.0000	      0.0000
      0.0000	      0.0000	      0.0000	      0.0000
     29.5575	      0.0000	      0.0000	      3.4364
      0.0000	      0.0000	      0.0000	      0.0000
      0.0000	      0.0000	    -15.0673	      0.0000
    -14.1308	      0.0000	      0.0000	      0.0000
     -3.7426	     -2.6321	    -18.4517	    -14.4171
      0.0000	      0.0000	      0.0000	      0.0000
      0.0000	      0.0000	      0.0000	      0.0000
      0.0000	      0.0000	      0.0000	      0.0000
     -1.6912	     -2.6575	      9.8840	      0.0000
    -15.1012	      0.0000	      0.0000	      0.0000
      0.0000	      0.0000	      0.0000	      0.0000
      0.0000	      0.0000	      0.0000	      0.0000
     -7.4777	     -7.9997	     -9.1888	    -20.8599
      0.0000	      0.0000	      0.0000	      0.0000
     -5.9440	      0.0000	      0.0000	      0.0000
      0.0000	      0.0000	      0.0000	      0.0000
    -14.8889	     -0.6679	     10.7234	      0.0000
      0.0000	      0.0000	      0.0000	      0.0000
      0.0000	      0.0000	      0.0000	      0.0000
      0.0000	      0.0000	      0.0000	      0.0000
     -0.4180	     -2.0336	    -22.0337	      4.9864
      0.0000	      0.0000	      0.0000	      0.0000
      0.0000	      0.0000	      0.0000	      0.0000
      0.0000	      0.0000	      0.0000	      0.0000
    -25.4967	     -1.6955	    -26.2735	      0.1204
     -2.4520	      0.0000	      0.0000	      0.0000
    -21.1185	      0.0000	      0.0000	      0.0000
      0.0000	      0.0000	      0.0000	      0.0000
    -12.0332	     -4.5809	     -7.1974	    -12.6882
      0.0000	      0.0000	      0.0000	      0.0000
      0.0000	      0.0000	      0.0000	      0.0000
      0.0000	      0.0000	      0.0000	      0.0000
     -2.3952	     -8.0818	     -9.2538	    -19.4171
      0.0000	      0.0000	      0.0000	      0.0000
      0.0000	      0.0000	      0.0000	      0.0000
      0.0000	      0.0000	      0.0000	      0.0000
    -56.6439	    -60.9650	    -58.8325	    -24.4590
      0.0000	      0.0000	      0.0000	      0.0000
      0.0000	      0.0000	      0.0000	      0.0000
      0.0000	      0.0000	      0.0000	      0.0000
     -8.0357	     -5.1272	    -28.4685	     -7.2963
      0.0000	      0.0000	      0.0000	      0.0000
     10.9000	      0.0000	      0.0000	      0.0000
    -16.0773	      0.0000	      0.0000	      0.0000
     -0.0783	     -1.9341	     28.2578	      0.0000
      0.0000	      0.0000	      0.0000	      0.0000
    -16.8130	      4.2792	      0.0000	      0.0000
      0.0000	      0.0000	      0.0000	      0.0000
      0.9309	      3.9908	      0.0000	      0.0000
      0.0000	      0.0000	      0.0000	      0.0000
      7.4766	      0.0000	      0.0000	      0.0000
      0.0000	      0.0000	      0.0000	      0.0000
     -7.3379	    -10.4932	    -20.7194	     -2.9584
      1.8894	      0.0000	      0.0000	      0.0000
      0.0000	      0.0000	      0.0000	      0.0000
      0.0000	      0.0000	      0.0000	      0.0000
     -2.2553	     -2.6455	     -0.8431	     -2.4249
      0.0000	      0.0000	      0.0000	      0.0000
      5.7454	      0.0000	      0.0000	      0.0000
      0.0000	      0.0000	      0.0000	      0.0000
    -11.8418	      0.0000	      0.0000	      3.3690
      0.0000	      0.0000	      0.0000	      0.0000
     -1.9533	     -6.1985	      2.3780	      0.0000
      0.0000	      0.0000	      0.0000	      0.0000
     -5.4568	     -1.4212	     -5.4762	     -4.3539
      0.0000	      0.0000	      0.0000	      0.0000
      0.0000	      0.0000	      0.0000	      0.0000
      0.0000	      0.0000	      0.0000	      0.0000
    -22.3755	    -32.5068	     -7.7013	    -23.4857
      7.5104	      0.0000	      0.0000	      0.0000
      0.0000	      0.0000	      0.0000	      0.0000
      0.0000	      0.0000	      0.0000	      0.0000
    -22.4277	    -23.6002	    -22.6008	    -10.0909
      0.0000	      0.0000	      0.0000	      0.0000
      0.8984	      0.0000	      0.0000	      0.0000
      0.0000	      0.0000	      0.0000	      0.0000
    -13.4062	     -1.3735	      0.0000	      0.0000
     18.1071	      0.0000	      0.0000	      0.0000
      0.0000	      0.0000	      0.0000	      0.0000
      0.0000	      0.0000	      0.0000	      0.0000
     -0.8400	     -2.4822	     -3.5608	     11.8475
      3.4722	      0.0000	      0.0000	      0.0000
      3.2256	      0.0000	      0.0000	      0.0000
      4.2367	      0.0000	      0.0000	      0.0000
    -45.5834	    -45.9984	    -39.6457	    -51.2632
    -13.1446	      0.0000	      0.0000	      0.0000
     -0.1603	     -2.3526	    -11.9616	      7.3751
      0.0000	      0.0000	      0.0000	      0.0000
     -9.1142	    -16.2128	    -21.6220	    -10.2838
      2.8305	      0.0000	      0.0000	      0.0000
      0.0000	      0.0000	      0.0000	      0.0000
      0.0000	      0.0000	      0.0000	      0.0000
    -23.2187	    -17.7519	    -18.5058	    -18.9936
      1.9082	      0.0000	      0.0000	      0.0000
     -1.0031	      0.0000	      0.0000	      0.0000
     -0.1016	      3.0273	      0.0000	      0.0000
   -116.7800	   -107.8315	   -111.2162	    -75.2706
     -2.6183	     -7.7246	    -22.1001	     -4.4801
    -19.9276	    -36.5340	      0.0000	      0.0000
      1.1630	      0.0000	      0.0000	      0.0000
    -17.5544	    -12.5208	     -8.8734	    -12.8554
     35.6320	      0.0000	      0.0000	      0.0000
      0.0000	      0.0000	      0.0000	      0.0000
      0.0000	      0.0000	      0.0000	      0.0000
     -2.7799	    -14.5028	      7.6949	     -3.7498
     17.4467	      0.0000	      0.0000	      0.0000
      0.0000	      0.0000	      0.0000	      0.0000
     25.2906	      0.0000	      0.0000	      0.0000
      0.0000	      0.0000	      0.0000	     13.2483
      0.0000	      0.0000	      0.0000	      0.0000
      5.2346	      0.0000	      0.0000	      0.0000
      0.0000	      0.0000	      0.0000	      0.0000
    -19.2885	    -19.4367	    -23.1622	    -19.2486
      1.5064	      0.0000	      0.0000	      0.0000
      0.0000	      0.0000	      0.0000	      0.0000
      0.0000	      0.0000	      0.0000	      0.0000
    -24.6182	      6.0481	    -29.6011	    -11.9845
    108.4695	      0.0000	      0.0000	      0.2561
     41.1805	      0.0000	      0.0000	     13.1539
    130.1227	      0.0000	      0.0000	      4.4338
    -10.9627	     -0.3613	     -4.2754	      3.5521
      5.3142	      0.0000	      0.0000	      0.0000
      0.0000	      0.0000	      0.0000	      0.0000
      0.0000	      0.0000	      0.0000	      0.0000
     -5.3686	     -4.3246	     -4.4244	     -4.9118
      0.0000	      0.0000	      0.0000	      0.0000
      0.0000	      0.0000	      0.0000	      0.0000
      0.0000	      0.0000	      0.0000	      0.0000
    -24.5865	    -14.7126	    -11.7172	     -9.4852
     33.1002	      7.1774	      0.0000	      4.3573
     25.6173	      0.0000	      0.0000	      0.0000
    102.4826	     25.8440	    -10.5645	     19.5454
    -27.3256	    -29.8662	    -25.4434	    -23.0820
    -19.0915	     -0.6468	     -5.7961	      0.0000
      0.0000	      0.0000	      0.0000	      0.0000
      0.0000	      0.0000	      0.0000	      0.0000
     -9.2160	     -0.1107	     -3.1493	     10.0090
     -0.8186	     -2.8232	     -3.5382	      0.0000
      0.0000	      0.0000	      0.0000	      0.0000
      0.0000	      0.0000	      0.0000	      0.0000
    -32.3458	    -34.5896	    -38.3540	    -32.8556
     28.1944	      0.0000	      0.0000	      0.0000
      3.7785	      0.0000	      0.0000	      0.0000
     67.5043	     22.5159	      0.0000	      0.0000
    -47.7212	    -48.6081	    -48.2098	    -32.7636
    -10.9833	     -1.0467	    -13.6804	      0.0000
      0.0000	      0.0000	      0.0000	      0.0000
      0.0000	      0.0000	      0.0000	      0.0000
    -15.6101	    -12.8019	    -11.4371	     -9.7572
      0.0000	      0.0000	      0.0000	      0.0000
      0.0000	      0.0000	      0.0000	      0.0000
      0.0000	      0.0000	      0.0000	      0.0000
    -41.6388	    -31.1478	    -34.2945	    -42.1579
     -2.0184	      0.0000	      0.0000	      0.0000
      0.0000	      0.0000	      0.0000	      0.0000
     -0.9957	      0.0000	      0.0000	      0.0000
    -71.3272	    -58.6764	    -64.0639	    -43.4528
     -6.8205	     -9.4047	    -19.2251	     -6.7524
      0.0000	      0.0000	      0.0000	      0.0000
      0.0000	      0.0000	      0.0000	      0.0000
    -32.1063	    -15.0355	    -40.0555	    -34.8969
      0.0000	      0.0000	      0.0000	      0.0000
      5.6538	      0.0000	      0.0000	      0.0000
      0.0000	      0.0000	      0.0000	      0.0000
     -1.7456	      3.6391	     -5.7006	     -2.5615
      0.0000	      0.0000	      0.0000	      0.0000
     -9.9688	      0.0000	      0.0000	      0.0000
      0.0000	      0.0000	      0.0000	      0.0000
      4.6310	      0.0000	     15.2175	      0.0000
      0.0000	      0.0000	      0.0000	    -12.2368
      0.0000	      0.0000	      5.5045	      0.0000
      0.0000	      0.0000	      0.0000	      0.0000
     -6.6257	    -18.8989	    -11.4585	     -9.3190
      0.0000	      0.0000	      0.0000	      0.0000
      5.3414	      0.0000	      0.0000	      0.0000
      0.0000	      0.0000	      0.0000	      0.0000
     -1.0988	     -1.2935	     21.4949	     -3.0855
      0.0000	      0.0000	      0.0000	      0.0000
      0.0000	      0.0000	      0.0000	      0.0000
      0.0000	      0.0000	      0.0000	      0.0000
    -17.1513	     10.4671	      0.0000	      0.0000
      0.0000	      0.0000	      0.0000	      0.0000
      6.6874	      0.0000	      0.0000	      0.0000
      0.0000	      0.0000	      0.0000	      0.0000
     -0.5609	     -0.0119	     11.9788	      0.0000
     -0.0654	      0.0000	      0.0000	      0.0000
      0.8999	      0.0000	      0.0000	      0.0000
      0.0000	      0.0000	      0.0000	      0.0000
     -0.7921	     -1.0919	     16.8481	      0.0000
      0.0000	      0.0000	      0.0000	      0.0000
      0.0000	      0.0000	      0.0000	      0.0000
      0.0000	      0.0000	      0.0000	      0.0000
     -0.1610	     -2.8315	      6.3133	      0.0000
      0.0000	      0.0000	      0.0000	      0.0000
      0.0000	      0.0000	      0.0000	      0.0000
      0.0000	      0.0000	      0.0000	      0.0000
     16.5434	      0.0000	      0.0000	      0.0000
    -10.7243	      0.0000	      0.0000	      0.0000
      0.0000	      0.0000	      0.0000	      0.0000
      0.0000	      0.0000	      0.0000	      0.0000
     -1.1367	     -2.8009	     10.4391	      0.0000
      7.7240	      0.0000	      0.0000	      0.0000
      0.0000	      0.0000	      0.0000	      0.0000
      0.0000	      0.0000	      0.0000	      0.0000
     -4.7692	     -4.0967	     -5.8312	     -0.5198
      0.0000	      0.0000	      0.0000	      0.0000
      0.0000	      0.0000	      0.0000	      0.0000
      0.0000	      0.0000	      0.0000	      0.0000
    -27.6097	     -0.0900	      2.4576	      0.0000
      0.0000	      0.0000	      0.0000	      0.0000
     -8.6220	      4.2064	      0.0000	      0.0000
      0.0000	      0.0000	      0.0000	      0.0000
      8.6633	    -18.7268	      0.0000	      0.0000
     17.4252	      0.0000	      0.0000	      0.0000
      0.0000	      0.0000	      0.0000	      0.0000
      0.0000	      0.0000	      0.0000	      0.0000
     -5.1775	     -7.8856	    -13.8253	     16.1424
      0.0000	      0.0000	      0.0000	      0.0000
      0.0000	      0.0000	      0.0000	      0.0000
      0.0000	      0.0000	      0.0000	      0.0000
    -37.4801	      5.4905	    -38.0377	    -39.7162
     -0.1544	     29.8961	      4.5010	      0.0000
     -3.4345	     -6.2734	     -4.5055	      5.1215
      0.0000	      0.0000	      0.0000	      0.0000
     -0.9379	     16.3313	      2.1740	      0.0000
     12.2465	      0.0000	      0.0000	      0.0000
     85.1777	      0.0000	      4.5348	      0.0000
      8.9505	     23.3005	      0.0000	      0.0000
     10.0827	     22.9383	     -1.0867	      9.3817
      0.0000	      0.0000	      0.0000	      0.0000
     18.2745	      0.0000	     -1.8695	      0.0000
     16.5289	      0.0000	      0.0000	      0.0000
    -25.9671	    -11.3193	    -26.8956	    -25.0259
     -0.5505	     46.6048	      0.0000	      0.0000
     10.1713	      0.0000	      0.0000	      0.0000
     64.5072	      0.0000	      0.0000	      0.0000
      0.6005	    -21.5646	      7.3705	     -7.8581
     20.6397	      0.0000	      0.0000	      0.0000
     90.7787	      0.0000	      0.0000	      0.0000
     38.3723	      0.0000	      0.0000	      0.0000
      4.8788	      0.0000	     -0.8570	     15.9191
     66.1261	      0.0000	      0.0000	      0.0000
     23.0944	      0.0000	      0.0000	      0.0000
     48.6733	      0.0000	      0.0000	      0.0000
    -29.1306	    -13.0164	    -21.2914	    -17.1141
     -2.1775	     45.8601	      0.0000	      0.0000
    -11.3892	      3.3869	      0.0000	      0.0000
     44.8372	      0.0000	      0.0000	      0.0000
    -25.4933	     -6.4143	    -15.9506	    -16.6894
     35.0051	      0.0000	      0.0000	      0.0000
      0.1356	      0.0000	      0.0000	      0.0000
    -19.2465	     26.5565	      0.0000	      0.0000
     -4.2146	    -25.5015	    -33.1605	    -20.0473
    -19.0324	     34.9545	      0.0000	      0.0000
    -11.3627	     -3.4763	     -8.1954	     20.8882
     24.1897	      0.0000	      0.0000	      0.0000
     -7.6880	      1.4122	     -0.4882	      9.4029
     27.7311	    -10.5002	      0.0000	      0.0000
      1.5768	      0.0000	      0.0000	      0.0000
     22.4555	      0.0000	      0.0000	      0.0000
     -2.1600	     -4.8682	     -6.5449	      4.3961
     31.6148	      0.0000	      0.0000	      0.0000
     10.7468	      0.0000	      0.0000	      0.0000
     19.5541	      3.3057	      0.0000	      0.3117
    -41.6058	    -36.3356	    -31.6950	      1.3839
    -14.2782	     48.0091	      0.0000	      0.0000
    -20.7250	    -10.7224	      0.0000	     23.0486
    -14.3045	      0.0000	      0.0000	      0.0000
     18.5757	      0.0000	    -17.0163	      0.0000
      3.7823	      0.0000	      0.0000	      0.0000
      0.0000	      0.0000	      0.0000	      0.0000
      0.8913	      0.0000	      0.0000	      0.0000
      0.0000	      0.0000	      0.0000	      9.8281
     17.2447	      0.0000	      0.0000	      0.0000
    -14.1486	     -8.2109	    -10.3085	      0.0000
      9.8130	      0.0000	      0.0000	      0.0000
    -34.9306	    -39.2448	    -56.5388	    -39.6743
     -2.3306	    -18.0125	      0.0000	      0.0000
    -17.0583	      2.5324	      0.0000	      0.0000
      0.0000	      0.0000	      0.0000	      0.0000
    -16.5159	      7.0501	    -26.2414	    -23.3742
      2.8502	      0.0000	      0.0000	      0.0000
     -3.3060	     14.3396	      0.0000	     -0.8618
     13.6613	      0.0000	      0.0000	      0.0000
     20.8649	     -3.7946	      0.5023	    -10.3082
     94.7417	      3.8378	     -4.0428	     -2.1850
     77.6426	      4.4961	     -6.8907	      0.0000
     10.2242	    129.9267	      0.0000	     65.9643
     25.6044	      2.4557	      0.0000	      0.0000
      8.0625	      0.0000	      0.0000	      0.0000
     11.4222	      0.0000	      0.0000	      0.0000
      4.3589	      0.0000	      0.0000	      0.0000
    -23.3687	     -6.2326	    -25.9991	    -26.1597
     -5.5008	     -5.1380	     -6.8274	     -6.7114
      0.0000	      0.0000	      0.0000	      0.0000
     27.9156	     -5.6309	      0.0000	      0.0000
    -19.5025	     -0.0465	    -27.5627	    -14.6920
      0.0000	     71.0332	     -6.7984	     -3.4205
     99.1462	     62.3027	    -11.6499	     79.4599
    142.5057	     57.8874	    -16.9198	    101.7179
      3.1029	     -0.4340	     -6.5446	     -1.6583
      0.0000	      0.0000	      0.0000	      0.0000
     12.0628	      0.0000	      0.0000	      0.0000
     16.8239	      0.0000	      0.0000	      0.0000
    -25.1386	    -28.6404	    -25.1579	    -19.7679
     -7.6374	     10.6636	      0.0000	      0.0000
     22.1855	      0.0000	      0.0000	      0.0000
      0.0000	      0.0000	      0.0000	      0.0000
    -34.6526	    -22.1511	    -18.5194	     -8.5286
    101.7262	     13.6578	    -19.5434	     -3.4422
     14.5137	     -5.9480	    -14.7367	     94.2385
      6.5080	     89.2890	    -15.1212	     22.8482
    -20.5759	    -23.4583	    -23.5604	     -6.8716
     -1.3545	     -4.1454	    -13.9576	      0.0000
     -7.5817	     -7.8699	     -7.3596	     -7.6918
      0.0000	      0.0000	      0.0000	      0.0000
     11.1321	     -4.0969	     -8.0964	     -3.3448
      2.6178	      0.0000	      0.0000	      0.0000
     19.3641	      0.0000	      0.0000	      0.0000
     38.2164	      0.0000	      0.0000	      0.0000
    -12.2532	    -15.3930	    -16.0233	     18.8422
     84.7393	      0.0000	     -4.0157	      0.0000
     90.5010	      0.0000	     -7.9607	     26.0817
    121.1715	     34.2322	    -23.3214	      9.0254
    -33.7770	    -30.0454	    -48.1993	     -9.6149
     -1.5070	     -2.4697	      0.0000	      0.0000
     -7.9440	     -7.5826	      0.0000	      0.0000
      0.0000	      0.0000	      0.0000	      0.0000
     -4.5499	     -1.0172	     -1.4064	     26.8929
      6.9434	      0.0000	      0.0000	      0.0000
      6.5686	      0.0000	      0.0000	      0.0000
      0.0000	      0.0000	      0.0000	      0.0000
      0.0491	     -1.3284	    -11.9830	     16.8219
     -0.2145	     -4.8603	    -12.6040	      9.0826
     14.9925	      0.0000	      0.0000	      0.0000
      1.2418	     19.8401	      0.0000	      7.1560
    -20.3500	    -24.6300	    -41.1137	     -9.2566
     -2.4218	     -3.1432	    -16.6670	     -2.2045
      1.2002	      0.0000	      0.0000	      0.0000
     -2.2827	      0.0000	      0.0000	      0.0000
    -18.7744	     -8.8040	    -22.1210	    -29.3094
      0.0000	      0.0000	      0.0000	      0.0000
    -18.2207	      0.0000	      0.0000	      0.0000
      0.0000	      0.0000	      0.0000	      0.0000
      1.0022	      0.0000	      0.0000	      0.0000
      0.0000	      0.0000	      0.0000	      0.0000
      0.0000	      0.0000	      0.0000	      0.0000
      0.0000	      0.0000	      0.0000	      0.0000
     -9.6563	      0.0000	      0.0000	      0.0000
      0.0000	      0.0000	      0.0000	      0.0000
      0.0000	      0.0000	      0.0000	      0.0000
      0.0000	      0.0000	      0.0000	      0.0000
      0.0000	      0.0000	      0.0000	      0.0000
      0.0000	      0.0000	      0.0000	      0.0000
      0.0000	      0.0000	      0.0000	      0.0000
      0.0000	      0.0000	      0.0000	      0.0000
      0.0000	      0.0000	      0.0000	      0.0000
      0.0000	      0.0000	      0.0000	      0.0000
      0.0000	      0.0000	      0.0000	      0.0000
      0.0000	      0.0000	      0.0000	      0.0000
     14.7251	      0.0000	      0.0000	      0.0000
      0.0000	      0.0000	      0.0000	      0.0000
      0.0000	      0.0000	      0.0000	      0.0000
      0.0000	      0.0000	      0.0000	      0.0000
      0.0000	      0.0000	      0.0000	      0.0000
      0.0000	      0.0000	      0.0000	      0.0000
      0.0000	      0.0000	      0.0000	      0.0000
      0.0000	      0.0000	      0.0000	      0.0000
      4.0100	      0.0000	      0.0000	      0.0000
      0.0000	      0.0000	      0.0000	      0.0000
      0.0000	      0.0000	      0.0000	      0.0000
      0.0000	      0.0000	      0.0000	      0.0000
     -2.2980	      0.0000	      0.0000	      0.0000
      0.0000	      0.0000	      0.0000	      0.0000
      0.0000	      0.0000	      0.0000	      0.0000
      0.0000	      0.0000	      0.0000	      0.0000
      2.6559	      0.0000	      0.0000	      0.0000
      0.0000	      0.0000	      0.0000	      0.0000
      0.0000	      0.0000	      0.0000	      0.0000
      0.0000	      0.0000	      0.0000	      0.0000
      1.2646	      0.0000	      0.0000	      0.0000
      0.0000	      0.0000	      0.0000	      0.0000
      0.0000	      0.0000	      0.0000	      0.0000
      0.0000	      0.0000	      0.0000	      0.0000
     -2.3700	     -2.9212	      0.0000	      0.0000
      0.0000	      0.0000	      0.0000	      0.0000
      0.0000	      0.0000	      0.0000	      0.0000
      0.0000	      0.0000	      0.0000	      0.0000
      0.0000	      0.0000	      0.0000	      0.0000
      0.0000	      0.0000	      0.0000	      0.0000
      0.0000	      0.0000	      0.0000	      0.0000
      0.0000	      0.0000	      0.0000	      0.0000
      0.0000	      0.0000	      0.0000	      0.0000
      0.0000	      0.0000	      0.0000	      0.0000
      0.0000	      0.0000	      0.0000	      0.0000
      0.0000	      0.0000	      0.0000	      0.0000
    -22.1135	    -11.9883	      3.7568	      0.0000
      0.0000	      0.0000	      0.0000	      0.0000
      0.0000	      0.0000	      0.0000	      0.0000
      0.0000	      0.0000	      0.0000	      0.0000
    -29.5465	    -30.4514	    -36.2558	    -44.9127
      0.0000	      0.0000	      0.0000	      0.0000
     12.7006	      0.0000	      0.0000	      0.0000
      0.0000	      0.0000	      0.0000	      0.0000
     -0.5537	      2.5242	      0.0000	      0.0000
      6.1472	      0.0000	      0.0000	      0.0000
     15.5307	      0.0000	      0.0000	      0.0000
     23.3483	      0.0000	      0.0000	      0.0000
     12.1711	      3.1994	     -1.7776	      0.0000
      0.0000	      0.0000	      0.0000	      0.0000
      8.1935	      0.0000	      0.0000	      0.0000
      0.0000	      0.0000	      0.0000	      0.0000
    -14.0618	    -15.5066	    -13.6134	    -20.4447
     -1.5418	     -1.0806	      0.0000	      0.0000
      0.0000	      0.0000	      0.0000	      0.0000
      3.7029	      0.0000	      0.0000	      0.0000
      1.0432	     -1.6494	      1.0553	     -1.0128
      7.0120	      5.9473	      0.0000	      0.0000
      4.8636	      0.0000	      0.0000	      0.0000
     27.1268	      0.0000	      0.0000	      3.3891
      0.0000	     17.6117	      0.0000	      2.5679
      1.0120	      0.0000	      0.0000	      0.0000
      0.0000	      0.0000	      0.0000	      0.0000
      0.0000	      0.0000	      0.0000	      0.0000
     -8.8966	     -3.4171	     -4.4694	     -4.5820
      0.0000	      0.0000	      0.0000	      0.0000
      0.0000	      0.0000	      0.0000	      0.0000
      0.0000	      0.0000	      0.0000	      0.0000
      3.7650	      0.0000	      0.0000	      0.0000
     27.1181	      0.0000	      0.0000	      0.0000
      0.0000	      0.0000	      0.0000	      0.0000
      0.0000	      0.0000	      0.0000	      0.0000
      0.0000	      0.0000	      0.0000	      0.0000
      3.0686	      0.0000	      0.0000	      0.0000
      0.1104	      0.0000	      0.0000	      0.0000
      0.0000	      0.0000	      0.0000	      0.0000
      2.5399	      0.0000	     12.5726	      0.0000
      1.4705	      0.0000	      0.0000	      0.0000
      0.0000	      0.0000	      0.0000	      0.0000
      0.0000	      0.0000	      0.0000	      0.0000
      6.5531	      0.0000	      0.0000	      0.0000
      0.0000	      0.0000	      0.0000	      0.0000
      0.0000	      0.0000	      0.0000	      0.0000
      0.0000	      0.0000	      0.0000	      0.0000
      3.9201	      0.0000	      0.0000	      0.0000
      0.0000	      0.0000	      0.0000	      0.0000
      0.0000	      0.0000	      0.0000	      0.0000
      0.0000	      0.0000	      0.0000	      0.0000
      3.6718	      0.0000	      0.0000	      0.0000
      0.0000	      0.0000	      0.0000	      0.0000
      0.0000	      0.0000	      0.0000	      0.0000
      0.0000	      0.0000	      0.0000	      0.0000
      1.5167	      0.0000	      0.0000	      0.0000
      0.0000	      0.0000	      0.0000	      0.0000
      0.0000	      0.0000	      0.0000	      0.0000
      0.0000	      0.0000	      0.0000	      0.0000
      0.0000	      0.0000	      0.0000	      0.0000
      0.0000	      0.0000	      0.0000	      0.0000
      0.0000	      0.0000	      0.0000	      0.0000
      0.0000	      0.0000	      0.0000	      0.0000
    -25.7061	      0.2189	    -28.1413	    -25.3226
      0.0000	      0.0000	      0.0000	      0.0000
     -8.6465	     -4.8030	    -13.2691	    -11.1379
      0.0000	      0.0000	      0.0000	      0.0000
      3.4576	     17.5911	    -12.3696	      0.0000
      0.0000	      0.0000	      0.0000	      0.0000
      1.2580	      0.0000	      0.0000	      0.0000
      0.2223	      0.0000	      0.0000	      0.0000
     10.4418	      0.0000	      0.0000	      0.0000
      0.0000	      0.0000	      0.0000	      0.0000
      1.6895	      0.0000	     -2.8303	      0.0000
      4.8155	      0.0000	      0.0000	      0.0000
    -12.2353	     -5.3238	    -18.1708	    -11.9374
      0.0000	      0.0000	      0.0000	      0.0000
     -3.9509	      0.0000	      0.0000	      0.0000
      0.0000	      0.0000	      0.0000	      0.0000
     -0.8791	     16.6530	      0.1842	      0.0000
      8.5175	      0.0000	      0.0000	      0.0000
      5.1689	      0.0000	      0.0000	     -0.4989
     21.4711	      0.0000	      0.0000	      0.0000
      4.9307	     19.2928	     -3.8607	      0.0000
      0.0000	      0.0000	     -1.3873	      0.0000
      0.0000	      0.0000	      0.0000	      0.0000
      1.1225	      0.0000	      0.0000	      0.0000
     -7.9057	      0.1714	     -8.4709	     -9.7098
     -3.8409	      0.0000	      0.0000	      0.0000
      0.0000	      0.0000	      0.0000	      0.0000
      0.0000	      0.0000	      0.0000	      0.0000
      3.1601	     -0.5894	     -3.0075	     -3.7897
      0.0000	      0.0000	      0.0000	      0.0000
     22.7634	      0.0000	      0.0000	      0.0000
      4.2405	      0.0000	      0.0000	      0.0000
     -1.5577	     -4.1458	     -9.0993	     -3.2174
      0.0000	      0.0000	      0.0000	      0.0000
      0.0000	      0.0000	      0.0000	      0.0000
      0.0000	      0.0000	      0.0000	      0.0000
     10.4291	      0.0000	      0.0000	      0.0000
      0.0000	      0.0000	      3.9016	      0.0000
      0.0000	      0.0000	      0.0000	      0.0000
      0.0000	      0.0000	      0.0000	      0.0000
      3.7186	     -1.8898	     -2.4342	     -1.0004
      0.0000	      0.0000	      0.0000	      0.0000
      2.0815	      0.0000	      0.0000	      0.0000
      0.0000	      0.0000	      0.0000	      0.0000
     -6.2079	     -3.2134	     -4.4901	      0.0000
      0.0000	      0.0000	      0.0000	      0.0000
      0.0000	      0.0000	      0.0000	      0.0000
      0.0000	      0.0000	      0.0000	      0.0000
     12.4779	      0.0000	      0.0000	      0.0000
      0.0000	      0.0000	      0.0000	      0.0000
      0.0000	      0.0000	      0.0000	      0.0000
      0.0000	      0.0000	      0.0000	      0.0000
     -0.6811	     -3.1236	      2.2225	      0.0000
      0.0000	      0.0000	      0.0000	      0.0000
      0.0000	      0.0000	      0.0000	      0.0000
      0.0000	      0.0000	      0.0000	      0.0000
     -5.5799	     -5.9424	     -6.1752	      0.0000
      0.0000	      0.0000	      0.0000	      0.0000
      0.0000	      0.0000	      0.0000	      0.0000
      0.0000	      0.0000	      0.0000	      0.0000
    -44.5601	    -44.7043	     -6.8723	    -48.0508
      0.0000	      0.0000	      0.0000	      0.0000
      0.0000	      0.0000	      0.0000	      0.0000
      0.0000	      0.0000	      0.0000	      0.0000
     -2.0825	      1.7772	     -2.8986	     -3.7419
      0.0000	      0.0000	      0.0000	      0.0000
      0.0000	      0.0000	      0.0000	      0.0000
      0.0000	      0.0000	      0.0000	      0.0000
      7.8422	    -19.9022	     -4.1089	    -19.0861
    -12.0495	      0.0000	      0.0000	      0.0000
      0.0000	      0.0000	      0.0000	      0.0000
      0.0000	      0.0000	      0.0000	      0.0000
    -31.0685	    -10.8305	    -26.1743	    -31.0034
    -16.6488	      0.0000	      0.0000	      0.0000
      0.0000	      0.0000	      0.0000	      0.0000
      0.0000	      0.0000	      0.0000	      0.0000
    -26.5142	    -22.2741	      5.5923	    -20.0948
      0.0000	      0.0000	      0.0000	      0.0000
      0.0000	      0.0000	      0.0000	      0.0000
      0.0000	      0.0000	      0.0000	      0.0000
    -16.7584	     12.0175	      0.0000	      0.0000
      0.0000	      0.0000	      0.0000	      0.0000
      0.0000	      0.0000	      0.0000	      0.0000
      0.0000	      0.0000	      0.0000	      0.0000
    -31.0060	    -18.3207	    -20.0895	    -32.4071
    -15.3368	      1.7073	      0.0000	      0.0000
      0.0000	      0.0000	      0.0000	      0.0000
      0.0000	      0.0000	      0.0000	      0.0000
    -22.6200	    -18.5855	    -16.0771	    -30.1799
      1.5008	      0.0000	      0.0000	      0.0000
      0.0000	      0.0000	      0.0000	      0.0000
      0.0000	      0.0000	      0.0000	      0.0000
     -3.3777	     -6.2763	    -23.3328	     -1.7537
      0.0000	      0.0000	      0.0000	      0.0000
      0.0000	      0.0000	      0.0000	      0.0000
      0.0000	      0.0000	      0.0000	      0.0000
    -32.0104	     -0.4888	      1.0814	      0.0000
      0.0000	      0.0000	      0.0000	      0.0000
      0.0000	      0.0000	      0.0000	      0.0000
      0.0000	      0.0000	      0.0000	      0.0000
     -0.3657	     -1.5198	      2.0906	    -17.1510
      0.0000	      0.0000	      0.0000	      0.0000
      0.0000	      0.0000	      0.0000	      0.0000
      0.0000	      0.0000	      0.0000	      0.0000
    -14.9151	    -23.5301	    -15.6648	    -20.2493
      0.0000	      0.0000	      0.0000	      0.0000
      0.0000	      0.0000	      0.0000	      0.0000
      0.0000	      0.0000	      0.0000	      0.0000
    -14.3316	    -19.8459	      5.9560	    -10.7124
      0.0000	      0.0000	      0.0000	      0.0000
      0.0000	      0.0000	      0.0000	      0.0000
      0.0000	      0.0000	      0.0000	      0.0000
    -18.7402	     -1.8261	     -5.9321	    -15.4726
      0.0000	      0.0000	      0.0000	      0.0000
      0.0000	      0.0000	      0.0000	      0.0000
      0.0000	      0.0000	      0.0000	      0.0000
    -61.9748	    -65.3158	    -57.9335	    -49.0604
      0.0000	      0.0000	     -6.0847	      0.0000
      0.0000	      0.0000	      0.0000	      0.0000
      0.0000	      0.0000	      0.0000	      0.0000
    -33.0296	    -36.0549	    -21.7738	    -35.2621
      0.0000	      0.0000	      0.0000	      0.0000
      5.4867	      0.0000	      0.0000	      0.0000
      0.0000	      0.0000	      0.0000	      0.0000
    -13.6002	    -23.3675	     -6.5826	    -12.9914
      0.0000	      0.0000	      0.0000	      0.0000
      0.0000	      0.0000	      0.0000	      0.0000
      0.0000	      0.0000	      0.0000	      0.0000
     -9.2568	      6.4172	      0.0000	      0.0000
    -19.9608	      0.0000	      0.0000	      0.0000
    -16.9899	      0.0000	      0.0000	      0.0000
      0.0000	      0.0000	      0.0000	      0.0000
    -45.4137	    -42.0305	    -44.7256	    -20.8739
      0.0000	      0.0000	      0.0000	      0.0000
      0.0000	      0.0000	      0.0000	      0.0000
      2.2784	      0.0000	      0.0000	      0.0000
    -37.8166	    -22.1617	    -49.6801	    -31.5886
      0.0000	      0.0000	      0.0000	      0.0000
      4.7851	      0.0000	      0.0000	      0.0000
      0.0000	      0.0000	      0.0000	      0.0000
     -3.5054	     -3.0687	     -4.8692	     -4.1128
      0.0000	      0.0000	      0.0000	      0.0000
      0.0000	      0.0000	      0.0000	      0.0000
      0.0000	      0.0000	      0.0000	      0.0000
    -32.8842	    -54.7975	    -32.9312	    -30.8479
      0.0000	      0.0000	      0.0000	      0.0000
      0.0000	      0.0000	      0.0000	      0.0000
      0.0000	      0.0000	      0.0000	      0.0000
     -5.2570	    -41.2739	    -29.4885	    -38.8013
      0.0000	      0.0000	      0.0000	      0.0000
      0.0000	      0.0000	      0.0000	      0.0000
      0.0000	      0.0000	      0.0000	      0.0000
    -22.5025	    -26.8088	    -27.2467	    -10.7370
      0.0000	      0.0000	      0.0000	      0.0000
      0.0000	      0.0000	      0.0000	      0.0000
      0.0000	      0.0000	      0.0000	      0.0000
    -21.4485	    -26.6341	    -12.7151	     -7.1122
     -4.2452	      0.0000	      0.0000	      0.0000
      0.0000	      0.0000	      0.0000	      0.0000
      0.0000	      0.0000	      0.0000	      0.0000
     -7.9381	    -14.3663	    -20.0916	      5.1856
     -5.2957	      0.0000	      0.0000	      0.0000
      0.0000	      0.0000	      0.0000	      0.0000
      0.0000	      0.0000	      0.0000	      0.0000
    -51.2455	    -42.4076	    -41.0281	    -26.9932
    -24.4114	      0.0000	      0.0000	      0.0000
      0.0000	      0.0000	      0.0000	      0.0000
      0.0000	      0.0000	      0.0000	      0.0000
      0.3274	    -11.3077	     -3.1363	     23.2461
      0.0000	      0.0000	      0.0000	      0.0000
      0.0000	      0.0000	      0.0000	      0.0000
      0.0000	      0.0000	      0.0000	      0.0000
    -20.5092	    -23.2935	    -12.7413	     13.7331
      0.0000	      0.0000	      0.0000	      0.0000
      0.0000	      0.0000	      0.0000	      0.0000
      0.0000	      0.0000	      0.0000	      0.0000
    -57.8798	    -62.7594	    -66.7795	    -57.0130
    -21.6479	    -11.5890	      0.0000	      0.0000
      0.0000	      0.0000	      0.0000	      0.0000
      0.0000	      0.0000	      0.0000	      0.0000
    -28.8136	    -30.0128	    -33.1633	    -29.2649
      2.2202	      0.0000	      0.0000	      0.0000
      1.7660	      0.0000	      0.0000	      0.0000
      0.0000	      0.0000	      0.0000	      0.0000
     -5.7217	     -2.0727	    -11.2132	     -5.6840
      1.0268	      0.0000	      0.0000	      0.0000
     -2.4448	      0.0000	      0.0000	      0.0000
      0.0000	      0.0000	      0.0000	      0.0000
    -14.7918	    -15.3482	      8.9594	    -20.8891
      0.0000	      0.0000	      0.0000	      0.0000
    -11.9934	      0.0000	      0.0000	      0.0000
      0.0000	      0.0000	      0.0000	      0.0000
    -57.3182	    -41.6236	    -55.6000	    -41.6322
     -1.1683	     -0.5934	    -14.7682	      0.0000
      0.0000	      0.0000	      0.0000	      0.0000
      0.0000	      0.0000	      0.0000	      0.0000
    -44.4480	    -46.4103	    -54.2614	    -45.6485
     -4.9261	     -3.1486	     -4.1866	     15.6636
     -0.1201	      3.1049	     -2.1492	      0.0000
     10.9816	      0.0000	      0.0000	      0.0000
    -12.6426	     -8.3773	    -23.0695	    -12.3966
      0.0000	      0.0000	      0.0000	      0.0000
      0.0000	      0.0000	      0.0000	      0.0000
      0.0000	      0.0000	      0.0000	      0.0000
    -40.4742	    -32.4623	    -40.3345	    -39.3204
      0.0000	      0.0000	      0.0000	      0.0000
      0.0000	      0.0000	      0.0000	      0.0000
      0.0000	      0.0000	      0.0000	      0.0000
    -60.5891	    -47.4920	    -42.3948	    -51.2225
     -5.3814	     -8.4375	     -8.8356	      0.0000
      0.0000	      0.0000	      0.0000	      0.0000
     12.5335	      0.0000	     -7.8814	      0.0000
    -27.9966	    -25.2031	    -35.1231	    -22.5704
      2.7734	      0.0000	      0.0000	      0.0000
      0.0000	      0.0000	      0.0000	      0.0000
      0.0000	      0.0000	      0.0000	      0.0000
    -15.2624	    -15.0062	    -17.5345	    -17.5045
      0.0000	      0.0000	      0.0000	      0.0000
      0.0000	      0.0000	      0.0000	      0.0000
      0.0000	      0.0000	      0.0000	      0.0000
    -33.4884	    -18.5174	    -20.6362	    -12.6301
      3.7172	      0.0000	      0.0000	      0.0000
      0.0000	      0.0000	      0.0000	      0.0000
      0.0000	      0.0000	      0.0000	      0.0000
    -40.3835	    -43.4054	    -41.9181	    -16.1996
     -0.3174	     -1.2195	    -16.1961	      0.0000
      0.0000	      0.0000	      0.0000	      0.0000
      0.0000	      0.0000	      0.0000	      0.0000
    -14.8525	     -0.4370	     -7.9960	     -9.3465
      2.7938	      0.0000	      0.0000	      0.0000
      0.0000	      0.0000	      0.0000	      0.0000
      0.0000	      0.0000	      0.0000	      0.0000
    -27.5665	    -13.7887	    -31.4924	     -1.3762
      0.0000	      0.0000	      0.0000	      0.0000
      0.0000	      0.0000	      0.0000	      0.0000
      0.0000	      0.0000	      0.0000	      0.0000
    -55.6037	    -57.3561	    -76.0285	    -26.7741
    -19.1278	    -10.3636	      0.0000	      0.0000
      0.0000	      0.0000	      0.0000	      0.0000
      0.0000	      0.0000	      0.0000	      0.0000
    -52.3635	    -24.8132	    -54.8724	    -50.0408
      0.0000	      0.0000	      0.0000	      0.0000
    -15.9491	      0.0000	      0.0000	      0.0000
      0.0000	      0.0000	      0.0000	      0.0000
     -1.4911	      7.1230	     -3.3645	     -6.7777
      0.0000	      0.0000	      0.0000	      0.0000
      0.0000	      0.0000	      0.0000	      0.0000
      0.0000	      0.0000	      0.0000	      0.0000
      5.3381	      0.0000	     32.3992	      0.0000
      0.0000	      0.0000	      0.0000	      0.0000
      0.0000	      0.0000	      0.0000	      0.0000
      0.0000	      0.0000	      0.0000	      0.0000
    -17.0095	    -17.2686	     -2.4441	    -13.8677
      0.0000	      0.0000	      0.0000	      0.0000
      0.0000	      0.0000	      0.0000	      0.0000
      0.0000	      0.0000	      0.0000	      0.0000
     -0.2565	     10.3541	      0.0000	      0.0000
      0.0000	      0.0000	      0.0000	      0.0000
      0.0000	      0.0000	      0.0000	      0.0000
      0.0000	      0.0000	      0.0000	      0.0000
     14.5842	      0.0000	      2.3525	      0.0000
      0.0000	      0.0000	      0.0000	      0.0000
      0.0000	      0.0000	      0.0000	      0.0000
      0.0000	      0.0000	      0.0000	      0.0000
     -8.9550	     -8.5136	     -5.1845	     -8.6214
      0.0000	      0.0000	      0.0000	      0.0000
      0.0000	      0.0000	      0.0000	      0.0000
      0.0000	      0.0000	      0.0000	      0.0000
      1.3507	      1.1279	      3.0422	     -1.0228
      0.0000	      0.0000	      0.0000	      0.0000
      0.0000	      0.0000	      0.0000	      0.0000
      0.0000	      0.0000	      0.0000	      0.0000
     -4.6789	     -3.7141	     -0.7344	      7.9354
      0.0000	      0.0000	      0.0000	      0.0000
    -20.1696	      0.0000	      0.0000	      0.0000
      0.0000	      0.0000	      0.0000	      0.0000
     15.2303	      1.0165	      0.0000	      0.0000
    -14.0110	      0.0000	      0.0000	      0.0000
      0.0000	      0.0000	      0.0000	      0.0000
      0.0000	      0.0000	      0.0000	      0.0000
     -1.3721	     -1.1526	      3.5602	     -0.4737
      0.0000	      0.0000	      0.0000	      0.0000
      0.0000	      0.0000	      0.0000	      0.0000
      0.0000	      0.0000	      0.0000	      0.0000
     -6.9262	     -8.4023	    -10.7614	     -1.9415
      0.0000	      0.0000	      0.0000	      0.0000
      0.0000	      0.0000	      0.0000	      0.0000
      0.0000	      0.0000	      0.0000	      0.0000
    -19.8597	     -0.1669	      8.5034	      0.0000
      0.0000	      0.0000	      0.0000	      0.0000
      0.0000	      0.0000	      0.0000	      0.0000
      0.0000	      0.0000	      0.0000	      0.0000
     -1.5179	     -2.0954	     -4.4993	      5.0479
      0.0000	      0.0000	      0.0000	      0.0000
      0.0000	      0.0000	      0.0000	      0.0000
      0.0000	      0.0000	      0.0000	      0.0000
    -24.7610	    -44.2029	    -41.2222	    -27.6204
      0.0000	      0.0000	      0.0000	      0.0000
      0.0000	      0.0000	      0.0000	      0.0000
      0.0000	      0.0000	      0.0000	      0.0000
    -30.7743	     -5.9120	    -35.4892	    -39.3203
      0.0000	      0.0000	      0.0000	      0.0000
     -2.5150	     13.7778	      0.0000	      0.0000
      0.0000	      0.0000	      0.0000	      0.0000
     -0.3674	      9.3907	     -2.0537	     -3.9213
      0.0000	      0.0000	      0.0000	      0.0000
     10.2854	      0.0000	      0.0000	      0.0000
      0.0000	      0.0000	      0.0000	      0.0000
     20.9179	      5.3913	      9.7853	      1.5543
      0.0000	      0.0000	      0.0000	      0.0000
     12.0888	      0.0000	      0.0000	      0.0000
      0.0000	      0.0000	      0.0000	      0.0000
    -26.8254	    -15.1451	    -36.1030	    -34.8584
     -5.6556	     -7.8296	      2.3316	     -4.9775
     15.6916	      0.0000	      0.0000	      0.0000
    -19.2591	      0.0000	      0.0000	      0.0000
    -10.7280	    -19.7296	    -21.7671	    -22.6079
      0.0000	      0.0000	      0.0000	      0.0000
     57.2233	      0.0000	      0.0000	      0.0000
      0.0000	      0.0000	      0.0000	      0.0000
     -3.0550	      2.5520	     -2.7068	     -1.7391
      0.0000	      0.0000	      0.0000	      0.0000
      7.9177	      0.0000	      0.0000	      0.0000
     -2.7362	      0.0000	      0.0000	      0.0000
    -26.2093	    -37.3920	    -28.9688	    -29.5222
     -6.8153	     -6.6170	    -14.0378	     -9.8212
      0.0000	      0.0000	      0.0000	      0.0000
      0.0000	      0.0000	      0.0000	      0.0000
    -36.5427	    -26.3036	    -24.1519	    -18.3479
     -1.0326	      0.0000	      0.0000	      0.0000
    -19.5554	     -3.0100	      0.0000	      0.0000
      0.0000	      0.0000	      0.0000	      0.0000
    -26.3076	    -23.1518	    -30.2193	    -15.0774
      0.0000	      0.0000	      0.0000	      0.0000
     -2.2825	    -24.5157	     -9.3620	     13.7156
     -9.9971	      0.0000	      0.0000	      0.0000
    -14.9282	    -12.8662	    -10.9795	      7.5495
     -1.4195	     29.0626	      0.0000	      0.0000
      0.0000	      0.0000	      0.0000	      0.0000
      0.0000	      0.0000	      0.0000	      0.0000
    -13.1497	    -19.6459	    -21.3453	    -27.6671
      8.2026	      0.0000	      0.0000	      0.0000
      0.0000	      0.0000	      0.0000	      0.0000
     -0.1118	      0.0000	      0.0000	      0.0000
    -19.9619	    -21.4556	    -27.7045	    -12.6178
     21.2592	      0.0000	      0.0000	      0.0000
     -1.4940	    -25.9085	      0.0000	      0.0000
      0.0000	      0.0000	      0.0000	      0.0000
     28.5111	     -1.5140	      1.4127	      3.4974
     -0.0667	      3.7639	      0.0000	      0.0000
      0.0000	      0.0000	      0.0000	      0.0000
      0.0000	      0.0000	      0.0000	      0.0000
     -1.4640	     -6.4541	    -24.8237	      6.5685
      7.1406	      0.0000	      0.0000	      0.0000
      0.0000	      0.0000	      0.0000	      0.0000
      0.0000	      0.0000	      0.0000	      0.0000
    -23.3844	    -29.1574	    -29.8113	     -5.8237
     -6.8735	     -7.2440	     -8.6773	      4.0550
      0.0000	      0.0000	      0.0000	      0.0000
      0.0000	      0.0000	      0.0000	      0.0000
    -58.2734	    -28.0149	    -62.1823	    -59.1330
      0.0000	      0.0000	      0.0000	      0.0000
      4.8547	      0.0000	      0.0000	      0.0000
      0.0000	      0.0000	      0.0000	      0.0000
     -6.9900	      6.3850	    -11.3701	     -9.4082
      0.0000	      0.0000	      0.0000	      0.0000
     15.8046	      0.0000	      0.0000	     56.8695
    133.6256	      0.0000	      0.0000	     22.5481
      6.8426	     19.6999	     -3.5037	      1.7699
      0.0000	      0.0000	      0.0000	      0.0000
      0.0000	     -0.7730	      0.0000	      0.0000
      0.0000	      0.0000	      0.0000	      0.0000
    -51.5645	    -18.2743	    -59.7954	    -51.2068
     -6.2014	    -12.0101	    -10.5794	      0.0000
      3.8822	     -3.9838	      0.0000	      0.0000
      0.0000	      0.0000	      0.0000	      0.0000
    -31.2267	     -7.4845	    -43.5999	    -27.9032
    104.0429	      0.0000	     -7.2031	      0.0000
     54.2528	      0.0000	      0.0000	      6.1623
    152.0008	     46.1326	      0.0000	      0.0000
    -14.9121	    -14.5573	    -19.2219	    -12.1123
      0.0000	      0.0000	      0.0000	      0.0000
     21.1638	      0.0000	      0.0000	      0.0000
      0.0000	      0.0000	      0.0000	      0.0000
    -44.1609	    -24.0291	    -50.6957	    -45.2299
    -12.3750	      0.0000	      0.0000	      0.0000
      0.0000	      0.0000	      0.0000	      0.0000
      0.0000	      0.0000	      0.0000	      0.0000
    -28.4879	    -47.6169	    -38.3846	    -19.9671
     -1.3878	      5.8078	      0.0000	      0.0000
     -7.0338	     -3.3406	     -9.4015	     17.1769
     73.4897	      0.0000	      0.0000	      0.0000
    -27.1182	    -33.0681	    -37.9059	    -18.2242
      1.0955	      0.0000	      0.0000	      0.0000
      0.0000	      0.0000	      0.0000	      0.0000
      0.0000	      0.0000	      0.0000	      0.0000
     -9.2189	    -26.3949	    -25.6926	    -20.8992
     -2.5621	     -3.9648	     -1.1688	      0.0000
      0.0000	      0.0000	      0.0000	      0.0000
      0.0000	      0.0000	      0.0000	      0.0000
    -30.2466	    -22.7273	    -27.3220	     -5.4488
     27.1728	      0.0000	      0.0000	      0.0000
     49.1115	      0.0000	      0.0000	      0.0000
     77.3878	     34.8893	    -14.5305	      0.0000
    -31.8563	    -31.5933	    -43.7845	    -23.8281
      0.0000	      0.0000	      0.0000	      0.0000
      0.0000	      0.0000	      0.0000	      0.0000
      0.0000	      0.0000	      0.0000	      0.0000
     -1.1048	     -0.4461	     -2.9268	     -0.5514
      1.5344	      0.0000	      0.0000	     -1.4874
      0.0000	      0.0000	      0.0000	      0.0000
      0.0000	      0.0000	      0.0000	      0.0000
     -5.7072	    -11.7357	    -15.4273	      0.2518
      7.3268	      0.3479	      0.0000	      0.0000
      0.0000	      0.0000	      0.0000	      0.0000
      0.0000	      0.0000	      0.0000	      0.0000
    -30.1651	    -30.8113	    -34.7830	     -9.1116
     -6.7900	     -1.8989	     -7.6983	      0.0000
      0.0000	      0.0000	      0.0000	      0.0000
      0.0000	      0.0000	      0.0000	      0.0000
    -43.8686	    -59.2893	    -40.2057	    -39.2405
     -7.9475	      0.0000	      0.0000	      0.0000
      0.0000	      0.0000	      0.0000	      0.0000
      0.0000	      0.0000	      0.0000	      0.0000
     -0.9120	     -0.4385	      0.0000	      0.0000
      0.0000	      0.0000	      0.0000	      0.0000
      0.0000	      0.0000	      0.0000	      0.0000
      0.0000	      0.0000	      0.0000	      0.0000
     22.0633	      0.0000	      0.0000	      0.0000
      0.0000	      0.0000	      0.0000	      0.0000
      0.0000	      0.0000	      0.0000	      0.0000
      0.0000	      0.0000	      0.0000	      0.0000
     -1.5687	     -1.6561	     -1.7026	      0.0000
      0.0000	      0.0000	      0.0000	      0.0000
      0.0000	      0.0000	      0.0000	      0.0000
      0.0000	      0.0000	      0.0000	      0.0000
      0.0000	      0.0000	      0.0000	      0.0000
      0.0000	      0.0000	      0.0000	      0.0000
      0.0000	      0.0000	      0.0000	      0.0000
      0.0000	      0.0000	      0.0000	      0.0000
      0.0000	      0.0000	      0.0000	      0.0000
      0.0000	      0.0000	      0.0000	      0.0000
      0.0000	      0.0000	      0.0000	      0.0000
      0.0000	      0.0000	      0.0000	      0.0000
     -1.5347	     -0.2663	      0.0000	      0.0000
      0.0000	      0.0000	      0.0000	      0.0000
      0.0000	      0.0000	      0.0000	      0.0000
      0.0000	      0.0000	      0.0000	      0.0000
      1.4867	      0.0000	      0.0000	      0.0000
      0.0000	      0.0000	      0.0000	      0.0000
      0.0000	      0.0000	      0.0000	      0.0000
      0.0000	      0.0000	      0.0000	      0.0000
      1.5794	      0.0000	      0.0000	      0.0000
      0.0000	      0.0000	      0.0000	      0.0000
      0.0000	      0.0000	      0.0000	      0.0000
      0.0000	      0.0000	      0.0000	      0.0000
      1.9388	      0.0000	      0.0000	      0.0000
      0.0000	      0.0000	      0.0000	      0.0000
      0.0000	      0.0000	      0.0000	      0.0000
      0.0000	      0.0000	      0.0000	      0.0000
      0.0000	      0.0000	      0.0000	      0.0000
      0.0000	      0.0000	      0.0000	      0.0000
      0.0000	      0.0000	      0.0000	      0.0000
      0.0000	      0.0000	      0.0000	      0.0000
      0.0000	      0.0000	      0.0000	      0.0000
      0.0000	      0.0000	      0.0000	      0.0000
      0.0000	      0.0000	      0.0000	      0.0000
      0.0000	      0.0000	      0.0000	      0.0000
      0.0000	      0.0000	      0.0000	      0.0000
      0.0000	      0.0000	      0.0000	      0.0000
      0.0000	      0.0000	      0.0000	      0.0000
      0.0000	      0.0000	      0.0000	      0.0000
      0.0000	      0.0000	      0.0000	      0.0000
      0.0000	      0.0000	      0.0000	      0.0000
      0.0000	      0.0000	      0.0000	      0.0000
      0.0000	      0.0000	      0.0000	      0.0000
    -18.8473	    -16.4351	    -22.3637	    -10.0258
      0.0000	      0.0000	      0.0000	      0.0000
      0.0000	      0.0000	      0.0000	      0.0000
      0.0000	      0.0000	      0.0000	      0.0000
    -54.8780	    -21.1416	    -54.4828	    -51.6333
      0.0000	      0.0000	      0.0000	      0.0000
     -7.0901	     -8.2860	      0.0000	      0.0000
      0.0000	      0.0000	      0.0000	      0.0000
     -1.2521	     11.8457	      0.0000	      0.0000
      0.0000	      0.0000	      0.0000	      0.0000
      0.0000	      0.0000	      0.0000	      0.0000
      0.0000	      0.0000	      0.0000	      0.0000
     21.7079	      5.9357	      0.0000	      0.0000
      0.0000	      0.0000	      0.0000	      0.0000
      7.9548	      0.0000	      0.0000	      0.0000
      0.0000	      0.0000	      0.0000	      0.0000
    -17.2746	     -4.6656	    -18.5775	    -16.5655
      0.0000	      0.0000	      0.0000	      0.0000
      3.0753	      0.0000	      0.0000	      0.0000
      0.0000	      0.0000	      0.0000	      0.0000
     -0.7256	     -2.0459	     -1.6447	     -4.7320
      0.0000	      0.0000	      0.0000	      0.0000
      0.0000	      0.0000	      0.0000	      0.0000
      0.0000	      0.0000	      0.0000	      0.0000
     13.1919	      0.0000	      0.0000	      0.0000
      0.0000	      0.0000	      0.0000	      0.0000
      0.0000	      0.0000	      0.0000	      0.0000
      0.0000	      0.0000	      0.0000	      0.0000
     -5.2864	     -8.3399	     -5.0058	     -6.7417
     -7.2283	      0.0000	      0.0000	      0.0000
      0.0000	      0.0000	      0.0000	      0.0000
      0.0000	      0.0000	      0.0000	      0.0000
     -1.0448	     -1.7981	     -0.9465	     -5.0995
      0.0000	      0.0000	      0.0000	      0.0000
      0.0000	      0.0000	      0.0000	      0.0000
      0.0000	      0.0000	      0.0000	      0.0000
     -0.1631	     -1.6505	      0.8786	      0.0000
      0.0000	      0.0000	      0.0000	      0.0000
      0.0000	      0.0000	      0.0000	      0.0000
      0.0000	      0.0000	      0.0000	      0.0000
     12.9744	      0.0000	      0.0000	      0.0000
      0.0000	      0.0000	      0.0000	      0.0000
      0.0000	      0.0000	      0.0000	      0.0000
      0.0000	      0.0000	      0.0000	      0.0000
      8.4206	      0.0000	      0.0000	      0.0000
      0.0000	      0.0000	      0.0000	      0.0000
      0.0000	      0.0000	      0.0000	      0.0000
      0.0000	      0.0000	      0.0000	      0.0000
     -2.7649	     -3.0373	     -1.9043	     -0.3078
      0.0000	      0.0000	      0.0000	      0.0000
      0.0000	      0.0000	      0.0000	      0.0000
      0.0000	      0.0000	      0.0000	      0.0000
      3.2433	      0.0000	      0.0000	      0.0000
      0.0000	      0.0000	      0.0000	      0.0000
      0.0000	      0.0000	      0.0000	      0.0000
      0.0000	      0.0000	      0.0000	      0.0000
      1.3948	      0.0000	      0.0000	      0.0000
     -1.2648	      0.0000	      0.0000	      0.0000
      0.0000	      0.0000	      0.0000	      0.0000
      0.0000	      0.0000	      0.0000	      0.0000
     -3.8514	     -4.6512	      1.8511	      0.0000
      0.0000	      0.0000	      0.0000	      0.0000
      0.0000	      0.0000	      0.0000	      0.0000
      0.0000	      0.0000	      0.0000	      0.0000
    -37.4334	     -9.1904	    -39.5626	    -40.4952
      0.0000	      0.0000	      0.0000	      0.0000
      0.0000	      0.0000	      0.0000	      0.0000
      0.0000	      0.0000	      0.0000	      0.0000
     -0.4854	     13.4314	     -7.1639	     -7.1942
      0.0000	      0.0000	      0.0000	      0.0000
      0.0000	      0.0000	      0.0000	      0.0000
      0.0000	      0.0000	      0.0000	      0.0000
     13.7300	      0.0000	      0.0000	      0.0000
      0.0000	      0.0000	      0.0000	      0.0000
      0.0000	      0.0000	      0.0000	      0.0000
      0.0000	      0.0000	      0.0000	      0.0000
    -17.3893	     -9.2050	    -21.1188	    -18.2034
      0.0000	      0.0000	      0.0000	      0.0000
      0.0000	      0.0000	      0.0000	      0.0000
      0.0000	      0.0000	      0.0000	      0.0000
      4.8821	     -2.7764	     -4.6414	     -5.1945
      0.0000	      0.0000	      0.0000	      0.0000
      0.0000	      0.0000	      0.0000	      0.0000
      0.0000	      0.0000	      0.0000	      0.0000
     16.7431	      0.0000	      0.0000	      0.0000
      0.0000	      0.0000	      0.0000	      0.0000
      1.7524	      0.0000	      0.0000	      0.0000
      0.0000	      0.0000	      0.0000	      0.0000
    -10.6166	     -5.9946	    -10.1882	    -12.3195
     -2.7721	      0.0000	      0.0000	      0.0000
      0.0000	      0.0000	      0.0000	      0.0000
      0.0000	      0.0000	      0.0000	      0.0000
      0.6023	     -4.8936	     -3.8812	     -5.9125
      0.0000	      0.0000	      0.0000	      0.0000
      0.0000	      0.0000	      0.0000	      0.0000
      0.0000	      0.0000	      0.0000	      0.0000
     -4.4617	     -4.2698	     -7.5473	     -5.1783
      0.0000	      0.0000	      0.0000	      0.0000
      0.0000	      0.0000	      0.0000	      0.0000
      0.0000	      0.0000	      0.0000	      0.0000
      8.2654	      0.0000	      0.0000	      0.0000
      0.0000	      0.0000	      0.0000	      0.0000
      0.0000	      0.0000	      0.0000	      0.0000
      0.0000	      0.0000	      0.0000	      0.0000
     -1.3976	     -4.2359	     -5.0329	     -1.6808
      0.0000	      0.0000	      0.0000	      0.0000
      0.0000	      0.0000	      0.0000	      0.0000
      0.0000	      0.0000	      0.0000	      0.0000
     -5.0290	     -4.1660	     -6.1652	     -5.3197
      0.0000	      0.0000	      0.0000	      0.0000
      0.0000	      0.0000	      0.0000	      0.0000
      0.0000	      0.0000	      0.0000	      0.0000
      5.5854	      0.0000	      0.0000	      0.0000
      0.0000	      0.0000	      0.0000	      0.0000
      0.0000	      0.0000	      0.0000	      0.0000
      0.0000	      0.0000	      0.0000	      0.0000
      0.8761	      0.0000	      0.0000	     -1.3135
      0.0000	      0.0000	      0.0000	      0.0000
      0.0000	      0.0000	      0.0000	      0.0000
      0.0000	      0.0000	      0.0000	      0.0000
      0.0000	      0.0000	      0.0000	      0.0000
      0.0000	      0.0000	      0.0000	      0.0000
      0.0000	      0.0000	      0.0000	      0.0000
      0.0000	      0.0000	      0.0000	      0.0000
    -76.2715	    -78.7534	    -10.3067	    -70.9745
      0.0000	      0.0000	      0.0000	      0.0000
      0.0000	      0.0000	      0.0000	      0.0000
      0.0000	      0.0000	      0.0000	      0.0000
     -7.4814	    -20.6559	      5.2591	     -7.7266
      0.0000	      0.0000	      0.0000	      0.0000
      0.0000	      0.0000	      0.0000	      0.0000
      0.0000	      0.0000	      0.0000	      0.0000
    -20.1621	    -18.1440	    -16.2283	      5.0463
      0.0000	      0.0000	      0.0000	      0.0000
      0.0000	      0.0000	      0.0000	      0.0000
      0.0000	      0.0000	      0.0000	      0.0000
    -39.2682	    -46.5173	    -54.5747	    -47.7127
      0.0000	      0.0000	      0.0000	      0.0000
      0.0000	      0.0000	      0.0000	      0.0000
      0.0000	      0.0000	      0.0000	      0.0000
    -13.8203	    -28.7379	    -10.4657	    -13.7191
      0.0000	      0.0000	      0.0000	      0.0000
      0.0000	      0.0000	      0.0000	      0.0000
      0.0000	      0.0000	      0.0000	      0.0000
     -5.9966	     -2.5868	     -9.0427	     -0.0904
      0.0000	      0.0000	      0.0000	      0.0000
      0.0000	      0.0000	      0.0000	      0.0000
      0.0000	      0.0000	      0.0000	      0.0000
    -35.2827	    -37.6840	    -27.2632	    -35.1218
      0.0000	      0.0000	      0.0000	      0.0000
      0.0000	      0.0000	      0.0000	      0.0000
      0.0000	      0.0000	      0.0000	      0.0000
    -41.2742	    -24.1707	    -41.1862	    -35.7130
      0.0000	      0.0000	      0.0000	      0.0000
      0.0000	      0.0000	      0.0000	      0.0000
      0.0000	      0.0000	      0.0000	      0.0000
    -29.8078	    -25.8283	    -22.9448	    -11.0338
      0.0000	      0.0000	      0.0000	      0.0000
      0.0000	      0.0000	      0.0000	      0.0000
      0.0000	      0.0000	      0.0000	      0.0000
    -30.7004	    -25.6880	    -26.6537	    -14.8598
      0.0000	      0.0000	      0.0000	      0.0000
      0.0000	      0.0000	      0.0000	      0.0000
      0.0000	      0.0000	      0.0000	      0.0000
    -29.1157	    -25.2465	    -22.4190	    -27.8425
      0.0000	      0.0000	      0.0000	      0.0000
      0.0000	      0.0000	      0.0000	      0.0000
      0.0000	      0.0000	      0.0000	      0.0000
    -23.6096	    -21.6430	    -21.7394	    -21.6091
      0.0000	      0.0000	      0.0000	      0.0000
      0.0000	      0.0000	      0.0000	      0.0000
      0.0000	      0.0000	      0.0000	      0.0000
    -11.5576	     -4.7820	    -12.7562	    -16.5307
      0.0000	      0.0000	      0.0000	      0.0000
      0.0000	      0.0000	      0.0000	      0.0000
      0.0000	      0.0000	      0.0000	      0.0000
    -41.6893	    -29.5430	    -45.7255	     -6.3316
      0.0000	      0.0000	      0.0000	      0.0000
      0.0000	      0.0000	      0.0000	      0.0000
      0.0000	      0.0000	      0.0000	      0.0000
    -56.3761	    -54.3872	    -58.6243	    -25.3614
      0.0000	      0.0000	      0.0000	      0.0000
      0.0000	      0.0000	      0.0000	      0.0000
      0.0000	      0.0000	      0.0000	      0.0000
    -41.4045	    -16.2726	    -47.3070	    -40.6924
      0.0000	      0.0000	      0.0000	      0.0000
      0.0000	      0.0000	      0.0000	      0.0000
      0.0000	      0.0000	      0.0000	      0.0000
    -12.9473	      5.7870	    -27.6942	    -27.7063
      0.0000	      0.0000	      0.0000	      0.0000
      0.0000	      0.0000	      0.0000	      0.0000
      0.0000	      0.0000	      0.0000	      0.0000
      0.0000	      8.9974	     25.8258	      0.0000
      0.0000	      0.0000	      0.0000	      0.0000
      0.0000	      0.0000	      0.0000	      0.0000
      0.0000	      0.0000	      0.0000	      0.0000
    -54.2375	    -42.1981	    -56.6947	    -58.9944
      0.0000	      0.0000	      0.0000	      0.0000
      0.0000	      0.0000	      0.0000	      0.0000
      0.0000	      0.0000	      0.0000	      0.0000
    -51.5440	    -31.2155	    -53.1831	    -54.3086
      0.0000	      0.0000	      0.0000	      0.0000
      0.0000	      0.0000	      0.0000	      0.0000
      0.0000	      0.0000	      0.0000	      0.0000
    -21.4722	    -21.5306	    -23.8488	    -22.1095
      0.0000	      0.0000	      0.0000	      0.0000
      0.0000	      0.0000	      0.0000	      0.0000
      0.0000	      0.0000	      0.0000	      0.0000
    -69.0791	    -68.2693	    -54.8136	    -62.8823
      0.0000	      0.0000	      0.0000	      0.0000
      0.0000	      0.0000	      0.0000	      0.0000
      0.0000	      0.0000	      0.0000	      0.0000
    -67.8203	    -48.2113	    -58.0211	    -29.6304
      0.0000	      0.0000	      0.0000	      0.0000
      0.0000	      0.0000	      0.0000	      0.0000
      0.0000	      0.0000	      0.0000	      0.0000
    -67.0458	    -57.5263	    -67.8278	    -32.2435
      0.0000	      0.0000	      0.0000	      0.0000
      0.0000	      0.0000	      0.0000	      0.0000
      0.0000	      0.0000	      0.0000	      0.0000
    -22.3264	    -22.8204	    -20.7117	    -18.4876
      0.0000	      0.0000	      0.0000	      0.0000
      0.0000	      0.0000	      0.0000	      0.0000
      0.0000	      0.0000	      0.0000	      0.0000
    -49.9265	    -41.4517	    -51.2988	    -18.1294
      0.0000	      0.0000	      0.0000	      0.0000
      0.0000	      0.0000	      0.0000	      0.0000
      0.0000	      0.0000	      0.0000	      0.0000
    -48.5361	    -59.5169	    -57.3875	    -57.2940
      0.0000	      0.0000	      0.0000	      0.0000
      0.0000	      0.0000	      0.0000	      0.0000
      0.0000	      0.0000	      0.0000	      0.0000
    -17.0216	     -2.5298	    -33.8802	      7.2121
      0.0000	      0.0000	      0.0000	      0.0000
      0.0000	      0.0000	      0.0000	      0.0000
      0.0000	      0.0000	      0.0000	      0.0000
    -28.0556	    -16.0497	    -12.8648	     14.9448
      0.0000	      0.0000	      0.0000	      0.0000
      0.0000	      0.0000	      0.0000	      0.0000
      0.0000	      0.0000	      0.0000	      0.0000
    -60.2115	    -80.4535	    -62.4259	    -32.2149
      0.0000	      0.0000	      0.0000	      0.0000
      0.0000	      0.0000	      0.0000	      0.0000
      0.0000	      0.0000	      0.0000	      0.0000
    -74.9684	    -66.7207	    -99.9003	    -99.0740
      0.0000	      0.0000	      0.0000	      0.0000
      0.0000	      0.0000	      0.0000	      0.0000
      0.0000	      0.0000	      0.0000	      0.0000
    -34.9147	    -34.3661	    -26.0899	    -35.1253
      0.0000	      0.0000	      0.0000	      0.0000
      0.0000	      0.0000	      0.0000	      0.0000
      0.0000	      0.0000	      0.0000	      0.0000
     -3.9651	    -27.0639	    -24.1167	    -32.5280
      0.0000	      0.0000	      0.0000	      0.0000
      0.0000	      0.0000	      0.0000	      0.0000
      0.0000	      0.0000	      0.0000	      0.0000
    -78.1209	    -88.1915	    -77.7276	    -80.9049
      0.0000	      0.0000	      0.0000	      0.0000
      0.0000	      0.0000	      0.0000	      0.0000
      0.0000	      0.0000	      0.0000	      0.0000
    -67.9612	    -66.7438	    -66.2540	    -77.2218
      0.0000	      0.0000	      0.0000	      0.0000
      0.0000	      0.0000	      0.0000	      0.0000
      0.0000	      0.0000	      0.0000	      0.0000
    -35.6873	    -53.7471	    -59.1809	    -53.0545
      0.0000	      0.0000	      0.0000	      0.0000
      0.0000	      0.0000	      0.0000	      0.0000
      0.0000	      0.0000	      0.0000	      0.0000
    -64.0109	    -59.1841	    -65.5823	    -68.9011
      0.0000	      0.0000	      0.0000	      0.0000
      0.0000	      0.0000	      0.0000	      0.0000
      0.0000	      0.0000	      0.0000	      0.0000
    -66.6375	    -56.4226	    -64.4326	    -63.4880
      0.0000	      0.0000	      0.0000	      0.0000
      0.0000	      0.0000	      0.0000	      0.0000
      0.0000	      0.0000	      0.0000	      0.0000
    -54.7400	    -79.4949	    -64.9233	    -65.6831
      0.0000	      0.0000	      0.0000	      0.0000
      0.0000	      0.0000	      0.0000	      0.0000
      0.0000	      0.0000	      0.0000	      0.0000
    -35.0319	    -32.8559	    -51.0611	    -44.4922
      0.0000	      0.0000	      0.0000	      0.0000
      0.0000	      0.0000	      0.0000	      0.0000
      0.0000	      0.0000	      0.0000	      0.0000
    -58.4690	    -71.9340	    -66.6092	    -51.6302
      0.0000	      0.0000	      0.0000	      0.0000
      0.0000	      0.0000	      0.0000	      0.0000
      0.0000	      0.0000	      0.0000	      0.0000
    -58.6963	    -63.6170	    -65.1199	    -64.9460
      0.0000	      0.0000	      0.0000	      0.0000
      0.0000	      0.0000	      0.0000	      0.0000
      0.0000	      0.0000	      0.0000	      0.0000
    -15.5664	     -2.8030	    -10.9149	     -1.2608
      0.0000	      0.0000	      0.0000	      0.0000
      0.0000	      0.0000	      0.0000	      0.0000
      0.0000	      0.0000	      0.0000	      0.0000
    -28.8804	    -44.9397	    -42.7813	    -51.8935
      0.0000	      0.0000	      0.0000	      0.0000
      0.0000	      0.0000	      0.0000	      0.0000
      0.0000	      0.0000	      0.0000	      0.0000
   -109.1166	   -119.5392	   -108.8570	    -30.4930
     -0.8351	     -8.3503	      0.0000	      0.0000
      0.0000	      0.0000	      0.0000	      0.0000
      0.0000	      0.0000	      0.0000	      0.0000
    -69.8078	    -20.6253	    -72.1387	    -64.6035
      0.0000	      0.0000	      0.0000	      0.0000
      0.0000	      0.0000	      0.0000	      0.0000
      0.0000	      0.0000	      0.0000	      0.0000
     -0.6573	     14.7239	      0.0000	      0.0000
      0.0000	      0.0000	      0.0000	      0.0000
      0.0000	      0.0000	      0.0000	      0.0000
      0.0000	      0.0000	      0.0000	      0.0000
     25.9273	      7.0475	      6.4372	      2.9489
      0.0000	      0.0000	      0.0000	      0.0000
      0.0000	      0.0000	      0.0000	      0.0000
      0.0000	      0.0000	      0.0000	      0.0000
    -24.2927	    -29.3050	    -17.8405	    -25.5481
      0.0000	      0.0000	      0.0000	      0.0000
      0.0000	      0.0000	      0.0000	      0.0000
      0.0000	      0.0000	      0.0000	      0.0000
     -9.0451	     10.8623	     -1.4640	     -3.1299
      0.0000	      0.0000	      0.0000	      0.0000
      0.0000	      0.0000	      0.0000	      0.0000
      0.0000	      0.0000	      0.0000	      0.0000
     12.1877	      5.5798	      9.8911	      5.8846
      0.0000	      0.0000	      0.0000	      0.0000
      0.0000	      0.0000	      0.0000	      0.0000
      0.0000	      0.0000	      0.0000	      0.0000
    -17.7252	    -17.1374	     -9.3998	    -16.8404
      0.0000	      0.0000	      0.0000	      0.0000
      0.0000	      0.0000	      0.0000	      0.0000
      0.0000	      0.0000	      0.0000	      0.0000
     -3.7660	     -3.8716	     -8.6877	     -8.4728
      0.0000	      0.0000	      0.0000	      0.0000
      0.0000	      0.0000	      0.0000	      0.0000
      0.0000	      0.0000	      0.0000	      0.0000
     -4.6156	     -4.8080	     -1.8589	     -0.6642
      0.0000	      0.0000	      0.0000	      0.0000
      0.0000	      0.0000	      0.0000	      0.0000
      0.0000	      0.0000	      0.0000	      0.0000
      2.2878	      0.2551	      1.6604	      1.7985
      0.0000	      0.0000	      0.0000	      0.0000
      0.0000	      0.0000	      0.0000	      0.0000
      0.0000	      0.0000	      0.0000	      0.0000
     -1.1170	     -4.8095	     -2.6916	      1.8345
      0.0000	      0.0000	      0.0000	      0.0000
      0.0000	      0.0000	      0.0000	      0.0000
      0.0000	      0.0000	      0.0000	      0.0000
    -17.9148	    -12.7700	     -4.2171	     -2.9813
      0.0000	      0.0000	      0.0000	      0.0000
      0.0000	      0.0000	      0.0000	      0.0000
      0.0000	      0.0000	      0.0000	      0.0000
     14.7256	     -0.1006	      0.0000	      0.0000
      0.0000	      0.0000	      0.0000	      0.0000
      0.0000	      0.0000	      0.0000	      0.0000
      0.0000	      0.0000	      0.0000	      0.0000
     -1.7148	     -3.4335	     -5.6118	     10.4536
      0.0000	      0.0000	      0.0000	      0.0000
      0.0000	      0.0000	      0.0000	      0.0000
      0.0000	      0.0000	      0.0000	      0.0000
    -32.7481	    -33.6814	    -35.1189	    -31.2838
      0.0000	      0.0000	      0.0000	      0.0000
      0.0000	      0.0000	      0.0000	      0.0000
      0.0000	      0.0000	      0.0000	      0.0000
    -74.8976	    -18.4760	    -80.5095	    -66.4931
      0.0000	      0.0000	      0.0000	      0.0000
      0.0000	      0.0000	      0.0000	      0.0000
      0.0000	      0.0000	      0.0000	      0.0000
     -9.2563	      7.6412	     -8.3928	    -19.9960
      0.0000	      0.0000	      0.0000	      0.0000
      0.0000	      0.0000	      0.0000	      0.0000
      0.0000	      0.0000	      0.0000	      0.0000
     16.9351	      8.7719	      6.4278	      8.7862
      0.0000	      0.0000	      0.0000	      0.0000
      0.0000	      0.0000	      0.0000	      0.0000
      0.0000	      0.0000	      0.0000	      0.0000
    -48.5641	    -33.7707	    -58.6631	    -48.0091
      0.0000	      0.0000	      0.0000	      0.0000
      0.0000	      0.0000	      0.0000	      0.0000
      0.0000	      0.0000	      0.0000	      0.0000
    -22.9182	    -12.2303	    -24.3808	    -28.6310
      0.0000	      0.0000	      0.0000	      0.0000
      0.0000	      0.0000	      0.0000	      0.0000
      0.0000	      0.0000	      0.0000	      0.0000
     -4.9964	     -8.7686	    -11.2726	     -7.9442
      0.0000	      0.0000	      0.0000	      0.0000
      0.0000	      0.0000	      0.0000	      0.0000
      0.0000	      0.0000	      0.0000	      0.0000
    -26.0287	    -47.0002	    -50.5596	    -54.0449
      0.0000	      0.0000	      0.0000	      0.0000
      0.0000	      0.0000	      0.0000	      0.0000
      0.0000	      0.0000	      0.0000	      0.0000
    -36.9318	    -28.9756	    -36.3472	    -35.5477
      0.0000	      0.0000	      0.0000	      0.0000
      0.0000	      0.0000	      0.0000	      0.0000
      0.0000	      0.0000	      0.0000	      0.0000
    -29.1068	    -30.2071	    -38.6646	    -26.7838
      0.0000	      0.0000	      0.0000	      0.0000
      0.0000	      0.0000	      0.0000	      0.0000
      0.0000	      0.0000	      0.0000	      0.0000
    -23.0216	    -20.6183	    -23.6322	    -21.3912
      0.0000	      0.0000	      0.0000	      0.0000
      0.0000	      0.0000	      0.0000	      0.0000
      0.0000	      0.0000	      0.0000	      0.0000
    -16.7397	    -23.9342	    -39.6579	    -24.4475
      0.0000	      0.0000	      0.0000	      0.0000
      0.0000	      0.0000	      0.0000	      0.0000
      0.0000	      0.0000	      0.0000	      0.0000
    -27.4640	    -28.8462	    -35.4644	    -25.1498
      0.0000	      0.0000	      0.0000	      0.0000
      0.0000	      0.0000	      0.0000	      0.0000
      0.0000	      0.0000	      0.0000	      0.0000
      5.7434	     -0.3530	      0.0000	     12.4645
      0.0000	      0.0000	      0.0000	      0.0000
      0.0000	      0.0000	      0.0000	      0.0000
      0.0000	      0.0000	      0.0000	      0.0000
      0.0000	      0.0000	     -6.9397	     11.4346
      0.0000	      0.0000	      0.0000	      0.0000
      0.0000	      0.0000	      0.0000	      0.0000
      0.0000	      0.0000	      0.0000	      0.0000
    -21.2789	    -22.7654	    -32.0073	     -7.9462
      0.0000	      0.0000	      0.0000	      0.0000
      0.0000	      0.0000	      0.0000	      0.0000
      0.0000	      0.0000	      0.0000	      0.0000
   -129.9971	    -34.9563	   -138.1782	   -141.0163
      0.0000	      0.0000	      0.0000	      0.0000
      0.0000	      0.0000	      0.0000	      0.0000
      0.0000	      0.0000	      0.0000	      0.0000
    -24.5513	      2.8878	    -30.5456	    -29.6687
      0.0000	      0.0000	      0.0000	      0.0000
      0.0000	      0.0000	      0.0000	      0.0000
      0.0000	      0.0000	      0.0000	      0.0000
      6.3135	     -4.7616	     -6.0031	    -16.0822
      0.0000	      0.0000	      0.0000	      0.0000
      0.0000	      0.0000	      0.0000	      0.0000
      0.0000	      0.0000	      0.0000	      0.0000
    -81.6129	    -45.6933	    -83.3103	    -87.7956
      0.0000	      0.0000	      0.0000	      0.0000
      0.0000	      0.0000	      0.0000	      0.0000
      0.0000	      0.0000	      0.0000	      0.0000
    -45.6350	    -14.9598	    -43.9689	    -47.4636
      0.0000	      0.0000	      0.0000	      0.0000
      0.0000	      0.0000	      0.0000	      0.0000
      0.0000	      0.0000	      0.0000	      0.0000
     -7.7965	    -20.0623	    -17.3304	    -18.8676
      0.0000	      0.0000	      0.0000	      0.0000
      0.0000	      0.0000	      0.0000	      0.0000
      0.0000	      0.0000	      0.0000	      0.0000
    -60.3914	    -45.5224	    -57.6218	    -61.6705
      0.0000	      0.0000	      0.0000	      0.0000
      0.0000	      0.0000	      0.0000	      0.0000
      0.0000	      0.0000	      0.0000	      0.0000
    -28.4917	    -42.9721	    -52.2873	    -37.9893
      0.0000	      0.0000	      0.0000	      0.0000
      0.0000	      0.0000	      0.0000	      0.0000
      0.0000	      0.0000	      0.0000	      0.0000
    -41.4231	    -48.1219	    -54.4820	    -32.0399
      0.0000	      0.0000	      0.0000	      0.0000
      0.0000	      0.0000	      0.0000	      0.0000
      0.0000	      0.0000	      0.0000	      0.0000
    -34.3958	    -34.1077	    -31.9356	    -15.3213
      0.0000	      0.0000	      0.0000	      0.0000
      0.0000	      0.0000	      0.0000	      0.0000
      0.0000	      0.0000	      0.0000	      0.0000
    -18.7762	    -42.7887	    -40.0097	    -37.5382
      0.0000	      0.0000	      0.0000	      0.0000
      0.0000	      0.0000	      0.0000	      0.0000
      0.0000	      0.0000	      0.0000	      0.0000
    -48.8074	    -56.1726	    -59.0551	    -57.0325
      0.0000	      0.0000	      0.0000	      0.0000
      0.0000	      0.0000	      0.0000	      0.0000
      0.0000	      0.0000	      0.0000	      0.0000
     -4.0548	      0.2089	     -3.1939	     -8.6808
      0.0000	      0.0000	      0.0000	      0.0000
      0.0000	      0.0000	      0.0000	      0.0000
      0.0000	      0.0000	      0.0000	      0.0000
     -8.6888	    -23.3498	    -21.0814	     -5.1597
      0.0000	      0.0000	      0.0000	      0.0000
      0.0000	      0.0000	      0.0000	      0.0000
      0.0000	      0.0000	      0.0000	      0.0000
    -44.8931	    -45.7456	    -47.8658	    -37.1257
      0.0000	      0.0000	      0.0000	      0.0000
      0.0000	      0.0000	      0.0000	      0.0000
      0.0000	      0.0000	      0.0000	      0.0000
    -49.2276	    -52.6375	    -60.0920	    -49.8092
      0.0000	      0.0000	      0.0000	      0.0000
      0.0000	      0.0000	      0.0000	      0.0000
      0.0000	      0.0000	      0.0000	      0.0000
      0.0000	      2.3273	      0.0000	      0.0000
      0.0000	      0.0000	      0.0000	      0.0000
      0.0000	      0.0000	      0.0000	      0.0000
      0.0000	      0.0000	      0.0000	      0.0000
      0.0000	      0.0000	     -1.3221	      0.0000
      0.0000	      0.0000	      0.0000	      0.0000
      0.0000	      0.0000	      0.0000	      0.0000
      0.0000	      0.0000	      0.0000	      0.0000
    -11.9933	      0.0000	      0.0000	      0.0000
      0.0000	      0.0000	      0.0000	      0.0000
      0.0000	      0.0000	      0.0000	      0.0000
      0.0000	      0.0000	      0.0000	      0.0000
      0.0000	      0.0000	      0.0000	      0.0000
      0.0000	      0.0000	      0.0000	      0.0000
      0.0000	      0.0000	      0.0000	      0.0000
      0.0000	      0.0000	      0.0000	      0.0000
      0.0000	      0.0000	      0.0000	      0.0000
      0.0000	      0.0000	      0.0000	      0.0000
      0.0000	      0.0000	      0.0000	      0.0000
      0.0000	      0.0000	      0.0000	      0.0000
     -0.7734	      0.0000	      0.0000	      0.0000
      0.0000	      0.0000	      0.0000	      0.0000
      0.0000	      0.0000	      0.0000	      0.0000
      0.0000	      0.0000	      0.0000	      0.0000
      0.4102	      0.0000	      0.0000	     -0.5824
      0.0000	      0.0000	      0.0000	      0.0000
      0.0000	      0.0000	      0.0000	      0.0000
      0.0000	      0.0000	      0.0000	      0.0000
      0.0000	      0.0000	      0.0000	      0.0000
      0.0000	      0.0000	      0.0000	      0.0000
      0.0000	      0.0000	      0.0000	      0.0000
      0.0000	      0.0000	      0.0000	      0.0000
      0.0000	      0.0000	      0.0000	      0.0000
      0.0000	      0.0000	      0.0000	      0.0000
      0.0000	      0.0000	      0.0000	      0.0000
      0.0000	      0.0000	      0.0000	      0.0000
     -0.5558	     -0.8993	      0.0000	      0.0000
      0.0000	      0.0000	      0.0000	      0.0000
      0.0000	      0.0000	      0.0000	      0.0000
      0.0000	      0.0000	      0.0000	      0.0000
      0.0000	      0.0000	      0.0000	      0.0000
      0.0000	      0.0000	      0.0000	      0.0000
      0.0000	      0.0000	      0.0000	      0.0000
      0.0000	      0.0000	      0.0000	      0.0000
      0.0000	      0.0000	      0.0000	      0.0000
      0.0000	      0.0000	      0.0000	      0.0000
      0.0000	      0.0000	      0.0000	      0.0000
      0.0000	      0.0000	      0.0000	      0.0000
      0.0000	      0.0000	      0.0000	      0.0000
      0.0000	      0.0000	      0.0000	      0.0000
      0.0000	      0.0000	      0.0000	      0.0000
      0.0000	      0.0000	      0.0000	      0.0000
      0.0000	      0.0000	      0.0000	      0.0000
      0.0000	      0.0000	      0.0000	      0.0000
      0.0000	      0.0000	      0.0000	      0.0000
      0.0000	      0.0000	      0.0000	      0.0000
    -61.5170	    -29.7418	    -61.6698	    -63.2305
      0.0000	      0.0000	      0.0000	      0.0000
      0.0000	      0.0000	      0.0000	      0.0000
      0.0000	      0.0000	      0.0000	      0.0000
     -0.5008	     13.0532	     -7.6546	      0.0000
      0.0000	      0.0000	      0.0000	      0.0000
      0.0000	      0.0000	      0.0000	      0.0000
      0.0000	      0.0000	      0.0000	      0.0000
     26.7458	      0.0000	      2.3470	     -0.0697
      0.0000	      0.0000	      0.0000	      0.0000
      0.0000	      0.0000	      0.0000	      0.0000
      0.0000	      0.0000	      0.0000	      0.0000
    -17.5833	    -19.0341	    -16.8800	    -22.9832
      0.0000	      0.0000	      0.0000	      0.0000
      0.0000	      0.0000	      0.0000	      0.0000
      0.0000	      0.0000	      0.0000	      0.0000
     -0.0690	      5.2851	      0.0000	      0.0000
      0.0000	      0.0000	      0.0000	      0.0000
      0.0000	      0.0000	      0.0000	      0.0000
      0.0000	      0.0000	      0.0000	      0.0000
     10.7657	      0.0000	      0.0000	      0.0000
      0.0000	      0.0000	      0.0000	      0.0000
      0.0000	      0.0000	      0.0000	      0.0000
      0.0000	      0.0000	      0.0000	      0.0000
     -5.8943	    -11.6760	     -7.0376	     -9.4711
      0.0000	      0.0000	      0.0000	      0.0000
      0.0000	      0.0000	      0.0000	      0.0000
      0.0000	      0.0000	      0.0000	      0.0000
     -1.0400	     -3.9501	     -5.4917	     -5.6986
      0.0000	      0.0000	      0.0000	      0.0000
      0.0000	      0.0000	      0.0000	      0.0000
      0.0000	      0.0000	      0.0000	      0.0000
     -2.6742	     -2.2256	      0.0000	      0.0000
      0.0000	      0.0000	      0.0000	      0.0000
      0.0000	      0.0000	      0.0000	      0.0000
      0.0000	      0.0000	      0.0000	      0.0000
     11.5801	      0.0000	      0.0000	      0.0000
      0.0000	      0.0000	      0.0000	      0.0000
      0.0000	      0.0000	      0.0000	      0.0000
      0.0000	      0.0000	      0.0000	      0.0000
     -0.5710	     -4.7814	     -1.0082	      0.0000
      0.0000	      0.0000	      0.0000	      0.0000
      0.0000	      0.0000	      0.0000	      0.0000
      0.0000	      0.0000	      0.0000	      0.0000
     -2.7124	     -2.7569	     -5.0481	     -0.6854
      0.0000	      0.0000	      0.0000	      0.0000
      0.0000	      0.0000	      0.0000	      0.0000
      0.0000	      0.0000	      0.0000	      0.0000
      0.0000	      0.0000	      0.0000	      0.0000
      0.0000	      0.0000	      0.0000	      0.0000
      0.0000	      0.0000	      0.0000	      0.0000
      0.0000	      0.0000	      0.0000	      0.0000
      0.0000	      0.0000	      0.0000	      0.0000
      0.0000	      0.0000	      0.0000	      0.0000
      0.0000	      0.0000	      0.0000	      0.0000
      0.0000	      0.0000	      0.0000	      0.0000
     -3.8002	     -9.7012	    -13.1409	      0.0000
      0.0000	      0.0000	      0.0000	      0.0000
      0.0000	      0.0000	      0.0000	      0.0000
      0.0000	      0.0000	      0.0000	      0.0000
    -82.6770	    -13.8546	    -82.7044	    -76.9497
      0.0000	      0.0000	      0.0000	      0.0000
      0.0000	      0.0000	      0.0000	      0.0000
      0.0000	      0.0000	      0.0000	      0.0000
     -1.2688	     23.1907	     -7.5526	     -1.8878
      0.0000	      0.0000	      0.0000	      0.0000
      0.0000	      0.0000	      0.0000	      0.0000
      0.0000	      0.0000	      0.0000	      0.0000
     26.9786	      6.4275	      0.0000	      0.0000
      0.0000	      0.0000	      0.0000	      0.0000
      0.0000	      0.0000	      0.0000	      0.0000
      0.0000	      0.0000	      0.0000	      0.0000
    -16.7607	    -13.1635	    -19.1995	    -23.3985
      0.0000	      0.0000	      0.0000	      0.0000
      0.0000	      0.0000	      0.0000	      0.0000
      0.0000	      0.0000	      0.0000	      0.0000
      0.0123	     -4.5504	     -8.3437	    -13.1110
      0.0000	      0.0000	      0.0000	      0.0000
      0.0000	      0.0000	      0.0000	      0.0000
      0.0000	      0.0000	      0.0000	      0.0000
     15.7506	      1.6696	      0.0000	     -0.5917
      0.0000	      0.0000	      0.0000	      0.0000
      0.0000	      0.0000	      0.0000	      0.0000
      0.0000	      0.0000	      0.0000	      0.0000
     -5.5278	    -15.5784	    -11.6056	     -5.7753
      0.0000	      0.0000	      0.0000	      0.0000
      0.0000	      0.0000	      0.0000	      0.0000
      0.0000	      0.0000	      0.0000	      0.0000
     -5.0856	    -13.7046	     -8.2173	     -7.0215
      0.0000	      0.0000	      0.0000	      0.0000
      0.0000	      0.0000	      0.0000	      0.0000
      0.0000	      0.0000	      0.0000	      0.0000
    -32.0053	     -4.1218	     -8.7980	     -5.9072
      0.0000	      0.0000	      0.0000	      0.0000
      0.0000	      0.0000	      0.0000	      0.0000
      0.0000	      0.0000	      0.0000	      0.0000
      1.5299	      0.0000	      0.0000	      0.0000
      0.0000	      0.0000	      0.0000	      0.0000
      0.0000	      0.0000	      0.0000	      0.0000
      0.0000	      0.0000	      0.0000	      0.0000
     -5.7216	     -5.6759	     -5.6438	     -4.2067
      0.0000	      0.0000	      0.0000	      0.0000
      0.0000	      0.0000	      0.0000	      0.0000
      0.0000	      0.0000	      0.0000	      0.0000
     -5.9767	    -10.7130	    -13.7644	     -7.2807
      0.0000	      0.0000	      0.0000	      0.0000
      0.0000	      0.0000	      0.0000	      0.0000
      0.0000	      0.0000	      0.0000	      0.0000
      0.0000	      0.0000	      0.0000	      0.0000
      0.0000	      0.0000	      0.0000	      0.0000
      0.0000	      0.0000	      0.0000	      0.0000
      0.0000	      0.0000	      0.0000	      0.0000
     -0.8775	     -1.7517	     -2.4235	      1.7673
      0.0000	      0.0000	      0.0000	      0.0000
      0.0000	      0.0000	      0.0000	      0.0000
      0.0000	      0.0000	      0.0000	      0.0000
     -5.1659	     -6.3623	    -11.0187	     -6.4128
      0.0000	      0.0000	      0.0000	      0.0000
      0.0000	      0.0000	      0.0000	      0.0000
      0.0000	      0.0000	      0.0000	      0.0000
   -210.6799	    -45.8421	   -128.2980	   -214.9017
      0.0000	      0.0000	      0.0000	      0.0000
      0.0000	      0.0000	      0.0000	      0.0000
      0.0000	      0.0000	      0.0000	      0.0000
    -15.4554	    -12.7686	      5.2749	    -63.9449
      0.0000	      0.0000	      0.0000	      0.0000
      0.0000	      0.0000	      0.0000	      0.0000
      0.0000	      0.0000	      0.0000	      0.0000
     -6.8080	     49.8084	    -38.0905	    -10.4662
      0.0000	      0.0000	      0.0000	      0.0000
      0.0000	      0.0000	      0.0000	      0.0000
      0.0000	      0.0000	      0.0000	      0.0000
    -47.4255	    -62.0042	    -55.8765	    -64.8888
      0.0000	      0.0000	      0.0000	      0.0000
      0.0000	      0.0000	      0.0000	      0.0000
      0.0000	      0.0000	      0.0000	      0.0000
    -22.1694	    -57.0164	    -41.9871	    -54.9559
      0.0000	      0.0000	      0.0000	      0.0000
      0.0000	      0.0000	      0.0000	      0.0000
      0.0000	      0.0000	      0.0000	      0.0000
    -23.8727	    -23.2130	    -20.8558	    -28.5239
      0.0000	      0.0000	      0.0000	      0.0000
      0.0000	      0.0000	      0.0000	      0.0000
      0.0000	      0.0000	      0.0000	      0.0000
    -60.7938	    -57.3976	    -56.6830	    -50.6393
      0.0000	      0.0000	      0.0000	      0.0000
      0.0000	      0.0000	      0.0000	      0.0000
      0.0000	      0.0000	      0.0000	      0.0000
    -67.7951	    -66.1012	    -42.4473	    -69.0903
      0.0000	      0.0000	      0.0000	      0.0000
      0.0000	      0.0000	      0.0000	      0.0000
      0.0000	      0.0000	      0.0000	      0.0000
    -63.1570	    -59.6538	    -47.5533	    -34.1720
      0.0000	      0.0000	      0.0000	      0.0000
      0.0000	      0.0000	      0.0000	      0.0000
      0.0000	      0.0000	      0.0000	      0.0000
    -32.7742	    -43.7561	    -35.1845	    -24.8131
      0.0000	      0.0000	      0.0000	      0.0000
      0.0000	      0.0000	      0.0000	      0.0000
      0.0000	      0.0000	      0.0000	      0.0000
    -48.6217	    -50.0536	    -34.0950	    -44.3834
      0.0000	      0.0000	      0.0000	      0.0000
      0.0000	      0.0000	      0.0000	      0.0000
      0.0000	      0.0000	      0.0000	      0.0000
    -40.2772	    -39.2806	    -39.6326	    -37.0404
      0.0000	      0.0000	      0.0000	      0.0000
      0.0000	      0.0000	      0.0000	      0.0000
      0.0000	      0.0000	      0.0000	      0.0000
    -23.0193	     -6.4879	     -5.5796	     12.8187
      0.0000	      0.0000	      0.0000	      0.0000
      0.0000	      0.0000	      0.0000	      0.0000
      0.0000	      0.0000	      0.0000	      0.0000
    -14.0516	    -32.3020	    -21.8058	     10.7863
      0.0000	      0.0000	      0.0000	      0.0000
      0.0000	      0.0000	      0.0000	      0.0000
      0.0000	      0.0000	      0.0000	      0.0000
   -128.5941	   -135.7579	   -142.1072	    -42.0746
      0.0000	      0.0000	      0.0000	      0.0000
      0.0000	      0.0000	      0.0000	      0.0000
      0.0000	      0.0000	      0.0000	      0.0000
   -177.5943	   -202.1230	    -42.0703	   -140.2448
      0.0000	      0.0000	      0.0000	      0.0000
      0.0000	      0.0000	      0.0000	      0.0000
      0.0000	      0.0000	      0.0000	      0.0000
    -50.2756	    -50.7839	    -10.3353	    -55.4372
      0.0000	      0.0000	      0.0000	      0.0000
      0.0000	      0.0000	      0.0000	      0.0000
      0.0000	      0.0000	      0.0000	      0.0000
    -12.4159	    -12.0424	    -11.8405	     -5.1280
      0.0000	      0.0000	      0.0000	      0.0000
      0.0000	      0.0000	      0.0000	      0.0000
      0.0000	      0.0000	      0.0000	      0.0000
    -79.1983	    -46.0872	    -75.2851	    -97.8567
      0.0000	      0.0000	      0.0000	      0.0000
      0.0000	      0.0000	      0.0000	      0.0000
      0.0000	      0.0000	      0.0000	      0.0000
    -63.9529	    -34.9315	    -66.9773	    -67.3144
      0.0000	      0.0000	      0.0000	      0.0000
      0.0000	      0.0000	      0.0000	      0.0000
      0.0000	      0.0000	      0.0000	      0.0000
    -31.8361	    -46.6686	    -48.1229	    -45.7869
      0.0000	      0.0000	      0.0000	      0.0000
      0.0000	      0.0000	      0.0000	      0.0000
      0.0000	      0.0000	      0.0000	      0.0000
    -73.7730	    -82.1537	   -112.0141	    -46.5897
      0.0000	      0.0000	      0.0000	      0.0000
      0.0000	      0.0000	      0.0000	      0.0000
      0.0000	      0.0000	      0.0000	      0.0000
    -86.2493	    -60.4703	   -106.2712	    -71.0264
      0.0000	      0.0000	      0.0000	      0.0000
      0.0000	      0.0000	      0.0000	      0.0000
      0.0000	      0.0000	      0.0000	      0.0000
    -82.4150	    -80.7793	    -90.5962	    -40.8363
      0.0000	      0.0000	      0.0000	      0.0000
      0.0000	      0.0000	      0.0000	      0.0000
      0.0000	      0.0000	      0.0000	      0.0000
    -43.6447	    -72.0241	   -105.5205	    -70.9637
      0.0000	      0.0000	      0.0000	      0.0000
      0.0000	      0.0000	      0.0000	      0.0000
      0.0000	      0.0000	      0.0000	      0.0000
    -62.8563	    -62.5920	    -83.1797	    -34.4023
      0.0000	      0.0000	      0.0000	      0.0000
      0.0000	      0.0000	      0.0000	      0.0000
      0.0000	      0.0000	      0.0000	      0.0000
    -85.3286	    -76.1468	    -93.2135	    -32.0515
      0.0000	      0.0000	      0.0000	      0.0000
      0.0000	      0.0000	      0.0000	      0.0000
      0.0000	      0.0000	      0.0000	      0.0000
    -28.0878	    -37.2366	    -33.7815	    -50.9761
      0.0000	      0.0000	      0.0000	      0.0000
      0.0000	      0.0000	      0.0000	      0.0000
      0.0000	      0.0000	      0.0000	      0.0000
    -62.0836	    -60.7020	    -63.8118	    -17.9561
      0.0000	      0.0000	      0.0000	      0.0000
      0.0000	      0.0000	      0.0000	      0.0000
      0.0000	      0.0000	      0.0000	      0.0000
   -147.0967	   -140.7352	   -142.5476	    -25.8598
      0.0000	      0.0000	      0.0000	      0.0000
      0.0000	      0.0000	      0.0000	      0.0000
      0.0000	      0.0000	      0.0000	      0.0000
   -278.5528	   -282.4096	    -64.9145	   -191.9351
      0.0000	      0.0000	      0.0000	      0.0000
      0.0000	      0.0000	      0.0000	      0.0000
      0.0000	      0.0000	      0.0000	      0.0000
    -77.1617	    -70.4437	    -32.5345	    -66.9725
      0.0000	      0.0000	      0.0000	      0.0000
      0.0000	      0.0000	      0.0000	      0.0000
      0.0000	      0.0000	      0.0000	      0.0000
    -27.0116	    -25.5014	    -28.4896	    -28.1999
      0.0000	      0.0000	      0.0000	      0.0000
      0.0000	      0.0000	      0.0000	      0.0000
      0.0000	      0.0000	      0.0000	      0.0000
   -159.0653	    -83.0915	   -191.6756	   -184.2201
      0.0000	      0.0000	      0.0000	      0.0000
      0.0000	      0.0000	      0.0000	      0.0000
      0.0000	      0.0000	      0.0000	      0.0000
    -93.2974	    -95.8440	    -94.6213	    -77.8477
      0.0000	      0.0000	      0.0000	      0.0000
      0.0000	      0.0000	      0.0000	      0.0000
      0.0000	      0.0000	      0.0000	      0.0000
    -67.5365	    -69.3185	    -75.1281	    -50.0434
      0.0000	      0.0000	      0.0000	      0.0000
      0.0000	      0.0000	      0.0000	      0.0000
      0.0000	      0.0000	      0.0000	      0.0000
   -174.0793	    -76.6471	   -173.5702	   -140.1274
      0.0000	      0.0000	      0.0000	      0.0000
      0.0000	      0.0000	      0.0000	      0.0000
      0.0000	      0.0000	      0.0000	      0.0000
   -100.2202	    -98.2672	   -101.3396	    -78.1070
      0.0000	      0.0000	      0.0000	      0.0000
      0.0000	      0.0000	      0.0000	      0.0000
      0.0000	      0.0000	      0.0000	      0.0000
    -98.9388	    -95.3421	   -100.7612	    -70.1227
      0.0000	      0.0000	      0.0000	      0.0000
      0.0000	      0.0000	      0.0000	      0.0000
      0.0000	      0.0000	      0.0000	      0.0000
   -137.4150	    -84.9315	   -120.4175	   -114.8086
      0.0000	      0.0000	      0.0000	      0.0000
      0.0000	      0.0000	      0.0000	      0.0000
      0.0000	      0.0000	      0.0000	      0.0000
    -89.4781	    -87.0335	   -100.3460	    -58.6835
      0.0000	      0.0000	      0.0000	      0.0000
      0.0000	      0.0000	      0.0000	      0.0000
      0.0000	      0.0000	      0.0000	      0.0000
   -105.9406	   -106.5180	   -107.5557	    -62.6709
      0.0000	      0.0000	      0.0000	      0.0000
      0.0000	      0.0000	      0.0000	      0.0000
      0.0000	      0.0000	      0.0000	      0.0000
    -73.5475	    -83.6303	    -75.2415	    -11.0289
      0.0000	      0.0000	      0.0000	      0.0000
      0.0000	      0.0000	      0.0000	      0.0000
      0.0000	      0.0000	      0.0000	      0.0000
    -79.6521	   -109.3809	    -91.4106	    -31.4007
      0.0000	      0.0000	      0.0000	      0.0000
      0.0000	      0.0000	      0.0000	      0.0000
      0.0000	      0.0000	      0.0000	      0.0000
   -139.0950	   -109.5328	   -137.1267	    -54.4401
      0.0000	      0.0000	      0.0000	      0.0000
      0.0000	      0.0000	      0.0000	      0.0000
      0.0000	      0.0000	      0.0000	      0.0000
   -128.9081	    -20.4741	   -184.8222	   -139.1002
      0.0000	      0.0000	      0.0000	      0.0000
      0.0000	      0.0000	      0.0000	      0.0000
      0.0000	      0.0000	      0.0000	      0.0000
      2.8736	     18.3119	     -5.3973	    -17.0124
      0.0000	      0.0000	      0.0000	      0.0000
      0.0000	      0.0000	      0.0000	      0.0000
      0.0000	      0.0000	      0.0000	      0.0000
     82.4338	     15.4660	      7.1252	      7.7813
      0.0000	      0.0000	      0.0000	      0.0000
      0.0000	      0.0000	      0.0000	      0.0000
      0.0000	      0.0000	      0.0000	      0.0000
    -45.3787	    -49.7904	    -16.5476	    -43.9338
      0.0000	      0.0000	      0.0000	      0.0000
      0.0000	      0.0000	      0.0000	      0.0000
      0.0000	      0.0000	      0.0000	      0.0000
     -5.1218	      2.9415	     11.4714	     -8.1231
      0.0000	      0.0000	      0.0000	      0.0000
      0.0000	      0.0000	      0.0000	      0.0000
      0.0000	      0.0000	      0.0000	      0.0000
     10.1186	      0.0000	     15.4677	      0.0000
      0.0000	      0.0000	      0.0000	      0.0000
      0.0000	      0.0000	      0.0000	      0.0000
      0.0000	      0.0000	      0.0000	      0.0000
    -31.2587	    -31.7073	    -22.1324	    -32.9931
      0.0000	      0.0000	      0.0000	      0.0000
      0.0000	      0.0000	      0.0000	      0.0000
      0.0000	      0.0000	      0.0000	      0.0000
     -4.8608	    -10.4582	    -14.1152	    -11.7240
      0.0000	      0.0000	      0.0000	      0.0000
      0.0000	      0.0000	      0.0000	      0.0000
      0.0000	      0.0000	      0.0000	      0.0000
     -9.3146	     -8.7140	    -19.8430	     -4.2437
      0.0000	      0.0000	      0.0000	      0.0000
      0.0000	      0.0000	      0.0000	      0.0000
      0.0000	      0.0000	      0.0000	      0.0000
     -4.5679	     -4.9833	     -3.9054	     13.6914
      0.0000	      0.0000	      0.0000	      0.0000
      0.0000	      0.0000	      0.0000	      0.0000
      0.0000	      0.0000	      0.0000	      0.0000
    -22.3594	    -16.0148	    -16.1945	    -36.0219
      0.0000	      0.0000	      0.0000	      0.0000
      0.0000	      0.0000	      0.0000	      0.0000
      0.0000	      0.0000	      0.0000	      0.0000
    -19.0179	    -36.7527	    -12.6065	     -4.8262
      0.0000	      0.0000	      0.0000	      0.0000
      0.0000	      0.0000	      0.0000	      0.0000
      0.0000	      0.0000	      0.0000	      0.0000
     -0.5095	     -0.6355	      8.6243	      0.0000
      0.0000	      0.0000	      0.0000	      0.0000
      0.0000	      0.0000	      0.0000	      0.0000
      0.0000	      0.0000	      0.0000	      0.0000
     -0.8280	     -9.1288	     -7.9174	     13.6284
      0.0000	      0.0000	      0.0000	      0.0000
      0.0000	      0.0000	      0.0000	      0.0000
      0.0000	      0.0000	      0.0000	      0.0000
    -56.4847	    -56.1480	    -59.5261	    -45.3670
      0.0000	      0.0000	      0.0000	      0.0000
      0.0000	      0.0000	      0.0000	      0.0000
      0.0000	      0.0000	      0.0000	      0.0000
   -105.5871	    -22.4729	   -105.1862	   -114.9212
      0.0000	      0.0000	      0.0000	      0.0000
      0.0000	      0.0000	      0.0000	      0.0000
      0.0000	      0.0000	      0.0000	      0.0000
    -15.6461	    -14.1040	    -22.9960	    -19.4895
      0.0000	      0.0000	      0.0000	      0.0000
      0.0000	      0.0000	      0.0000	      0.0000
      0.0000	      0.0000	      0.0000	      0.0000
     15.5849	      4.8843	     -0.3046	      3.5571
      0.0000	      0.0000	      0.0000	      0.0000
      0.0000	      0.0000	      0.0000	      0.0000
      0.0000	      0.0000	      0.0000	      0.0000
    -72.0669	    -52.9080	    -89.6532	    -73.6585
      0.0000	      0.0000	      0.0000	      0.0000
      0.0000	      0.0000	      0.0000	      0.0000
      0.0000	      0.0000	      0.0000	      0.0000
    -30.6072	    -15.0767	    -24.4270	    -31.3537
      0.0000	      0.0000	      0.0000	      0.0000
      0.0000	      0.0000	      0.0000	      0.0000
      0.0000	      0.0000	      0.0000	      0.0000
     -9.0056	    -18.1695	    -26.5536	    -11.2558
      0.0000	      0.0000	      0.0000	      0.0000
      0.0000	      0.0000	      0.0000	      0.0000
      0.0000	      0.0000	      0.0000	      0.0000
    -60.8484	    -34.4743	    -88.3370	    -60.5979
      0.0000	      0.0000	      0.0000	      0.0000
      0.0000	      0.0000	      0.0000	      0.0000
      0.0000	      0.0000	      0.0000	      0.0000
    -50.8753	    -47.9790	    -41.9180	    -34.4535
      0.0000	      0.0000	      0.0000	      0.0000
      0.0000	      0.0000	      0.0000	      0.0000
      0.0000	      0.0000	      0.0000	      0.0000
    -30.0251	    -33.5919	    -51.1243	    -21.2226
      0.0000	      0.0000	      0.0000	      0.0000
      0.0000	      0.0000	      0.0000	      0.0000
      0.0000	      0.0000	      0.0000	      0.0000
    -27.7869	    -25.7183	    -43.7547	     -7.6205
      0.0000	      0.0000	      0.0000	      0.0000
      0.0000	      0.0000	      0.0000	      0.0000
      0.0000	      0.0000	      0.0000	      0.0000
    -21.2171	    -35.5224	    -45.0822	    -34.3316
      0.0000	      0.0000	      0.0000	      0.0000
      0.0000	      0.0000	      0.0000	      0.0000
      0.0000	      0.0000	      0.0000	      0.0000
    -40.7917	    -38.5088	    -42.4881	    -26.0904
      0.0000	      0.0000	      0.0000	      0.0000
      0.0000	      0.0000	      0.0000	      0.0000
      0.0000	      0.0000	      0.0000	      0.0000
      9.8468	      0.0000	      0.4879	      8.7924
      0.0000	      0.0000	      0.0000	      0.0000
      0.0000	      0.0000	      0.0000	      0.0000
      0.0000	      0.0000	      0.0000	      0.0000
     -8.9322	    -22.4207	    -41.4945	     -2.1363
      0.0000	      0.0000	      0.0000	      0.0000
      0.0000	      0.0000	      0.0000	      0.0000
      0.0000	      0.0000	      0.0000	      0.0000
    -70.7722	    -69.5361	    -69.8079	    -12.9718
      0.0000	      0.0000	      0.0000	      0.0000
      0.0000	      0.0000	      0.0000	      0.0000
      0.0000	      0.0000	      0.0000	      0.0000
   -139.9045	    -44.8429	   -132.3521	   -154.5651
      0.0000	      0.0000	      0.0000	      0.0000
      0.0000	      0.0000	      0.0000	      0.0000
      0.0000	      0.0000	      0.0000	      0.0000
    -52.1667	    -11.1698	    -56.3592	    -66.5878
      0.0000	      0.0000	      0.0000	      0.0000
      0.0000	      0.0000	      0.0000	      0.0000
      0.0000	      0.0000	      0.0000	      0.0000
      1.1267	    -25.2596	    -37.1121	    -41.8055
      0.0000	      0.0000	      0.0000	      0.0000
      0.0000	      0.0000	      0.0000	      0.0000
      0.0000	      0.0000	      0.0000	      0.0000
    -59.8028	   -136.3571	   -129.3931	   -126.1866
      0.0000	      0.0000	      0.0000	      0.0000
      0.0000	      0.0000	      0.0000	      0.0000
      0.0000	      0.0000	      0.0000	      0.0000
    -21.6261	    -41.2467	    -56.8102	    -49.3892
      0.0000	      0.0000	      0.0000	      0.0000
      0.0000	      0.0000	      0.0000	      0.0000
      0.0000	      0.0000	      0.0000	      0.0000
    -48.3750	    -54.9456	    -54.7541	    -22.3117
      0.0000	      0.0000	      0.0000	      0.0000
      0.0000	      0.0000	      0.0000	      0.0000
      0.0000	      0.0000	      0.0000	      0.0000
   -130.0142	    -81.2214	   -133.2217	   -116.8337
      0.0000	      0.0000	      0.0000	      0.0000
      0.0000	      0.0000	      0.0000	      0.0000
      0.0000	      0.0000	      0.0000	      0.0000
    -31.7577	    -84.4914	    -70.4009	    -56.1721
      0.0000	      0.0000	      0.0000	      0.0000
      0.0000	      0.0000	      0.0000	      0.0000
      0.0000	      0.0000	      0.0000	      0.0000
   -100.7503	   -102.9556	   -114.2308	    -60.2652
      0.0000	      0.0000	      0.0000	      0.0000
      0.0000	      0.0000	      0.0000	      0.0000
      0.0000	      0.0000	      0.0000	      0.0000
    -82.2782	    -42.2053	    -93.0414	    -77.9224
      0.0000	      0.0000	      0.0000	      0.0000
      0.0000	      0.0000	      0.0000	      0.0000
      0.0000	      0.0000	      0.0000	      0.0000
    -36.5409	    -78.1463	    -71.6640	    -69.7888
      0.0000	      0.0000	      0.0000	      0.0000
      0.0000	      0.0000	      0.0000	      0.0000
      0.0000	      0.0000	      0.0000	      0.0000
   -116.7123	    -97.7077	   -128.6111	   -124.1345
      0.0000	      0.0000	      0.0000	      0.0000
      0.0000	      0.0000	      0.0000	      0.0000
      0.0000	      0.0000	      0.0000	      0.0000
    -33.6865	    -38.1300	    -44.4993	     -9.2775
      0.0000	      0.0000	      0.0000	      0.0000
      0.0000	      0.0000	      0.0000	      0.0000
      0.0000	      0.0000	      0.0000	      0.0000
    -50.5824	    -53.5497	    -45.3735	    -25.6357
      0.0000	      0.0000	      0.0000	      0.0000
      0.0000	      0.0000	      0.0000	      0.0000
      0.0000	      0.0000	      0.0000	      0.0000
   -159.0203	   -161.8196	   -135.6999	    -86.5725
      0.0000	      0.0000	      0.0000	      0.0000
      0.0000	      0.0000	      0.0000	      0.0000
      0.0000	      0.0000	      0.0000	      0.0000
   -185.8421	   -183.1891	   -183.5325	   -181.3082
      0.0000	      0.0000	      0.0000	      0.0000
      0.0000	      0.0000	      0.0000	      0.0000
      0.0000	      0.0000	      0.0000	      0.0000
      0.3409	     -1.6858	    -14.6288	     -1.3087
      0.0000	      0.0000	      0.0000	      0.0000
      0.0000	      0.0000	      0.0000	      0.0000
      0.0000	      0.0000	      0.0000	      0.0000
     22.3640	     44.1699	     11.3895	      3.3399
      0.0000	      0.0000	      0.0000	      0.0000
      0.0000	      0.0000	      0.0000	      0.0000
      0.0000	      0.0000	      0.0000	      0.0000
    -40.3336	    -43.9839	    -19.5005	    -38.6142
      0.0000	      0.0000	      0.0000	      0.0000
      0.0000	      0.0000	      0.0000	      0.0000
      0.0000	      0.0000	      0.0000	      0.0000
     -0.1919	     13.6959	      0.0000	      0.6316
      0.0000	      0.0000	      0.0000	      0.0000
      0.0000	      0.0000	      0.0000	      0.0000
      0.0000	      0.0000	      0.0000	      0.0000
     -1.8657	      3.6517	      0.0000	      0.0000
      0.0000	      0.0000	      0.0000	      0.0000
      0.0000	      0.0000	      0.0000	      0.0000
      0.0000	      0.0000	      0.0000	      0.0000
     -3.5122	    -15.9467	     -3.2903	     -7.5507
      0.0000	      0.0000	      0.0000	      0.0000
      0.0000	      0.0000	      0.0000	      0.0000
      0.0000	      0.0000	      0.0000	      0.0000
     -0.3648	      0.0000	      0.0000	      0.0000
      0.0000	      0.0000	      0.0000	      0.0000
      0.0000	      0.0000	      0.0000	      0.0000
      0.0000	      0.0000	      0.0000	      0.0000
      0.0000	      0.0000	      0.0000	      0.0000
      0.0000	      0.0000	      0.0000	      0.0000
      0.0000	      0.0000	      0.0000	      0.0000
      0.0000	      0.0000	      0.0000	      0.0000
      7.1922	      0.0000	      0.0000	      0.0000
      0.0000	      0.0000	      0.0000	      0.0000
      0.0000	      0.0000	      0.0000	      0.0000
      0.0000	      0.0000	      0.0000	      0.0000
     -0.8989	     -2.5515	      2.2190	      0.0000
      0.0000	      0.0000	      0.0000	      0.0000
      0.0000	      0.0000	      0.0000	      0.0000
      0.0000	      0.0000	      0.0000	      0.0000
      0.0000	     -4.0451	      0.0000	      0.0000
      0.0000	      0.0000	      0.0000	      0.0000
      0.0000	      0.0000	      0.0000	      0.0000
      0.0000	      0.0000	      0.0000	      0.0000
      7.2687	     -0.3564	     -1.5120	      0.0000
      0.0000	      0.0000	      0.0000	      0.0000
      0.0000	      0.0000	      0.0000	      0.0000
      0.0000	      0.0000	      0.0000	      0.0000
     -7.7627	     -5.8431	     -5.6443	      1.4656
      0.0000	      0.0000	      0.0000	      0.0000
      0.0000	      0.0000	      0.0000	      0.0000
      0.0000	      0.0000	      0.0000	      0.0000
    -34.2042	    -37.8277	    -36.9858	    -35.1504
      0.0000	      0.0000	      0.0000	      0.0000
      0.0000	      0.0000	      0.0000	      0.0000
      0.0000	      0.0000	      0.0000	      0.0000
   -115.5936	    -36.8833	   -128.0467	   -124.2329
      0.0000	      0.0000	      0.0000	      0.0000
      0.0000	      0.0000	      0.0000	      0.0000
      0.0000	      0.0000	      0.0000	      0.0000
     -1.2228	     13.9777	     -7.3916	    -13.0938
      0.0000	      0.0000	      0.0000	      0.0000
      0.0000	      0.0000	      0.0000	      0.0000
      0.0000	      0.0000	      0.0000	      0.0000
     20.5954	      0.0000	     -3.6068	      0.0000
      0.0000	      0.0000	      0.0000	      0.0000
      0.0000	      0.0000	      0.0000	      0.0000
      0.0000	      0.0000	      0.0000	      0.0000
    -33.7049	    -15.1150	    -52.2998	    -41.6109
      0.0000	      0.0000	      0.0000	      0.0000
      0.0000	      0.0000	      0.0000	      0.0000
      0.0000	      0.0000	      0.0000	      0.0000
      6.1788	     -1.9176	     -7.6326	     -5.0489
      0.0000	      0.0000	      0.0000	      0.0000
      0.0000	      0.0000	      0.0000	      0.0000
      0.0000	      0.0000	      0.0000	      0.0000
     12.6979	      0.0000	      0.0000	      0.0000
      0.0000	      0.0000	      0.0000	      0.0000
      0.0000	      0.0000	      0.0000	      0.0000
      0.0000	      0.0000	      0.0000	      0.0000
    -18.1521	    -17.7737	    -21.9189	    -23.1382
      0.0000	      0.0000	      0.0000	      0.0000
      0.0000	      0.0000	      0.0000	      0.0000
      0.0000	      0.0000	      0.0000	      0.0000
      2.4575	     -4.8093	     -4.5323	     -2.1174
      0.0000	      0.0000	      0.0000	      0.0000
      0.0000	      0.0000	      0.0000	      0.0000
      0.0000	      0.0000	      0.0000	      0.0000
     -1.3890	     -2.7308	    -21.8028	      0.6070
      0.0000	      0.0000	      0.0000	      0.0000
      0.0000	      0.0000	      0.0000	      0.0000
      0.0000	      0.0000	      0.0000	      0.0000
      5.4716	      1.6743	      0.0000	      0.0000
      0.0000	      0.0000	      0.0000	      0.0000
      0.0000	      0.0000	      0.0000	      0.0000
      0.0000	      0.0000	      0.0000	      0.0000
     -1.1853	     -1.4149	     -2.8584	     -2.1748
      0.0000	      0.0000	      0.0000	      0.0000
      0.0000	      0.0000	      0.0000	      0.0000
      0.0000	      0.0000	      0.0000	      0.0000
     -3.2510	     -4.0302	     -3.6873	     -1.5838
      0.0000	      0.0000	      0.0000	      0.0000
      0.0000	      0.0000	      0.0000	      0.0000
      0.0000	      0.0000	      0.0000	      0.0000
     10.5059	      0.6045	     -4.5841	      0.0000
      0.0000	      0.0000	      0.0000	      0.0000
      0.0000	      0.0000	      0.0000	      0.0000
      0.0000	      0.0000	      0.0000	      0.0000
     -0.2074	      0.0000	      0.0000	      0.0000
      0.0000	      0.0000	      0.0000	      0.0000
      0.0000	      0.0000	      0.0000	      0.0000
      0.0000	      0.0000	      0.0000	      0.0000
    -11.0198	    -12.5124	    -15.4803	    -11.8670
      0.0000	      0.0000	      0.0000	      0.0000
      0.0000	      0.0000	      0.0000	      0.0000
      0.0000	      0.0000	      0.0000	      0.0000
   -203.2170	    -57.3165	   -205.0925	   -205.7297
      0.0000	      0.0000	      0.0000	      0.0000
      0.0000	      0.0000	      0.0000	      0.0000
      0.0000	      0.0000	      0.0000	      0.0000
    -18.7017	     -9.8944	    -37.2409	    -73.0629
      0.0000	      0.0000	      0.0000	      0.0000
      0.0000	      0.0000	      0.0000	      0.0000
      0.0000	      0.0000	      0.0000	      0.0000
    -14.2611	     15.1202	    -18.0113	    -15.0192
      0.0000	      0.0000	      0.0000	      0.0000
      0.0000	      0.0000	      0.0000	      0.0000
      0.0000	      0.0000	      0.0000	      0.0000
    -84.4307	    -92.0950	    -83.9831	    -81.9934
      0.0000	      0.0000	      0.0000	      0.0000
      0.0000	      0.0000	      0.0000	      0.0000
      0.0000	      0.0000	      0.0000	      0.0000
    -11.9611	    -24.3797	    -37.3139	    -39.3358
      0.0000	      0.0000	      0.0000	      0.0000
      0.0000	      0.0000	      0.0000	      0.0000
      0.0000	      0.0000	      0.0000	      0.0000
    -46.8272	    -34.1860	    -43.4529	    -57.2765
      0.0000	      0.0000	      0.0000	      0.0000
      0.0000	      0.0000	      0.0000	      0.0000
      0.0000	      0.0000	      0.0000	      0.0000
    -30.4206	    -26.7132	    -42.6902	    -35.9068
      0.0000	      0.0000	      0.0000	      0.0000
      0.0000	      0.0000	      0.0000	      0.0000
      0.0000	      0.0000	      0.0000	      0.0000
    -26.3231	    -35.7381	    -31.6092	    -34.4222
      0.0000	      0.0000	      0.0000	      0.0000
      0.0000	      0.0000	      0.0000	      0.0000
      0.0000	      0.0000	      0.0000	      0.0000
    -87.6693	   -104.2433	    -91.3209	    -55.3732
      0.0000	      0.0000	      0.0000	      0.0000
      0.0000	      0.0000	      0.0000	      0.0000
      0.0000	      0.0000	      0.0000	      0.0000
     -2.7319	     -9.8333	    -18.3072	     -2.7848
      0.0000	      0.0000	      0.0000	      0.0000
      0.0000	      0.0000	      0.0000	      0.0000
      0.0000	      0.0000	      0.0000	      0.0000
    -21.7047	    -31.2144	    -26.1087	    -22.1524
      0.0000	      0.0000	      0.0000	      0.0000
      0.0000	      0.0000	      0.0000	      0.0000
      0.0000	      0.0000	      0.0000	      0.0000
   -142.2976	   -149.2743	   -148.4345	   -144.7439
      0.0000	      0.0000	      0.0000	      0.0000
      0.0000	      0.0000	      0.0000	      0.0000
      0.0000	      0.0000	      0.0000	      0.0000
     10.6918	     -7.6959	     -5.1103	     -6.1987
      0.0000	      0.0000	      0.0000	      0.0000
      0.0000	      0.0000	      0.0000	      0.0000
      0.0000	      0.0000	      0.0000	      0.0000
    -12.8822	    -12.7805	    -29.4301	     -8.4206
      0.0000	      0.0000	      0.0000	      0.0000
      0.0000	      0.0000	      0.0000	      0.0000
      0.0000	      0.0000	      0.0000	      0.0000
   -163.7267	   -158.1127	   -128.1538	   -159.4202
      0.0000	      0.0000	      0.0000	      0.0000
      0.0000	      0.0000	      0.0000	      0.0000
      0.0000	      0.0000	      0.0000	      0.0000
      0.0000	    -26.9287	      0.0000	      0.0000
      0.0000	      0.0000	      0.0000	      0.0000
      0.0000	      0.0000	      0.0000	      0.0000
      0.0000	      0.0000	      0.0000	      0.0000
      0.0000	      0.0000	      0.0000	      0.0000
      0.0000	      0.0000	      0.0000	      0.0000
      0.0000	      0.0000	      0.0000	      0.0000
      0.0000	      0.0000	      0.0000	      0.0000
    -11.9170	      0.0000	      0.0000	      0.0000
    -14.4570	      0.0000	      0.0000	      0.0000
      0.0000	      0.0000	     31.4060	      0.0000
      0.0000	      0.0000	      0.0000	      0.0000
      0.0000	      0.0000	      0.0000	      0.0000
      0.0000	      0.0000	      0.0000	      0.0000
      0.0000	      0.0000	      0.0000	      0.0000
    -19.2605	      0.0000	      0.0000	      0.0000
     16.3564	      0.0000	      0.0000	      0.0000
      0.0000	      0.0000	      0.0000	      0.0000
      0.0000	      0.0000	      0.0000	      0.0000
      0.0000	      0.0000	      0.0000	      0.0000
      0.0000	      0.0000	      0.0000	      0.0000
      0.0000	      0.0000	      0.0000	      0.0000
     13.2576	      0.0000	      0.0000	      0.0000
      0.0000	      0.0000	      0.0000	      0.0000
     -4.3823	      0.0000	      0.0000	      0.0000
      0.0000	      0.0000	      0.0000	      0.0000
      0.0000	      0.0000	      0.0000	      0.0000
      0.0000	      0.0000	      0.0000	      0.0000
      6.3816	      0.0000	      0.0000	      0.0000
      0.0000	      0.0000	      0.0000	      0.0000
      0.0000	      0.0000	      0.0000	      0.0000
      0.0000	      0.0000	      0.0000	      0.0000
      7.3294	      0.0000	      0.0000	      0.0000
      0.0000	      0.0000	      0.0000	      0.0000
     -1.7225	      0.0000	      0.0000	      0.0000
    -16.7136	     -7.5668	      0.0000	      0.0000
      2.0824	      0.0000	      0.0000	      0.0000
      3.7469	      0.0000	      0.0000	      0.0000
      0.0000	      0.0000	      0.0000	      0.0000
      0.0000	      0.0000	      0.0000	      0.0000
      0.0000	      0.0000	      0.0000	      0.0000
      0.0000	      0.0000	      0.0000	      0.0000
      0.0000	      0.0000	      0.0000	      0.0000
      0.0000	      0.0000	      0.0000	      0.0000
     -0.3199	     -4.0187	     -1.9512	    -15.4245
    -19.4427	      0.0000	      0.0000	      0.0000
      0.0000	      0.0000	      0.0000	      0.0000
      0.0000	      0.0000	      0.0000	      0.0000
      0.0000	      0.0000	      0.0000	      0.0000
      0.0000	      0.0000	      0.0000	      0.0000
     -9.8044	      0.0000	      0.0000	      0.0000
      0.0000	      0.0000	      0.0000	      0.0000
     -3.7046	    -20.2481	    -38.5777	    -20.6011
    -13.8423	      0.0000	      0.0000	      0.0000
      0.0000	      0.0000	      0.0000	      0.0000
      0.0000	      0.0000	      0.0000	      0.0000
    -22.7806	    -31.5455	    -45.8206	    -45.2337
    -14.8806	      5.2455	      0.0000	    -20.4271
      0.0000	      0.0000	      0.0000	      0.0000
      0.0000	      0.0000	      0.0000	      0.0000
      0.0000	      0.0000	      0.0000	      0.0000
      0.0000	      0.0000	      0.0000	      0.0000
      0.0000	      0.0000	      0.0000	      0.0000
      0.0000	      0.0000	      0.0000	      0.0000
      0.0000	      0.0000	      0.0000	      0.0000
      0.0000	      0.0000	      0.0000	      0.0000
      0.0000	      0.0000	      0.0000	      0.0000
      0.0000	      0.0000	      0.0000	      0.0000
      0.0000	      0.0000	      0.0000	      0.0000
    -20.7721	      0.0000	      0.0000	      0.0000
      0.0000	      0.0000	      0.0000	      0.0000
      0.0000	      0.0000	      0.0000	      0.0000
      0.0000	      0.0000	      0.0000	      0.0000
      0.0000	      0.0000	      0.0000	      0.0000
      0.0000	      0.0000	      0.0000	      0.0000
     -4.9965	      0.0000	      0.0000	      0.0000
     13.1185	      0.0000	      0.0000	      0.0000
      0.0000	      0.0000	      0.0000	      0.0000
      0.0000	      0.0000	      0.0000	      0.0000
      0.0000	      0.0000	      0.0000	      0.0000
     17.1613	      0.0000	     54.5042	      0.0000
      0.0000	      0.0000	      0.0000	      0.0000
     49.0826	      0.0000	      0.0000	      0.0000
      0.0000	      0.0000	      0.0000	      0.0000
     -0.4114	     -2.5256	     -2.1643	      0.0000
      5.6297	      0.0000	      0.0000	      0.0000
      0.0000	      0.0000	      0.0000	      0.0000
      4.9195	      0.0000	      0.0000	      0.0000
      0.0000	      0.0000	     34.2877	      0.0000
     25.1568	      0.0000	      0.0000	      0.0000
      0.0000	      0.0000	      0.0000	      0.0000
      0.0000	      0.0000	      0.0000	      0.0000
     -1.7476	     -0.9317	     -3.8155	     64.8298
      5.9511	      0.0000	      0.0000	      0.0000
     -0.0591	     -6.3571	     -4.0019	     60.4886
     26.0814	      0.0000	      0.0000	      0.0000
     13.1626	      0.0000	      0.0000	      0.0000
    105.6809	      0.0000	      0.0000	      0.0000
      0.0000	      0.0000	      0.0000	      9.3358
      0.0000	      0.0000	      0.0000	      0.0000
     -0.0738	     -1.2386	      2.8489	      0.0000
      7.4077	      0.0000	      0.0000	      0.0000
     12.0891	      0.0000	      0.0000	      0.0000
     33.9148	     -0.7368	     -8.0485	      0.0000
     -5.7675	     -5.3907	     -7.4958	     49.9113
     42.1158	      0.0000	      0.0000	      0.0000
     -8.8542	    -24.4513	      4.0697	      0.0000
     -1.0429	    -13.9335	     25.4219	      0.0000
    -15.7577	      7.7077	     -1.5160	      0.0000
      7.5581	      0.0000	      0.0000	      0.0000
      0.0000	      0.0000	      0.0000	      0.0000
     26.5322	      0.0000	      0.0000	      0.0000
     -0.9336	      8.0706	      0.0000	      0.0000
     -1.8047	     -2.0411	     -5.3549	      7.2515
      4.6873	      0.0000	      0.0000	      0.0000
      7.8396	      0.0000	      0.0000	      0.0000
    -20.1812	    -16.5275	    -22.2952	    -23.7191
      3.1299	      0.0000	      0.0000	     -7.0585
      0.0000	      0.0000	      0.0000	      0.0000
      3.1729	      0.0000	      0.0000	      0.0000
      0.0000	      0.0000	      0.0000	      0.0000
      0.0000	      0.0000	      0.0000	      0.0000
      0.0000	      0.0000	      0.0000	      0.0000
      0.0000	      0.0000	      0.0000	      0.0000
     -1.1221	     -1.4963	     -0.4447	      2.3193
      7.0303	      0.0000	      0.0000	      0.0000
     13.6467	      0.0000	      0.0000	      0.0000
      6.0401	      0.0000	      0.0000	      0.0000
      3.2864	      0.0000	      0.0000	      0.0000
      0.0000	      0.0000	      0.0000	      0.0000
      0.0000	      0.0000	      0.0000	      0.0000
      0.0000	      0.0000	      0.0000	      0.0000
     -4.8419	      5.3744	     -4.7495	     -2.7426
      0.0000	      0.0000	      0.0000	      0.0000
      0.0000	      0.0000	      0.0000	      0.0000
     -3.5809	     -0.0966	      0.0000	      0.0000
     -1.2671	     -0.8084	     -0.2030	     46.5095
     -1.0997	      5.1865	     30.6000	      0.0000
      5.8237	      0.0000	      0.0000	      0.0000
     44.7697	      0.0000	      0.0000	     33.5755
      0.0000	      0.0000	      0.0000	      0.0000
      0.0000	      0.0000	      0.0000	      0.0000
      0.0000	      0.0000	      0.0000	      0.0000
      4.9081	      0.0000	      0.0000	      0.0000
     -3.8507	      9.0266	     -2.4562	     -3.2668
     -2.2178	      0.0000	      0.0000	      0.0000
      6.6346	      0.0000	      0.0000	      0.0000
     41.2149	      0.0000	      0.0000	      0.0000
     -0.4387	     -1.1451	     -1.7697	     49.4947
     40.2324	      0.0000	      0.0000	      0.0000
     26.9600	      0.0000	      0.0000	      0.0000
    116.7335	      0.0000	     -5.2874	     63.6834
     -0.1970	      2.5498	      0.0000	      0.0000
      0.0000	      0.0000	      0.0000	      0.0000
      9.5097	      0.0000	      0.0000	      0.0000
      0.0000	      0.0000	      0.0000	      0.0000
     20.4037	      0.0000	      0.0000	      0.0000
      0.0000	      9.1342	      0.0000	      0.0000
      0.0000	      0.0000	      0.0000	      0.0000
      2.6418	      0.0000	      0.0000	      0.0000
     -0.4240	     -2.2005	     -5.8483	     92.6944
     72.7342	      0.0000	     17.1212	     40.6612
      1.3219	      0.0000	      0.0000	     64.4468
     -3.7595	      4.6588	      0.0000	    192.9388
    -10.5376	    -13.7883	     -8.0901	     16.2696
      0.0000	      0.0000	      0.0000	      0.0000
     11.0918	      0.0000	      0.0000	      0.0000
      3.4761	      0.0000	      0.0000	      0.0000
      4.0725	      0.0000	      0.0000	      0.0000
      0.0000	      0.0000	      0.0000	      0.0000
      0.0000	      0.0000	      0.0000	      0.0000
      0.2736	      0.0000	      0.0000	      0.0000
     -1.5665	     -6.4592	      0.0000	     34.6404
      0.7591	      0.0000	      0.0000	      0.0000
      0.0000	      0.0000	      0.0000	      0.0000
      0.0000	      0.0000	      0.0000	      0.0000
    -29.8003	    -30.8774	    -33.4980	    -35.6619
     -5.9859	     -6.2715	      0.0000	      0.0000
      0.0000	      0.0000	      0.0000	      0.0000
      0.0000	      0.0000	      0.0000	      0.0000
    -17.4245	     23.8263	    -17.5610	    -26.5708
      0.0000	      0.0000	      0.0000	      0.0000
    -20.1630	    -19.2288	      9.2683	      0.0000
    -19.6139	      0.0000	    -22.9715	      0.0000
      0.0000	      0.0000	      0.0000	      0.0000
      0.0000	      0.0000	      0.0000	      0.0000
      0.0000	      0.0000	      0.0000	      0.0000
      0.0000	      0.0000	      0.0000	      0.0000
      0.0000	      0.0000	      0.0000	      0.0000
      0.0000	      0.0000	      0.0000	     -7.1075
      0.0000	      0.0000	      0.0000	      0.0000
      0.0000	      0.0000	      0.0000	      0.0000
     20.5238	      0.0000	      0.0000	      0.0000
      0.0000	      0.0000	      0.0000	      0.0000
      0.0000	      0.0000	      0.0000	      0.0000
      0.0000	      0.0000	      0.0000	      0.0000
     68.3720	      0.0000	      0.0000	      0.0000
     18.8149	      0.0000	      0.0000	      0.0000
     31.9964	      0.0000	      0.0000	      0.0000
     47.8946	      0.0000	      0.0000	      0.0000
     37.6263	      0.0000	      0.0000	      0.0000
      0.0000	      0.0000	      0.0000	      0.0000
      0.0000	      0.0000	      0.0000	      0.0000
      0.0000	      0.0000	      0.0000	      0.0000
     26.2201	      0.0000	      0.0000	      0.0000
      0.0000	      0.0000	      0.0000	      0.0000
     11.9819	      0.0000	      0.0000	      0.0000
      0.0000	      0.0000	     99.2053	      0.0000
     98.3353	      0.0000	      0.0000	     18.7713
      0.0000	      0.0000	      0.0000	      0.0000
     24.2609	      0.0000	      0.0000	      0.0000
      0.0000	      0.0000	      0.0000	      0.0000
     -1.5951	     30.8935	      0.0000	      0.0000
      0.0000	      0.0000	      0.0000	      0.0000
      0.0000	      0.0000	      4.9813	     33.3144
     -4.0945	      0.0000	      0.0000	      0.0000
      0.0000	      0.0000	      0.0000	      0.0000
      3.0462	      0.0000	      0.0000	      0.0000
      0.0000	      0.0000	      0.0000	      0.0000
      0.0000	      0.0000	      0.0000	      0.0000
     29.2061	      0.0000	      0.0000	      0.0000
     10.0590	      0.0000	      0.0000	      0.0000
      0.0000	      0.0000	      0.0000	      0.0000
      0.0000	      0.0000	      0.0000	      0.0000
    -15.2616	     -0.5672	     53.9184	     -1.1866
      3.1104	      0.0000	      0.0000	      0.0000
      5.4065	      0.0000	      0.0000	      0.0000
    -17.5480	      0.0000	      0.0000	      0.0000
      0.0000	      0.0000	      0.0000	      0.0000
      0.0000	      0.0000	      0.0000	      0.0000
      0.0000	      0.0000	      0.0000	      0.0000
      0.0000	      0.0000	      0.0000	      0.0000
      0.0000	      0.0000	      0.0000	      0.0000
      0.0000	      0.0000	     10.2959	      0.0000
      0.0000	      0.0000	      0.0000	      0.0000
      0.0000	      0.0000	      0.0000	      0.0000
    -25.3262	    -33.2559	    -34.0760	    -43.1854
      0.0000	      0.0000	      0.0000	      0.0000
      0.0000	      0.0000	      0.0000	      0.0000
      0.0000	      0.0000	      0.0000	      0.0000
     -9.4898	     19.6484	    -15.6714	    -10.1718
      6.2708	      7.3562	      0.0000	      0.0000
     17.3175	      0.0000	      0.0000	     -9.3836
      5.3336	      0.0000	      0.0000	      0.0000
     -0.7909	      3.2217	      0.0000	     16.9704
      4.2890	      0.0000	      0.0000	      0.0000
     -0.3423	     69.8595	      0.0000	      0.0000
     28.9970	      0.0000	      0.0000	      0.0000
     33.6162	      0.0000	     -0.4318	      0.0000
    -15.7055	    -15.8628	      0.0000	      0.0000
     36.7162	      0.0000	      0.0000	      0.0000
      0.9259	      0.0000	      0.0000	      0.0000
    -18.1721	    116.4219	     26.0287	      5.2718
    171.9532	      0.0000	      0.0000	      0.0000
    188.0539	      0.0000	      0.0000	      0.0000
    214.2611	     60.9899	      4.6824	      0.0000
     29.0284	    122.4988	     36.6742	     30.0993
    116.0702	     33.5778	      0.0000	      0.0000
    141.6406	      0.0000	      0.0000	      0.0000
    134.4969	     70.5353	      0.0000	      0.0000
    123.6699	     11.6742	     12.8471	     15.7513
     65.7519	      0.0000	      0.0000	      0.0000
    121.6422	      0.0000	      0.0000	     31.7057
    139.4007	      0.0000	      0.0000	      0.0000
    133.6327	      0.0000	      3.9010	     14.9539
    192.5118	      0.0000	      0.0000	      0.0000
     51.7322	      0.0000	      0.0000	     60.4899
    201.5804	      0.0000	      0.0000	      0.0000
     45.5127	      9.4671	     77.2961	     42.8753
    187.9405	      0.0000	      0.0000	      0.0000
    124.6099	      0.0000	      0.0000	      0.0000
    158.4668	      0.0000	      0.0000	     47.4912
     48.3532	      0.0000	     -1.4148	    102.6469
    110.3284	      0.0000	      0.0000	      0.0000
     17.1047	     71.7199	      0.0000	      5.0338
    154.7065	      0.0000	      0.0000	      0.0000
     47.6465	      0.0000	     18.5900	     23.2027
    197.1247	     24.4611	      0.0000	      0.0000
     -6.1610	      0.0000	      0.0000	      0.0000
    101.1642	      0.0000	      0.0000	      0.0000
      4.2555	     85.5226	      0.0000	     10.1491
    181.9676	      0.0000	      0.0000	      0.0000
    178.3834	      0.0000	      0.0000	      0.0000
    162.8555	      0.0000	      0.0000	      0.0000
    146.0398	      0.0000	     24.8030	     45.0960
    -19.2323	    149.5262	      0.0000	      0.0000
    130.4397	     -1.0670	      0.0000	     15.2208
     32.2554	      0.0000	      0.0000	    153.3650
     11.0174	      0.0000	     -3.7327	      0.0000
     68.4154	      0.0000	      0.0000	      0.0000
      0.4786	      0.0000	      0.0000	      0.0000
     22.2750	      0.0000	      0.0000	      0.0000
      0.0000	      0.0000	      2.0621	      0.0000
     47.5364	      0.0000	      0.0000	      0.0000
     55.8233	      0.0000	      0.0000	      0.0000
     61.7034	      0.0000	      0.0000	      0.0000
     30.8120	     -4.6053	    -20.2421	     -1.2664
     81.5098	      5.5203	      0.0000	      0.0000
      2.4406	      0.0000	      0.0000	      0.0000
      3.8512	      0.0000	      0.0000	      0.0000
     -2.1673	     -0.7405	      0.0000	      0.0000
      0.0000	      0.0000	      0.0000	      0.0000
     -0.1185	      6.8724	      0.0000	      0.0000
      0.0000	      0.0000	      0.0000	      0.0000
     -1.1998	     50.8132	     -1.9082	      4.8739
     99.4138	     15.3808	     -8.1587	      0.0000
     35.9411	      0.0000	      0.0000	      0.0000
     57.5609	      0.0000	     -3.0890	     12.0189
     47.0770	      0.0000	     -3.2388	      0.0000
      0.0000	      0.0000	      0.0000	      0.0000
     31.4771	      0.0000	     -8.4463	      0.0000
     20.0437	      0.0000	      0.0000	      0.0000
     -2.8044	     98.5396	      0.0000	     10.2632
     88.5798	      0.0000	     -9.4067	      0.0000
     41.5930	      0.0000	      0.0000	      0.0000
     27.4743	      0.0000	      0.0000	      0.0000
    119.0225	     33.2061	     24.0385	     62.8657
    221.6566	    110.8371	     10.9944	     89.3775
    159.8908	     36.0225	     18.8331	     28.1782
    253.5597	    160.6559	      7.6828	    181.4250
     96.6134	      0.0000	      0.0000	     15.4069
     81.8675	      0.0000	      0.0000	      0.0000
     -0.3732	     63.5999	     15.1478	      0.0000
    103.6689	      0.0000	     -6.4371	      7.7834
     65.2989	     45.7787	     12.0496	     21.4796
    109.0174	     -0.0915	     -0.2656	      0.0000
     93.3525	      0.0000	      0.0000	      0.0000
    148.8964	      0.0000	      0.0000	      0.0000
     44.1759	     46.6285	     14.1845	     75.4585
    228.5932	    126.3881	     36.8816	    137.3164
    212.6970	     18.6601	      0.0000	    105.6619
    351.6461	    106.5888	     16.8212	    178.7294
     -1.8768	     -1.9092	     -4.9092	     81.6884
     27.1997	      0.0000	      0.0000	      0.0000
      0.0000	      0.0000	      0.0000	    125.6551
    119.1988	      0.0000	      0.0000	      0.0000
     95.7882	     25.3324	      0.4754	      9.0715
    106.4617	      0.0000	      0.0000	      0.0000
     93.4485	      0.0000	      0.0000	      0.0000
    136.8692	      0.0000	      7.8802	      1.2453
     34.5527	     40.2375	     11.3697	    122.7174
    206.6419	    120.7271	     31.9775	     93.7201
    192.9819	     61.7251	     16.5732	     89.7363
    223.8536	    171.7532	     47.7287	    212.9643
      7.6106	     -1.6084	     -7.9127	    108.4787
     -1.4296	     63.7320	      0.0000	     19.3286
     -1.4224	     99.9210	      0.0000	      0.0000
     51.4086	      0.0000	      0.0000	      0.0000
    106.0618	      0.0000	      0.0000	      6.3886
     28.9977	      0.0000	      0.0000	      0.0000
      0.0000	      0.0000	      0.0000	      0.0000
      8.9499	      0.0000	      0.0000	      0.0000
     -0.1804	      0.0000	     -5.1031	     44.1596
     -0.4512	      1.9504	     -5.1101	     65.1829
    133.3845	      0.0000	      0.0000	     22.5549
    125.2122	      0.0000	     -4.5849	     46.3684
     -6.1426	     -8.1509	     -9.1847	     -1.2881
      5.8691	      0.0000	      0.0000	      0.0000
      0.0000	      0.0000	      0.0000	      0.0000
      0.0000	      0.0000	      0.0000	      0.0000
    -70.1676	    -61.1543	    -58.0808	    -63.8984
      0.0000	      0.0000	      0.0000	      0.0000
    -26.1495	      0.0000	      0.0000	      0.0000
      0.0000	      0.0000	      0.0000	      0.0000
    -19.8734	    -20.2265	      0.0000	    -20.5680
      0.0000	      0.0000	      0.0000	      0.0000
      0.0000	      0.0000	      0.0000	      0.0000
      0.0000	      0.0000	      0.0000	      0.0000
      2.3552	      0.0000	      0.0000	    -19.9428
    -12.1895	      0.0000	      0.0000	      0.0000
      0.0000	      0.0000	      0.0000	      0.0000
      0.0000	      0.0000	      0.0000	      0.0000
      0.0000	      0.0000	      0.0000	      0.0000
      0.0000	      0.0000	      0.0000	      0.0000
      0.0000	      0.0000	      0.0000	      0.0000
      0.0000	      0.0000	      0.0000	      0.0000
      0.0000	      0.0000	      0.0000	      0.0000
      0.0000	      0.0000	      0.0000	      0.0000
      0.0000	      0.0000	      0.0000	      0.0000
      0.0000	      0.0000	      0.0000	      0.0000
      0.0000	      0.0000	      0.0000	      0.0000
      0.0000	      0.0000	      0.0000	      0.0000
      0.0000	      0.0000	      0.0000	      0.0000
      0.0000	      0.0000	      0.0000	      0.0000
      0.0000	      0.0000	      0.0000	      0.0000
      0.0000	      0.0000	      0.0000	      0.0000
      0.0000	      0.0000	      0.0000	      0.0000
      0.0000	      0.0000	      0.0000	      0.0000
      0.0000	      0.0000	      0.0000	      0.0000
      0.0000	      0.0000	      0.0000	      0.0000
      0.0000	      0.0000	      0.0000	      0.0000
      0.0000	      0.0000	      0.0000	      0.0000
      0.0000	      0.0000	      0.0000	      0.0000
      0.0000	      0.0000	      0.0000	      0.0000
      0.0000	      0.0000	      0.0000	      0.0000
      0.0000	      0.0000	      0.0000	      0.0000
      0.0000	      0.0000	      0.0000	      0.0000
     16.1941	      0.0000	      0.0000	      0.0000
      0.0000	      0.0000	      0.0000	      0.0000
      0.0000	      0.0000	      0.0000	      0.0000
      0.0000	      0.0000	      0.0000	      0.0000
      0.0000	      0.0000	      0.0000	      0.0000
      0.0000	      0.0000	      0.0000	      0.0000
      0.0000	      0.0000	      0.0000	      0.0000
      4.2599	      0.0000	      0.0000	      0.0000
      0.0000	      0.0000	      0.0000	      0.0000
      0.0000	      0.0000	      0.0000	      0.0000
      0.0000	      0.0000	      0.0000	      0.0000
      0.0000	      0.0000	      0.0000	      0.0000
      0.0000	      0.0000	      0.0000	      0.0000
     -5.3100	      0.0000	      0.0000	      0.0000
      0.0000	      0.0000	      0.0000	      0.0000
      0.0000	      0.0000	      0.0000	      0.0000
      0.0000	      0.0000	      0.0000	      0.0000
      0.0000	      0.0000	      0.0000	      0.0000
      0.0000	      0.0000	      0.0000	      0.0000
      0.0000	      0.0000	      0.0000	      0.0000
      0.0000	      0.0000	      0.0000	      0.0000
      0.0000	      0.0000	      0.0000	      0.0000
      0.0000	      0.0000	      0.0000	      0.0000
    -33.4808	    -32.7516	    -41.0814	    -42.0766
      0.0000	      0.0000	      0.0000	      0.0000
    -25.3563	     -7.5103	     -4.9983	    -14.3861
      0.0000	      0.0000	      0.0000	      0.0000
      0.7365	      0.0000	      0.0000	      0.0000
      0.0000	      0.0000	      0.0000	      0.0000
     13.2281	      0.0000	      0.0000	      0.0000
      2.5365	      0.0000	      0.0000	      0.0000
    -15.8349	      0.0000	      0.0000	      0.0000
      0.0000	      0.0000	      0.0000	      0.0000
      0.0000	      0.0000	      0.0000	      0.0000
      0.0000	      0.0000	      0.0000	      0.0000
     -6.8492	     39.9598	      0.0000	      0.0000
      0.0000	      0.0000	      0.0000	      0.0000
      0.0000	      0.0000	      0.0000	      0.0000
      0.0000	      0.0000	      0.0000	      0.0000
     67.2493	      0.0000	      0.0000	      0.0000
      0.0000	      0.0000	      0.0000	      0.0000
     12.7247	      0.0000	      0.0000	      0.0000
      0.0000	      0.0000	      0.0000	      0.0000
      9.7630	      0.0000	      2.2836	      0.0000
      7.9311	      0.0000	      0.0000	      0.0000
     12.4484	      0.0000	      0.0000	      0.0000
      6.0588	      0.0000	      0.0000	      0.0000
     55.2690	      0.0000	      0.0000	      0.0000
      4.6170	      0.0000	      0.0000	      0.0000
      7.6966	      0.0000	      0.0000	      0.0000
     22.9505	      0.0000	      0.0000	      0.0000
     34.2858	      0.0000	      0.0000	      0.0000
      9.5627	      0.0000	      0.0000	      0.0000
      0.0000	      0.0000	      0.0000	      0.0000
      0.0000	      0.0000	      0.0000	      0.0000
     49.3063	      0.0000	      0.0000	      0.0000
     15.2356	      0.0000	      0.0000	      0.0000
     17.2430	      0.0000	      0.0000	      0.0000
      0.0000	      0.0000	      0.0000	      0.0000
     25.7352	      0.0000	      0.0000	      0.0000
     15.5405	      0.0000	      0.0000	      0.0000
      0.0000	      0.0000	      0.0000	      0.0000
      0.0000	      0.0000	      0.0000	      0.0000
     15.5032	      0.0000	      0.0000	      0.0000
     20.8444	      0.0000	      0.0000	      0.0000
     75.7589	      0.0000	      0.0000	      0.0000
      0.0000	      0.0000	      0.0000	      0.0000
     -0.9088	     -1.4526	     40.6281	      0.0000
      0.0000	      0.0000	      0.0000	      0.0000
     36.8093	      0.0000	      0.0000	      0.0000
      0.0000	      0.0000	      0.0000	      0.0000
      0.0000	      0.0000	      0.0000	      0.0000
      0.0000	      0.0000	      0.0000	      0.0000
      0.0000	      0.0000	      0.0000	      0.0000
      0.0000	      0.0000	      0.0000	      0.0000
      0.0000	      0.0000	      0.0000	      0.0000
      0.0000	      0.0000	      0.0000	      0.0000
      0.0000	      0.0000	      0.0000	      0.0000
      0.0000	      0.0000	      0.0000	      0.0000
      0.0000	      0.0000	      0.0000	      0.0000
      0.0000	      0.0000	      0.0000	      0.0000
      0.0000	      0.0000	      0.0000	      0.0000
      0.0000	      0.0000	      0.0000	      0.0000
     -8.4284	    -14.9372	    -20.1939	    -12.1302
      0.0000	      0.0000	      0.0000	      0.0000
     -7.3737	      8.5827	      0.0000	      0.0000
      0.0000	      0.0000	      0.0000	      0.0000
     -2.6592	      1.8326	      0.0000	      0.0000
      7.5546	      0.0000	      0.0000	      0.0000
      1.5599	      0.0000	      0.0000	      0.0000
     -0.2714	      3.7932	      0.0000	      0.0000
      9.2446	      3.5687	      0.0000	      0.0000
      4.0294	      0.0000	      0.0000	      0.0000
      0.0000	      0.0000	      0.0000	      0.0000
      0.0000	      0.0000	      0.0000	      0.0000
     -1.5400	     35.9273	      0.0000	      0.0000
      0.0000	      0.0000	      0.0000	      0.0000
      0.0000	      0.0000	      0.0000	      0.0000
      0.0000	      0.0000	      0.0000	      0.0000
      1.9510	     70.3777	      0.0000	      0.0000
     21.5625	      0.0000	      2.2433	      0.0000
     24.4529	      0.8673	      7.5732	      0.0000
     62.5900	      0.0000	      0.0000	      0.0000
     27.1277	      0.0000	      0.0000	      0.0000
      7.7753	      0.0000	      0.0000	      0.0000
      0.0000	      0.0000	      0.0000	      0.0000
      0.0000	      0.0000	      0.0000	      0.0000
     -3.0071	     48.3614	     -0.7331	      0.0000
      0.0000	      0.0000	      0.0000	      0.0000
     19.6601	     12.5724	      0.0000	      0.0000
      0.0000	      0.0000	      0.0000	      0.0000
     90.0459	      0.0000	     12.3315	      0.0000
     57.1705	      0.0000	      0.0000	      0.0000
    159.9564	      0.0000	      0.0000	      0.0000
    217.8818	     97.3782	     -5.5634	      9.4657
      5.3134	      0.0000	      0.0000	      0.0000
      0.0000	      0.0000	      0.0000	      0.0000
     41.1858	      0.0000	      0.0000	      0.0000
     -0.5171	     47.5972	      0.0000	      0.0000
     52.7551	      0.0000	      0.0000	      0.0000
     48.7750	      0.0000	      0.0000	      0.0000
      0.0000	      0.0000	      0.0000	      0.0000
      0.0000	      0.0000	      0.0000	      0.0000
      0.0000	     97.3006	      0.0000	      0.0000
     88.9590	      0.0000	     -0.7961	     10.0551
    126.8435	      0.0000	      0.0000	      0.0000
    162.5684	      0.0000	      0.0000	      0.0000
     -1.4786	      5.4250	      0.0000	      0.0000
     -0.6812	      0.0000	      0.0000	      0.0000
     85.9364	      0.0000	      0.0000	      0.0000
      0.0000	      0.0000	      0.0000	      0.0000
      0.0000	      0.0000	      0.0000	      0.0000
      3.1725	      0.0000	      0.0000	      0.0000
      0.0000	      0.0000	      0.0000	      0.0000
      0.0000	      0.0000	      0.0000	      0.0000
     33.9732	      0.0000	      0.0000	      0.0000
      0.0000	      0.0000	      0.0000	      0.0000
      0.0000	      0.0000	      0.0000	      0.0000
      0.0000	      0.0000	      0.0000	      0.0000
     -1.6709	     -1.6515	     -1.3022	      0.0000
      0.0000	      0.0000	      0.0000	      0.0000
      0.0000	      0.0000	      0.0000	      0.0000
      0.0000	      0.0000	      0.0000	      0.0000
    -28.3959	     -7.6412	    -18.9989	    -15.3232
      0.0000	      0.0000	      0.0000	      0.0000
      0.0000	    -28.2454	      3.1747	      0.0000
      0.0000	      0.0000	      0.0000	      0.0000
     -0.8016	     -0.5408	     30.6536	      0.0000
      0.0000	      0.0000	      0.0000	      0.0000
      0.0000	      0.0000	      0.0000	      0.0000
      0.0000	      0.0000	      0.0000	      0.0000
    -20.0377	     -6.5545	     -6.1605	      0.0000
    -21.0405	      0.0000	      0.0000	      0.0000
      0.0000	      0.0000	      0.0000	      0.0000
      0.0000	      0.0000	      0.0000	      0.0000
     -6.2606	      0.0000	     -3.0805	      0.0000
      0.0000	      0.0000	      0.0000	      0.0000
      0.0000	      0.0000	      0.0000	      0.0000
      0.0000	      0.0000	      0.0000	      0.0000
     -0.8757	     -0.9615	     21.6549	      0.0000
      0.0000	      0.0000	      0.0000	      0.0000
      0.0000	      0.0000	      0.0000	      0.0000
      0.0000	      0.0000	      0.0000	      0.0000
      4.0037	      0.0000	      0.0000	      0.0000
      0.0000	      0.0000	      0.0000	      0.0000
      0.0000	      0.0000	      0.0000	      0.0000
      0.0000	      0.0000	      0.0000	      0.0000
     -5.7372	      0.0000	      0.0000	      0.0000
      0.0000	      0.0000	      0.0000	      0.0000
      0.0000	      0.0000	      0.0000	      0.0000
      0.0000	      0.0000	      0.0000	      0.0000
     -0.3087	     -2.1438	     40.2563	      0.0000
      0.0000	      0.0000	      0.0000	      0.0000
      0.0000	      0.0000	      0.0000	      0.0000
      0.0000	      0.0000	      0.0000	      0.0000
     -2.2148	     -3.1738	      3.6822	      0.0000
      0.0000	      0.0000	      0.0000	      0.0000
      0.0000	      0.0000	      0.0000	      0.0000
      0.0000	      0.0000	      0.0000	      0.0000
      0.0000	      0.0000	      0.0000	      0.0000
      0.0000	      0.0000	      0.0000	      0.0000
      0.0000	      0.0000	      0.0000	      0.0000
      0.0000	      0.0000	      0.0000	      0.0000
     -0.5512	     -2.2405	      0.0000	      0.0000
      0.0000	      0.0000	      0.0000	      0.0000
      0.0000	      0.0000	      0.0000	      0.0000
      0.0000	      0.0000	      0.0000	      0.0000
     -2.4531	     -3.8390	     -1.6267	      5.3814
      0.0000	      0.0000	      0.0000	      0.0000
      0.0000	      0.0000	      0.0000	      0.0000
      0.0000	      0.0000	      0.0000	      0.0000
     -2.8956	      8.8962	      0.0000	      0.0000
    -20.9832	      0.0000	      0.0000	      0.0000
      0.0000	      0.0000	      0.0000	      0.0000
      0.0000	      0.0000	      0.0000	      0.0000
     -1.4357	    -13.0490	     -7.6978	      2.2394
      0.0000	      0.0000	      0.0000	      0.0000
      0.0000	      0.0000	      0.0000	      0.0000
      0.0000	      0.0000	      0.0000	      0.0000
    -57.0778	    -63.3842	    -71.9371	    -64.1192
      0.0000	      0.0000	      0.0000	    -12.1849
    -20.6602	      0.0000	      0.0000	      0.0000
      0.0000	      0.0000	      0.0000	      0.0000
     -6.1631	      0.0000	      0.0000	      0.0000
     -7.4999	      0.0000	      0.0000	      0.0000
      0.0000	      0.0000	      0.0000	      0.0000
      0.0000	      0.0000	      0.0000	      0.0000
      0.0000	      0.0000	     33.3420	      0.0000
      0.0000	      0.0000	      0.0000	      0.0000
      0.0000	      0.0000	      0.0000	      0.0000
      0.0000	      0.0000	      0.0000	      0.0000
    -16.6240	    -18.9616	      0.0000	     15.1564
      3.0234	      0.0000	      0.0000	      0.0000
      0.0000	      0.0000	      0.0000	      0.0000
      0.0000	      0.0000	      0.0000	      0.0000
     -4.1656	      7.5760	     -1.6926	     -3.2298
     11.0173	      0.0000	      0.0000	      0.0000
      0.0000	      0.0000	      0.0000	      0.0000
      0.0000	      0.0000	      0.0000	      0.0000
     39.9786	     -1.0132	      1.3752	     -1.3711
      0.0000	      0.0000	      0.0000	      0.0000
      0.0000	      0.0000	      0.0000	      0.0000
      0.0000	      0.0000	      0.0000	      0.0000
     26.4586	      0.0000	      0.0000	      0.0000
      0.0000	      0.0000	      0.0000	      0.0000
      0.0000	      0.0000	      0.0000	      0.0000
      0.0000	      0.0000	      0.0000	      0.0000
     -3.3424	      2.1599	     -2.8523	    -21.6635
      0.0000	      0.0000	      0.0000	      0.0000
      0.0000	      0.0000	      0.0000	      0.0000
      0.0000	      0.0000	      0.0000	      0.0000
      5.0027	     -3.4579	     -2.0903	     41.6933
      0.0000	      0.0000	      0.0000	      0.0000
      0.0000	      0.0000	      0.0000	      0.0000
      0.0000	      0.0000	      0.0000	      0.0000
     -1.7587	     -3.1109	     -2.7703	     23.2747
      0.0000	      0.0000	      0.0000	      0.0000
     -7.6568	      0.0000	      0.0000	      0.0000
      0.0000	      0.0000	      0.0000	      0.0000
      3.9031	      0.0000	      0.0000	      0.0000
     -0.3803	      0.0000	      0.0000	      0.0000
      0.0000	      0.0000	      0.0000	      0.0000
      0.0000	      0.0000	      0.0000	      0.0000
     -0.4705	     -2.1578	     -2.0880	      6.1084
      0.0000	      0.0000	      0.0000	      0.0000
      0.0000	      0.0000	      0.0000	      0.0000
      0.0000	      0.0000	      0.0000	      0.0000
     -0.9823	     -3.4923	    -10.3185	     -4.8690
      2.0709	      0.0000	      0.0000	      0.0000
      0.0000	      0.0000	      0.0000	      0.0000
      0.0000	      0.0000	      0.0000	      0.0000
      7.0444	      0.0000	      0.0000	      0.0000
      0.0000	      0.0000	      0.0000	      0.0000
      0.0000	      0.0000	      0.0000	      0.0000
      0.0000	      0.0000	      0.0000	      0.0000
     -3.6133	     -9.7185	     -7.0784	      0.0798
      0.0000	      0.0000	      0.0000	      0.0000
      0.0000	      0.0000	      0.0000	      0.0000
      0.0000	      0.0000	      0.0000	      0.0000
    -40.4614	    -38.8165	    -57.6048	    -38.0849
      0.0000	      0.0000	      0.0000	      0.0000
      0.0000	      0.0000	      0.0000	      0.0000
      0.0000	      0.0000	      0.0000	      0.0000
    -10.2204	     -8.0345	    -11.2599	     -9.6110
     -3.1520	      0.0000	      0.0000	      0.0000
      0.0000	      0.0000	      0.0000	      0.0000
      0.0000	      0.0000	      0.0000	      0.0000
     -3.9812	     -7.5741	    -15.4262	     -7.7099
     -0.6795	     -2.0066	     12.5610	      0.0000
      0.0000	      0.0000	      0.0000	      0.0000
     49.5579	      0.0000	      0.0000	      0.0000
     -0.3121	      3.5974	     -4.3942	     -0.7492
      0.0000	      0.0000	      0.0000	      0.0000
      0.0000	      0.0000	      0.0000	      0.0000
      0.0000	      0.0000	      0.0000	      0.0000
     -9.7464	     -7.1986	    -10.5135	     -8.7957
      0.0000	      0.0000	      0.0000	      0.0000
      0.0000	      0.0000	      0.0000	      0.0000
      0.0000	      0.0000	      0.0000	      0.0000
     -5.2568	     -5.0429	      9.7526	     -8.3433
     46.6454	      0.0000	      0.0000	      0.0000
      0.0000	      0.0000	      0.0000	      0.0000
    136.6614	     69.9049	     -2.6525	      0.0000
      0.0000	      0.0000	     24.3589	      0.0000
      0.0000	      0.0000	      0.0000	      0.0000
      0.0000	      0.0000	      0.0000	      0.0000
      0.0000	      0.0000	      0.0000	      0.0000
     -2.5502	     -1.2524	     -1.7373	     -2.7457
     -2.7944	      0.0000	      0.0000	      0.0000
      0.0000	      0.0000	      0.0000	      0.0000
      0.0000	      0.0000	      0.0000	      0.0000
     11.2809	     -4.7394	     -6.8507	     -3.3461
     11.4399	      0.0000	      0.0000	      0.0000
      0.0000	      0.0000	      0.0000	      0.0000
    128.6114	      0.0000	      0.0000	      0.0000
     -2.9788	     -3.6468	     -9.4378	     16.2783
      0.0000	      0.0000	      0.0000	      0.0000
      0.0000	      0.0000	      0.0000	      0.0000
      0.0000	      0.0000	      0.0000	      0.0000
      6.7431	      0.0000	      0.0000	      0.0000
      1.7618	      0.0000	      0.0000	      0.0000
      0.0000	      0.0000	      0.0000	      0.0000
      0.0000	      0.0000	      0.0000	      0.0000
     -0.5763	     -2.6349	     -4.1397	     11.5084
      0.0000	      0.0000	      0.0000	      0.0000
      0.0000	      0.0000	      0.0000	      0.0000
    -15.3944	      0.0000	      0.0000	      0.0000
    -10.2592	     -5.1932	     -4.9868	      7.9187
      0.0000	      0.0000	      0.0000	      0.0000
      4.6301	      0.0000	      0.0000	      0.0000
      0.0000	      0.0000	      0.0000	      0.0000
      5.1163	      0.0000	      0.0000	      0.0000
      0.0000	      0.0000	      0.0000	      0.0000
      0.0000	      0.0000	      0.0000	      0.0000
      0.0000	      0.0000	      0.0000	      0.0000
     -1.1015	     -3.0743	    -13.4277	      4.0498
      0.0000	      0.0000	      0.0000	      0.0000
      0.0000	      0.0000	      0.0000	      0.0000
      0.0000	      0.0000	      0.0000	      0.0000
    -42.6436	    -44.4351	    -41.3929	    -40.8759
     -3.9626	     -8.7117	    -14.1964	      0.0000
      0.0000	      0.0000	      0.0000	      0.0000
      0.0000	      0.0000	      0.0000	      0.0000
     -8.8119	    -29.5279	    -31.3026	    -22.6592
      0.0000	      0.0000	      0.0000	      0.0000
      0.0000	      0.0000	      0.0000	      0.0000
      0.0000	      0.0000	      0.0000	      0.0000
      0.0000	      0.0000	      0.0000	      0.0000
      0.0000	      0.0000	      0.0000	      0.0000
      8.1782	      0.0000	      0.0000	      0.0000
      0.0000	      0.0000	      0.0000	      0.0000
    -10.0830	      4.6356	      9.2991	      0.0000
      0.0000	      0.0000	      0.0000	      0.0000
      0.0000	      0.0000	      0.0000	      0.0000
      0.0000	      0.0000	      0.0000	      0.0000
     -1.3889	     18.2815	      0.9796	      0.0000
      0.0000	      0.0000	      0.0000	      0.0000
      0.0000	      0.0000	      0.0000	      0.0000
      0.0000	      0.0000	      0.0000	      0.0000
      0.6123	     -0.8037	     67.0617	      0.0000
      0.0000	      0.0000	      0.0000	      0.0000
      0.0000	      0.0000	      0.0000	      0.0000
      0.0000	      0.0000	      0.0000	      0.0000
     28.9030	      0.0000	      0.0000	      0.0000
      0.0000	      0.0000	      0.0000	      0.0000
      0.0000	      0.0000	      0.0000	      0.0000
      0.0000	      0.0000	      0.0000	      0.0000
     -1.8683	     -1.4877	     37.6991	      0.0000
      0.0000	      0.0000	      0.0000	      0.0000
      0.0000	      0.0000	      0.0000	      0.0000
      0.0000	      0.0000	      0.0000	      0.0000
      8.2709	     10.1422	     73.0004	     11.6571
      0.0000	      0.0000	      0.0000	      0.0000
      0.0000	      0.0000	      0.0000	      0.0000
      0.0000	      0.0000	      0.0000	      0.0000
     -0.5135	     -0.2580	     -0.4738	     25.7974
      4.8107	      0.0000	      0.0000	      0.0000
      0.0000	      0.0000	      0.0000	      0.0000
      0.0000	      0.0000	      0.0000	      0.0000
      1.6848	     43.6973	      0.0000	      0.0000
      0.0000	      0.0000	      0.0000	      0.0000
      0.0000	      0.0000	      0.0000	      0.0000
      0.0000	      0.0000	      0.0000	      0.0000
     -0.4403	     -2.8745	     49.3048	      7.5782
      6.6799	      0.0000	      0.0000	      0.0000
      0.0000	      0.0000	      0.0000	      0.0000
      0.0000	      0.0000	      0.0000	      0.0000
     -1.5929	     -6.6370	      0.6793	     -3.1050
      0.0000	      0.0000	      0.0000	      0.0000
      0.0000	      0.0000	      0.0000	      0.0000
      0.0000	      0.0000	      0.0000	      0.0000
      0.1813	      0.0000	      0.0000	      0.0000
      0.0000	      0.0000	      0.0000	      0.0000
      0.0000	      0.0000	      0.0000	      0.0000
      0.0000	      0.0000	      0.0000	      0.0000
     -0.7980	    -12.4246	      0.0000	      0.0000
     10.0668	      0.0000	      0.0000	      0.0000
      0.0000	      0.0000	      0.0000	      0.0000
      0.0000	      0.0000	      0.0000	      0.0000
    -23.6011	    -17.6427	    -10.2141	     -8.9141
    -29.2992	      0.0000	      0.0000	      0.0000
    -12.9942	      0.0000	      0.0000	      0.0000
      0.0000	      0.0000	      0.0000	      0.0000
    -16.2512	    -24.5383	    -25.0301	      1.2018
     10.1398	      0.0000	      0.0000	      0.0000
     57.6306	      0.0000	      0.0000	      0.0000
     46.9899	      0.0000	      0.0000	      0.0000
     -1.1561	     42.4534	      0.0000	      0.0000
     -6.6755	     54.9949	      0.0000	      0.0000
     63.5295	      0.0000	      0.0000	      0.0000
      9.1490	      0.0000	      0.0000	     13.9102
     27.5837	      1.6415	      0.0000	      0.0000
      0.0000	      0.0000	      0.0000	      0.0000
      5.7160	     50.9065	      0.0000	      0.0000
     45.1616	      0.0000	      0.0000	      0.0000
     31.8182	    -15.8479	     -6.7347	     -0.0463
     -0.1547	     56.3289	     -4.9418	     -4.7230
     44.8933	      0.0000	      0.0000	      0.0000
     69.1513	      0.0000	      0.0000	      0.0000
     92.9904	     39.7085	     23.9974	     15.9534
     73.8832	      0.0000	      3.6562	      0.0000
     78.3908	      0.0000	      0.0000	      0.0000
     16.5394	      0.0000	      0.0000	     22.9039
     61.0679	     11.3700	      1.2628	      4.9892
      2.1578	      0.0000	      0.0000	      0.0000
    109.2054	      0.0000	      0.0000	      0.0000
     73.8830	      0.0000	      0.0000	      0.0000
      3.0224	     44.3023	     -2.4692	      4.0360
     -6.5279	     45.7970	    -12.1529	     -6.2590
      0.0000	      0.0000	      0.0000	      0.0000
     14.8508	      0.0000	      0.0000	      0.0000
     62.9299	     25.1567	     20.1557	     27.6362
     24.2876	      0.0000	      0.0000	      0.0000
     49.6873	      0.0000	      0.0000	      0.0000
      0.0000	      0.0000	      0.0000	      0.0000
     -7.1794	     -3.2241	     -9.4482	     53.3447
      6.2325	      0.0000	      0.0000	      0.0000
     -4.8887	     -5.2895	     -1.3460	     17.4054
     64.7453	      0.0000	      0.0000	      0.0000
     46.3689	      4.8850	      1.6243	      0.0000
     29.8518	      0.0000	      0.0000	      0.0000
      0.0000	      0.0000	      0.0000	      0.0000
      0.0000	      0.0000	      0.0000	      0.0000
     14.9458	     -2.6574	      5.2812	     37.6404
      6.3971	      0.0000	      0.0000	      0.0000
      0.0000	      0.0000	      0.0000	      0.0000
      0.0000	      0.0000	      0.0000	      0.0000
     -7.9334	     -7.6625	    -10.9679	     19.2661
      4.9129	      0.0000	      0.0000	      0.0000
    -19.6575	      0.0000	      0.0000	      0.0000
      0.0000	      0.0000	      0.0000	      0.0000
     15.0391	      0.0000	      0.0000	      0.0000
      0.0000	      0.0000	      0.0000	      0.0000
      0.0000	      0.0000	      0.0000	      0.0000
      0.0000	      0.0000	      0.0000	      0.0000
     -1.2306	     -3.7947	     -2.0286	      4.3564
     -0.0149	      0.0000	      0.0000	      0.0000
      0.0000	      0.0000	      0.0000	      0.0000
      0.0000	      0.0000	      0.0000	      0.0000
    -36.0140	    -39.0074	    -38.5770	    -40.0086
     -0.5747	    -19.2854	      0.0000	      0.0000
      0.0000	      0.0000	      0.0000	      0.0000
      0.0000	      0.0000	      0.0000	      0.0000
    -16.3513	     -5.3863	    -27.4771	    -16.0576
     29.5030	      0.0000	      0.0000	      0.0000
     -0.4841	     -0.7670	     -6.6156	      0.0000
      2.9871	      0.0000	      0.0000	      0.0000
      1.7660	     61.2967	    -18.3180	     -3.2365
      0.0000	     78.3936	    -14.7044	      0.0000
      0.0000	     39.8139	      0.0000	      0.0000
     88.7156	     65.3655	     -8.0820	     73.6781
      5.9269	     91.3095	     -4.0244	     -2.5399
     10.4708	      0.0000	      0.0000	      0.0000
     20.6903	      0.0000	      0.0000	      0.0000
      0.0000	     12.1127	      0.0000	      0.0000
    -20.6107	     31.1868	    -25.7703	    -20.1483
     -2.9958	     43.7046	      0.0000	      0.0000
      0.0000	      0.0000	      0.0000	      0.0000
     27.3383	      0.0000	      0.0000	      0.0000
     19.2166	     25.4016	     -4.3286	      0.8286
     93.5370	     38.2216	     -1.1194	     33.4849
     74.0821	     47.1460	     -1.7234	     19.0209
     96.8307	    123.1389	     -5.4226	     54.7227
     62.6500	      5.2242	      1.1475	     11.7778
     67.4954	      0.0000	      0.0000	      0.0000
     27.0940	      0.0000	      0.0000	      0.0000
     38.8323	      0.0000	      0.0000	      0.0000
      2.7431	     21.3764	     -7.3357	     -5.7219
     -5.0242	     -3.2805	     -9.0677	      1.0926
      0.0000	      0.0000	      0.0000	      0.0000
      0.0000	      0.0000	      0.0000	      0.0000
     12.7885	      8.5937	      5.0000	     15.5415
    131.1146	      0.0000	      0.0000	      5.7648
     91.6371	      0.0000	      0.0000	      0.0000
    217.4545	     51.4172	     -6.7130	     54.7222
     -4.6378	     -8.3990	    -10.2862	     32.4059
     25.2749	      0.0000	      0.0000	      0.0000
      0.0000	      0.0000	      0.0000	      0.0000
      0.0000	      0.0000	      0.0000	      0.0000
     34.6205	     -0.8462	     -4.2092	      0.0000
      0.0000	      0.0000	      0.0000	      0.0000
      0.0000	      0.0000	      0.0000	      0.0000
      0.0000	      0.0000	      0.0000	      0.0000
     -1.4433	     -3.9027	     -8.8024	     35.1300
     38.9700	      0.0000	      0.0000	      0.0000
     59.7512	      0.0000	      1.6081	      0.0000
     88.5080	      0.0000	      0.0000	     11.0299
    -25.5201	    -25.7965	    -29.8266	      2.7303
     -1.5151	      0.0000	      0.0000	      0.0000
      0.0000	      0.0000	      0.0000	      0.0000
      0.0000	      0.0000	      0.0000	      0.0000
     21.8352	      0.0000	      0.0000	      0.0000
      2.1756	      0.0000	      0.0000	      0.0000
      0.0000	      0.0000	      0.0000	      0.0000
      0.0000	      0.0000	      0.0000	      0.0000
     -0.8448	     -2.4443	     -5.9360	     11.0902
     -2.3965	      5.9003	     -4.9731	      0.0000
      0.0000	      0.0000	      0.0000	      0.0000
      0.0000	      0.0000	      0.0000	      0.0000
    -40.1419	    -41.1660	    -42.4944	    -40.6037
     -8.4042	     -3.6285	    -17.6345	     -1.8150
      0.0000	      0.0000	      0.0000	      0.0000
      0.0000	      0.0000	      0.0000	      0.0000
    -70.0528	    -61.7669	    -67.3040	    -58.9314
      0.0000	      0.0000	      0.0000	      0.0000
      0.0000	      0.0000	      0.0000	      0.0000
      0.0000	      0.0000	      0.0000	      0.0000
      0.3145	      0.0000	      0.0000	      0.0000
      0.0000	      0.0000	      0.0000	      0.0000
      0.0000	      0.0000	      0.0000	      0.0000
      0.0000	      0.0000	      0.0000	      0.0000
    -13.0944	      9.9354	     -3.4826	      0.0000
      0.0000	      0.0000	      0.0000	      0.0000
      0.0000	      0.0000	      0.0000	      0.0000
      0.0000	      0.0000	      0.0000	      0.0000
     -1.5733	      9.2913	      0.0000	      0.0000
      0.0000	      0.0000	      0.0000	      0.0000
      0.0000	      0.0000	      0.0000	      0.0000
      0.0000	      0.0000	      0.0000	      0.0000
      0.0000	      0.0000	      0.0000	      0.0000
      0.0000	      0.0000	      0.0000	      0.0000
      0.0000	      0.0000	      0.0000	      0.0000
      0.0000	      0.0000	      0.0000	      0.0000
      5.8150	      0.0000	      0.0000	      0.0000
      0.0000	      0.0000	      0.0000	      0.0000
      0.0000	      0.0000	      0.0000	      0.0000
      7.7544	      0.0000	      0.0000	      0.0000
     -1.1099	     -0.4046	     20.4950	      0.0000
      0.0000	      0.0000	      0.0000	      0.0000
      0.0000	      0.0000	      0.0000	      0.0000
      0.0000	      0.0000	      0.0000	      0.0000
      0.0000	      0.0000	      0.0000	      0.0000
      0.0000	      0.0000	      0.0000	      0.0000
      0.0000	      0.0000	      0.0000	      0.0000
      0.0000	      0.0000	      0.0000	      0.0000
     -1.4987	      0.0000	      0.0000	      0.0000
     -0.0788	      0.0000	      0.0000	      0.0000
      0.0000	      0.0000	      0.0000	      0.0000
      0.0000	      0.0000	      0.0000	      0.0000
      0.0000	      0.0000	      0.0000	      0.0000
      0.0000	      0.0000	      0.0000	      0.0000
      0.0000	      0.0000	      0.0000	      0.0000
      0.0000	      0.0000	      0.0000	      0.0000
      0.0000	      0.0000	      0.0000	      0.0000
      0.0000	      0.0000	      0.0000	      0.0000
      0.0000	      0.0000	      0.0000	      0.0000
      0.0000	      0.0000	      0.0000	      0.0000
     -2.2866	      0.0000	      0.0000	      0.0000
      0.0000	      0.0000	      0.0000	      0.0000
      0.0000	      0.0000	      0.0000	      0.0000
      0.0000	      0.0000	      0.0000	      0.0000
      0.0000	      0.0000	      0.0000	      0.0000
      0.0000	      0.0000	      0.0000	      0.0000
    -16.5620	      0.0000	      0.0000	      0.0000
      0.0000	      0.0000	      0.0000	      0.0000
      0.0000	      0.0000	      0.0000	      0.0000
      0.0000	      0.0000	      0.0000	      0.0000
      0.0000	      0.0000	      0.0000	      0.0000
      0.0000	      0.0000	      0.0000	      0.0000
     17.4691	      0.0000	      0.0000	      0.0000
      0.0000	      0.0000	      0.0000	      0.0000
      6.1915	      0.0000	      0.0000	      0.0000
      0.0000	      0.0000	      0.0000	      0.0000
    -37.9137	    -39.9485	    -52.2644	    -42.6800
      0.0000	      0.0000	      0.0000	      0.0000
      0.0000	      0.0000	      0.0000	      0.0000
      0.0000	      0.0000	      0.0000	      0.0000
     -1.6202	     -1.1656	     -0.0046	      2.1175
      9.1188	      0.0000	      0.0000	      0.0000
     16.1015	      0.0000	      0.0000	      0.0000
     25.9901	      0.0000	      0.0000	      0.0000
      6.6336	      0.0000	      0.0000	      0.0000
      0.0000	      0.0000	      0.0000	      0.0000
     12.8493	      0.0000	      0.0000	      0.0000
      0.0000	      0.0000	     -3.6737	      0.0000
     -1.6954	     66.8047	     -2.7267	      0.0000
     -7.1545	      8.1424	      0.0000	      0.0000
      0.0000	      0.0000	      0.0000	      0.0000
      0.0000	      0.0000	      0.0000	      0.0000
      0.9035	     33.2500	      0.0000	      0.0000
     17.6762	      0.0000	      0.0000	      0.0000
      9.2111	      0.0000	      0.0000	      0.0000
     22.6426	     -0.8510	     -9.5921	      0.0000
     16.3356	      0.0000	      0.0000	      0.0000
      0.0000	      0.0000	      0.0000	      0.0000
      0.0000	      0.0000	      0.0000	      0.0000
      2.7337	      0.0000	      0.0000	      0.0000
     15.1717	     -1.9199	     -2.7243	     -3.2118
     -5.5096	     33.3307	      0.0000	      0.0000
      0.0000	      0.0000	      0.0000	      0.0000
      0.0000	      0.0000	      0.0000	      0.0000
     -0.3709	     24.7359	      0.0000	      0.0000
      0.0000	      0.0000	      0.0000	      0.0000
      0.0000	      0.0000	      0.0000	      0.0000
      0.0000	      0.0000	      0.0000	      0.0000
     -1.8777	     -0.9208	      7.9284	      2.1259
      0.0000	      0.0000	      0.0000	      0.0000
      0.0000	      0.0000	      0.0000	      0.0000
      0.0000	      0.0000	      0.0000	      0.0000
      8.4732	      0.0000	      0.0000	      0.0000
      0.0000	      0.0000	      0.0000	      0.0000
      0.0000	      0.0000	      0.0000	      0.0000
      0.0000	      0.0000	      0.0000	      0.0000
     -0.1021	     -0.5259	     30.8819	      0.6016
      0.0000	      0.0000	      0.0000	      0.0000
      0.0000	      0.0000	      0.0000	      0.0000
      0.0000	      0.0000	      0.0000	      0.0000
     -1.1217	     -1.3350	     -4.0016	      2.5788
      0.0000	      0.0000	      0.0000	      0.0000
      0.0000	      0.0000	      0.0000	      0.0000
      0.0000	      0.0000	      0.0000	      0.0000
      4.0795	      0.0000	      0.0000	      0.0000
      0.0000	      0.0000	      0.0000	      0.0000
    -19.9122	      0.0000	      0.0000	      0.0000
      0.0000	      0.0000	      0.0000	      0.0000
      0.0000	      2.7024	      0.0000	      0.0000
      0.0000	      0.0000	      0.0000	      0.0000
      0.0000	      0.0000	      0.0000	      0.0000
      0.0000	      0.0000	      0.0000	      0.0000
      0.0000	      0.0000	      0.0000	      0.0000
      0.0000	      0.0000	      0.0000	      0.0000
      0.0000	      0.0000	      0.0000	      0.0000
      0.0000	      0.0000	      0.0000	      0.0000
    -16.6384	     -9.5052	    -16.5500	    -18.1308
      0.0000	      0.0000	      0.0000	      0.0000
     -3.4635	      0.0000	      0.0000	      0.0000
      0.0000	      0.0000	      0.0000	      0.0000
     -0.2599	     16.3042	      0.0000	     -3.3263
      0.0000	      0.0000	      0.0000	      0.0000
     -1.1673	      3.5459	      0.0000	      0.0000
      0.9859	      0.0000	      0.0000	      0.0000
     -2.3924	     33.0993	      0.0000	      0.0000
      0.0000	      0.0000	      0.0000	      0.0000
      5.5454	      0.0000	      0.0000	      0.0000
      0.0000	      0.0000	      0.0000	      0.0000
    -10.0101	      0.4909	    -16.1772	    -12.3860
      0.0000	      0.0000	      0.0000	      0.0000
      0.0000	      0.0000	      0.0000	      0.0000
      0.0000	      0.0000	      0.0000	      0.0000
     -0.0982	     40.2211	     -0.5968	      0.0000
      7.3089	      0.0000	     -3.4835	      0.0000
      4.5510	      0.0000	      0.0000	      0.0000
     11.0126	     72.6028	      0.0000	      0.0000
     19.3846	      0.0000	     -2.2787	      0.2589
      0.0000	      0.0000	      0.0000	      0.0000
      0.0000	      0.0000	      0.0000	      0.0000
      0.0000	      0.0000	      0.0000	      0.0000
     -1.5342	     19.6718	      0.0000	      0.0000
      9.9288	      0.0000	      0.0000	      0.0000
      0.0000	      0.0000	      0.0000	      0.0000
      0.0000	      0.0000	      0.0000	      0.0000
     12.2446	      0.4008	     -1.2566	     -0.2732
     19.1448	      0.0000	      0.0000	      0.0000
      3.7421	     -0.9808	      0.0000	      0.0000
     46.6908	      0.0000	      0.0000	      0.0000
     -1.5645	     -2.9934	     -6.7571	     15.2416
      0.0000	      0.0000	      0.0000	      0.0000
      0.0000	      0.0000	      0.0000	      0.0000
      0.0000	      0.0000	      0.0000	      0.0000
     17.3286	      0.0000	      0.0000	      0.0000
      0.0000	      0.0000	      0.0000	      0.0000
      0.0000	      0.0000	      0.0000	      0.0000
      0.0000	      0.0000	      0.0000	      0.0000
     -0.4381	     -0.1420	     16.6041	     -0.6754
      2.9750	      0.0000	      0.0000	      0.0000
      0.0000	      0.0000	      0.0000	      0.0000
      0.0000	      0.0000	      0.0000	      0.0000
     -5.3223	     -5.7497	     -6.9404	     -5.1938
      0.0000	      0.0000	      0.0000	      0.0000
      0.0000	      0.0000	      0.0000	      0.0000
      0.0000	      0.0000	      0.0000	      0.0000
      4.1055	      0.0000	      0.0000	      0.0000
      0.0000	      0.0000	      0.0000	      0.0000
      0.0000	      0.0000	      0.0000	      0.0000
      0.0000	      0.0000	      0.0000	      0.0000
     -0.7152	     -5.9336	      3.4993	      0.0000
      0.0000	      0.0000	      0.0000	      0.0000
      0.0000	      0.0000	      0.0000	      0.0000
      0.0000	      0.0000	      0.0000	      0.0000
     -4.2408	     -3.3485	     -8.5040	     -3.7046
      0.0000	      0.0000	      0.0000	      0.0000
      0.0000	      0.0000	      0.0000	      0.0000
      0.0000	      0.0000	      0.0000	      0.0000
    -18.0524	    -15.8633	    -22.2418	    -15.9755
      0.0000	      0.0000	      0.0000	      0.0000
      0.0000	      0.0000	      0.0000	      0.0000
      0.0000	      0.0000	      0.0000	      0.0000
     -1.0229	     -0.7181	      5.1459	      0.0000
      0.0000	      0.0000	      0.0000	      0.0000
      0.0000	      0.0000	      0.0000	      0.0000
      0.0000	      0.0000	      0.0000	      0.0000
      6.7354	      0.0000	      0.0000	      0.0000
      0.0000	      0.0000	      0.0000	      0.0000
      0.0000	      0.0000	      0.0000	      0.0000
      0.0000	      0.0000	      0.0000	      0.0000
     -1.6764	     -1.8128	      1.0897	     -8.6321
      0.0000	      0.0000	      0.0000	      0.0000
      0.0000	      0.0000	      0.0000	      0.0000
      0.0000	      0.0000	      0.0000	      0.0000
      0.0991	      0.0000	     23.1180	     -0.5509
      0.0000	      0.0000	      0.0000	      0.0000
      0.0000	      0.0000	      0.0000	      0.0000
      0.0000	      0.0000	      0.0000	      0.0000
      0.0000	      0.0000	      5.2579	      0.0000
      0.0000	      0.0000	      0.0000	      0.0000
      0.0000	      0.0000	      0.0000	      0.0000
      0.0000	      0.0000	      0.0000	      0.0000
     -1.5778	      0.0000	      0.0000	      0.0000
      0.0000	      0.0000	      0.0000	      0.0000
      0.0000	      0.0000	      0.0000	      0.0000
      0.0000	      0.0000	      0.0000	      0.0000
     -0.5119	     -2.3302	     20.0294	      0.0000
      0.0000	      0.0000	      0.0000	      0.0000
      0.0000	      0.0000	      0.0000	      0.0000
      0.0000	      0.0000	      0.0000	      0.0000
     -2.0589	     -0.6717	     -1.2433	     24.6781
      0.0000	      0.0000	      0.0000	      0.0000
      0.0000	      0.0000	      0.0000	      0.0000
      0.0000	      0.0000	      0.0000	      0.0000
      0.6325	      0.0000	      0.0000	      0.0000
      0.0000	      0.0000	      0.0000	      0.0000
      0.0000	      0.0000	      0.0000	      0.0000
      0.0000	      0.0000	      0.0000	      0.0000
      2.7907	      0.0000	      0.0000	      0.0000
      0.0000	      0.0000	      0.0000	      0.0000
      0.0000	      0.0000	      0.0000	      0.0000
      0.0000	      0.0000	      0.0000	      0.0000
     -1.3976	    -15.1956	     -0.8910	      2.3535
      0.0000	      0.0000	      0.0000	      0.0000
      0.0000	      0.0000	      0.0000	      0.0000
      0.0000	      0.0000	      0.0000	      0.0000
      0.0000	      0.5034	      0.8659	     20.6990
      0.0000	      0.0000	      0.0000	      0.0000
      0.0000	      0.0000	      0.0000	      0.0000
      0.0000	      0.0000	      0.0000	      0.0000
     -0.9396	    -10.0916	     -4.0765	      1.6344
      0.0000	      0.0000	      0.0000	      0.0000
      0.0000	      0.0000	      0.0000	      0.0000
      0.0000	      0.0000	      0.0000	      0.0000
    -55.2338	    -58.3651	    -56.0056	    -49.9833
      0.0000	      0.0000	      0.0000	      0.0000
      0.0000	      0.0000	      0.0000	      0.0000
      0.0000	      0.0000	      0.0000	      0.0000
    -14.9949	    -21.6942	    -16.2846	    -15.5371
      0.0000	      0.0000	      0.0000	      0.0000
      0.0000	      0.0000	      0.0000	      0.0000
      0.0000	      0.0000	      0.0000	      0.0000
     -0.0886	     -1.0631	      3.1403	      0.0000
      0.0000	      0.0000	      0.0000	      0.0000
      0.0000	      0.0000	      0.0000	      0.0000
      0.0000	      0.0000	      0.0000	      0.0000
      0.0000	      0.0000	      0.0000	      0.0000
      0.0000	      0.0000	      0.0000	      0.0000
      0.0000	      0.0000	      0.0000	      0.0000
      0.0000	      0.0000	      0.0000	      0.0000
     -6.2212	     -5.8801	     -6.3503	     -2.3595
      0.0000	      0.0000	      0.0000	      0.0000
      0.0000	      0.0000	      0.0000	      0.0000
      0.0000	      0.0000	      0.0000	      0.0000
     -1.1251	      1.5961	     19.1086	     -0.3379
      0.0000	      0.0000	      0.0000	      0.0000
      0.0000	      0.0000	      0.0000	      0.0000
      0.0000	      0.0000	      0.0000	      0.0000
     18.0909	      0.0000	      0.0000	      2.9759
      0.0000	      0.0000	      0.0000	      0.0000
      0.0000	      0.0000	      0.0000	      0.0000
      0.0000	      0.0000	      0.0000	      0.0000
     -4.1570	      2.4246	     -4.8964	     -4.9366
      0.0000	      0.0000	      0.0000	      0.0000
      0.0000	      0.0000	      0.0000	      0.0000
      0.0000	      0.0000	      0.0000	      0.0000
     -6.4905	     -3.0197	     -6.7691	     10.8191
      0.0000	      0.0000	      0.0000	      0.0000
      0.0000	      0.0000	      0.0000	      0.0000
      0.0000	      0.0000	      0.0000	      0.0000
     -1.5002	     -0.6913	     -4.4899	     25.8712
      0.0000	      0.0000	      0.0000	      0.0000
      0.0000	      0.0000	      0.0000	      0.0000
      0.0000	      0.0000	      0.0000	      0.0000
     -2.6071	      0.0000	      0.0000	      0.0000
      0.0000	      0.0000	      0.0000	      0.0000
      0.0000	      0.0000	      0.0000	      0.0000
      0.0000	      0.0000	      0.0000	      0.0000
     -1.4435	     -2.1843	     -1.6047	     19.8285
      0.0000	      0.0000	      0.0000	      0.0000
      0.0000	      0.0000	      0.0000	      0.0000
      0.0000	      0.0000	      0.0000	      0.0000
    -15.9982	    -13.6013	    -14.4591	     -1.8254
      0.0000	      0.0000	      0.0000	      0.0000
      0.0000	      0.0000	      0.0000	      0.0000
      0.0000	      0.0000	      0.0000	      0.0000
     14.0363	     -0.7024	      0.0000	      0.0000
      0.0000	      0.0000	      0.0000	      0.0000
      0.0000	      0.0000	      0.0000	      0.0000
      0.0000	      0.0000	      0.0000	      0.0000
     -2.5424	     -3.8609	     -7.7971	      4.3967
      0.0000	      0.0000	      0.0000	      0.0000
      0.0000	      0.0000	      0.0000	      0.0000
      0.0000	      0.0000	      0.0000	      0.0000
    -27.9289	    -26.7800	    -28.6678	    -19.5149
      0.0000	      0.0000	      0.0000	      0.0000
      0.0000	      0.0000	      0.0000	      0.0000
      0.0000	      0.0000	      0.0000	      0.0000
    -19.8036	    -21.0328	    -18.9485	    -22.3541
      0.0000	      0.0000	      0.0000	      0.0000
      0.0000	      0.0000	      0.0000	      0.0000
      0.0000	      0.0000	      0.0000	      0.0000
     -5.5351	     -7.4768	     -7.2779	     -6.8478
      0.0000	      0.0000	      0.0000	      0.0000
      0.0000	      0.0000	      0.0000	      0.0000
      0.0000	      0.0000	      0.0000	      0.0000
     -4.1059	     -3.5550	    -10.9132	     -5.5310
      0.0000	      0.0000	      0.0000	      0.0000
      0.0000	      0.0000	      0.0000	      0.0000
      0.0000	      0.0000	      0.0000	      0.0000
    -16.4322	    -19.0975	    -17.2837	    -14.9084
      0.0000	      0.0000	      0.0000	      0.0000
      0.0000	      0.0000	      0.0000	      0.0000
      0.0000	      0.0000	      0.0000	      0.0000
     -3.9700	      0.7095	     -4.8848	     -8.8747
      4.9566	      0.0000	      0.0000	      0.0000
      0.0000	      0.0000	      0.0000	      0.0000
      1.3710	      0.0000	      0.0000	      0.0000
     -0.9682	      7.1369	     -0.2957	      0.0000
      0.0000	      0.0000	      0.0000	      0.0000
      0.0000	      0.0000	      0.0000	      0.0000
      0.0000	      0.0000	      0.0000	      0.0000
    -10.8002	     -9.5570	     -9.5135	     -6.9500
      0.0000	      0.0000	      0.0000	      0.0000
      0.0000	      0.0000	      0.0000	      0.0000
      0.0000	      0.0000	      0.0000	      0.0000
     -7.0309	    -10.1792	     -8.1474	      6.9512
      0.0000	      0.0000	      0.0000	      0.0000
      0.0000	      0.0000	      0.0000	      0.0000
      0.0000	      0.0000	      0.0000	      0.0000
     -7.7688	     -9.6536	     -7.4224	     -7.9981
      0.0000	      0.0000	      0.0000	      0.0000
      0.0000	      0.0000	      0.0000	      0.0000
      0.0000	      0.0000	      0.0000	      0.0000
      0.0000	      0.2146	      0.0000	     14.7325
      0.0000	      0.0000	      0.0000	      0.0000
      0.0000	      0.0000	      0.0000	      0.0000
      0.0000	      0.0000	      0.0000	      0.0000
     -0.8494	     -1.9492	     -7.8953	      9.1721
      0.0000	      0.0000	      0.0000	      0.0000
      0.0000	      0.0000	      0.0000	      0.0000
      0.0000	      0.0000	      0.0000	      0.0000
    -12.5756	    -16.5394	    -18.3537	     -5.9204
      0.0000	      0.0000	      0.0000	      0.0000
      0.0000	      0.0000	      0.0000	      0.0000
      0.0000	      0.0000	      0.0000	      0.0000
      3.6000	     -0.7175	     -5.3424	     21.4142
      0.0000	      0.0000	      0.0000	      0.0000
      0.0000	      0.0000	      0.0000	      0.0000
      0.0000	      0.0000	      0.0000	      0.0000
     -2.5795	     -1.1658	     -6.5620	      4.8938
      0.0000	      0.0000	      0.0000	      0.0000
      0.0000	      0.0000	      0.0000	      0.0000
      0.0000	      0.0000	      0.0000	      0.0000
    -32.3596	    -33.8493	    -34.4377	    -18.4226
      0.0000	      0.0000	      0.0000	      0.0000
      0.0000	      0.0000	      0.0000	      0.0000
      0.0000	      0.0000	      0.0000	      0.0000
    -34.3502	    -39.5960	    -39.6051	    -41.1363
      0.0000	      0.0000	      0.0000	      0.0000
      0.0000	      0.0000	      0.0000	      0.0000
      0.0000	      0.0000	      0.0000	      0.0000
     -0.4207	      1.7175	      0.0000	      0.0000
      0.0000	      0.0000	      0.0000	      0.0000
      0.0000	      0.0000	      0.0000	      0.0000
      0.0000	      0.0000	      0.0000	      0.0000
     18.8730	      0.0000	      0.0000	      0.0000
      0.0000	      0.0000	      0.0000	      0.0000
      0.0000	      0.0000	      0.0000	      0.0000
      0.0000	      0.0000	      0.0000	      0.0000
     -1.9859	     -1.5326	     16.9744	      0.0000
      0.0000	      0.0000	      0.0000	      0.0000
      0.0000	      0.0000	      0.0000	      0.0000
      0.0000	      0.0000	      0.0000	      0.0000
      3.6902	     -0.6987	     34.3316	      0.0000
      0.0000	      0.0000	      0.0000	      0.0000
      0.0000	      0.0000	      0.0000	      0.0000
      0.0000	      0.0000	      0.0000	      0.0000
      9.4930	      0.0000	      0.0000	      0.0000
      0.0000	      0.0000	      0.0000	      0.0000
      0.0000	      0.0000	      0.0000	      0.0000
      0.0000	      0.0000	      0.0000	      0.0000
     -1.9391	      5.9379	     36.7220	      0.0000
      0.0000	      0.0000	      0.0000	      0.0000
      0.0000	      0.0000	      0.0000	      0.0000
      0.0000	      0.0000	      0.0000	      0.0000
      8.9521	      1.0372	     49.1776	     10.2350
      0.0000	      0.0000	      0.0000	      0.0000
      0.0000	      0.0000	      0.0000	      0.0000
      0.0000	      0.0000	      0.0000	      0.0000
     -1.3125	     -3.2986	     40.5173	      0.0000
      0.0000	      0.0000	      0.0000	      0.0000
      0.0000	      0.0000	      0.0000	      0.0000
      0.0000	      0.0000	      0.0000	      0.0000
      0.7622	      0.0000	     15.4561	      0.0000
      0.0000	      0.0000	      0.0000	      0.0000
      0.0000	      0.0000	      0.0000	      0.0000
      0.0000	      0.0000	      0.0000	      0.0000
      3.7817	     -1.4554	     35.1927	      0.0000
      0.0000	      0.0000	      0.0000	      0.0000
      0.0000	      0.0000	      0.0000	      0.0000
      0.0000	      0.0000	      0.0000	      0.0000
     -3.2242	     -2.6221	      8.8541	     -2.8050
      0.0000	      0.0000	      0.0000	      0.0000
      0.0000	      0.0000	      0.0000	      0.0000
      0.0000	      0.0000	      0.0000	      0.0000
      6.8751	      0.0000	      0.0000	      0.0000
      0.0000	      0.0000	      0.0000	      0.0000
      0.0000	      0.0000	      0.0000	      0.0000
      0.0000	      0.0000	      0.0000	      0.0000
     -0.6335	     -3.2622	      0.0000	      0.0000
      0.0000	      0.0000	      0.0000	      0.0000
      0.0000	      0.0000	      0.0000	      0.0000
      0.0000	      0.0000	      0.0000	      0.0000
    -16.4461	    -16.1513	    -37.1297	    -15.8273
      0.0000	      0.0000	      0.0000	      0.0000
      0.0000	      0.0000	      0.0000	      0.0000
      0.0000	      0.0000	      0.0000	      0.0000
    -25.7500	    -26.3851	    -34.5200	    -24.3171
      0.0000	      0.0000	      0.0000	      0.0000
      0.0000	      0.0000	      0.0000	      0.0000
      0.0000	      0.0000	      0.0000	      0.0000
     -1.1033	     15.4141	     -4.4020	     -1.6283
      0.0000	      0.0000	      0.0000	      0.0000
      0.0000	      0.0000	      0.0000	      0.0000
      0.0000	      0.0000	      0.0000	      0.0000
     19.9702	      0.0000	     -3.7038	      1.0158
      0.0000	      0.0000	      0.0000	      0.0000
      0.0000	      0.0000	      0.0000	      0.0000
      0.0000	      0.0000	      0.0000	      0.0000
     -9.7254	     14.9456	    -12.2480	    -12.5319
     -9.1507	     -4.3736	      0.0000	      0.0000
      0.0000	      0.0000	      0.0000	      0.0000
      0.0000	      0.0000	      0.0000	      0.0000
      2.9842	     22.6194	     11.6363	      8.0802
      0.0000	      0.0000	      0.0000	      0.0000
      0.0000	      0.0000	      0.0000	      0.0000
      0.0000	      0.0000	      0.0000	      0.0000
     33.8955	      5.1646	     10.4139	      6.1276
      0.0000	      0.0000	      0.0000	      0.0000
      0.0000	      0.0000	      0.0000	      0.0000
      0.0000	      0.0000	      0.0000	      0.0000
      6.9973	     30.0766	     -8.7762	      7.1981
     -5.8236	      1.1483	      0.0000	      0.0000
      0.0000	      0.0000	      0.0000	      0.0000
      0.0000	      0.0000	      0.0000	      0.0000
     37.0324	     14.4400	     12.4369	     16.2462
      0.0000	      0.0000	      0.0000	      0.0000
      0.0000	      0.0000	      0.0000	      0.0000
      0.0000	      0.0000	      0.0000	      0.0000
     -2.6383	     -3.5291	     -2.2084	     30.8690
      0.0000	      0.0000	      0.0000	      0.0000
      0.0000	      0.0000	      0.0000	      0.0000
      0.0000	      0.0000	      0.0000	      0.0000
     28.3842	      1.5929	      0.0000	      0.0000
      0.0000	      0.0000	      0.0000	      0.0000
      0.0000	      0.0000	      0.0000	      0.0000
      0.0000	      0.0000	      0.0000	      0.0000
      5.8970	     -3.5889	     -0.6636	     30.2695
      0.0000	      0.0000	      0.0000	      0.0000
      0.0000	      0.0000	      0.0000	      0.0000
      0.0000	      0.0000	      0.0000	      0.0000
     -5.5533	     -4.7611	    -15.1945	     20.6883
      0.0000	      0.0000	      0.0000	      0.0000
      0.0000	      0.0000	      0.0000	      0.0000
      0.0000	      0.0000	      0.0000	      0.0000
     15.0661	      0.0000	      0.0000	      0.0000
      0.0000	      0.0000	      0.0000	      0.0000
      0.0000	      0.0000	      0.0000	      0.0000
      0.0000	      0.0000	      0.0000	      0.0000
     -1.0969	     -3.6892	     -4.4869	      5.0295
      0.0000	      0.0000	      0.0000	      0.0000
      0.0000	      0.0000	      0.0000	      0.0000
      0.0000	      0.0000	      0.0000	      0.0000
    -18.1738	    -17.2254	    -28.6508	    -14.4779
      0.0000	      0.0000	      0.0000	      0.0000
      0.0000	      0.0000	      0.0000	      0.0000
      0.0000	      0.0000	      0.0000	      0.0000
    -32.3036	    -26.3260	    -36.6503	    -33.5890
      0.0000	      0.0000	      0.0000	      0.0000
      0.8262	      0.0000	      0.0000	      0.0000
      0.0000	      0.0000	      0.0000	      0.0000
      5.5165	     -8.1255	    -10.9411	     -8.2685
      0.0000	      0.0000	      0.0000	      0.0000
     -0.4495	     -0.8513	      0.0000	      0.0000
     -2.6990	      0.0000	      0.0000	      0.0000
     -2.8532	     30.4378	      0.0000	      3.8647
      0.0000	      0.0000	      0.0000	      0.0000
      0.0000	      0.0000	      0.0000	      0.0000
      0.0000	      0.0000	      0.0000	      0.0000
    -14.4246	     -4.6307	    -19.2606	    -15.1785
      0.0000	      0.0000	      0.0000	      0.0000
      0.0000	      0.0000	      0.0000	      0.0000
      0.0000	      0.0000	      0.0000	      0.0000
     -3.5343	      5.8473	    -15.1640	     -6.8670
     -0.8759	      0.0000	      0.0000	      0.0000
      0.0000	      0.0000	      0.0000	      0.0000
      0.0000	      0.0000	      0.0000	      0.0000
     14.4837	      0.0000	     -3.2962	      1.2747
      0.0000	      0.0000	      0.0000	      0.0000
      0.0000	      0.0000	      0.0000	      0.0000
      0.0000	      0.0000	      0.0000	      0.0000
    -13.7029	     13.0789	    -18.6033	     -7.8860
      0.0000	      0.0000	      0.0000	      0.0000
      0.0000	      0.0000	      0.0000	      0.0000
      0.0000	      0.0000	      0.0000	      0.0000
      3.3979	      0.9554	    -13.1201	      3.0993
      0.0000	      0.0000	      0.0000	      0.0000
      0.0000	      0.0000	      0.0000	      0.0000
      0.0000	      0.0000	      0.0000	      0.0000
     -8.2209	     -9.7011	     -8.9208	     19.3714
      0.0000	      0.0000	      0.0000	      0.0000
      0.0000	      0.0000	      0.0000	      0.0000
      0.0000	      0.0000	      0.0000	      0.0000
     24.2184	      0.0000	      0.0000	      0.0000
      0.0000	      0.0000	      0.0000	      0.0000
      0.0000	      0.0000	      0.0000	      0.0000
      0.0000	      0.0000	      0.0000	      0.0000
      4.0590	     -3.3355	     -5.8681	     16.5145
      0.0000	      0.0000	      0.0000	      0.0000
      0.0000	      0.0000	      0.0000	      0.0000
      0.0000	      0.0000	      0.0000	      0.0000
    -11.0217	    -11.1788	    -25.7810	     -8.3551
      0.0000	      0.0000	      0.0000	      0.0000
      0.0000	      0.0000	      0.0000	      0.0000
      0.0000	      0.0000	      0.0000	      0.0000
     22.2153	      0.0000	     -1.6329	      0.0000
      0.0000	      0.0000	      0.0000	      0.0000
      0.0000	      0.0000	      0.0000	      0.0000
      0.0000	      0.0000	      0.0000	      0.0000
     -0.4144	     -3.4406	     -8.5622	      7.4317
      0.0000	      0.0000	      0.0000	      0.0000
      0.0000	      0.0000	      0.0000	      0.0000
      0.0000	      0.0000	      0.0000	      0.0000
    -12.0689	    -12.0025	    -11.9793	     -6.1018
      0.0000	      0.0000	      0.0000	      0.0000
      0.0000	      0.0000	      0.0000	      0.0000
      0.0000	      0.0000	      0.0000	      0.0000
    -75.3120	    -76.3218	    -77.2656	    -70.0694
      0.0000	      0.0000	      0.0000	      0.0000
      0.0000	      0.0000	      0.0000	      0.0000
      0.0000	      0.0000	      0.0000	      0.0000
     -0.7719	      1.4203	      0.0000	      0.0000
      0.0000	      0.0000	      0.0000	      0.0000
      0.0000	      0.0000	      0.0000	      0.0000
      0.0000	      0.0000	      0.0000	      0.0000
      0.0000	      0.0000	      0.0000	      0.0000
      0.0000	      0.0000	      0.0000	      0.0000
      0.0000	      0.0000	      0.0000	      0.0000
      0.0000	      0.0000	      0.0000	      0.0000
      0.0000	      0.0000	      0.0000	      0.0000
      0.0000	      0.0000	      0.0000	      0.0000
      0.0000	      0.0000	      0.0000	      0.0000
      0.0000	      0.0000	      0.0000	      0.0000
      0.0000	      0.0000	      0.0000	      0.0000
      0.0000	      0.0000	      0.0000	      0.0000
      0.0000	      0.0000	      0.0000	      0.0000
      0.0000	      0.0000	      0.0000	      0.0000
      4.4456	      0.0000	      0.0000	      0.0000
      0.0000	      0.0000	      0.0000	      0.0000
      0.0000	      0.0000	      0.0000	      0.0000
      0.0000	      0.0000	      0.0000	      0.0000
     -0.3555	      0.0000	      0.0000	      0.0000
      0.0000	      0.0000	      0.0000	      0.0000
      0.0000	      0.0000	      0.0000	      0.0000
      0.0000	      0.0000	      0.0000	      0.0000
      0.0000	      0.0000	      0.0000	      0.0000
      0.0000	      0.0000	      0.0000	      0.0000
      0.0000	      0.0000	      0.0000	      0.0000
      0.0000	      0.0000	      0.0000	      0.0000
     -1.0151	      0.0000	      0.0000	      0.0000
      0.0000	      0.0000	      0.0000	      0.0000
      0.0000	      0.0000	      0.0000	      0.0000
      0.0000	      0.0000	      0.0000	      0.0000
      3.0606	      0.0000	      0.0000	      0.0000
      0.0000	      0.0000	      0.0000	      0.0000
      0.0000	      0.0000	      0.0000	      0.0000
      0.0000	      0.0000	      0.0000	      0.0000
      0.0000	      0.0000	      0.0000	      0.0000
      0.0000	      0.0000	      0.0000	      0.0000
      0.0000	      0.0000	      0.0000	      0.0000
      0.0000	      0.0000	      0.0000	      0.0000
     -2.9807	     -1.3658	      4.3754	      0.0000
      0.0000	      0.0000	      0.0000	      0.0000
      0.0000	      0.0000	      0.0000	      0.0000
      0.0000	      0.0000	      0.0000	      0.0000
      0.0000	      0.0000	      0.0000	      0.0000
      0.0000	      0.0000	      0.0000	      0.0000
      0.0000	      0.0000	      0.0000	      0.0000
      0.0000	      0.0000	      0.0000	      0.0000
      0.0000	      0.0000	      0.0000	      0.0000
      0.0000	      0.0000	      0.0000	      0.0000
      0.0000	      0.0000	      0.0000	      0.0000
      0.0000	      0.0000	      0.0000	      0.0000
     -2.1056	     -3.1895	     -9.2374	     -7.3733
      0.0000	      0.0000	      0.0000	      0.0000
      0.0000	      0.0000	      0.0000	      0.0000
      0.0000	      0.0000	      0.0000	      0.0000
    -36.5429	    -36.9425	    -38.4563	    -42.4457
      0.0000	      0.0000	      0.0000	      0.0000
      0.0000	      0.0000	      0.0000	      0.0000
      0.0000	      0.0000	      0.0000	      0.0000
     -0.1676	      5.8928	    -10.4647	      0.0000
      0.0000	      0.0000	      0.0000	      0.0000
     -0.8071	      0.0000	      0.0000	      0.0000
      0.0000	      0.0000	      0.0000	      0.0000
     14.8902	      0.0000	      0.0000	      0.0000
      0.0000	      0.0000	      0.0000	      0.0000
      0.0000	      0.0000	      0.0000	      0.0000
      0.0000	      0.0000	      0.0000	      0.0000
     -6.7472	     12.3808	     -7.9823	     -3.6716
      0.0000	      0.0000	      0.0000	      0.0000
      0.0000	      0.0000	      0.0000	      0.0000
      0.0000	      0.0000	      0.0000	      0.0000
     -0.1410	     19.8703	      0.0000	      0.0000
      0.0000	      0.0000	      0.0000	      0.0000
      0.0000	      0.0000	      0.0000	      0.0000
      0.0000	      0.0000	      0.0000	      0.0000
      6.6793	      0.0000	      0.0000	      0.0000
      0.0000	      0.0000	      0.0000	      0.0000
      0.0000	      0.0000	      0.0000	      0.0000
      0.0000	      0.0000	      0.0000	      0.0000
     -1.0934	     18.2917	      0.0000	     -0.5515
      0.0000	      0.0000	      0.0000	      0.0000
      0.0000	      0.0000	      0.0000	      0.0000
      0.0000	      0.0000	      0.0000	      0.0000
     -1.0829	     14.6532	     -1.5036	     -1.8734
      0.0000	      0.0000	      0.0000	      0.0000
      0.0000	      0.0000	      0.0000	      0.0000
      0.0000	      0.0000	      0.0000	      0.0000
     -0.2264	     -1.9527	     -0.8394	     -2.1069
      0.0000	      0.0000	      0.0000	      0.0000
      0.0000	      0.0000	      0.0000	      0.0000
      0.0000	      0.0000	      0.0000	      0.0000
     12.5594	      0.0000	      0.0000	      0.0000
      0.0000	      0.0000	      0.0000	      0.0000
      0.0000	      0.0000	      0.0000	      0.0000
      0.0000	      0.0000	      0.0000	      0.0000
     -0.1322	     -1.2470	     13.7426	      0.0000
      0.0000	      0.0000	      0.0000	      0.0000
      0.0000	      0.0000	      0.0000	      0.0000
      0.0000	      0.0000	      0.0000	      0.0000
     -1.8600	     -1.0684	     -1.3900	     -1.5332
      0.0000	      0.0000	      0.0000	      0.0000
      0.0000	      0.0000	      0.0000	      0.0000
      0.0000	      0.0000	      0.0000	      0.0000
      0.0000	      0.0000	      0.0000	      0.0000
      0.0000	      0.0000	      0.0000	      0.0000
      0.0000	      0.0000	      0.0000	      0.0000
      0.0000	      0.0000	      0.0000	      0.0000
      1.4475	     -3.2450	     11.3976	      0.0000
      0.0000	      0.0000	      0.0000	      0.0000
      0.0000	      0.0000	      0.0000	      0.0000
      0.0000	      0.0000	      0.0000	      0.0000
     -3.8777	     -4.6606	     -0.1217	     -3.2496
      0.0000	      0.0000	      0.0000	      0.0000
      0.0000	      0.0000	      0.0000	      0.0000
      0.0000	      0.0000	      0.0000	      0.0000
    -26.6475	     -5.0533	    -29.0305	    -28.8488
      0.0000	      0.0000	      0.0000	      0.0000
      0.0000	      0.0000	      0.0000	      0.0000
      0.0000	      0.0000	      0.0000	      0.0000
     -0.7287	     21.0017	     -7.4518	      0.0000
      0.0000	      0.0000	      0.0000	      0.0000
      1.2757	      0.0000	      0.0000	      0.0000
      0.0000	      0.0000	      0.0000	      0.0000
     -4.2565	     35.6397	     -7.7247	      2.5661
      0.0000	      0.0000	      0.0000	      0.0000
      0.0000	      0.0000	      0.0000	      0.0000
      0.0000	      0.0000	      0.0000	      0.0000
     -3.5605	     -5.3110	    -10.2377	     -5.8908
      0.0000	      0.0000	      0.0000	      0.0000
      0.0000	      0.0000	      0.0000	      0.0000
      0.0000	      0.0000	      0.0000	      0.0000
     -0.1492	     15.1746	     -6.2816	     -1.7305
      0.0000	      0.0000	      0.0000	      0.0000
      0.0000	      0.0000	      0.0000	      0.0000
      0.0000	      0.0000	      0.0000	      0.0000
      7.8269	      4.9398	      0.0000	      0.0000
      0.0000	      0.0000	      0.0000	      0.0000
      0.0000	      0.0000	      0.0000	      0.0000
      0.0000	      0.0000	      0.0000	      0.0000
     -0.2292	     11.3115	     -2.7228	      0.0000
      0.0000	      0.0000	      0.0000	      0.0000
      0.0000	      0.0000	      0.0000	      0.0000
      0.0000	      0.0000	      0.0000	      0.0000
     -1.7453	      4.2510	     -3.7771	     -1.9834
      0.0000	      0.0000	      0.0000	      0.0000
      0.0000	      0.0000	      0.0000	      0.0000
      0.0000	      0.0000	      0.0000	      0.0000
     -3.9619	     -3.7124	    -11.3397	     -1.9714
      0.0000	      0.0000	      0.0000	      0.0000
      0.0000	      0.0000	      0.0000	      0.0000
      0.0000	      0.0000	      0.0000	      0.0000
     11.8183	      0.0000	      3.2010	      0.0000
      0.0000	      0.0000	      0.0000	      0.0000
      0.0000	      0.0000	      0.0000	      0.0000
      0.0000	      0.0000	      0.0000	      0.0000
     -0.2457	     -0.4052	     -3.6188	      3.1776
      0.0000	      0.0000	      0.0000	      0.0000
      0.0000	      0.0000	      0.0000	      0.0000
      0.0000	      0.0000	      0.0000	      0.0000
     -4.3763	     -4.5535	     -4.0147	     -3.7586
      0.0000	      0.0000	      0.0000	      0.0000
      0.0000	      0.0000	      0.0000	      0.0000
      0.0000	      0.0000	      0.0000	      0.0000
      0.0000	      5.5196	      0.0000	      0.0000
      0.0000	      0.0000	      0.0000	      0.0000
      0.0000	      0.0000	      0.0000	      0.0000
      0.0000	      0.0000	      0.0000	      0.0000
      2.8137	      0.0000	     -0.3468	      0.0000
      0.0000	      0.0000	      0.0000	      0.0000
      0.0000	      0.0000	      0.0000	      0.0000
      0.0000	      0.0000	      0.0000	      0.0000
     -7.1171	     -7.4332	    -10.7907	     -4.4022
      0.0000	      0.0000	      0.0000	      0.0000
      0.0000	      0.0000	      0.0000	      0.0000
      0.0000	      0.0000	      0.0000	      0.0000
    -33.9634	    -16.5979	    -39.5142	    -33.6637
      0.0000	      0.0000	      0.0000	      0.0000
      0.0000	      0.0000	      0.0000	      0.0000
      0.0000	      0.0000	      0.0000	      0.0000
      0.0000	     10.8318	      0.0000	      0.0000
      0.0000	      0.0000	      0.0000	      0.0000
      0.0000	      0.0000	      0.0000	      0.0000
      0.0000	      0.0000	      0.0000	      0.0000
     22.3448	      0.0000	      9.3397	      0.0000
      0.0000	      0.0000	      0.0000	      0.0000
      0.0000	      0.0000	      0.0000	      0.0000
      0.0000	      0.0000	      0.0000	      0.0000
     -2.2638	      0.5061	     -5.3948	    -13.1470
      0.0000	      0.0000	      0.0000	      0.0000
      0.0000	      0.0000	      0.0000	      0.0000
      0.0000	      0.0000	      0.0000	      0.0000
      1.6270	      0.1949	     24.3496	      1.2957
      0.0000	      0.0000	      0.0000	      0.0000
      0.0000	      0.0000	      0.0000	      0.0000
      0.0000	      0.0000	      0.0000	      0.0000
     32.3207	      0.0000	      0.0000	     -2.5042
      0.0000	      0.0000	      0.0000	      0.0000
      0.0000	      0.0000	      0.0000	      0.0000
      0.0000	      0.0000	      0.0000	      0.0000
     -1.4081	     -2.2259	      1.9362	     -5.0360
      0.0000	      0.0000	      0.0000	      0.0000
      0.0000	      0.0000	      0.0000	      0.0000
      0.0000	      0.0000	      0.0000	      0.0000
     -3.3166	      6.1242	     -0.7920	      2.4337
      0.0000	      0.0000	      0.0000	      0.0000
      0.0000	      0.0000	      0.0000	      0.0000
      0.0000	      0.0000	      0.0000	      0.0000
     -3.5396	     -0.5170	     -5.9974	      6.2662
      0.0000	      0.0000	      0.0000	      0.0000
      0.0000	      0.0000	      0.0000	      0.0000
      0.0000	      0.0000	      0.0000	      0.0000
      0.0000	      0.0000	     22.0709	      0.0000
      0.0000	      0.0000	      0.0000	      0.0000
      0.0000	      0.0000	      0.0000	      0.0000
      0.0000	      0.0000	      0.0000	      0.0000
      3.6869	     -0.9455	     -0.7491	     18.4245
      0.0000	      0.0000	      0.0000	      0.0000
      0.0000	      0.0000	      0.0000	      0.0000
      0.0000	      0.0000	      0.0000	      0.0000
     -8.7039	    -11.2884	     -5.0470	    -13.8748
      0.0000	      0.0000	      0.0000	      0.0000
      0.0000	      0.0000	      0.0000	      0.0000
      0.0000	      0.0000	      0.0000	      0.0000
     27.3861	      0.1531	     -1.6418	      8.2775
      0.0000	      0.0000	      0.0000	      0.0000
      0.0000	      0.0000	      0.0000	      0.0000
      0.0000	      0.0000	      0.0000	      0.0000
     -1.9437	     -3.5592	    -10.8201	      6.9996
      0.0000	      0.0000	      0.0000	      0.0000
      0.0000	      0.0000	      0.0000	      0.0000
      0.0000	      0.0000	      0.0000	      0.0000
    -49.2542	    -43.4684	    -46.4635	    -48.9665
      0.0000	      0.0000	      0.0000	      0.0000
      0.0000	      0.0000	      0.0000	      0.0000
      0.0000	      0.0000	      0.0000	      0.0000
     -9.3969	    -10.9353	     -5.6115	     -9.0453
      0.0000	      0.0000	      0.0000	      0.0000
      0.0000	      0.0000	      0.0000	      0.0000
      0.0000	      0.0000	      0.0000	      0.0000
     -1.2505	     -2.7086	     23.3048	     -0.1328
      0.0000	      0.0000	      0.0000	      0.0000
      0.0000	      0.0000	      0.0000	      0.0000
      0.0000	      0.0000	      0.0000	      0.0000
      5.4110	      0.0000	     11.1573	      0.0000
      0.0000	      0.0000	      0.0000	      0.0000
      0.0000	      0.0000	      0.0000	      0.0000
      0.0000	      0.0000	      0.0000	      0.0000
    -16.6799	    -20.9834	    -17.3804	    -20.9693
      0.0000	      0.0000	      0.0000	      0.0000
      0.0000	      0.0000	      0.0000	      0.0000
      0.0000	      0.0000	      0.0000	      0.0000
     -4.6669	      9.2468	     -5.3114	     -6.7449
      0.0000	      0.0000	      0.0000	      0.0000
      0.0000	      0.0000	      0.0000	      0.0000
      0.0000	      0.0000	      0.0000	      0.0000
      4.0504	      3.8015	     23.8500	      1.6767
      0.0000	      0.0000	      0.0000	      0.0000
      0.0000	      0.0000	      0.0000	      0.0000
      0.0000	      0.0000	      0.0000	      0.0000
    -14.6147	     -8.8694	    -14.1345	    -14.1901
      0.0000	      0.0000	      0.0000	      0.0000
      0.0000	      0.0000	      0.0000	      0.0000
      0.0000	      0.0000	      0.0000	      0.0000
    -13.0240	    -12.0202	    -11.8639	      7.1576
      0.0000	      0.0000	      0.0000	      0.0000
      0.0000	      0.0000	      0.0000	      0.0000
      0.0000	      0.0000	      0.0000	      0.0000
    -15.0637	    -12.5021	    -11.6666	     18.6658
      0.0000	      0.0000	      0.0000	      0.0000
      0.0000	      0.0000	      0.0000	      0.0000
      0.0000	      0.0000	      0.0000	      0.0000
      1.7820	      0.0000	     -1.7152	     11.9028
      0.0000	      0.0000	      0.0000	      0.0000
      0.0000	      0.0000	      0.0000	      0.0000
      0.0000	      0.0000	      0.0000	      0.0000
     -2.2984	     -6.8822	     -6.9105	     10.2601
      0.0000	      0.0000	      0.0000	      0.0000
      0.0000	      0.0000	      0.0000	      0.0000
      0.0000	      0.0000	      0.0000	      0.0000
    -19.5597	    -20.9340	    -27.3754	     -2.7164
      0.0000	      0.0000	      0.0000	      0.0000
      0.0000	      0.0000	      0.0000	      0.0000
      0.0000	      0.0000	      0.0000	      0.0000
      0.0000	      2.8887	      0.0000	      2.4888
      0.0000	      0.0000	      0.0000	      0.0000
      0.0000	      0.0000	      0.0000	      0.0000
      0.0000	      0.0000	      0.0000	      0.0000
      0.2653	    -12.9294	     -7.8204	     11.0882
      0.0000	      0.0000	      0.0000	      0.0000
      0.0000	      0.0000	      0.0000	      0.0000
      0.0000	      0.0000	      0.0000	      0.0000
    -48.0087	    -46.6102	    -58.0298	    -35.4357
      0.0000	      0.0000	      0.0000	      0.0000
      0.0000	      0.0000	      0.0000	      0.0000
      0.0000	      0.0000	      0.0000	      0.0000
    -19.4831	    -23.5452	    -33.6535	    -20.1067
      0.0000	      0.0000	      0.0000	      0.0000
      0.0000	      0.0000	      0.0000	      0.0000
      0.0000	      0.0000	      0.0000	      0.0000
     -9.4186	     -8.6144	     -4.5243	     -0.0287
      0.0000	      0.0000	      0.0000	      0.0000
      0.0000	      0.0000	      0.0000	      0.0000
      0.0000	      0.0000	      0.0000	      0.0000
      0.2142	     -5.0355	     -8.2354	     -6.3706
      0.0000	      0.0000	      0.0000	      0.0000
      0.0000	      0.0000	      0.0000	      0.0000
      0.0000	      0.0000	      0.0000	      0.0000
    -35.6851	    -34.1800	    -33.8767	    -29.2765
      0.0000	      0.0000	      0.0000	      0.0000
      0.0000	      0.0000	      0.0000	      0.0000
      0.0000	      0.0000	      0.0000	      0.0000
     -6.6186	    -14.6437	    -23.5205	    -15.6767
      0.0000	      0.0000	      0.0000	      0.0000
      0.0000	      0.0000	      0.0000	      0.0000
      0.0000	      0.0000	      0.0000	      0.0000
     -6.3258	     -7.8011	     -6.7921	     -1.2575
      0.0000	      0.0000	      0.0000	      0.0000
      0.0000	      0.0000	      0.0000	      0.0000
      0.0000	      0.0000	      0.0000	      0.0000
    -13.9003	    -19.2173	    -14.3510	    -19.1212
      0.0000	      0.0000	      0.0000	      0.0000
      0.0000	      0.0000	      0.0000	      0.0000
      0.0000	      0.0000	      0.0000	      0.0000
    -23.5110	    -16.1907	    -19.9377	     -6.7977
      0.0000	      0.0000	      0.0000	      0.0000
      0.0000	      0.0000	      0.0000	      0.0000
      0.0000	      0.0000	      0.0000	      0.0000
    -22.6265	    -12.1815	    -21.4862	     -6.7596
      0.0000	      0.0000	      0.0000	      0.0000
      0.0000	      0.0000	      0.0000	      0.0000
      0.0000	      0.0000	      0.0000	      0.0000
      5.1525	     -0.7754	      0.0000	      3.6106
      0.0000	      0.0000	      0.0000	      0.0000
      0.0000	      0.0000	      0.0000	      0.0000
      0.0000	      0.0000	      0.0000	      0.0000
    -13.5448	    -17.0305	    -14.0438	    -17.9130
      0.0000	      0.0000	      0.0000	      0.0000
      0.0000	      0.0000	      0.0000	      0.0000
      0.0000	      0.0000	      0.0000	      0.0000
    -50.1426	    -33.4016	    -29.7097	    -20.8383
      0.0000	      0.0000	      0.0000	      0.0000
      0.0000	      0.0000	      0.0000	      0.0000
      0.0000	      0.0000	      0.0000	      0.0000
     36.9203	      1.1990	     -1.1922	      6.2835
      0.0000	      0.0000	      0.0000	      0.0000
      0.0000	      0.0000	      0.0000	      0.0000
      0.0000	      0.0000	      0.0000	      0.0000
     -1.9311	     -4.3734	    -10.6324	      8.4849
      0.0000	      0.0000	      0.0000	      0.0000
      0.0000	      0.0000	      0.0000	      0.0000
      0.0000	      0.0000	      0.0000	      0.0000
    -74.8074	    -79.8706	    -79.5919	    -81.3707
      0.0000	      0.0000	      0.0000	      0.0000
      0.0000	      0.0000	      0.0000	      0.0000
      0.0000	      0.0000	      0.0000	      0.0000
    -66.7425	    -66.1273	    -62.6612	    -68.5463
      0.0000	      0.0000	      0.0000	      0.0000
      0.0000	      0.0000	      0.0000	      0.0000
      0.0000	      0.0000	      0.0000	      0.0000
      0.0000	      0.0000	      3.1337	      0.0000
      0.0000	      0.0000	      0.0000	      0.0000
      0.0000	      0.0000	      0.0000	      0.0000
      0.0000	      0.0000	      0.0000	      0.0000
      4.2514	      0.0000	     -2.5921	      0.0000
      0.0000	      0.0000	      0.0000	      0.0000
      0.0000	      0.0000	      0.0000	      0.0000
      0.0000	      0.0000	      0.0000	      0.0000
     -6.2167	     -8.4940	    -10.3092	    -19.8950
      0.0000	      0.0000	      0.0000	      0.0000
      0.0000	      0.0000	      0.0000	      0.0000
      0.0000	      0.0000	      0.0000	      0.0000
      6.1502	     26.2442	     13.2217	      0.0000
      0.0000	      0.0000	      0.0000	      0.0000
      0.0000	      0.0000	      0.0000	      0.0000
      0.0000	      0.0000	      0.0000	      0.0000
     37.5750	      5.5539	      7.0817	      0.0000
      0.0000	      0.0000	      0.0000	      0.0000
      0.0000	      0.0000	      0.0000	      0.0000
      0.0000	      0.0000	      0.0000	      0.0000
      5.8998	      3.6370	     45.6717	      0.0000
      0.0000	      0.0000	      0.0000	      0.0000
      0.0000	      0.0000	      0.0000	      0.0000
      0.0000	      0.0000	      0.0000	      0.0000
      8.6045	      7.5176	     29.7153	      4.4836
      0.0000	      0.0000	      0.0000	      0.0000
      0.0000	      0.0000	      0.0000	      0.0000
      0.0000	      0.0000	      0.0000	      0.0000
      8.4218	     -1.1666	     40.1645	      0.0000
      0.0000	      0.0000	      0.0000	      0.0000
      0.0000	      0.0000	      0.0000	      0.0000
      0.0000	      0.0000	      0.0000	      0.0000
     42.1646	      0.0000	      6.3648	      6.1449
      0.0000	      0.0000	      0.0000	      0.0000
      0.0000	      0.0000	      0.0000	      0.0000
      0.0000	      0.0000	      0.0000	      0.0000
     16.1034	      5.0530	     13.5627	     40.8562
      0.0000	      0.0000	      0.0000	      0.0000
      0.0000	      0.0000	      0.0000	      0.0000
      0.0000	      0.0000	      0.0000	      0.0000
     -1.5610	     -2.5521	     -0.0917	     13.1986
      0.0000	      0.0000	      0.0000	      0.0000
      0.0000	      0.0000	      0.0000	      0.0000
      0.0000	      0.0000	      0.0000	      0.0000
      7.2632	      0.0000	      0.0000	      0.0000
      0.0000	      0.0000	      0.0000	      0.0000
      0.0000	      0.0000	      0.0000	      0.0000
      0.0000	      0.0000	      0.0000	      0.0000
     -0.6967	     -1.3783	     -3.3560	      0.0000
      0.0000	      0.0000	      0.0000	      0.0000
      0.0000	      0.0000	      0.0000	      0.0000
      0.0000	      0.0000	      0.0000	      0.0000
    -35.6286	    -37.7556	    -36.9693	    -37.4599
      0.0000	      0.0000	      0.0000	      0.0000
      0.0000	      0.0000	      0.0000	      0.0000
      0.0000	      0.0000	      0.0000	      0.0000
    -44.4546	    -17.5797	    -37.3648	    -43.5598
      0.0000	      0.0000	      0.0000	      0.0000
      0.0000	      0.0000	      0.0000	      0.0000
      0.0000	      0.0000	      0.0000	      0.0000
     -1.7340	     25.8568	     -9.5303	     -6.4372
      0.0000	      0.0000	      0.0000	      0.0000
      0.0000	      0.0000	      0.0000	      0.0000
      0.0000	      0.0000	      0.0000	      0.0000
     32.8303	      3.2426	      0.6661	      0.0000
      0.0000	      0.0000	      0.0000	      0.0000
      0.0000	      0.0000	      0.0000	      0.0000
      0.0000	      0.0000	      0.0000	      0.0000
    -17.9041	      8.1687	    -19.8357	    -17.3997
      0.0000	      0.0000	      0.0000	      0.0000
      0.0000	      0.0000	      0.0000	      0.0000
      0.0000	      0.0000	      0.0000	      0.0000
     -4.9859	     20.6920	     -2.5621	      2.8474
      0.0000	      0.0000	      0.0000	      0.0000
      0.0000	      0.0000	      0.0000	      0.0000
      0.0000	      0.0000	      0.0000	      0.0000
     35.8115	     13.0273	      5.1968	     10.8577
      0.0000	      0.0000	      0.0000	      0.0000
      0.0000	      0.0000	      0.0000	      0.0000
      0.0000	      0.0000	      0.0000	      0.0000
     -6.8511	     11.3520	     -8.2605	    -10.6984
      0.0000	      0.0000	      0.0000	      0.0000
      0.0000	      0.0000	      0.0000	      0.0000
      0.0000	      0.0000	      0.0000	      0.0000
     17.7900	     10.9808	     10.5910	     15.6822
      0.0000	      0.0000	      0.0000	      0.0000
      0.0000	      0.0000	      0.0000	      0.0000
      0.0000	      0.0000	      0.0000	      0.0000
      1.7636	     -7.2765	      0.3973	     24.9708
      0.0000	      0.0000	      0.0000	      0.0000
      0.0000	      0.0000	      0.0000	      0.0000
      0.0000	      0.0000	      0.0000	      0.0000
     19.8411	      2.4956	      0.9236	      3.9536
      0.0000	      0.0000	      0.0000	      0.0000
      0.0000	      0.0000	      0.0000	      0.0000
      0.0000	      0.0000	      0.0000	      0.0000
      1.1151	     -0.4874	      1.5652	     24.0057
      0.0000	      0.0000	      0.0000	      0.0000
      0.0000	      0.0000	      0.0000	      0.0000
      0.0000	      0.0000	      0.0000	      0.0000
     -9.7424	    -10.7194	    -16.0024	      7.0543
      0.0000	      0.0000	      0.0000	      0.0000
      0.0000	      0.0000	      0.0000	      0.0000
      0.0000	      0.0000	      0.0000	      0.0000
     15.2031	      0.0000	      0.0000	      0.0000
      0.0000	      0.0000	      0.0000	      0.0000
      0.0000	      0.0000	      0.0000	      0.0000
      0.0000	      0.0000	      0.0000	      0.0000
      0.0000	      0.0000	      0.0000	      8.3938
      0.0000	      0.0000	      0.0000	      0.0000
      0.0000	      0.0000	      0.0000	      0.0000
      0.0000	      0.0000	      0.0000	      0.0000
    -18.1528	    -21.2969	    -35.7650	    -21.0401
      0.0000	      0.0000	      0.0000	      0.0000
      0.0000	      0.0000	      0.0000	      0.0000
      0.0000	      0.0000	      0.0000	      0.0000
    -34.4616	    -32.2716	    -43.0156	    -50.0553
      0.0000	      0.0000	      0.0000	      0.0000
      0.0000	      0.0000	      0.0000	      0.0000
      0.0000	      0.0000	      0.0000	      0.0000
      8.9965	     -1.9112	    -11.2430	     -5.1599
      0.0000	      0.0000	      0.0000	      0.0000
      0.0000	      0.0000	      0.0000	      0.0000
      0.0000	      0.0000	      0.0000	      0.0000
     24.2973	      8.5100	      0.0000	      4.7546
      0.0000	      0.0000	      0.0000	      0.0000
      0.0000	      0.0000	      0.0000	      0.0000
      0.0000	      0.0000	      0.0000	      0.0000
    -31.5297	     -3.5452	    -27.9728	    -27.9308
      0.0000	      0.0000	      0.0000	      0.0000
      0.0000	      0.0000	      0.0000	      0.0000
      0.0000	      0.0000	      0.0000	      0.0000
      2.9348	     -2.3801	    -19.2650	    -12.1491
      0.0000	      0.0000	      0.0000	      0.0000
      0.0000	      0.0000	      0.0000	      0.0000
      0.0000	      0.0000	      0.0000	      0.0000
     -3.5429	     -1.3177	     -3.1510	      8.2927
      0.0000	      0.0000	      0.0000	      0.0000
      0.0000	      0.0000	      0.0000	      0.0000
      0.0000	      0.0000	      0.0000	      0.0000
    -14.0651	     -1.2496	    -14.7782	    -14.0348
      0.0000	      0.0000	      0.0000	      0.0000
      0.0000	      0.0000	      0.0000	      0.0000
      0.0000	      0.0000	      0.0000	      0.0000
    -15.8379	    -19.9343	    -26.3326	      5.4736
      0.0000	      0.0000	      0.0000	      0.0000
      0.0000	      0.0000	      0.0000	      0.0000
      0.0000	      0.0000	      0.0000	      0.0000
    -13.0733	    -13.5265	    -29.4217	      2.6906
      0.0000	      0.0000	      0.0000	      0.0000
      0.0000	      0.0000	      0.0000	      0.0000
      0.0000	      0.0000	      0.0000	      0.0000
     14.5810	     -2.9301	    -16.3613	     -6.9671
      0.0000	      0.0000	      0.0000	      0.0000
      0.0000	      0.0000	      0.0000	      0.0000
      0.0000	      0.0000	      0.0000	      0.0000
     -7.4153	     -7.3602	    -21.9489	     -1.5505
      0.0000	      0.0000	      0.0000	      0.0000
      0.0000	      0.0000	      0.0000	      0.0000
      0.0000	      0.0000	      0.0000	      0.0000
    -16.8032	    -20.0423	    -28.7725	    -12.6489
      0.0000	      0.0000	      0.0000	      0.0000
      0.0000	      0.0000	      0.0000	      0.0000
      0.0000	      0.0000	      0.0000	      0.0000
     20.5033	      0.0000	      1.7440	      0.0000
      0.0000	      0.0000	      0.0000	      0.0000
      0.0000	      0.0000	      0.0000	      0.0000
      0.0000	      0.0000	      0.0000	      0.0000
     -4.0490	     -9.4457	     -6.6996	      2.8649
      0.0000	      0.0000	      0.0000	      0.0000
      0.0000	      0.0000	      0.0000	      0.0000
      0.0000	      0.0000	      0.0000	      0.0000
    -47.9101	    -24.4311	    -27.9374	    -19.4887
      0.0000	      0.0000	      0.0000	      0.0000
      0.0000	      0.0000	      0.0000	      0.0000
      0.0000	      0.0000	      0.0000	      0.0000
    -91.0343	    -86.9634	    -95.4233	    -91.4545
      0.0000	      0.0000	      0.0000	      0.0000
      0.0000	      0.0000	      0.0000	      0.0000
      0.0000	      0.0000	      0.0000	      0.0000
      0.0000	      2.2453	     -2.6685	      0.0000
      0.0000	      0.0000	      0.0000	      0.0000
      0.0000	      0.0000	      0.0000	      0.0000
      0.0000	      0.0000	      0.0000	      0.0000
      0.0000	      0.0000	      0.0000	      0.0000
      0.0000	      0.0000	      0.0000	      0.0000
      0.0000	      0.0000	      0.0000	      0.0000
      0.0000	      0.0000	      0.0000	      0.0000
      0.0000	      0.0000	      0.0000	      0.0000
      0.0000	      0.0000	      0.0000	      0.0000
      0.0000	      0.0000	      0.0000	      0.0000
      0.0000	      0.0000	      0.0000	      0.0000
      0.0000	      0.5816	      0.0000	      0.0000
      0.0000	      0.0000	      0.0000	      0.0000
      0.0000	      0.0000	      0.0000	      0.0000
      0.0000	      0.0000	      0.0000	      0.0000
      0.0000	      0.0000	      0.0000	      0.0000
      0.0000	      0.0000	      0.0000	      0.0000
      0.0000	      0.0000	      0.0000	      0.0000
      0.0000	      0.0000	      0.0000	      0.0000
      0.0000	      0.0000	     16.2117	      0.0000
      0.0000	      0.0000	      0.0000	      0.0000
      0.0000	      0.0000	      0.0000	      0.0000
      0.0000	      0.0000	      0.0000	      0.0000
     -0.5174	      1.8645	     20.1089	      0.0000
      0.0000	      0.0000	      0.0000	      0.0000
      0.0000	      0.0000	      0.0000	      0.0000
      0.0000	      0.0000	      0.0000	      0.0000
     -1.0108	      7.0608	      0.0000	      0.0000
      0.0000	      0.0000	      0.0000	      0.0000
      0.0000	      0.0000	      0.0000	      0.0000
      0.0000	      0.0000	      0.0000	      0.0000
      6.6742	      0.0000	      0.0000	      0.0000
      0.0000	      0.0000	      0.0000	      0.0000
      0.0000	      0.0000	      0.0000	      0.0000
      0.0000	      0.0000	      0.0000	      0.0000
     -0.6199	     -6.6875	     27.6448	      0.0000
      0.0000	      0.0000	      0.0000	      0.0000
      0.0000	      0.0000	      0.0000	      0.0000
      0.0000	      0.0000	      0.0000	      0.0000
     -0.8963	     -0.6617	     -3.8642	      4.5445
      0.0000	      0.0000	      0.0000	      0.0000
      0.0000	      0.0000	      0.0000	      0.0000
      0.0000	      0.0000	      0.0000	      0.0000
      0.0000	      0.0000	      0.0000	      0.0000
      0.0000	      0.0000	      0.0000	      0.0000
      0.0000	      0.0000	      0.0000	      0.0000
      0.0000	      0.0000	      0.0000	      0.0000
      0.0000	      0.0000	      0.0000	      0.0000
      0.0000	      0.0000	      0.0000	      0.0000
      0.0000	      0.0000	      0.0000	      0.0000
      0.0000	      0.0000	      0.0000	      0.0000
     -1.7937	     -1.9186	      0.1533	      0.0000
      0.0000	      0.0000	      0.0000	      0.0000
      0.0000	      0.0000	      0.0000	      0.0000
      0.0000	      0.0000	      0.0000	      0.0000
    -38.4045	    -35.6187	    -42.3412	    -41.8709
      0.0000	      0.0000	      0.0000	      0.0000
      0.0000	      0.0000	      0.0000	      0.0000
      0.0000	      0.0000	      0.0000	      0.0000
      0.6852	     15.1502	     -7.2708	      0.0000
      0.0000	      0.0000	      0.0000	      0.0000
      0.0000	      0.0000	      0.0000	      0.0000
      0.0000	      0.0000	      0.0000	      0.0000
      6.9482	     48.5177	     -3.8714	      1.3733
      0.0000	      0.0000	      0.0000	      0.0000
      0.0000	      0.0000	      0.0000	      0.0000
      0.0000	      0.0000	      0.0000	      0.0000
     -2.0524	      0.0759	     -3.4226	     -3.1138
      0.0000	      0.0000	      0.0000	      0.0000
      0.0000	      0.0000	      0.0000	      0.0000
      0.0000	      0.0000	      0.0000	      0.0000
     -1.3290	      5.8273	      0.0000	      0.0000
      0.0000	      0.0000	      0.0000	      0.0000
      0.0000	      0.0000	      0.0000	      0.0000
      0.0000	      0.0000	      0.0000	      0.0000
     14.8755	      0.0000	      0.0000	      0.0000
      0.0000	      0.0000	      0.0000	      0.0000
      0.0000	      0.0000	      0.0000	      0.0000
      0.0000	      0.0000	      0.0000	      0.0000
     -1.1901	     13.8431	     -1.7692	     -1.3460
      0.0000	      0.0000	      0.0000	      0.0000
      0.0000	      0.0000	      0.0000	      0.0000
      0.0000	      0.0000	      0.0000	      0.0000
     -1.1677	     14.2362	     -2.2986	     -3.3090
      0.0000	      0.0000	      0.0000	      0.0000
      0.0000	      0.0000	      0.0000	      0.0000
      0.0000	      0.0000	      0.0000	      0.0000
     -0.9586	     -2.7944	     -2.7150	      3.6229
      0.0000	      0.0000	      0.0000	      0.0000
      0.0000	      0.0000	      0.0000	      0.0000
      0.0000	      0.0000	      0.0000	      0.0000
     14.0720	      0.0000	      0.0000	      0.0000
      0.0000	      0.0000	      0.0000	      0.0000
      0.0000	      0.0000	      0.0000	      0.0000
      0.0000	      0.0000	      0.0000	      0.0000
      0.3951	     -1.0826	     12.6440	      0.0000
      0.0000	      0.0000	      0.0000	      0.0000
      0.0000	      0.0000	      0.0000	      0.0000
      0.0000	      0.0000	      0.0000	      0.0000
     -7.0645	     -9.9894	     -7.1396	     -1.8328
      0.0000	      0.0000	      0.0000	      0.0000
      0.0000	      0.0000	      0.0000	      0.0000
      0.0000	      0.0000	      0.0000	      0.0000
      0.0000	      0.0000	      0.0000	      0.0000
      0.0000	      0.0000	      0.0000	      0.0000
      0.0000	      0.0000	      0.0000	      0.0000
      0.0000	      0.0000	      0.0000	      0.0000
     -0.2624	     -6.2886	      4.5495	      0.0000
      0.0000	      0.0000	      0.0000	      0.0000
      0.0000	      0.0000	      0.0000	      0.0000
      0.0000	      0.0000	      0.0000	      0.0000
     -5.5692	     -4.7201	     -5.1744	     -4.1921
      0.0000	      0.0000	      0.0000	      0.0000
      0.0000	      0.0000	      0.0000	      0.0000
      0.0000	      0.0000	      0.0000	      0.0000
    -43.2737	    -31.3862	    -43.7798	    -44.3472
      0.0000	      0.0000	      0.0000	      0.0000
      0.0000	      0.0000	      0.0000	      0.0000
      0.0000	      0.0000	      0.0000	      0.0000
     -0.9731	     11.6100	      0.0000	      0.0000
      0.0000	      0.0000	      0.0000	      0.0000
      0.0000	      0.0000	      0.0000	      0.0000
      0.0000	      0.0000	      0.0000	      0.0000
     31.6102	      0.0000	     -5.4570	      0.0000
      0.0000	      0.0000	      0.0000	      0.0000
      0.0000	      0.0000	      0.0000	      0.0000
      0.0000	      0.0000	      0.0000	      0.0000
     -5.1585	      0.4273	     -6.1887	    -13.1825
      0.0000	      0.0000	      0.0000	      0.0000
      0.0000	      0.0000	      0.0000	      0.0000
      0.0000	      0.0000	      0.0000	      0.0000
     -1.8436	      5.0215	     -5.1215	    -15.3141
      0.0000	      0.0000	      0.0000	      0.0000
      0.0000	      0.0000	      0.0000	      0.0000
      0.0000	      0.0000	      0.0000	      0.0000
    -10.9833	      4.4159	      0.0000	      0.0000
      0.0000	      0.0000	      0.0000	      0.0000
      0.0000	      0.0000	      0.0000	      0.0000
      0.0000	      0.0000	      0.0000	      0.0000
     -5.4322	     -4.5235	     -8.9346	     -5.7138
      0.0000	      0.0000	      0.0000	      0.0000
      0.0000	      0.0000	      0.0000	      0.0000
      0.0000	      0.0000	      0.0000	      0.0000
     -6.7261	      4.6870	     -6.1877	     -4.5018
      0.0000	      0.0000	      0.0000	      0.0000
      0.0000	      0.0000	      0.0000	      0.0000
      0.0000	      0.0000	      0.0000	      0.0000
     -5.1505	     -4.9313	     -5.3198	     -7.0549
      0.0000	      0.0000	      0.0000	      0.0000
      0.0000	      0.0000	      0.0000	      0.0000
      0.0000	      0.0000	      0.0000	      0.0000
      8.6422	      0.0000	      0.0000	      0.0000
      0.0000	      0.0000	      0.0000	      0.0000
      0.0000	      0.0000	      0.0000	      0.0000
      0.0000	      0.0000	      0.0000	      0.0000
     -3.6291	     -4.0878	     -4.7968	     -4.3903
      0.0000	      0.0000	      0.0000	      0.0000
      0.0000	      0.0000	      0.0000	      0.0000
      0.0000	      0.0000	      0.0000	      0.0000
    -12.2905	    -22.2012	    -17.2723	    -10.6377
      0.0000	      0.0000	      0.0000	      0.0000
      0.0000	      0.0000	      0.0000	      0.0000
      0.0000	      0.0000	      0.0000	      0.0000
      3.7430	      0.0000	      0.0000	      0.0000
      0.0000	      0.0000	      0.0000	      0.0000
      0.0000	      0.0000	      0.0000	      0.0000
      0.0000	      0.0000	      0.0000	      0.0000
     -4.2170	     -2.2426	     -4.2660	     -1.3371
      0.0000	      0.0000	      0.0000	      0.0000
      0.0000	      0.0000	      0.0000	      0.0000
      0.0000	      0.0000	      0.0000	      0.0000
     -7.8505	     -7.6993	    -13.8423	     -7.9528
      0.0000	      0.0000	      0.0000	      0.0000
      0.0000	      0.0000	      0.0000	      0.0000
      0.0000	      0.0000	      0.0000	      0.0000
   -122.2350	   -145.7945	   -140.0401	   -144.7702
      0.0000	      0.0000	      0.0000	      0.0000
      0.0000	      0.0000	      0.0000	      0.0000
      0.0000	      0.0000	      0.0000	      0.0000
      4.2810	     33.8656	     -5.5711	     -9.7719
      0.0000	      0.0000	      0.0000	      0.0000
      0.0000	      0.0000	      0.0000	      0.0000
      0.0000	      0.0000	      0.0000	      0.0000
     54.2064	     54.5242	     14.9544	     10.8755
      0.0000	      0.0000	      0.0000	      0.0000
      0.0000	      0.0000	      0.0000	      0.0000
      0.0000	      0.0000	      0.0000	      0.0000
    -20.4165	    -26.0206	     -1.4117	    -23.1161
      0.0000	      0.0000	      0.0000	      0.0000
      0.0000	      0.0000	      0.0000	      0.0000
      0.0000	      0.0000	      0.0000	      0.0000
      0.0522	      0.4015	      7.9927	     -2.7444
      0.0000	      0.0000	      0.0000	      0.0000
      0.0000	      0.0000	      0.0000	      0.0000
      0.0000	      0.0000	      0.0000	      0.0000
     -9.4810	      1.5780	     12.4061	      3.7969
      0.0000	      0.0000	      0.0000	      0.0000
      0.0000	      0.0000	      0.0000	      0.0000
      0.0000	      0.0000	      0.0000	      0.0000
    -20.9232	    -21.4922	    -11.8668	    -27.7774
      0.0000	      0.0000	      0.0000	      0.0000
      0.0000	      0.0000	      0.0000	      0.0000
      0.0000	      0.0000	      0.0000	      0.0000
     -8.7971	     -8.2766	    -11.6388	      0.9170
      0.0000	      0.0000	      0.0000	      0.0000
      0.0000	      0.0000	      0.0000	      0.0000
      0.0000	      0.0000	      0.0000	      0.0000
    -11.2057	    -13.2267	    -19.7480	     10.6367
      0.0000	      0.0000	      0.0000	      0.0000
      0.0000	      0.0000	      0.0000	      0.0000
      0.0000	      0.0000	      0.0000	      0.0000
      1.4710	     -5.1060	     -1.2333	     -4.5454
      0.0000	      0.0000	      0.0000	      0.0000
      0.0000	      0.0000	      0.0000	      0.0000
      0.0000	      0.0000	      0.0000	      0.0000
     -1.0966	     -3.0509	     -3.2269	     15.1881
      0.0000	      0.0000	      0.0000	      0.0000
      0.0000	      0.0000	      0.0000	      0.0000
      0.0000	      0.0000	      0.0000	      0.0000
    -28.1308	    -35.8271	    -23.8599	      9.8230
      0.0000	      0.0000	      0.0000	      0.0000
      0.0000	      0.0000	      0.0000	      0.0000
      0.0000	      0.0000	      0.0000	      0.0000
     10.3290	      7.8596	      5.3919	     76.0601
      0.0000	      0.0000	      0.0000	      0.0000
      0.0000	      0.0000	      0.0000	      0.0000
      0.0000	      0.0000	      0.0000	      0.0000
     -3.8264	    -29.0702	     -7.4993	     34.6209
      0.0000	      0.0000	      0.0000	      0.0000
      0.0000	      0.0000	      0.0000	      0.0000
      0.0000	      0.0000	      0.0000	      0.0000
   -161.6760	   -164.5383	   -168.7196	    -67.0603
      0.0000	      0.0000	      0.0000	      0.0000
      0.0000	      0.0000	      0.0000	      0.0000
      0.0000	      0.0000	      0.0000	      0.0000
    -98.5888	    -66.3025	    -63.6077	    -89.7527
      0.0000	      0.0000	      0.0000	      0.0000
      0.0000	      0.0000	      0.0000	      0.0000
      0.0000	      0.0000	      0.0000	      0.0000
     19.3729	     -0.2348	     -4.7925	    -10.0566
      0.0000	      0.0000	      0.0000	      0.0000
      0.0000	      0.0000	      0.0000	      0.0000
      0.0000	      0.0000	      0.0000	      0.0000
     -0.2116	     12.3584	      3.5131	      0.8540
      0.0000	      0.0000	      0.0000	      0.0000
      0.0000	      0.0000	      0.0000	      0.0000
      0.0000	      0.0000	      0.0000	      0.0000
    -36.8903	    -23.3625	    -49.5597	    -46.0395
      0.0000	      0.0000	      0.0000	      0.0000
      0.0000	      0.0000	      0.0000	      0.0000
      0.0000	      0.0000	      0.0000	      0.0000
    -16.3828	     -0.9732	    -23.1442	    -21.3970
      0.0000	      0.0000	      0.0000	      0.0000
      0.0000	      0.0000	      0.0000	      0.0000
      0.0000	      0.0000	      0.0000	      0.0000
     -1.7532	     -4.6550	    -14.1404	      2.1576
      0.0000	      0.0000	      0.0000	      0.0000
      0.0000	      0.0000	      0.0000	      0.0000
      0.0000	      0.0000	      0.0000	      0.0000
    -34.0767	    -30.9969	    -44.5961	    -21.6414
      0.0000	      0.0000	      0.0000	      0.0000
      0.0000	      0.0000	      0.0000	      0.0000
      0.0000	      0.0000	      0.0000	      0.0000
    -30.7515	    -17.0356	    -31.9280	    -26.5204
      0.0000	      0.0000	      0.0000	      0.0000
      0.0000	      0.0000	      0.0000	      0.0000
      0.0000	      0.0000	      0.0000	      0.0000
     -5.4358	    -20.8703	    -31.0469	    -19.4630
      0.0000	      0.0000	      0.0000	      0.0000
      0.0000	      0.0000	      0.0000	      0.0000
      0.0000	      0.0000	      0.0000	      0.0000
    -21.0923	    -19.9726	    -19.3327	     -7.3351
      0.0000	      0.0000	      0.0000	      0.0000
      0.0000	      0.0000	      0.0000	      0.0000
      0.0000	      0.0000	      0.0000	      0.0000
    -14.6273	    -19.9502	    -35.4849	     -1.9127
      0.0000	      0.0000	      0.0000	      0.0000
      0.0000	      0.0000	      0.0000	      0.0000
      0.0000	      0.0000	      0.0000	      0.0000
    -21.0166	    -23.9679	    -48.7889	     -6.8678
      0.0000	      0.0000	      0.0000	      0.0000
      0.0000	      0.0000	      0.0000	      0.0000
      0.0000	      0.0000	      0.0000	      0.0000
     19.2023	     25.1817	    -13.5411	     25.0948
      0.0000	      0.0000	      0.0000	      0.0000
      0.0000	      0.0000	      0.0000	      0.0000
      0.0000	      0.0000	      0.0000	      0.0000
      8.6510	    -64.4816	    -10.8966	     13.1404
      0.0000	      0.0000	      0.0000	      0.0000
      0.0000	      0.0000	      0.0000	      0.0000
      0.0000	      0.0000	      0.0000	      0.0000
   -115.9865	   -110.4948	   -129.7009	     -4.3663
      0.0000	      0.0000	      0.0000	      0.0000
      0.0000	      0.0000	      0.0000	      0.0000
      0.0000	      0.0000	      0.0000	      0.0000
   -235.4715	   -233.5630	   -101.6251	   -217.1827
      0.0000	      0.0000	      0.0000	      0.0000
      0.0000	      0.0000	      0.0000	      0.0000
      0.0000	      0.0000	      0.0000	      0.0000
    -43.4037	    -24.5118	    -40.0778	    -63.1695
      0.0000	      0.0000	      0.0000	      0.0000
      0.0000	      0.0000	      0.0000	      0.0000
      0.0000	      0.0000	      0.0000	      0.0000
    -10.1415	    -19.1029	    -23.4746	    -19.6521
      0.0000	      0.0000	      0.0000	      0.0000
      0.0000	      0.0000	      0.0000	      0.0000
      0.0000	      0.0000	      0.0000	      0.0000
   -124.9050	    -50.3153	    -82.6968	   -106.7266
      0.0000	      0.0000	      0.0000	      0.0000
      0.0000	      0.0000	      0.0000	      0.0000
      0.0000	      0.0000	      0.0000	      0.0000
    -45.1584	    -42.5361	    -53.8468	    -60.3231
      0.0000	      0.0000	      0.0000	      0.0000
      0.0000	      0.0000	      0.0000	      0.0000
      0.0000	      0.0000	      0.0000	      0.0000
    -39.5637	    -36.0536	    -41.9220	    -43.6715
      0.0000	      0.0000	      0.0000	      0.0000
      0.0000	      0.0000	      0.0000	      0.0000
      0.0000	      0.0000	      0.0000	      0.0000
    -72.5173	    -43.1894	    -85.1805	    -78.3903
      0.0000	      0.0000	      0.0000	      0.0000
      0.0000	      0.0000	      0.0000	      0.0000
      0.0000	      0.0000	      0.0000	      0.0000
    -65.7040	    -58.7568	    -61.2341	    -47.8624
      0.0000	      0.0000	      0.0000	      0.0000
      0.0000	      0.0000	      0.0000	      0.0000
      0.0000	      0.0000	      0.0000	      0.0000
    -37.4441	    -50.8738	    -58.4123	    -51.9615
      0.0000	      0.0000	      0.0000	      0.0000
      0.0000	      0.0000	      0.0000	      0.0000
      0.0000	      0.0000	      0.0000	      0.0000
    -52.7013	    -39.1648	    -57.5093	    -62.7803
      0.0000	      0.0000	      0.0000	      0.0000
      0.0000	      0.0000	      0.0000	      0.0000
      0.0000	      0.0000	      0.0000	      0.0000
    -44.9034	    -51.8374	    -60.4725	    -16.7598
      0.0000	      0.0000	      0.0000	      0.0000
      0.0000	      0.0000	      0.0000	      0.0000
      0.0000	      0.0000	      0.0000	      0.0000
    -67.2918	    -72.1108	    -77.9494	    -27.4678
      0.0000	      0.0000	      0.0000	      0.0000
      0.0000	      0.0000	      0.0000	      0.0000
      0.0000	      0.0000	      0.0000	      0.0000
    -12.9416	    -27.2273	    -22.9765	     -5.1324
      0.0000	      0.0000	      0.0000	      0.0000
      0.0000	      0.0000	      0.0000	      0.0000
      0.0000	      0.0000	      0.0000	      0.0000
    -40.0989	    -72.2680	    -53.7717	    -24.7620
      0.0000	      0.0000	      0.0000	      0.0000
      0.0000	      0.0000	      0.0000	      0.0000
      0.0000	      0.0000	      0.0000	      0.0000
   -181.6575	   -184.2142	   -166.2745	   -147.8009
      0.0000	      0.0000	      0.0000	      0.0000
      0.0000	      0.0000	      0.0000	      0.0000
      0.0000	      0.0000	      0.0000	      0.0000
   -172.0823	   -170.3413	    -98.7865	   -175.6853
      0.0000	      0.0000	      0.0000	      0.0000
      0.0000	      0.0000	      0.0000	      0.0000
      0.0000	      0.0000	      0.0000	      0.0000
     -1.3278	     29.8304	     -1.7321	     -0.4940
      0.0000	      0.0000	      0.0000	      0.0000
      0.0000	      0.0000	      0.0000	      0.0000
      0.0000	      0.0000	      0.0000	      0.0000
     33.6821	    138.2281	     10.2904	     31.4430
      0.0000	      0.0000	      0.0000	      0.0000
      0.0000	      0.0000	      0.0000	      0.0000
      0.0000	      0.0000	      0.0000	      0.0000
    -51.2956	    -27.4904	      8.2314	    -31.8281
      0.0000	      0.0000	      0.0000	      0.0000
      0.0000	      0.0000	      0.0000	      0.0000
      0.0000	      0.0000	      0.0000	      0.0000
     13.8007	      9.0414	     27.9421	    -43.2902
      0.0000	      0.0000	      0.0000	      0.0000
      0.0000	      0.0000	      0.0000	      0.0000
      0.0000	      0.0000	      0.0000	      0.0000
      0.0000	    -19.4824	     40.0203	      1.1837
      0.0000	      0.0000	      0.0000	      0.0000
      0.0000	      0.0000	      0.0000	      0.0000
      0.0000	      0.0000	      0.0000	      0.0000
     -5.4728	     -4.3229	     12.0346	     -5.8302
      0.0000	      0.0000	      0.0000	      0.0000
      0.0000	      0.0000	      0.0000	      0.0000
      0.0000	      0.0000	      0.0000	      0.0000
     26.9148	     10.6267	     14.9712	     17.9116
      0.0000	      0.0000	      0.0000	      0.0000
      0.0000	      0.0000	      0.0000	      0.0000
      0.0000	      0.0000	      0.0000	      0.0000
      0.0000	      0.0000	      3.8284	     23.9838
      0.0000	      0.0000	      0.0000	      0.0000
      0.0000	      0.0000	      0.0000	      0.0000
      0.0000	      0.0000	      0.0000	      0.0000
      5.1624	     13.8267	      7.8102	     20.0048
      0.0000	      0.0000	      0.0000	      0.0000
      0.0000	      0.0000	      0.0000	      0.0000
      0.0000	      0.0000	      0.0000	      0.0000
     31.3909	      0.6956	      3.1981	      1.4851
      0.0000	      0.0000	      0.0000	      0.0000
      0.0000	      0.0000	      0.0000	      0.0000
      0.0000	      0.0000	      0.0000	      0.0000
    -29.0491	    -12.1381	     -4.9013	    -23.2773
      0.0000	      0.0000	      0.0000	      0.0000
      0.0000	      0.0000	      0.0000	      0.0000
      0.0000	      0.0000	      0.0000	      0.0000
     55.2712	     -0.7206	      6.5083	      0.0000
      0.0000	      0.0000	      0.0000	      0.0000
      0.0000	      0.0000	      0.0000	      0.0000
      0.0000	      0.0000	      0.0000	      0.0000
     -1.8932	     -6.4267	     -6.4786	     17.2685
      0.0000	      0.0000	      0.0000	      0.0000
      0.0000	      0.0000	      0.0000	      0.0000
      0.0000	      0.0000	      0.0000	      0.0000
   -133.6174	   -132.9198	   -132.7356	    -81.8042
      0.0000	      0.0000	      0.0000	      0.0000
      0.0000	      0.0000	      0.0000	      0.0000
      0.0000	      0.0000	      0.0000	      0.0000
    -70.8448	      3.3416	    -98.5708	    -88.6883
      0.0000	      0.0000	      0.0000	      0.0000
      0.0000	      0.0000	      0.0000	      0.0000
      0.0000	      0.0000	      0.0000	      0.0000
      4.4121	     17.7585	      3.1775	     -9.1503
      0.0000	      0.0000	      0.0000	      0.0000
      0.0000	      0.0000	      0.0000	      0.0000
      0.0000	      0.0000	      0.0000	      0.0000
      0.0000	     31.3940	     -3.6555	     19.2894
      0.0000	      0.0000	      0.0000	      0.0000
      0.0000	      0.0000	      0.0000	      0.0000
      0.0000	      0.0000	      0.0000	      0.0000
    -27.7110	     -2.5143	    -38.2845	    -28.2879
      0.0000	      0.0000	      0.0000	      0.0000
      0.0000	      0.0000	      0.0000	      0.0000
      0.0000	      0.0000	      0.0000	      0.0000
      1.7240	     16.6618	     -4.3530	     -5.3587
      0.0000	      0.0000	      0.0000	      0.0000
      0.0000	      0.0000	      0.0000	      0.0000
      0.0000	      0.0000	      0.0000	      0.0000
     24.0951	      6.5044	     11.6609	      1.0152
      0.0000	      0.0000	      0.0000	      0.0000
      0.0000	      0.0000	      0.0000	      0.0000
      0.0000	      0.0000	      0.0000	      0.0000
    -16.3691	    -17.9375	    -28.5667	    -18.6384
      0.0000	      0.0000	      0.0000	      0.0000
      0.0000	      0.0000	      0.0000	      0.0000
      0.0000	      0.0000	      0.0000	      0.0000
    -11.6062	     -6.7349	    -11.1164	     -8.7999
      0.0000	      0.0000	      0.0000	      0.0000
      0.0000	      0.0000	      0.0000	      0.0000
      0.0000	      0.0000	      0.0000	      0.0000
     -6.4968	     -6.0933	    -17.6579	      7.8671
      0.0000	      0.0000	      0.0000	      0.0000
      0.0000	      0.0000	      0.0000	      0.0000
      0.0000	      0.0000	      0.0000	      0.0000
     -0.9798	     -0.9347	    -13.1456	     12.2419
      0.0000	      0.0000	      0.0000	      0.0000
      0.0000	      0.0000	      0.0000	      0.0000
      0.0000	      0.0000	      0.0000	      0.0000
      2.3830	     -4.2459	    -10.1057	      8.9446
      0.0000	      0.0000	      0.0000	      0.0000
      0.0000	      0.0000	      0.0000	      0.0000
      0.0000	      0.0000	      0.0000	      0.0000
    -16.7994	    -18.7234	    -55.8900	     -1.9400
      0.0000	      0.0000	      0.0000	      0.0000
      0.0000	      0.0000	      0.0000	      0.0000
      0.0000	      0.0000	      0.0000	      0.0000
     26.3262	      2.1865	     -4.7937	      4.9867
      0.0000	      0.0000	      0.0000	      0.0000
      0.0000	      0.0000	      0.0000	      0.0000
      0.0000	      0.0000	      0.0000	      0.0000
      0.7294	     -1.0729	     -8.3865	     27.7524
      0.0000	      0.0000	      0.0000	      0.0000
      0.0000	      0.0000	      0.0000	      0.0000
      0.0000	      0.0000	      0.0000	      0.0000
    -37.0287	    -52.1410	    -66.9095	     10.8667
      0.0000	      0.0000	      0.0000	      0.0000
      0.0000	      0.0000	      0.0000	      0.0000
      0.0000	      0.0000	      0.0000	      0.0000
   -146.5908	    -48.5500	   -146.0278	   -146.9551
      0.0000	      0.0000	      0.0000	      0.0000
      0.0000	      0.0000	      0.0000	      0.0000
      0.0000	      0.0000	      0.0000	      0.0000
    -25.3974	      1.2654	    -35.8156	    -87.4967
      0.0000	      0.0000	      0.0000	      0.0000
      0.0000	      0.0000	      0.0000	      0.0000
      0.0000	      0.0000	      0.0000	      0.0000
    -13.0672	     15.2483	    -25.1828	    -17.8109
      0.0000	      0.0000	      0.0000	      0.0000
      0.0000	      0.0000	      0.0000	      0.0000
      0.0000	      0.0000	      0.0000	      0.0000
    -95.5346	    -23.4739	    -96.1748	    -88.5949
      0.0000	      0.0000	      0.0000	      0.0000
      0.0000	      0.0000	      0.0000	      0.0000
      0.0000	      0.0000	      0.0000	      0.0000
     -5.2333	    -18.8232	    -38.3681	    -23.8708
      0.0000	      0.0000	      0.0000	      0.0000
      0.0000	      0.0000	      0.0000	      0.0000
      0.0000	      0.0000	      0.0000	      0.0000
     -0.6283	    -46.1367	    -58.4589	    -40.7932
      0.0000	      0.0000	      0.0000	      0.0000
      0.0000	      0.0000	      0.0000	      0.0000
      0.0000	      0.0000	      0.0000	      0.0000
    -73.3705	    -25.1495	    -74.2101	    -59.1058
      0.0000	      0.0000	      0.0000	      0.0000
      0.0000	      0.0000	      0.0000	      0.0000
      0.0000	      0.0000	      0.0000	      0.0000
     -5.9583	    -27.9028	    -47.6781	    -23.9925
      0.0000	      0.0000	      0.0000	      0.0000
      0.0000	      0.0000	      0.0000	      0.0000
      0.0000	      0.0000	      0.0000	      0.0000
    -99.2944	    -98.8388	    -89.1571	    -13.8815
      0.0000	      0.0000	      0.0000	      0.0000
      0.0000	      0.0000	      0.0000	      0.0000
      0.0000	      0.0000	      0.0000	      0.0000
    -17.1517	    -20.8188	    -59.0347	    -43.9159
      0.0000	      0.0000	      0.0000	      0.0000
      0.0000	      0.0000	      0.0000	      0.0000
      0.0000	      0.0000	      0.0000	      0.0000
    -18.6385	    -75.4401	    -46.9842	     -8.6242
      0.0000	      0.0000	      0.0000	      0.0000
      0.0000	      0.0000	      0.0000	      0.0000
      0.0000	      0.0000	      0.0000	      0.0000
   -128.9142	   -117.9196	   -137.6564	    -53.0821
      0.0000	      0.0000	      0.0000	      0.0000
      0.0000	      0.0000	      0.0000	      0.0000
      0.0000	      0.0000	      0.0000	      0.0000
     -9.7687	     -4.4651	    -33.3152	      6.5865
      0.0000	      0.0000	      0.0000	      0.0000
      0.0000	      0.0000	      0.0000	      0.0000
      0.0000	      0.0000	      0.0000	      0.0000
    -22.3672	    -96.8658	    -39.8481	     -5.5255
      0.0000	      0.0000	      0.0000	      0.0000
      0.0000	      0.0000	      0.0000	      0.0000
      0.0000	      0.0000	      0.0000	      0.0000
   -206.4202	   -198.4265	   -173.0906	   -207.8044
      0.0000	      0.0000	      0.0000	      0.0000
      0.0000	      0.0000	      0.0000	      0.0000
      0.0000	      0.0000	      0.0000	      0.0000
   -187.3205	   -185.5330	   -184.0556	   -159.9928
      0.0000	      0.0000	      0.0000	      0.0000
      0.0000	      0.0000	      0.0000	      0.0000
      0.0000	      0.0000	      0.0000	      0.0000
     -0.3542	     19.7186	     -6.6662	     -0.7573
      0.0000	      0.0000	      0.0000	      0.0000
      0.0000	      0.0000	      0.0000	      0.0000
      0.0000	      0.0000	      0.0000	      0.0000
     95.4517	      8.8877	     13.7296	     13.2506
      0.0000	      0.0000	      0.0000	      0.0000
      0.0000	      0.0000	      0.0000	      0.0000
      0.0000	      0.0000	      0.0000	      0.0000
     -3.5122	    -15.1709	      0.0000	      0.0000
      0.0000	      0.0000	      0.0000	      0.0000
      0.0000	      0.0000	      0.0000	      0.0000
      0.0000	      0.0000	      0.0000	      0.0000
     -0.5375	     22.5127	      5.2117	      0.0000
      0.0000	      0.0000	      0.0000	      0.0000
      0.0000	      0.0000	      0.0000	      0.0000
      0.0000	      0.0000	      0.0000	      0.0000
      0.0000	      0.0000	      0.0000	      9.6414
      0.0000	      0.0000	      0.0000	      0.0000
      0.0000	      0.0000	      0.0000	      0.0000
      0.0000	      0.0000	      0.0000	      0.0000
     -3.4913	      8.1266	      0.0000	      0.0000
      0.0000	      0.0000	      0.0000	      0.0000
      0.0000	      0.0000	      0.0000	      0.0000
      0.0000	      0.0000	      0.0000	      0.0000
     32.6048	      7.8278	      4.4448	      0.0000
      0.0000	      0.0000	      0.0000	      0.0000
      0.0000	      0.0000	      0.0000	      0.0000
      0.0000	      0.0000	      0.0000	      0.0000
      1.0130	      0.0000	      0.0000	     -2.8582
      0.0000	      0.0000	      0.0000	      0.0000
      0.0000	      0.0000	      0.0000	      0.0000
      0.0000	      0.0000	      0.0000	      0.0000
      2.8846	      8.5502	      0.0000	      0.0000
      0.0000	      0.0000	      0.0000	      0.0000
      0.0000	      0.0000	      0.0000	      0.0000
      0.0000	      0.0000	      0.0000	      0.0000
     -0.7127	      0.0000	     25.2133	      0.0000
      0.0000	      0.0000	      0.0000	      0.0000
      0.0000	      0.0000	      0.0000	      0.0000
      0.0000	      0.0000	      0.0000	      0.0000
     -5.5025	    -12.9624	    -15.1436	      3.5369
      0.0000	      0.0000	      0.0000	      0.0000
      0.0000	      0.0000	      0.0000	      0.0000
      0.0000	      0.0000	      0.0000	      0.0000
      0.0000	      7.1457	     -0.8877	      0.0000
      0.0000	      0.0000	      0.0000	      0.0000
      0.0000	      0.0000	      0.0000	      0.0000
      0.0000	      0.0000	      0.0000	      0.0000
      2.1761	     -3.9986	     -1.7625	      9.6141
      0.0000	      0.0000	      0.0000	      0.0000
      0.0000	      0.0000	      0.0000	      0.0000
      0.0000	      0.0000	      0.0000	      0.0000
    -45.5786	    -55.9646	    -56.3877	    -61.5544
      0.0000	      0.0000	      0.0000	      0.0000
      0.0000	      0.0000	      0.0000	      0.0000
      0.0000	      0.0000	      0.0000	      0.0000
    -92.2723	    -23.9497	    -98.9708	    -92.3600
      0.0000	      0.0000	      0.0000	      0.0000
      0.0000	      0.0000	      0.0000	      0.0000
      0.0000	      0.0000	      0.0000	      0.0000
     -6.0279	     19.3848	    -14.8444	    -10.7106
      0.0000	      0.0000	      0.0000	      0.0000
      0.0000	      0.0000	      0.0000	      0.0000
      0.0000	      0.0000	      0.0000	      0.0000
     62.9787	      0.0000	     -2.3537	      1.3452
      0.0000	      0.0000	      0.0000	      0.0000
      0.0000	      0.0000	      0.0000	      0.0000
      0.0000	      0.0000	      0.0000	      0.0000
    -12.5438	     14.3340	    -12.8852	     -9.6448
      0.0000	      0.0000	      0.0000	      0.0000
      0.0000	      0.0000	      0.0000	      0.0000
      0.0000	      0.0000	      0.0000	      0.0000
      4.5165	     21.8117	     -8.7348	     -0.3443
      0.0000	      0.0000	      0.0000	      0.0000
      0.0000	      0.0000	      0.0000	      0.0000
      0.0000	      0.0000	      0.0000	      0.0000
     14.9819	      0.0000	      0.0000	      1.4512
      0.0000	      0.0000	      0.0000	      0.0000
      0.0000	      0.0000	      0.0000	      0.0000
      0.0000	      0.0000	      0.0000	      0.0000
     -1.5816	     18.2517	    -12.1870	      0.7247
      0.0000	      0.0000	      0.0000	      0.0000
      0.0000	      0.0000	      0.0000	      0.0000
      0.0000	      0.0000	      0.0000	      0.0000
     13.1709	     -2.1075	     -9.4558	      1.2686
      0.0000	      0.0000	      0.0000	      0.0000
      0.0000	      0.0000	      0.0000	      0.0000
      0.0000	      0.0000	      0.0000	      0.0000
     -3.8949	     -4.3578	    -15.2371	      3.5291
      0.0000	      0.0000	      0.0000	      0.0000
      0.0000	      0.0000	      0.0000	      0.0000
      0.0000	      0.0000	      0.0000	      0.0000
     23.2627	      0.0258	     -5.3244	      2.3025
      0.0000	      0.0000	      0.0000	      0.0000
      0.0000	      0.0000	      0.0000	      0.0000
      0.0000	      0.0000	      0.0000	      0.0000
      0.0920	     -0.7612	     -4.7701	     14.4765
      0.0000	      0.0000	      0.0000	      0.0000
      0.0000	      0.0000	      0.0000	      0.0000
      0.0000	      0.0000	      0.0000	      0.0000
    -14.9389	    -17.8168	    -20.2691	     -4.7382
      0.0000	      0.0000	      0.0000	      0.0000
      0.0000	      0.0000	      0.0000	      0.0000
      0.0000	      0.0000	      0.0000	      0.0000
      5.8065	      0.0000	      0.0000	      0.0000
      0.0000	      0.0000	      0.0000	      0.0000
      0.0000	      0.0000	      0.0000	      0.0000
      0.0000	      0.0000	      0.0000	      0.0000
     -0.9692	    -15.0248	      3.3847	      0.0000
      0.0000	      0.0000	      0.0000	      0.0000
      0.0000	      0.0000	      0.0000	      0.0000
      0.0000	      0.0000	      0.0000	      0.0000
    -58.5297	    -56.1612	    -68.2195	    -62.6304
      0.0000	      0.0000	      0.0000	      0.0000
      0.0000	      0.0000	      0.0000	      0.0000
      0.0000	      0.0000	      0.0000	      0.0000
   -106.6547	    -40.6391	   -118.1516	   -118.2622
      0.0000	      0.0000	      0.0000	      0.0000
      0.0000	      0.0000	      0.0000	      0.0000
      0.0000	      0.0000	      0.0000	      0.0000
    -30.6498	      3.1534	    -31.2283	    -30.0653
      0.0000	      0.0000	      0.0000	      0.0000
      0.0000	      0.0000	      0.0000	      0.0000
      0.0000	      0.0000	      0.0000	      0.0000
    -22.7261	     23.9060	    -27.9625	    -21.4834
      0.0000	      0.0000	      0.0000	      0.0000
      0.0000	      0.0000	      0.0000	      0.0000
      0.0000	      0.0000	      0.0000	      0.0000
    -87.7137	    -41.0248	    -88.9448	    -89.0376
      0.0000	      0.0000	      0.0000	      0.0000
      0.0000	      0.0000	      0.0000	      0.0000
      0.0000	      0.0000	      0.0000	      0.0000
    -16.8253	    -43.0662	    -53.6556	    -54.5306
      0.0000	      0.0000	      0.0000	      0.0000
      0.0000	      0.0000	      0.0000	      0.0000
      0.0000	      0.0000	      0.0000	      0.0000
   -116.2481	    -59.5187	    -81.5689	    -74.9644
      0.0000	      0.0000	      0.0000	      0.0000
      0.0000	      0.0000	      0.0000	      0.0000
      0.0000	      0.0000	      0.0000	      0.0000
    -51.8568	    -59.1644	    -52.9445	    -54.2234
      0.0000	      0.0000	      0.0000	      0.0000
      0.0000	      0.0000	      0.0000	      0.0000
      0.0000	      0.0000	      0.0000	      0.0000
    -19.5607	    -60.2530	    -39.7836	    -47.4465
      0.0000	      0.0000	      0.0000	      0.0000
      0.0000	      0.0000	      0.0000	      0.0000
      0.0000	      0.0000	      0.0000	      0.0000
   -112.6942	   -147.1152	   -144.0047	   -144.4215
      0.0000	      0.0000	      0.0000	      0.0000
      0.0000	      0.0000	      0.0000	      0.0000
      0.0000	      0.0000	      0.0000	      0.0000
    -15.5168	    -11.5513	    -17.1067	    -18.0565
      0.0000	      0.0000	      0.0000	      0.0000
      0.0000	      0.0000	      0.0000	      0.0000
      0.0000	      0.0000	      0.0000	      0.0000
    -17.0038	    -47.6789	    -31.7025	    -30.6126
      0.0000	      0.0000	      0.0000	      0.0000
      0.0000	      0.0000	      0.0000	      0.0000
      0.0000	      0.0000	      0.0000	      0.0000
   -176.9383	   -180.9408	   -183.7729	   -115.6491
      0.0000	      0.0000	      0.0000	      0.0000
      0.0000	      0.0000	      0.0000	      0.0000
      0.0000	      0.0000	      0.0000	      0.0000
      4.1581	     -0.6486	     -2.0830	     -3.8316
      0.0000	      0.0000	      0.0000	      0.0000
      0.0000	      0.0000	      0.0000	      0.0000
      0.0000	      0.0000	      0.0000	      0.0000
    -17.3163	    -18.1797	    -19.1999	    -10.6604
      0.0000	      0.0000	      0.0000	      0.0000
      0.0000	      0.0000	      0.0000	      0.0000
      0.0000	      0.0000	      0.0000	      0.0000
   -221.0469	   -226.0286	   -209.0397	   -226.8041
      0.0000	      0.0000	      0.0000	      0.0000
      0.0000	      0.0000	      0.0000	      0.0000
      0.0000	      0.0000	      0.0000	      0.0000
      0.0000	      0.0000	      0.0000	      0.0000
      0.0000	      0.0000	      0.0000	      0.0000
      0.0000	      0.0000	      0.0000	      0.0000
      0.0000	      0.0000	      0.0000	      0.0000
      0.0000	      0.0000	      0.0000	      0.0000
      0.0000	      0.0000	    -19.8087	      0.0000
      0.0000	      0.0000	      0.0000	      8.3957
      0.0000	      0.0000	      0.0000	      0.0000
    -17.7814	      0.0000	      0.0000	      0.0000
    -15.6271	      0.0000	      0.0000	      0.0000
      0.0000	      0.0000	      0.0000	      0.0000
      0.0000	      0.0000	      0.0000	      0.0000
    -18.3551	      0.0000	      0.0000	      0.0000
      0.0000	      0.0000	      0.0000	      0.0000
      0.0000	      0.0000	      0.0000	      0.0000
      0.0000	      0.0000	      0.0000	      0.0000
     12.9592	      0.0000	      0.0000	      0.0000
      0.0000	      0.0000	      0.0000	      0.0000
      0.0000	      0.0000	      0.0000	      0.0000
      0.0000	      0.0000	      0.0000	      0.0000
      0.0000	     18.8039	      0.0000	     12.4498
      0.0000	      0.0000	      0.0000	      0.0000
      2.4098	      0.0000	      0.0000	      0.0000
      0.0000	      0.0000	      0.0000	      0.0000
      0.0000	      0.0000	      0.0000	      0.0000
      0.0000	      0.0000	      0.0000	      0.0000
      0.0000	      0.0000	      0.0000	      0.0000
      4.7478	      0.0000	      0.0000	      0.0000
     14.9144	      0.0000	      0.0000	      0.0000
      0.0000	      0.0000	      0.0000	      0.0000
      0.0000	      0.0000	      0.0000	      0.0000
    -12.8549	      0.0000	      0.0000	      0.0000
     31.3592	      0.0000	      0.0000	      0.0000
      0.0000	      0.0000	      0.0000	      0.0000
     15.1128	      0.0000	      0.0000	      0.0000
    -18.9568	    -18.8134	      9.6126	      0.0000
      0.0000	      0.0000	      0.0000	      0.0000
     42.6492	      0.0000	      0.0000	      0.0000
      0.0000	      0.0000	      0.0000	      0.0000
      0.0000	      0.0000	      0.0000	      0.0000
      1.9216	      0.0000	      0.0000	      0.0000
      9.1717	      0.0000	      0.0000	      0.0000
      0.0000	      0.0000	      0.0000	      0.0000
      0.0000	      0.0000	      0.0000	      0.0000
      4.4557	      0.0000	      0.0000	      0.0000
      0.0000	      0.0000	      0.0000	      0.0000
      0.0000	      0.0000	      0.0000	      0.0000
      0.0000	      0.0000	      0.0000	      0.0000
    -11.8469	    -15.7255	    -29.1828	      0.0000
      0.0000	      0.0000	      0.0000	      0.0000
      0.0000	      0.0000	      0.0000	      0.0000
      0.0000	      0.0000	      0.0000	      0.0000
    -20.0503	    -20.0233	      0.0000	      0.0000
      0.0000	      0.0000	      0.0000	      0.0000
      0.0000	      0.0000	      0.0000	      0.0000
      0.0000	      0.0000	      0.0000	      0.0000
    -20.4736	    -34.7098	    -20.1708	    -20.1988
    -18.5125	      0.0000	    -20.7703	      0.0000
      0.0000	    -19.5823	      0.0000	      0.0000
      0.0000	      0.0000	      0.0000	      0.0000
      2.6739	      0.0000	      0.0000	      0.0000
      0.0000	      0.0000	      0.0000	      0.0000
      0.0000	      0.0000	      0.0000	      0.0000
      0.0000	      0.0000	      0.0000	      0.0000
      0.0000	      0.0000	      0.0000	      0.0000
      0.0000	      0.0000	      0.0000	      0.0000
      0.0000	      0.0000	      0.0000	      0.0000
      0.0000	      0.0000	      0.0000	      0.0000
      3.8053	      0.0000	      0.0000	      0.0000
      0.0000	      0.0000	      0.0000	      0.0000
      6.3859	      0.0000	      0.0000	      0.0000
      0.0000	      0.0000	      0.0000	      0.0000
     11.2298	      0.0000	      0.0000	      0.0000
      0.0000	      0.0000	      0.0000	      0.0000
      7.8152	      0.0000	      0.0000	      0.0000
      0.0000	      0.0000	      0.0000	      0.0000
     10.5328	      0.0000	      0.0000	      0.0000
      0.0000	      0.0000	      0.0000	      0.0000
      0.0000	      0.0000	      0.0000	      0.0000
      0.0000	      0.0000	      0.0000	      0.0000
      0.0000	      0.0000	     40.5234	      0.0000
    -15.5946	      0.0000	      0.0000	      0.0000
     10.7865	      0.0000	      0.0000	     54.6720
      0.0000	      0.0000	      0.0000	      0.0000
      0.0000	     11.6410	      0.0000	      0.0000
     78.4595	      0.0000	      0.0000	      0.0000
     59.2182	      0.0000	      0.0000	      0.0000
     88.9801	      0.0000	      0.0000	      0.0000
    100.5595	     -2.3456	     19.5301	      0.0000
      2.9056	      0.0000	      0.0000	      0.0000
    -11.3045	     12.6403	      0.0000	      0.0000
      7.4941	      0.0000	      0.0000	      0.0000
     27.3781	      0.0000	     -3.4767	      0.0000
     40.2364	      0.0000	      0.0000	      0.0000
     10.7781	      0.0000	      0.0000	      0.0000
     25.9702	      0.0000	      0.0000	      0.0000
     12.7840	      0.0000	      0.0000	     12.9901
     31.6015	      0.0000	      0.0000	      0.0000
      0.0000	      0.0000	      0.0000	      0.0000
      0.0000	      0.0000	      0.0000	      0.0000
     41.0949	      0.0000	      0.0000	      0.0000
     12.0429	      0.0000	      0.0000	      0.0000
      0.0000	      0.0000	      0.0000	      0.0000
      0.0000	      0.0000	      0.0000	      0.0000
      2.7809	      0.0000	      0.0000	      0.0000
      0.0000	      0.0000	      0.0000	      0.0000
      1.7437	      0.0000	      0.0000	      0.0000
      0.0000	      0.0000	      0.0000	      0.0000
      0.0000	      0.0000	      0.0000	      0.0000
      0.0000	      0.0000	      0.0000	      0.0000
    -19.7820	      0.0000	      0.0000	      0.0000
      0.0000	      0.0000	      0.0000	      0.0000
      0.0000	      0.0000	      0.0000	      0.0000
      0.0000	      0.0000	      0.0000	      0.0000
      0.0000	      0.0000	      0.0000	      0.0000
      0.0000	      0.0000	      0.0000	      0.0000
    -47.5160	    -40.5600	    -49.6741	    -41.5196
     -9.0754	      0.0000	      0.0000	      0.0000
      0.0000	      0.0000	      0.0000	      0.0000
      0.0000	      0.0000	      0.0000	      0.0000
     -1.3488	      0.0000	      0.0000	      0.0000
     -3.3530	      0.0000	      0.0000	      0.0000
      1.0642	      0.0000	      0.0000	      0.0000
      0.0000	      0.0000	      0.0000	      0.0000
     -1.3906	     -3.8041	     -2.5072	     -0.9097
      0.0000	      0.0000	      0.0000	      0.0000
     -2.4256	      0.0000	      0.0000	      0.0000
      0.0000	      0.0000	      0.0000	      0.0000
      0.0000	      0.0000	      0.0000	      0.0000
      0.0000	      0.0000	      0.0000	      0.0000
      1.0694	      0.0000	      0.0000	      0.0000
      0.0000	      0.0000	      0.0000	      0.0000
     -2.0685	      0.0000	      0.0000	      0.0000
      0.0000	      0.0000	      0.0000	      0.0000
      0.0000	      0.0000	      0.0000	      0.0000
      0.0000	      0.0000	      0.0000	      0.0000
      0.5504	      0.0000	      0.0000	      0.0000
      0.0000	      0.0000	      0.0000	      0.0000
     -1.2968	     17.7311	      0.0000	      0.0000
      0.0000	      0.0000	      0.0000	      0.0000
      7.5991	      0.0000	      0.0000	      0.0000
      0.0000	      0.0000	      0.0000	      0.0000
      0.0000	      0.0000	      0.0000	      0.0000
      0.0000	      0.0000	      0.0000	      0.0000
     -4.7518	     21.2637	     -0.5319	      0.0000
     56.4995	      0.0000	      0.0000	      0.0000
      3.4172	      0.0000	      0.0000	      0.0000
     84.3121	      0.0000	      0.0000	      0.0000
     98.5849	     20.4523	     42.6862	     25.9712
     69.2349	     25.5640	     17.6646	    174.8448
    131.6537	     32.0429	     18.9248	      0.0000
    194.8458	    119.5193	     24.6433	    126.0830
     92.4963	      0.0000	      0.0000	      0.0000
      2.5909	      0.0000	      0.0000	      0.0000
     75.9497	      0.0000	      0.0000	      0.0000
      0.0000	      0.0000	      0.0000	      0.0000
      3.7899	      0.0000	      0.0000	      0.0000
      0.0000	      0.0000	      0.0000	     34.3406
      0.0000	      0.0000	      0.0000	      0.0000
      0.0000	      0.0000	      0.0000	      0.0000
     51.7848	      0.0000	      5.0399	      0.0000
     49.6280	      0.0000	      0.0000	      0.0000
      7.0414	      0.0000	      0.0000	      0.0000
     -1.4003	     63.8071	      0.0000	      0.0000
     -1.4231	     -2.4815	     -5.5107	      0.0000
      0.0000	      0.0000	      0.0000	      0.0000
      0.0000	      0.0000	      0.0000	      0.0000
      0.0000	      0.0000	      0.0000	      0.0000
      0.0000	      0.0000	      0.0000	      0.0000
      0.0000	      0.0000	      0.0000	      0.0000
      0.0000	      0.0000	      0.0000	      0.0000
      0.0000	      0.0000	      0.0000	      0.0000
      0.0000	      0.0000	      0.0000	      0.0000
      0.0000	      0.0000	      0.0000	      0.0000
      0.0000	      0.0000	      0.0000	      0.0000
      0.0000	      0.0000	      0.0000	      0.0000
      0.0000	      0.0000	      0.0000	      0.0000
      0.0000	      0.0000	      0.0000	      0.0000
      0.0000	      0.0000	      0.0000	      0.0000
      0.0000	      0.0000	      0.0000	      0.0000
    -22.7455	    -21.3944	      0.0000	      0.0000
      0.0000	      0.0000	      0.0000	      0.0000
      0.0000	      0.0000	      0.0000	      0.0000
      0.0000	      0.0000	      0.0000	      0.0000
      0.0000	      0.0000	      0.0000	      0.0000
      0.0000	      0.0000	      0.0000	      0.0000
      0.0000	      0.0000	      0.0000	      0.0000
      0.0000	      0.0000	      0.0000	      0.0000
      0.0000	      0.0000	      0.0000	      0.0000
      0.0000	      0.0000	      0.0000	      0.0000
     10.2849	      0.0000	      0.0000	      0.0000
      0.0000	      0.0000	      0.0000	      0.0000
     24.0907	      0.0000	      0.0000	      0.0000
      0.0000	      0.0000	      0.0000	      0.0000
     66.4134	      0.0000	      0.0000	      0.0000
      0.0000	      0.0000	      0.0000	      0.0000
    134.7794	      0.0000	      0.0000	      0.0000
      0.0000	      0.0000	      0.0000	      0.0000
      0.0000	      0.0000	    144.1710	      0.0000
      0.0000	      0.0000	      0.0000	      0.0000
      6.8410	      0.0000	      0.0000	      0.0000
      0.0000	      0.0000	      0.0000	      0.0000
     55.9327	      0.0000	      0.0000	      0.0000
      0.0000	      0.0000	      0.0000	      0.0000
    128.8202	      0.0000	      0.0000	      0.0000
    -12.1401	     66.7788	      0.0000	      0.0000
      0.0000	      0.0000	      0.0000	      0.0000
    -28.5235	    -18.2648	    185.0627	    -28.0471
    177.9470	      0.0000	    112.3076	      0.0000
    121.0509	      0.0000	      0.0000	      0.0000
    189.9131	      0.0000	      0.0000	      0.0000
    -17.3241	    108.2145	      0.0000	      0.0000
     68.2032	      0.0000	      0.0000	      0.0000
      0.0000	      0.0000	      0.0000	      0.0000
     51.1004	      0.0000	      0.0000	      0.0000
    -15.9705	    -14.4967	    -16.9556	     65.5895
     42.3024	      0.0000	      0.0000	      0.0000
     -7.4611	    199.2696	      0.0000	      0.0000
      0.0000	      0.0000	      0.0000	      0.0000
      0.0000	      0.0000	      0.0000	      0.0000
    162.9703	      0.0000	      0.0000	      0.0000
    171.0278	      0.0000	      0.0000	      0.0000
      0.0000	      0.0000	      0.0000	      0.0000
      0.0000	      0.0000	      0.0000	      0.0000
     12.3876	      0.0000	      0.0000	      0.0000
     56.0082	      0.0000	      0.0000	      0.0000
      0.0000	      0.0000	      0.0000	      0.0000
      0.0000	      0.0000	      0.0000	      0.0000
      0.0000	      0.0000	      0.0000	      0.0000
      0.0000	      0.0000	      0.0000	      0.0000
      0.0000	      0.0000	      0.0000	      0.0000
      0.0000	      0.0000	      0.0000	      0.0000
      0.0000	      0.0000	      0.0000	      0.0000
     24.1476	      0.0000	      0.0000	      0.0000
      0.0000	      0.0000	      0.0000	      0.0000
      0.0000	      0.0000	      0.0000	      0.0000
    -20.1479	      0.0000	      0.0000	      0.0000
      0.0000	      0.0000	      0.0000	      0.0000
      0.0000	      0.0000	      0.0000	      0.0000
      0.0000	      0.0000	      0.0000	      0.0000
     -8.3356	     -2.4622	     -4.3199	      7.0811
      0.0000	      0.0000	      0.0000	      0.0000
    -24.2890	      0.2663	      0.0000	      0.0000
      0.0000	      0.0000	      0.0000	      0.0000
      0.0000	      0.0000	      0.0000	      0.0000
      0.0000	      0.0000	      0.0000	      0.0000
      0.0000	      0.0000	      0.0000	      0.0000
      0.0000	      0.0000	      0.0000	      0.0000
    -11.5261	      7.0792	      0.0000	      0.0000
      0.0000	      0.0000	      0.0000	      0.0000
     -1.9298	      0.0000	      0.0000	      0.0000
      0.0000	      0.0000	      0.0000	      0.0000
     -1.8421	     81.4687	      0.0000	      0.0000
      0.0000	      0.0000	      0.0000	      0.0000
     93.9583	      0.0000	      0.0000	      0.0000
     85.7787	      0.0000	      0.0000	     -6.8634
     -0.5924	    221.4203	     21.5643	      0.0000
      0.0000	      0.0000	      0.0000	      0.0000
    198.6228	      0.0000	      2.5401	      0.0000
      0.0000	      0.0000	      0.0000	      0.0000
    118.2229	      0.0000	      0.0000	      0.0000
      0.0000	      0.0000	      0.0000	      0.0000
     48.0881	    172.5489	      0.0000	      0.0000
      0.0000	      0.0000	      0.0000	      0.0000
    255.0930	      0.0000	     39.2216	     63.2268
    265.0124	     70.0748	     50.1796	      0.0000
     53.5750	    216.5199	      0.0000	     29.1860
    228.2766	     94.7853	     19.6220	     54.9341
    260.1146	    146.2257	     70.8313	    119.9599
    294.5362	      0.0000	      3.4077	      0.0000
    276.7492	      0.0000	     38.0987	      0.0000
    -17.6451	    307.7108	     47.3124	      0.0000
    223.0203	     83.5711	     45.1603	      0.0000
    203.2653	      0.0000	     44.9172	      0.0000
    106.7967	    106.8885	     11.0113	    292.6306
    118.5443	    251.2436	     59.5537	      0.0000
    154.0271	      0.0000	      0.0000	      0.0000
      0.0000	      8.2591	    116.1744	      0.0000
      0.0000	      0.0000	      0.0000	      0.0000
      0.0000	      0.0000	      0.0000	      0.0000
     11.0284	    113.2176	     27.5451	      0.0000
    229.3357	      0.0000	      0.0000	      0.0000
      0.0000	      0.0000	      0.0000	      0.0000
      0.0000	      0.0000	      0.0000	      0.0000
     -1.4712	    108.6200	      0.0000	     36.0801
     71.9743	      0.0000	      0.0000	      0.0000
      0.0000	      0.0000	      0.0000	      0.0000
    -12.5946	    -16.9678	    -18.0684	    194.9895
     23.9569	      0.0000	      0.0000	      0.0000
      0.0000	      0.0000	      0.0000	      0.0000
      0.0000	      0.0000	      0.0000	      0.0000
      0.0000	      0.0000	      0.0000	      0.0000
      0.0000	      0.0000	      0.0000	      0.0000
      0.0000	      0.0000	      0.0000	      0.0000
      0.0000	      0.0000	      0.0000	      0.0000
      0.0000	      0.0000	      0.0000	      0.0000
     -4.1333	    -24.4107	      0.0000	      0.0000
      0.0000	      0.0000	      0.0000	      0.0000
      0.0000	      0.0000	      0.0000	      0.0000
      0.0000	      0.0000	      0.0000	      0.0000
     -2.5613	     -5.3323	      0.0000	      0.0000
     -0.5984	      0.0000	      0.0000	      0.0000
      0.0000	      0.0000	      0.0000	      0.0000
      0.0000	      0.0000	      0.0000	      0.0000
      1.5272	      0.0000	      0.0000	     -1.1819
     -4.3871	     -5.4471	     -6.0583	      0.0872
     -2.0003	      3.4676	      0.0000	      0.0000
     -1.6067	      0.0000	      0.0000	      0.0000
      3.5903	      0.0000	      0.0000	      0.0000
      0.0000	      0.0000	      0.0000	      0.0000
      6.1008	      0.0000	      0.0000	      0.0000
      0.0000	      0.0000	      0.0000	      0.0000
     -2.3006	     71.5919	      0.0000	      0.0000
      0.0000	      0.0000	      0.0000	      0.0000
    102.4667	      0.0000	      0.0000	      0.0000
    133.9688	      0.0000	      0.0000	      0.0000
    164.6360	      1.2266	     -2.4464	     34.1560
     46.3795	      0.0000	      0.0000	      0.0000
    185.2903	      0.0000	      0.0000	      0.0000
     -1.5211	     -1.1590	     16.4536	    183.2676
     58.9261	      0.0000	      0.0000	      0.0000
      0.0000	      0.0000	      0.0000	      0.0000
     53.5344	      0.0000	      0.0000	      0.0000
      0.0000	      0.0000	      0.0000	      0.0000
     -0.3073	    221.8830	      0.0000	     14.0175
     81.7961	     76.2521	      0.0000	    220.5987
    215.0496	      0.0000	      0.0000	      0.0000
    250.1182	      0.0000	      0.0000	     52.5673
    130.7384	    133.2346	    130.8403	    147.8783
    251.9103	    226.7742	    140.1545	    221.4549
    228.3870	    216.6250	    142.2157	    239.6333
    250.7152	    252.3387	    149.2890	    240.9501
    210.8807	      0.0000	     -6.8918	     59.5441
    131.8851	      0.0000	      0.0000	      0.0000
    224.6393	      0.0000	      0.0000	     55.5951
    306.2468	     53.7823	      0.0000	      0.0000
     28.1346	      2.5215	      0.0000	      0.0000
    126.7949	      0.0000	      0.0000	      0.0000
     79.2306	      0.0000	      0.0000	      0.0000
     82.4818	      0.0000	      0.0000	      0.0000
    128.6162	      0.0000	      0.0000	     42.8112
    206.2007	      0.0000	     14.3915	      0.0000
    203.8109	      0.0000	      0.0000	      0.0000
    250.2133	     22.0898	      0.0000	      0.0000
     -1.6069	     -1.5808	     13.6926	    110.0543
     20.2376	      0.0000	      0.0000	      0.0000
      0.0000	      0.0000	      0.0000	      0.0000
    212.8212	      0.0000	      0.0000	      0.0000
      0.0000	      0.0000	      0.0000	      0.0000
      0.0000	      0.0000	      0.0000	      0.0000
      0.0000	      0.0000	      0.0000	      0.0000
      0.0000	      0.0000	      0.0000	      0.0000
      0.0000	      0.0000	      0.0000	      0.0000
      0.0000	      0.0000	      0.0000	      0.0000
      0.0000	      0.0000	      0.0000	      0.0000
      0.0000	      0.0000	      0.0000	      0.0000
      0.0000	      0.0000	      0.0000	      0.0000
      0.0000	      0.0000	      0.0000	      0.0000
      0.0000	      0.0000	      0.0000	      0.0000
      0.0000	      0.0000	      0.0000	      0.0000
    -38.3079	    -37.0010	    -39.6012	    -37.1650
      0.0000	      0.0000	      0.0000	      0.0000
      0.0000	      0.0000	      0.0000	      0.0000
      0.0000	      0.0000	      0.0000	      0.0000
      0.0000	      0.0000	      0.0000	      0.0000
      0.0000	      0.0000	      0.0000	      0.0000
      0.0000	      0.0000	      0.0000	      0.0000
      0.0000	      0.0000	      0.0000	      0.0000
      0.0000	      0.0000	      0.0000	      0.0000
      0.0000	      0.0000	      0.0000	      0.0000
      0.0000	      0.0000	      0.0000	      0.0000
      0.0000	      0.0000	      0.0000	      0.0000
      0.0000	      0.0000	      0.0000	      0.0000
      0.0000	      0.0000	      0.0000	      0.0000
      0.0000	      0.0000	      0.0000	      0.0000
      0.0000	      0.0000	      0.0000	      0.0000
      0.0000	      0.0000	      0.0000	      0.0000
      0.0000	      0.0000	      0.0000	      0.0000
      0.0000	      0.0000	      0.0000	      0.0000
      0.0000	      0.0000	      0.0000	      0.0000
      0.0000	      0.0000	      0.0000	      0.0000
      0.0000	      0.0000	      0.0000	      0.0000
      0.0000	      0.0000	      0.0000	      0.0000
      0.0000	      0.0000	      0.0000	      0.0000
      0.0000	      0.0000	      0.0000	      0.0000
      0.0000	      0.0000	      0.0000	      0.0000
      0.0000	      0.0000	      0.0000	      0.0000
      0.0000	      0.0000	      0.0000	      0.0000
     -0.5414	     51.6610	      0.0000	      0.0000
      0.0000	      0.0000	      0.0000	      0.0000
      0.0000	      0.0000	      0.0000	      0.0000
      0.0000	      0.0000	      0.0000	      0.0000
      0.7313	      0.0000	      0.0000	      0.0000
      0.0000	      0.0000	      0.0000	      0.0000
      0.0000	      0.0000	      0.0000	      0.0000
      0.0000	      0.0000	      0.0000	      0.0000
      0.0000	      0.0000	      0.0000	      0.0000
      0.0000	      0.0000	      0.0000	      0.0000
      0.0000	      0.0000	      0.0000	      0.0000
      0.0000	      0.0000	      0.0000	      0.0000
      0.0000	      0.0000	      0.0000	      0.0000
      9.6674	      0.0000	      0.0000	      0.0000
      0.0000	      0.0000	      0.0000	      0.0000
      0.0000	      0.0000	      0.0000	      0.0000
      0.0000	      0.0000	      0.0000	      0.0000
      0.0000	      0.0000	      0.0000	      0.0000
      0.0000	      0.0000	      0.0000	      0.0000
      0.0000	      0.0000	      0.0000	      0.0000
      0.0000	      0.0000	      0.0000	      0.0000
      0.0000	      0.0000	      0.0000	      0.0000
      0.0000	      0.0000	      0.0000	      0.0000
      0.0000	      0.0000	      0.0000	      0.0000
      0.0000	      0.0000	      0.0000	      0.0000
    -18.0404	      0.0000	      0.0000	      0.0000
      0.0000	      0.0000	      0.0000	      0.0000
      0.0000	      0.0000	      0.0000	      0.0000
      0.0000	      0.0000	      0.0000	      0.0000
      0.0000	      0.0000	      0.0000	      0.0000
      0.0000	      0.0000	      0.0000	      0.0000
      0.0000	      0.0000	      0.0000	      0.0000
    -23.2038	      0.0000	      0.0000	      0.0000
      0.0000	      0.0000	      0.0000	      0.0000
      0.0000	      0.0000	      0.0000	      0.0000
      0.0000	      0.0000	      0.0000	      0.0000
      0.0000	      0.0000	      0.0000	      0.0000
      0.0000	      0.0000	      0.0000	      0.0000
      0.0000	      0.0000	      0.0000	      0.0000
      0.0000	      0.0000	      0.0000	      0.0000
      0.0000	      0.0000	      0.0000	      0.0000
      0.0000	      0.0000	      0.0000	      0.0000
      0.0000	      0.0000	      0.0000	      0.0000
      0.0000	      0.0000	      0.0000	      0.0000
      3.5848	      0.0000	      0.0000	      0.0000
      0.0000	      0.0000	      0.0000	      0.0000
      0.0000	      0.0000	      0.0000	      0.0000
      5.0087	      0.0000	      0.0000	      0.0000
     20.3959	      0.0000	      0.0000	      0.0000
      0.0000	      0.0000	      0.0000	      0.0000
     39.7029	      0.0000	      0.0000	      0.0000
     36.6029	      0.0000	      0.0000	      0.0000
      5.1096	      0.0000	      0.0000	      0.0000
      0.0000	      0.0000	      0.0000	      0.0000
      0.0000	      0.0000	      0.0000	      0.0000
      5.8867	      0.0000	      0.0000	      0.0000
     32.3425	      0.0000	      0.0000	      0.0000
    126.4759	      0.0000	      0.0000	      0.0000
      1.1354	      0.0000	      0.0000	      0.0000
    -14.5038	    120.7004	      0.0000	      0.0000
     53.7205	      0.0000	      0.0000	      0.0000
     46.8460	      0.0000	      0.0000	      0.0000
     64.9075	      0.0000	      0.0000	      0.0000
      0.0000	      0.0000	      0.0000	      0.0000
     -2.6166	     50.0851	      0.0000	      0.0000
      0.0000	      0.0000	      0.0000	      0.0000
     54.4878	      0.0000	      0.0000	      0.0000
     56.7827	      0.0000	      0.0000	      0.0000
     16.9312	      0.0000	      0.0000	      0.0000
     12.4426	      0.0000	      0.0000	      0.0000
      0.0000	      0.0000	      0.0000	      0.0000
      0.0000	      0.0000	      0.0000	      0.0000
     64.6046	      0.0000	      0.0000	      0.0000
     12.6932	      0.0000	      0.0000	      0.0000
      0.0000	      0.0000	      0.0000	      0.0000
      0.0000	      0.0000	      0.0000	      0.0000
      6.4452	      0.0000	      0.0000	      0.0000
      0.0000	      0.0000	      0.0000	      0.0000
      0.0000	      0.0000	      0.0000	      0.0000
      0.0000	      0.0000	      0.0000	      0.0000
      0.0000	      0.0000	      0.0000	      0.0000
      4.0369	      0.0000	      0.0000	      0.0000
      0.0000	      0.0000	      0.0000	      0.0000
      0.0000	      0.0000	      0.0000	      0.0000
      0.0000	      0.0000	      0.0000	      0.0000
      7.1363	      0.0000	      0.0000	      0.0000
      0.0000	      0.0000	      0.0000	      0.0000
      0.0000	      0.0000	      0.0000	      0.0000
      0.0000	      0.0000	      0.0000	      0.0000
      0.0000	      0.0000	      0.0000	      0.0000
      0.0000	      0.0000	      0.0000	      0.0000
      0.0000	      0.0000	      0.0000	      0.0000
      0.0000	      0.0000	      0.0000	      0.0000
      0.0000	      0.0000	      0.0000	      0.0000
      0.0000	      0.0000	      0.0000	      0.0000
      0.0000	      0.0000	      0.0000	      0.0000
      0.0000	      0.0000	      0.0000	      0.0000
      0.0000	      0.0000	      0.0000	      0.0000
      0.0000	      0.0000	      0.0000	      0.0000
      0.0000	      0.0000	      0.0000	      0.0000
      0.0000	      0.0000	      0.0000	      0.0000
      0.0000	      0.0000	      0.0000	      0.0000
      0.0000	      0.0000	      0.0000	      0.0000
      0.0000	      0.0000	      0.0000	      0.0000
      0.0000	      0.0000	      0.0000	      0.0000
      0.0000	      0.0000	      0.0000	      0.0000
      0.0000	      0.0000	      0.0000	      0.0000
      0.0000	      0.0000	      0.0000	      0.0000
      2.7473	      0.0000	      0.0000	      0.0000
      0.0000	      0.0000	      0.0000	      0.0000
     36.3485	      0.0000	      0.0000	      0.0000
     47.3244	      0.0000	      0.0000	      0.0000
      1.9544	      0.0000	      0.0000	      0.0000
      0.0000	      0.0000	      0.0000	      0.0000
      5.3940	      0.0000	      0.0000	      0.0000
      0.2020	      0.0000	      0.0000	      0.0000
     93.9244	      0.0000	      0.0000	      0.0000
      0.0000	      0.0000	      0.0000	      0.0000
     57.0150	      0.0000	      0.0000	      0.0000
      0.0000	      0.0000	      0.0000	      0.0000
     82.4596	     36.2368	      0.0000	      0.0000
    124.0394	      0.0000	      0.0000	     55.9269
      0.0000	    245.6122	     25.1586	      0.0000
    229.3072	     58.6984	     22.5702	     48.7019
     13.6261	      0.0000	      0.0000	      0.0000
      2.8300	      0.0000	      0.0000	      0.0000
     53.8695	      0.0000	      0.0000	      0.0000
      0.0000	      0.0000	      0.0000	      0.0000
     10.0567	      0.0000	      0.0000	      0.0000
      2.3146	      0.0000	      0.0000	      0.0000
      0.0000	      0.0000	      0.0000	      0.0000
      0.0000	      0.0000	      0.0000	      0.0000
      0.0000	      0.0000	      0.0000	      0.0000
      0.0000	      0.0000	      0.0000	      0.0000
      0.0000	      0.0000	      0.0000	      0.0000
      0.0000	      0.0000	      0.0000	      0.0000
      0.0000	      0.0000	      0.0000	      0.0000
      0.0000	      0.0000	      0.0000	      0.0000
      0.0000	      0.0000	      0.0000	      0.0000
      0.0000	      0.0000	      0.0000	      0.0000
      0.0000	      0.0000	      0.0000	      0.0000
      0.0000	      0.0000	      0.0000	      0.0000
      0.0000	      0.0000	      0.0000	      0.0000
      0.0000	      0.0000	      0.0000	      0.0000
      0.0000	      0.0000	      0.0000	      0.0000
      0.0000	      0.0000	      0.0000	      0.0000
      0.0000	      0.0000	      0.0000	      0.0000
      0.0000	      0.0000	      0.0000	      0.0000
      0.0000	      0.0000	      0.0000	      0.0000
      0.0000	      0.0000	      0.0000	      0.0000
      0.0000	      0.0000	      0.0000	      0.0000
      0.0000	      0.0000	      0.0000	      0.0000
    -22.8292	     -4.0945	    -28.8215	    -13.2612
      0.0000	      0.0000	      0.0000	      0.0000
      0.0000	      0.0000	      0.0000	      0.0000
      0.0000	      0.0000	      0.0000	      0.0000
      4.0206	      0.0000	      0.0000	      0.0000
      0.0000	      0.0000	      0.0000	      0.0000
     11.6296	      0.0000	      0.0000	      0.0000
      0.0000	      0.0000	      0.0000	      0.0000
      1.5601	      0.0000	      0.0000	      0.0000
      0.0000	      0.0000	      0.0000	      0.0000
      0.0000	      0.0000	      0.0000	      0.0000
      0.0000	      0.0000	      0.0000	      0.0000
     -3.3987	     -3.1670	      0.0000	      0.0000
      0.0000	      0.0000	      0.0000	      0.0000
      0.0000	      0.0000	      0.0000	      0.0000
      0.0000	      0.0000	      0.0000	      0.0000
      0.0000	     12.8988	      0.0000	     -2.4736
      0.0000	      0.0000	      0.0000	      0.0000
      0.0000	      0.0000	      0.0000	      0.0000
      0.0000	      0.0000	      0.0000	      0.0000
     14.5791	      0.0000	      0.0000	      0.0000
      0.0000	      0.0000	      0.0000	      0.0000
      0.0000	      0.0000	      0.0000	      0.0000
      0.0000	      0.0000	      0.0000	      0.0000
     -5.8465	     -0.5222	      2.3342	      0.0000
      0.0000	      0.0000	      0.0000	      0.0000
      0.0000	      0.0000	      0.0000	      0.0000
      0.0000	      0.0000	      0.0000	      0.0000
      6.3465	      0.0000	      0.0000	      0.0000
      0.0000	      0.0000	      0.0000	      0.0000
      0.0000	      0.0000	      0.0000	      0.0000
      0.0000	      0.0000	      0.0000	      0.0000
      5.8502	      0.0000	      0.0000	      0.0000
      0.0000	      0.0000	      0.0000	      0.0000
      0.0000	      0.0000	      0.0000	      0.0000
      0.0000	      0.0000	      0.0000	      0.0000
      7.3143	      0.0000	      0.0000	      0.0000
      0.0000	      0.0000	      0.0000	      0.0000
      0.0000	      0.0000	      0.0000	      0.0000
      0.0000	      0.0000	      0.0000	      0.0000
      0.0000	      0.0000	      0.0000	      0.0000
      0.0000	      0.0000	      0.0000	      0.0000
      0.0000	      0.0000	      0.0000	      0.0000
      0.0000	      0.0000	      0.0000	      0.0000
     -0.7261	      0.0000	      0.0000	      0.0000
      0.0000	      0.0000	      0.0000	      0.0000
      0.0000	      0.0000	      0.0000	      0.0000
      0.0000	      0.0000	      0.0000	      0.0000
      0.0000	    -23.1900	    -13.8346	     26.3599
      0.0000	      0.0000	      0.0000	      0.0000
      0.0000	      0.0000	      0.0000	      0.0000
      0.0000	      0.0000	      0.0000	      0.0000
    -15.8354	    -20.3971	    -18.7460	      2.8242
      0.0000	      0.0000	      0.0000	      0.0000
      0.0000	      0.0000	      0.0000	      0.0000
      0.0000	      0.0000	      0.0000	      0.0000
    -23.8350	    -26.5886	    -28.4104	    -24.4995
      0.0000	      0.0000	      0.0000	      0.0000
      0.0000	      0.0000	      0.0000	      0.0000
      0.0000	      0.0000	      0.0000	      0.0000
     -2.4284	     -1.2115	      0.0000	      0.0000
      0.0000	      0.0000	      0.0000	      0.0000
      0.0000	      0.0000	      0.0000	      0.0000
      0.0000	      0.0000	      0.0000	      0.0000
     -0.2748	      2.8178	      0.0000	      0.0000
      0.0000	      0.0000	      0.0000	      0.0000
      0.0000	      0.0000	      0.0000	      0.0000
      0.0000	      0.0000	      0.0000	      0.0000
      0.7846	      0.0000	      0.0000	      0.0000
      0.0000	      0.0000	      0.0000	      0.0000
      0.0000	      0.0000	      0.0000	      0.0000
      0.0000	      0.0000	      0.0000	      0.0000
     -1.2761	     -3.2770	      6.2738	      0.0000
      0.0000	      0.0000	      0.0000	      0.0000
      0.0000	      0.0000	      0.0000	      0.0000
      0.0000	      0.0000	      0.0000	      0.0000
     -0.2502	     -0.5407	     55.6338	      0.0000
      0.0000	      0.0000	      0.0000	      0.0000
      0.0000	      0.0000	      0.0000	      0.0000
      0.0000	      0.0000	      0.0000	      0.0000
      4.1066	      0.0000	     31.3254	      0.0000
      0.0000	      0.0000	      0.0000	      0.0000
      0.0000	      0.0000	      0.0000	      0.0000
      0.0000	      0.0000	      0.0000	      0.0000
     -0.7985	     -0.9200	      4.3046	      0.0000
      0.0000	      0.0000	      0.0000	      0.0000
      0.0000	      0.0000	      0.0000	      0.0000
      0.0000	      0.0000	      0.0000	      0.0000
     12.2526	     -0.5036	      8.0099	     83.0736
      0.0000	      0.0000	      0.0000	      0.0000
      0.0000	      0.0000	      0.0000	      0.0000
      0.0000	      0.0000	      0.0000	      0.0000
     -0.9209	     -2.9709	     -0.1382	     91.2481
      0.0000	      0.0000	      0.0000	      0.0000
      0.0000	      0.0000	      0.0000	      0.0000
      0.0000	      0.0000	      0.0000	      0.0000
     15.5657	      0.0000	      1.0794	      0.0000
      0.0000	      0.0000	      0.0000	      0.0000
      0.0000	      0.0000	      0.0000	      0.0000
      0.0000	      0.0000	      0.0000	      0.0000
      3.2948	      0.0000	      0.0000	      0.0000
      0.0000	      0.0000	      0.0000	      0.0000
      0.0000	      0.0000	      0.0000	      0.0000
      0.0000	      0.0000	      0.0000	      0.0000
     -2.2662	     -0.5810	     -2.5351	     23.3871
      0.0000	      0.0000	      0.0000	      0.0000
      0.0000	      0.0000	      0.0000	      0.0000
      0.0000	      0.0000	      0.0000	      0.0000
     22.9116	      2.4405	     -1.9054	      2.9454
      0.0000	      0.0000	      0.0000	      0.0000
      0.0000	      0.0000	      0.0000	      0.0000
      0.0000	      0.0000	      0.0000	      0.0000
      1.0879	     -1.7457	     -8.0622	     15.0410
      0.0000	      0.0000	      0.0000	      0.0000
      0.0000	      0.0000	      0.0000	      0.0000
      0.0000	      0.0000	      0.0000	      0.0000
    -21.8839	    -17.4580	    -19.8856	     -8.4051
      0.0000	      0.0000	      0.0000	      0.0000
      0.0000	      0.0000	      0.0000	      0.0000
      0.0000	      0.0000	      0.0000	      0.0000
     -5.6073	     -5.4315	     -7.0976	     -4.6136
      0.0000	      0.0000	      0.0000	      0.0000
      1.6482	      0.0000	      0.0000	      0.0000
      0.0000	      0.0000	      0.0000	      0.0000
     -2.7335	     -3.0471	     -2.2575	     -2.1665
      0.0000	      0.0000	      0.0000	      0.0000
     13.2609	      0.0000	      0.0000	      0.0000
      0.0000	      0.0000	      0.0000	      0.0000
      0.6676	      0.0000	     -2.0191	      0.0000
      0.0000	      0.0000	      0.0000	      0.0000
      3.8564	      0.0000	      0.0000	      0.0000
      0.0000	      0.0000	      0.0000	      0.0000
     -3.9578	     -2.9429	     -2.6117	     19.8351
      0.0000	      0.0000	      0.0000	      0.0000
      0.0000	      0.0000	      0.0000	      0.0000
      0.0000	      0.0000	      0.0000	      0.0000
     -1.0239	     43.0212	     -0.8868	      2.5981
      0.0000	      0.0000	      0.0000	      0.0000
      0.0000	      0.0000	      0.0000	      0.0000
      0.0000	      0.0000	      0.0000	      0.0000
     45.7855	      0.0000	      0.0000	      0.0000
      0.0000	      0.0000	      0.0000	      0.0000
      0.0000	      0.0000	      0.0000	      0.0000
      0.0000	      0.0000	      0.0000	      0.0000
     -1.3153	     20.2615	     -2.4204	     -2.4773
      0.0000	      0.0000	      0.0000	      0.0000
      0.0000	      0.0000	      0.0000	      0.0000
      0.0000	      0.0000	      0.0000	      0.0000
     -1.0638	      5.3079	     -4.5156	     58.4731
      0.0000	      0.0000	      0.0000	      0.0000
      0.0000	      0.0000	      0.0000	      0.0000
      0.0000	      0.0000	      0.0000	      0.0000
     21.1290	     -2.2204	     -4.3563	     47.3699
      0.0000	      0.0000	      0.0000	      0.0000
      0.0000	      0.0000	      0.0000	      0.0000
      0.0000	      0.0000	      0.0000	      0.0000
      0.0000	      4.8516	      0.0000	      0.0000
      0.0000	      0.0000	      0.0000	      0.0000
      0.0000	      0.0000	      0.0000	      0.0000
      0.0000	      0.0000	      0.0000	      0.0000
      4.2461	      0.0000	     -3.4323	      3.6007
      0.0000	      0.0000	      0.0000	      0.0000
      0.0000	      0.0000	      0.0000	      0.0000
      0.0000	      0.0000	      0.0000	      0.0000
     -2.3014	     -3.3972	     -9.4522	      3.2805
      0.0000	      0.0000	      0.0000	      0.0000
      0.0000	      0.0000	      0.0000	      0.0000
      0.0000	      0.0000	      0.0000	      0.0000
     24.5112	      0.0000	     -1.7669	      3.0479
      0.0000	      0.0000	      0.0000	      0.0000
      0.0000	      0.0000	      0.0000	      0.0000
      0.0000	      0.0000	      0.0000	      0.0000
     -0.1968	     -2.1656	     -9.3215	     16.9766
      0.0000	      0.0000	      0.0000	      0.0000
      0.0000	      0.0000	      0.0000	      0.0000
      0.0000	      0.0000	      0.0000	      0.0000
     -3.2228	     -4.5510	    -11.5053	      1.7510
      0.0000	     -5.5367	      0.0000	     -1.6367
      0.0000	      0.0000	      0.0000	      0.0000
      0.0000	      0.0000	      0.0000	      0.0000
    -12.0595	     -9.7001	    -13.4051	    -12.7339
      0.0000	      0.0000	      0.0000	      0.0000
      0.0000	      0.0000	      0.0000	      0.0000
      0.0000	      0.0000	      0.0000	      0.0000
     20.7522	      0.0000	     -3.6182	      0.0000
      0.0000	      0.0000	      0.0000	      0.0000
      0.0000	      0.0000	      0.0000	      0.0000
      0.0000	      0.0000	      0.0000	      0.0000
      0.0000	      0.0000	      0.0000	      0.0000
      0.0000	      0.0000	      0.0000	      0.0000
      0.0000	      0.0000	      0.0000	      0.0000
      0.0000	      0.0000	      0.0000	      0.0000
      1.4815	     36.3431	      0.0000	      0.0000
      0.0000	      0.0000	      0.0000	      0.0000
      0.0000	      0.0000	      0.0000	      0.0000
      0.0000	      0.0000	      0.0000	      0.0000
     -0.6624	     80.2296	      0.0000	     -0.0116
      0.0000	      0.0000	      0.0000	      0.0000
      0.0000	      0.0000	      0.0000	      0.0000
      0.0000	      0.0000	      0.0000	      0.0000
      0.0000	      0.0000	      0.0000	      1.3511
      0.0000	      0.0000	      0.0000	      0.0000
      0.0000	      0.0000	      0.0000	      0.0000
      0.0000	      0.0000	      0.0000	      0.0000
     32.8694	      0.0000	      0.0000	     -0.9281
      0.0000	      0.0000	      0.0000	      0.0000
      0.0000	      0.0000	      0.0000	      0.0000
      0.0000	      0.0000	      0.0000	      0.0000
     13.1291	      1.5985	    151.0317	     45.7314
      0.0000	      0.0000	      0.0000	      0.0000
      0.0000	      0.0000	      0.0000	      0.0000
      0.0000	      0.0000	      0.0000	      0.0000
      0.0000	      0.0000	      0.0000	    121.4007
      0.0000	      0.0000	      0.0000	      0.0000
      0.0000	      0.0000	      0.0000	      0.0000
      0.0000	      0.0000	      0.0000	      0.0000
     22.6358	      0.0000	      0.0000	      0.0000
      0.0000	      0.0000	      0.0000	      0.0000
      0.0000	      0.0000	      0.0000	      0.0000
      0.0000	      0.0000	      0.0000	      0.0000
    114.5507	      0.0000	      8.9975	     43.1434
      0.0000	      0.0000	      0.0000	      0.0000
      0.0000	      0.0000	      0.0000	      0.0000
      0.0000	      0.0000	      0.0000	      0.0000
     -1.4875	     -1.5973	      0.6654	      0.0000
      0.0000	      0.0000	      0.0000	      0.0000
      0.0000	      0.0000	      0.0000	      0.0000
      0.0000	      0.0000	      0.0000	      0.0000
      2.7803	      0.0000	      0.0000	     17.0073
      0.0000	      0.0000	      0.0000	      0.0000
      0.0000	      0.0000	      0.0000	      0.0000
      0.0000	      0.0000	      0.0000	      0.0000
      9.6557	      0.0000	      0.0000	      0.0000
      0.0000	      0.0000	      0.0000	      0.0000
      0.0000	      0.0000	      0.0000	      0.0000
      0.0000	      0.0000	      0.0000	      0.0000
    -22.4643	    -26.4932	    -14.7103	     -6.7291
      0.0000	      0.0000	      0.0000	      0.0000
      0.0000	      0.0000	      0.0000	      0.0000
      0.0000	      0.0000	      0.0000	      0.0000
     -2.4700	    -10.2104	     -9.1435	    -11.6236
     -7.0337	      0.0000	      0.0000	      0.0000
     -5.2376	      0.0000	      0.0000	      0.0000
      0.0000	      0.0000	      0.0000	      0.0000
     -1.1886	     22.0892	      0.0000	      0.0000
      0.0000	      0.0000	      0.0000	      0.0000
      0.0000	      0.0000	      0.0000	      0.0000
      0.0000	      0.0000	      0.0000	      0.0000
     26.7020	      0.0000	      0.0000	      0.0000
      4.7000	      0.0000	      0.0000	      0.0000
     17.6498	      0.0000	      0.0000	      0.0000
      0.0000	      0.0000	      0.0000	      0.0000
     -2.3517	     52.2212	     -2.9808	     -4.3065
      0.0000	      0.0000	      0.0000	      0.0000
      0.0000	      0.0000	      0.0000	      0.0000
      0.0000	      0.0000	      0.0000	      0.0000
     15.9397	      0.1647	     76.8848	      0.0000
      0.0000	      0.0000	      0.0000	      0.0000
      0.0000	      0.0000	      0.0000	      0.0000
      0.0000	      0.0000	      0.0000	      0.0000
    117.2112	      0.0000	      0.0000	      0.0000
      0.0000	      0.0000	      0.0000	      0.0000
      0.0000	      0.0000	      0.0000	      0.0000
      0.0000	      0.0000	      0.0000	      0.0000
     -1.7318	    156.5938	      0.0000	      1.7469
      0.0000	      0.0000	      0.0000	      0.0000
      0.0000	      0.0000	      0.0000	      0.0000
      0.0000	      0.0000	      0.0000	      0.0000
    156.4413	     91.1922	     76.7402	    113.6756
      0.0000	      0.0000	      0.0000	      0.0000
      0.0000	      0.0000	      0.0000	      0.0000
      0.0000	      0.0000	      0.0000	      0.0000
     -1.6194	     22.3740	      5.2925	    118.2045
      0.0000	      0.0000	      0.0000	      0.0000
      0.0000	      0.0000	      0.0000	      0.0000
      0.0000	      0.0000	      0.0000	      0.0000
    106.1809	      0.0000	      0.0000	      4.8758
      0.0000	      0.0000	      0.0000	      0.0000
      0.0000	      0.0000	      0.0000	      0.0000
      0.0000	      0.0000	      0.0000	      0.0000
     41.1692	     37.3133	     50.3193	    113.6324
      0.0000	      0.0000	      0.0000	      0.0000
      0.0000	      0.0000	      0.0000	      0.0000
      0.0000	      0.0000	      0.0000	      0.0000
     -5.8203	     -3.1711	     -2.0555	     70.9267
      0.0000	      0.0000	      0.0000	      0.0000
      0.0000	      0.0000	      0.0000	      0.0000
      0.0000	      0.0000	      0.0000	      0.0000
     11.6065	      0.0000	      0.0000	      0.0000
      7.4701	      0.0000	      0.0000	      0.0000
      0.0000	      0.0000	      0.0000	      0.0000
      0.0000	      0.0000	      0.0000	      0.0000
     13.1034	      0.0000	      0.0000	      0.0000
      0.0000	      0.0000	      0.0000	      0.0000
      0.0000	      0.0000	      0.0000	      0.0000
      0.0000	      0.0000	      0.0000	      0.0000
     -8.4337	    -11.4380	    -13.5090	     -3.4457
     -5.6551	     -0.9320	     -9.9125	      0.0000
      0.0000	      0.0000	      0.0000	      0.0000
      0.0000	      0.0000	      0.0000	      0.0000
    -16.6329	     -9.7949	    -18.9342	    -16.5338
     -4.7143	      0.0000	      0.0000	      0.0000
     -6.5542	      0.0000	      0.0000	      0.0000
      0.0000	      0.0000	      0.0000	      0.0000
      7.5561	     -0.5723	     -3.1223	     -2.4249
      0.0000	      0.0000	      0.0000	      0.0000
     17.3790	      0.0000	      0.0000	      0.0000
      0.0000	      0.0000	      0.0000	      0.0000
     18.9335	     11.8066	      4.4782	     -0.8053
      0.0000	      0.0000	      0.0000	      0.0000
     20.0876	      0.0000	      0.0000	      0.0000
      0.0000	      0.0000	      0.0000	      0.0000
     -6.5808	     54.1199	     -6.4814	     -6.3771
      0.0000	      0.0000	      0.0000	      0.0000
      0.0000	      0.0000	      0.0000	      0.0000
      0.0000	      0.0000	      0.0000	      0.0000
     33.0870	     85.2768	      6.0322	     28.8046
      0.0000	      0.0000	      0.0000	      0.0000
      0.0000	      0.0000	      0.0000	      0.0000
      0.0000	      0.0000	      0.0000	      0.0000
    112.9823	      3.8205	      0.0000	      0.4534
      0.0000	      0.0000	      0.0000	      0.0000
      0.0000	      0.0000	      0.0000	      0.0000
      0.0000	      0.0000	      0.0000	      0.0000
      0.0000	     70.4929	      7.0967	     26.0460
      0.0000	      0.0000	      0.0000	      0.0000
      0.0000	      0.0000	      0.0000	      0.0000
      0.0000	      0.0000	      0.0000	      0.0000
     95.5705	     77.2832	     58.7221	     65.3282
      0.0000	      0.0000	      0.0000	      0.0000
      0.0000	      0.0000	      0.0000	      0.0000
      0.0000	      0.0000	      0.0000	      0.0000
     62.0002	     -2.2520	     -2.8322	     92.2594
      0.0000	      0.0000	      0.0000	      0.0000
      0.0000	      0.0000	      0.0000	      0.0000
      0.0000	      0.0000	      0.0000	      0.0000
     84.2555	      0.0000	      9.1082	      0.0000
      0.0000	      0.0000	      0.0000	      0.0000
      0.0000	      0.0000	      0.0000	      0.0000
      0.0000	      0.0000	      0.0000	      0.0000
     20.1408	     -1.6915	      1.1093	     66.8708
      0.0000	      0.0000	      0.0000	      0.0000
      0.0000	      0.0000	      0.0000	      0.0000
      0.0000	      0.0000	      0.0000	      0.0000
     -4.0440	     -3.1269	     -7.5340	     18.9259
      0.0000	      0.0000	      0.0000	      0.0000
      0.0000	      0.0000	      0.0000	      0.0000
      0.0000	      0.0000	      0.0000	      0.0000
     19.1357	      0.0000	     -1.3481	      6.9012
      2.8201	      0.0000	      0.0000	      0.0000
      0.0000	      0.0000	      0.0000	      0.0000
      0.0000	      0.0000	      0.0000	      0.0000
     -0.1039	     -1.3134	     -6.0081	     13.6718
      0.0000	      0.0000	      0.0000	      0.0000
      0.0000	      0.0000	      0.0000	      0.0000
      0.0000	      0.0000	      0.0000	      0.0000
     -9.1066	    -10.8063	     -9.5702	     -9.8448
     -7.1686	     -0.8606	    -11.7108	     -3.6364
      0.0000	      0.0000	      0.0000	      0.0000
      0.0000	      0.0000	      0.0000	      0.0000
    -52.0604	    -52.6990	    -47.2022	    -54.1870
      0.0000	      0.0000	      0.0000	      0.0000
      0.0000	      0.0000	      0.0000	      0.0000
      0.0000	      0.0000	      0.0000	      0.0000
      0.0000	      0.0000	      0.0000	    -20.9666
      0.0000	      0.0000	      0.0000	      0.0000
      0.0000	      0.0000	      0.0000	      0.0000
      0.0000	      0.0000	      0.0000	      0.0000
      0.0000	      0.0000	      0.0000	      0.0000
      0.0000	      0.0000	      0.0000	      0.0000
      0.0000	      0.0000	      0.0000	      0.0000
      0.0000	      0.0000	      0.0000	      0.0000
     -1.0295	      7.6908	      0.0000	      0.0000
      0.0000	      0.0000	      0.0000	      0.0000
      0.0000	      0.0000	      0.0000	      0.0000
      0.0000	      0.0000	      0.0000	      0.0000
      0.0000	      0.0000	      0.0000	      0.0000
      0.0000	      0.0000	      0.0000	      0.0000
      0.0000	      0.0000	      0.0000	      0.0000
      0.0000	      0.0000	      0.0000	      0.0000
      4.8946	      0.0000	      0.0000	      0.0000
      0.0000	      0.0000	      0.0000	      0.0000
      0.0000	      0.0000	      0.0000	      0.0000
      0.0000	      0.0000	      0.0000	      0.0000
      0.0000	      0.0000	      0.0000	      0.0000
      0.0000	      0.0000	      0.0000	      0.0000
      0.0000	      0.0000	      0.0000	      0.0000
      0.0000	      0.0000	      0.0000	      0.0000
      0.0000	     49.5209	      0.0000	      0.0000
      0.0000	      0.0000	      0.0000	      0.0000
      0.0000	      0.0000	      0.0000	      0.0000
      0.0000	      0.0000	      0.0000	      0.0000
      0.0576	      0.0000	      0.0000	      0.0000
      0.0000	      0.0000	      0.0000	      0.0000
      0.0000	      0.0000	      0.0000	      0.0000
      0.0000	      0.0000	      0.0000	      0.0000
      0.0000	      0.0000	      0.0000	      0.0000
      0.0000	      0.0000	      0.0000	      0.0000
      0.0000	      0.0000	      0.0000	      0.0000
      0.0000	      0.0000	      0.0000	      0.0000
      0.0000	      0.0000	      0.0000	      0.0000
      0.0000	      0.0000	      0.0000	      0.0000
      0.0000	      0.0000	      0.0000	      0.0000
      0.0000	      0.0000	      0.0000	      0.0000
      0.0000	      0.0000	      0.0000	      0.0000
      0.0000	      0.0000	      0.0000	      0.0000
      0.0000	      0.0000	      0.0000	      0.0000
      0.0000	      0.0000	      0.0000	      0.0000
      0.0000	      0.0000	    -11.4502	      0.0000
      0.0000	      0.0000	      0.0000	      0.0000
      0.0000	      0.0000	      0.0000	      0.0000
      0.0000	      0.0000	      0.0000	      0.0000
      0.0000	      0.0000	      0.0000	      0.0000
      0.0000	      0.0000	      0.0000	      0.0000
      0.0000	      0.0000	      0.0000	      0.0000
      0.0000	      0.0000	      0.0000	      0.0000
    -22.1046	     -4.9790	     -6.8784	     -1.9928
      0.0000	      0.0000	      0.0000	      0.0000
      0.0000	      0.0000	      0.0000	      0.0000
      0.0000	      0.0000	      0.0000	      0.0000
    -10.2056	    -10.3651	    -17.7097	    -13.3328
      0.0000	      0.0000	      0.0000	      0.0000
      0.0000	      0.0000	      0.0000	      0.0000
      0.0000	      0.0000	      0.0000	      0.0000
     -0.3834	      0.9699	      0.0000	      0.0000
      0.0000	      0.0000	      0.0000	      0.0000
      0.0000	      0.0000	      0.0000	      0.0000
      0.0000	      0.0000	      0.0000	      0.0000
      9.5757	      0.0000	      0.0000	      0.0000
      0.0000	      0.0000	      0.0000	      0.0000
      0.0000	      0.0000	      0.0000	      0.0000
      0.0000	      0.0000	      0.0000	      0.0000
     -1.2638	      0.4787	      0.0000	      0.0000
      0.0000	      0.0000	      0.0000	      0.0000
      0.0000	      0.0000	      0.0000	      0.0000
      0.0000	      0.0000	      0.0000	      0.0000
     -0.3679	     34.8889	      0.0000	      0.0000
      0.0000	      0.0000	      0.0000	      0.0000
      0.0000	      0.0000	      0.0000	      0.0000
      0.0000	      0.0000	      0.0000	      0.0000
      8.2749	      0.0000	      0.0000	      0.0000
      0.0000	      0.0000	      0.0000	      0.0000
      0.0000	      0.0000	      0.0000	      0.0000
      0.0000	      0.0000	      0.0000	      0.0000
     -1.2789	     97.2052	      0.0000	      0.0000
      0.0000	      0.0000	      0.0000	      0.0000
      0.0000	      0.0000	      0.0000	      0.0000
      0.0000	      0.0000	      0.0000	      0.0000
     12.6005	    118.6879	      0.0000	     21.9317
      0.0000	      0.0000	      0.0000	      0.0000
      0.0000	      0.0000	      0.0000	      0.0000
      0.0000	      0.0000	      0.0000	      0.0000
     -0.9347	      0.7997	      0.0000	      0.0000
      0.0000	      0.0000	      0.0000	      0.0000
      0.0000	      0.0000	      0.0000	      0.0000
      0.0000	      0.0000	      0.0000	      0.0000
     13.6431	      0.0000	      0.0000	      0.0000
      0.0000	      0.0000	      0.0000	      0.0000
      0.0000	      0.0000	      0.0000	      0.0000
      0.0000	      0.0000	      0.0000	      0.0000
     55.0722	     15.5939	      0.0000	     19.6322
      0.0000	      0.0000	      0.0000	      0.0000
      0.0000	      0.0000	      0.0000	      0.0000
      0.0000	      0.0000	      0.0000	      0.0000
     -2.0940	     -3.6846	      0.0000	      0.0000
      0.0000	      0.0000	      0.0000	      0.0000
      0.0000	      0.0000	      0.0000	      0.0000
      0.0000	      0.0000	      0.0000	      0.0000
      0.0000	      0.0000	      0.0000	      0.0000
      0.0000	      0.0000	      0.0000	      0.0000
      0.0000	      0.0000	      0.0000	      0.0000
      0.0000	      0.0000	      0.0000	      0.0000
      8.0801	     -0.4967	      0.0000	      0.0000
      0.0000	      0.0000	      0.0000	      0.0000
      0.0000	      0.0000	      0.0000	      0.0000
      0.0000	      0.0000	      0.0000	      0.0000
     -1.2599	     -2.3738	     -5.1138	    -10.1823
      0.0000	      0.0000	      0.0000	      0.0000
      0.0000	      0.0000	      0.0000	      0.0000
      0.0000	      0.0000	      0.0000	      0.0000
     -1.1909	     -1.2895	    -12.9362	     -7.8771
      0.0000	      0.0000	      0.0000	      0.0000
      0.0000	      0.0000	      0.0000	      0.0000
      0.0000	      0.0000	      0.0000	      0.0000
     -0.9873	      3.2827	     -7.3209	     -1.5959
      0.0000	      0.0000	      0.0000	      0.0000
      0.0000	      0.0000	      0.0000	      0.0000
      0.0000	      0.0000	      0.0000	      0.0000
     18.4444	      0.0000	      0.0000	      0.0000
      0.0000	      0.0000	      0.0000	      0.0000
      0.0000	      0.0000	      0.0000	      0.0000
      0.0000	      0.0000	      0.0000	      0.0000
     -1.7910	      2.2521	      0.0000	      0.0000
      0.0000	      0.0000	      0.0000	      0.0000
      0.0000	      0.0000	      0.0000	      0.0000
      0.0000	      0.0000	      0.0000	      0.0000
      0.0000	     67.7881	      0.0000	      0.0000
      0.0000	      0.0000	      0.0000	      0.0000
      0.0000	      0.0000	      0.0000	      0.0000
      0.0000	      0.0000	      0.0000	      0.0000
      4.5242	     15.0675	      0.0000	      0.0000
      0.0000	      0.0000	      0.0000	      0.0000
      0.0000	      0.0000	      0.0000	      0.0000
      0.0000	      0.0000	      0.0000	      0.0000
     -0.4173	     77.5806	      0.0000	      0.0000
      0.0000	      0.0000	      0.0000	      0.0000
      0.0000	      0.0000	      0.0000	      0.0000
      0.0000	      0.0000	      0.0000	      0.0000
     -0.6132	     72.1986	     -1.2863	      0.0000
      0.0000	      0.0000	      0.0000	      0.0000
      0.0000	      0.0000	      0.0000	      0.0000
      0.0000	      0.0000	      0.0000	      0.0000
     -0.4729	      7.4812	      0.0000	      0.0000
      0.0000	      0.0000	      0.0000	      0.0000
      0.0000	      0.0000	      0.0000	      0.0000
      0.0000	      0.0000	      0.0000	      0.0000
      5.8414	      0.0000	      0.0000	      0.0000
      0.0000	      0.0000	      0.0000	      0.0000
      0.0000	      0.0000	      0.0000	      0.0000
      0.0000	      0.0000	      0.0000	      0.0000
     31.6486	      8.8472	      0.0000	      0.0000
      0.0000	      0.0000	      0.0000	      0.0000
      0.0000	      0.0000	      0.0000	      0.0000
      0.0000	      0.0000	      0.0000	      0.0000
     -2.8110	     -2.4735	     -2.5283	     -0.1290
      0.0000	      0.0000	      0.0000	      0.0000
      0.0000	      0.0000	      0.0000	      0.0000
      0.0000	      0.0000	      0.0000	      0.0000
      3.9976	      0.0000	      0.0000	      0.0000
      2.4462	      0.0000	      0.0000	      0.0000
      0.0000	      0.0000	      0.0000	      0.0000
      0.0000	      0.0000	      0.0000	      0.0000
     -0.3990	     -1.8867	      2.0174	      0.0000
      0.0000	      0.0000	      0.0000	      0.0000
      0.0000	      0.0000	      0.0000	      0.0000
      0.0000	      0.0000	      0.0000	      0.0000
    -10.1553	     -6.3087	     -4.5262	     -4.4607
      0.0000	      0.0000	      0.0000	      0.0000
      0.0000	      0.0000	      0.0000	      0.0000
      0.0000	      0.0000	      0.0000	      0.0000
     -3.9538	    -14.9785	    -12.0336	     -2.6656
      0.0000	      0.0000	      0.0000	      0.0000
      0.0000	      0.0000	      0.0000	      0.0000
      0.0000	      0.0000	      0.0000	      0.0000
      1.2597	      0.0000	      0.0000	      0.0000
      0.0000	      0.0000	      0.0000	      0.0000
      0.0000	      0.0000	      0.0000	      0.0000
      0.0000	      0.0000	      0.0000	      0.0000
     10.4565	      0.0000	      0.0000	      0.0000
      0.0000	      0.0000	      0.0000	      0.0000
      0.0000	      0.0000	      0.0000	      0.0000
      0.0000	      0.0000	      0.0000	      0.0000
     -2.6106	     -2.3216	     22.5036	      0.0000
      0.0000	      0.0000	      0.0000	      0.0000
      0.0000	      0.0000	      0.0000	      0.0000
      0.0000	      0.0000	      0.0000	      0.0000
     14.1266	      0.0000	      0.0000	      0.0000
      0.0000	      0.0000	      0.0000	      0.0000
      0.0000	      0.0000	      0.0000	      0.0000
      0.0000	      0.0000	      0.0000	      0.0000
      1.9313	      0.0000	      0.0000	      0.0000
      0.0000	      0.0000	      0.0000	      0.0000
      0.0000	      0.0000	      0.0000	      0.0000
      0.0000	      0.0000	      0.0000	      0.0000
      0.0000	      0.0000	      0.0000	      0.7776
      0.0000	      0.0000	      0.0000	      0.0000
      0.0000	      0.0000	      0.0000	      0.0000
      0.0000	      0.0000	      0.0000	      0.0000
     13.4068	      2.0025	      0.0000	      0.0000
      0.0000	      0.0000	      0.0000	      0.0000
      0.0000	      0.0000	      0.0000	      0.0000
      0.0000	      0.0000	      0.0000	      0.0000
      0.0000	      0.0000	      0.0000	     19.8308
      0.0000	      0.0000	      0.0000	      0.0000
      0.0000	      0.0000	      0.0000	      0.0000
      0.0000	      0.0000	      0.0000	      0.0000
     10.1051	      0.0000	      0.0000	      0.0000
      0.0000	      0.0000	      0.0000	      0.0000
      0.0000	      0.0000	      0.0000	      0.0000
      0.0000	      0.0000	      0.0000	      0.0000
      0.0000	      0.0000	      0.0000	      0.0000
      0.0000	      0.0000	      0.0000	      0.0000
      0.0000	      0.0000	      0.0000	      0.0000
      0.0000	      0.0000	      0.0000	      0.0000
      0.0000	      0.0000	      0.0000	      0.0000
      0.0000	      0.0000	      0.0000	      0.0000
      0.0000	      0.0000	      0.0000	      0.0000
      0.0000	      0.0000	      0.0000	      0.0000
      7.6793	      0.0000	    -10.1037	     47.5090
      0.0000	      0.0000	      0.0000	      0.0000
      0.0000	      0.0000	      0.0000	      0.0000
      0.0000	      0.0000	      0.0000	      0.0000
     -0.5588	     -0.0101	     -7.5165	      6.9682
      0.0000	      0.0000	      0.0000	      0.0000
      0.0000	      0.0000	      0.0000	      0.0000
      0.0000	      0.0000	      0.0000	      0.0000
    -32.9432	    -29.6073	    -38.2366	    -38.3426
      0.0000	      0.0000	      0.0000	      0.0000
      0.0000	      0.0000	      0.0000	      0.0000
      0.0000	      0.0000	      0.0000	      0.0000
     -1.7208	     -1.7453	      0.4102	     -3.1147
      0.0000	      0.0000	      0.0000	      0.0000
      0.0000	      0.0000	      0.0000	      0.0000
      0.0000	      0.0000	      0.0000	      0.0000
     -1.0781	     -0.9313	      0.0000	      0.0000
      0.0000	      0.0000	      0.0000	      0.0000
      0.0000	      0.0000	      0.0000	      0.0000
      0.0000	      0.0000	      0.0000	      0.0000
      8.0819	      0.0000	      0.0000	      0.0000
      0.0000	      0.0000	      0.0000	      0.0000
      0.0000	      0.0000	      0.0000	      0.0000
      0.0000	      0.0000	      0.0000	      0.0000
     -1.1041	     -2.8252	     -2.4136	     -2.6872
      0.0000	      0.0000	      0.0000	      0.0000
      0.0000	      0.0000	      0.0000	      0.0000
      0.0000	      0.0000	      0.0000	      0.0000
     18.8956	      0.0000	      0.0000	      0.0000
      0.0000	      0.0000	      0.0000	      0.0000
      0.0000	      0.0000	      0.0000	      0.0000
      0.0000	      0.0000	      0.0000	      0.0000
     40.1358	      0.0000	      0.0000	      0.0000
      0.0000	      0.0000	      0.0000	      0.0000
      0.0000	      0.0000	      0.0000	      0.0000
      0.0000	      0.0000	      0.0000	      0.0000
     -0.9646	      0.0000	      0.0000	      0.0000
      0.0000	      0.0000	      0.0000	      0.0000
      0.0000	      0.0000	      0.0000	      0.0000
      0.0000	      0.0000	      0.0000	      0.0000
     -0.7069	     -2.1621	     54.1117	      0.0000
      0.0000	      0.0000	      0.0000	      0.0000
      0.0000	      0.0000	      0.0000	      0.0000
      0.0000	      0.0000	      0.0000	      0.0000
     -0.7867	     -2.3502	     -1.9220	    103.4774
      0.0000	      0.0000	      0.0000	      0.0000
      0.0000	      0.0000	      0.0000	      0.0000
      0.0000	      0.0000	      0.0000	      0.0000
     13.4074	      0.0000	      0.0000	      0.0000
      0.0000	      0.0000	      0.0000	      0.0000
      0.0000	      0.0000	      0.0000	      0.0000
      0.0000	      0.0000	      0.0000	      0.0000
     -0.5715	     -1.9322	     -1.1069	     11.7255
      0.0000	      0.0000	      0.0000	      0.0000
      0.0000	      0.0000	      0.0000	      0.0000
      0.0000	      0.0000	      0.0000	      0.0000
     -1.7715	     -9.3111	     -0.3818	      0.2273
      0.0000	      0.0000	      0.0000	      0.0000
      0.0000	      0.0000	      0.0000	      0.0000
      0.0000	      0.0000	      0.0000	      0.0000
     11.9795	      0.0000	      0.2122	      0.0000
      0.0000	      0.0000	      0.0000	      0.0000
      0.0000	      0.0000	      0.0000	      0.0000
      0.0000	      0.0000	      0.0000	      0.0000
     -0.9436	     -2.8244	     -6.0905	      6.8338
      0.0000	      0.0000	      0.0000	      0.0000
      0.0000	      0.0000	      0.0000	      0.0000
      0.0000	      0.0000	      0.0000	      0.0000
    -34.4169	    -44.0551	    -37.3552	    -32.7931
      0.0000	      0.0000	      0.0000	      0.0000
      0.0000	      0.0000	      0.0000	      0.0000
      0.0000	      0.0000	      0.0000	      0.0000
    -12.1248	    -11.9478	     -9.7496	    -12.3451
      0.0000	      0.0000	      0.0000	      0.0000
      0.0000	      0.0000	      0.0000	      0.0000
      0.0000	      0.0000	      0.0000	      0.0000
     -0.8158	     -1.1331	     -0.1988	     -1.8466
      0.0000	      0.0000	      0.0000	      0.0000
      0.0000	      0.0000	      0.0000	      0.0000
      0.0000	      0.0000	      0.0000	      0.0000
      5.3806	      0.0000	      0.0000	      0.0000
      0.0000	      0.0000	      0.0000	      0.0000
      0.0000	      0.0000	      0.0000	      0.0000
      0.0000	      0.0000	      0.0000	      0.0000
     -6.2721	     -6.4087	     -8.7020	     -3.8075
      0.0000	      0.0000	      0.0000	      0.0000
      0.0000	      0.0000	      0.0000	      0.0000
      0.0000	      0.0000	      0.0000	      0.0000
     -0.7251	     -0.3684	     -2.3816	     15.3664
      0.0000	      0.0000	      0.0000	      0.0000
      0.0000	      0.0000	      0.0000	      0.0000
      0.0000	      0.0000	      0.0000	      0.0000
     15.3420	      0.0000	      0.0000	      0.0000
      0.0000	      0.0000	      0.0000	      0.0000
      0.0000	      0.0000	      0.0000	      0.0000
      0.0000	      0.0000	      0.0000	      0.0000
     -5.0309	      2.1131	     -5.3692	     -5.2819
      0.0000	      0.0000	      0.0000	      0.0000
      0.0000	      0.0000	      0.0000	      0.0000
      0.0000	      0.0000	      0.0000	      0.0000
     -0.4626	     -0.8641	     -4.1954	     29.3489
      0.0000	      0.0000	      0.0000	      0.0000
      0.0000	      0.0000	      0.0000	      0.0000
      0.0000	      0.0000	      0.0000	      0.0000
     -0.7672	     -3.5109	     -7.5753	     28.3336
      0.0000	      0.0000	      0.0000	      0.0000
      0.0000	      0.0000	      0.0000	      0.0000
      0.0000	      0.0000	      0.0000	      0.0000
      9.0319	      0.0000	      0.0000	      0.0000
      0.0000	      0.0000	      0.0000	      0.0000
      0.0000	      0.0000	      0.0000	      0.0000
      0.0000	      0.0000	      0.0000	      0.0000
     -0.0325	     -2.0539	     -4.3938	     12.5038
      0.0000	      0.0000	      0.0000	      0.0000
      0.0000	      0.0000	      0.0000	      0.0000
      0.0000	      0.0000	      0.0000	      0.0000
     -6.9890	     -6.6108	     -8.6949	     10.8148
      0.0000	      0.0000	      0.0000	      0.0000
      0.0000	      0.0000	      0.0000	      0.0000
      0.0000	      0.0000	      0.0000	      0.0000
     11.7092	      0.2083	      0.0000	      0.0000
      0.0000	      0.0000	      0.0000	      0.0000
      0.0000	      0.0000	      0.0000	      0.0000
      0.0000	      0.0000	      0.0000	      0.0000
     -0.2289	     -1.8066	     -6.9977	      7.4507
      0.0000	      0.0000	      0.0000	      0.0000
      0.0000	      0.0000	      0.0000	      0.0000
      0.0000	      0.0000	      0.0000	      0.0000
    -20.7352	    -17.0629	    -29.4848	    -16.1943
      0.0000	      0.0000	      0.0000	      0.0000
      0.0000	      0.0000	      0.0000	      0.0000
      0.0000	      0.0000	      0.0000	      0.0000
    -16.3164	    -16.2221	    -23.2944	    -19.7908
      0.0000	      0.0000	      0.0000	      0.0000
      0.0000	      0.0000	      0.0000	      0.0000
      0.0000	      0.0000	      0.0000	      0.0000
      1.7360	      0.0000	      0.0000	      0.0000
      0.0000	      0.0000	      0.0000	      0.0000
      0.0000	      0.0000	      0.0000	      0.0000
      0.0000	      0.0000	      0.0000	      0.0000
      0.0000	      0.0000	      0.0000	      0.0000
      0.0000	      0.0000	      0.0000	      0.0000
      0.0000	      0.0000	      0.0000	      0.0000
      0.0000	      0.0000	      0.0000	      0.0000
     -2.4696	     -1.5346	     35.6089	     -2.8835
      0.0000	      0.0000	      0.0000	      0.0000
      0.0000	      0.0000	      0.0000	      0.0000
      0.0000	      0.0000	      0.0000	      0.0000
      0.4758	      9.9874	     76.8064	      0.0000
      0.0000	      0.0000	      0.0000	      0.0000
      0.0000	      0.0000	      0.0000	      0.0000
      0.0000	      0.0000	      0.0000	      0.0000
     27.5346	      0.0000	      0.0000	      0.0000
      0.0000	      0.0000	      0.0000	      0.0000
      0.0000	      0.0000	      0.0000	      0.0000
      0.0000	      0.0000	      0.0000	      0.0000
     -0.9477	     70.8304	      0.0000	      0.0000
      0.0000	      0.0000	      0.0000	      0.0000
      0.0000	      0.0000	      0.0000	      0.0000
      0.0000	      0.0000	      0.0000	      0.0000
    130.2067	     80.2924	     27.0248	     36.6957
      0.0000	      0.0000	      0.0000	      0.0000
      0.0000	      0.0000	      0.0000	      0.0000
      0.0000	      0.0000	      0.0000	      0.0000
     -1.3174	     -1.7443	     85.5446	      0.0000
      0.0000	      0.0000	      0.0000	      0.0000
      0.0000	      0.0000	      0.0000	      0.0000
      0.0000	      0.0000	      0.0000	      0.0000
     23.0310	      0.0000	      0.0000	      0.0000
      0.0000	      0.0000	      0.0000	      0.0000
      0.0000	      0.0000	      0.0000	      0.0000
      0.0000	      0.0000	      0.0000	      0.0000
     86.7887	     17.2753	     15.1990	      1.7690
      0.0000	      0.0000	      0.0000	      0.0000
      0.0000	      0.0000	      0.0000	      0.0000
      0.0000	      0.0000	      0.0000	      0.0000
     -1.4094	     -2.3126	     -1.2054	     23.8449
      0.0000	      0.0000	      0.0000	      0.0000
      0.0000	      0.0000	      0.0000	      0.0000
      0.0000	      0.0000	      0.0000	      0.0000
      4.0427	      0.0000	      0.0000	      0.0000
      0.0000	      0.0000	      0.0000	      0.0000
      0.0000	      0.0000	      0.0000	      0.0000
      0.0000	      0.0000	      0.0000	      0.0000
      2.2813	      0.0000	      0.0000	      0.0000
      0.0000	      0.0000	      0.0000	      0.0000
      0.0000	      0.0000	      0.0000	      0.0000
      0.0000	      0.0000	      0.0000	      0.0000
    -22.0779	    -24.0920	    -23.2418	    -25.2490
      0.0000	      0.0000	      0.0000	      0.0000
      0.0000	      0.0000	      0.0000	      0.0000
      0.0000	      0.0000	      0.0000	      0.0000
     -8.3449	     -8.7999	     -8.4044	     -9.7469
      0.0000	      0.0000	      0.0000	      0.0000
      0.0000	      0.0000	      0.0000	      0.0000
      0.0000	      0.0000	      0.0000	      0.0000
      1.0591	     18.7834	     -3.3715	     -0.9298
      0.0000	      0.0000	      0.0000	      0.0000
      0.0000	      0.0000	      0.0000	      0.0000
      0.0000	      0.0000	      0.0000	      0.0000
      6.2812	     43.7890	      0.0000	      0.9165
      0.0000	      0.0000	      0.0000	      0.0000
      0.0000	      0.0000	      0.0000	      0.0000
      0.0000	      0.0000	      0.0000	      0.0000
     -7.0997	     31.3223	     -4.2030	     -4.6342
      0.0000	      0.0000	      0.0000	      0.0000
      0.0000	      0.0000	      0.0000	      0.0000
      0.0000	      0.0000	      0.0000	      0.0000
     25.8361	     93.4973	      6.6544	      5.2922
      0.0000	      0.0000	      0.0000	      0.0000
      0.0000	      0.0000	      0.0000	      0.0000
      0.0000	      0.0000	      0.0000	      0.0000
     86.2187	     17.1362	     10.8901	     28.5991
      0.0000	      0.0000	      0.0000	      0.0000
      0.0000	      0.0000	      0.0000	      0.0000
      0.0000	      0.0000	      0.0000	      0.0000
     -0.5947	     23.8313	     33.8468	      1.5292
      0.0000	      0.0000	      0.0000	      0.0000
      0.0000	      0.0000	      0.0000	      0.0000
      0.0000	      0.0000	      0.0000	      0.0000
    102.6452	     82.6924	     65.8468	     62.9632
      0.0000	      0.0000	      0.0000	      0.0000
      0.0000	      0.0000	      0.0000	      0.0000
      0.0000	      0.0000	      0.0000	      0.0000
     19.6421	      1.5823	     24.6230	    108.8672
      0.0000	      0.0000	      0.0000	      0.0000
      0.0000	      0.0000	      0.0000	      0.0000
      0.0000	      0.0000	      0.0000	      0.0000
     49.0435	     13.2639	      0.0000	      0.0000
      0.0000	      0.0000	      0.0000	      0.0000
      0.0000	      0.0000	      0.0000	      0.0000
      0.0000	      0.0000	      0.0000	      0.0000
     13.9902	     17.7928	     25.4373	     61.8918
      0.0000	      0.0000	      0.0000	      0.0000
      0.0000	      0.0000	      0.0000	      0.0000
      0.0000	      0.0000	      0.0000	      0.0000
     -1.4209	     -3.8301	     -1.3787	     27.5411
      0.0000	      0.0000	      0.0000	      0.0000
      0.0000	      0.0000	      0.0000	      0.0000
      0.0000	      0.0000	      0.0000	      0.0000
     26.7484	      0.0000	     -3.3036	      1.1298
      0.0000	      0.0000	      0.0000	      0.0000
      0.0000	      0.0000	      0.0000	      0.0000
      0.0000	      0.0000	      0.0000	      0.0000
      0.3587	      0.0000	      0.0000	      2.9944
      0.0000	      0.0000	      0.0000	      0.0000
      0.0000	      0.0000	      0.0000	      0.0000
      0.0000	      0.0000	      0.0000	      0.0000
     -4.8015	     -6.3443	    -15.8801	     -8.8729
      0.0000	      0.0000	      0.0000	      0.0000
      0.0000	      0.0000	      0.0000	      0.0000
      0.0000	      0.0000	      0.0000	      0.0000
    -18.7575	    -11.5734	    -21.3717	    -22.8730
      0.0000	      0.0000	      0.0000	      0.0000
      0.0000	      0.0000	      0.0000	      0.0000
      0.0000	      0.0000	      0.0000	      0.0000
      3.1490	     11.8341	     -1.6427	      0.0000
      0.0000	      0.0000	      0.0000	      0.0000
      0.0000	      0.0000	      0.0000	      0.0000
      0.0000	      0.0000	      0.0000	      0.0000
     -2.8208	     -1.4192	      2.6570	     12.4946
      0.0000	      0.0000	      0.0000	      0.0000
      0.0000	      0.0000	      0.0000	      0.0000
      0.0000	      0.0000	      0.0000	      0.0000
     -5.5081	     16.5579	    -15.4926	     -4.4383
      0.0000	      0.0000	      0.0000	      0.0000
      0.0000	      0.0000	      0.0000	      0.0000
      0.0000	      0.0000	      0.0000	      0.0000
      3.7916	     59.4347	     -2.4912	     -3.3278
      0.0000	      0.0000	      0.0000	      0.0000
      0.0000	      0.0000	      0.0000	      0.0000
      0.0000	      0.0000	      0.0000	      0.0000
     63.1081	     10.0136	     -2.6175	      0.0000
      0.0000	      0.0000	      0.0000	      0.0000
      0.0000	      0.0000	      0.0000	      0.0000
      0.0000	      0.0000	      0.0000	      0.0000
     12.8820	     52.7654	    -10.7861	     -3.3191
      0.0000	      0.0000	      0.0000	      0.0000
      0.0000	      0.0000	      0.0000	      0.0000
      0.0000	      0.0000	      0.0000	      0.0000
     53.5541	     13.6258	     -1.5584	     37.0008
      0.0000	      0.0000	      0.0000	      0.0000
      0.0000	      0.0000	      0.0000	      0.0000
      0.0000	      0.0000	      0.0000	      0.0000
     -3.4370	      5.4705	     -4.0656	     70.4217
      0.0000	      0.0000	      0.0000	      0.0000
      0.0000	      0.0000	      0.0000	      0.0000
      0.0000	      0.0000	      0.0000	      0.0000
     29.8657	      0.0000	      0.0000	      0.0000
      0.0000	      0.0000	      0.0000	      0.0000
      0.0000	      0.0000	      0.0000	      0.0000
      0.0000	      0.0000	      0.0000	      0.0000
      0.0432	      1.5667	    -11.4718	     44.9522
      0.0000	      0.0000	      0.0000	      0.0000
      0.0000	      0.0000	      0.0000	      0.0000
      0.0000	      0.0000	      0.0000	      0.0000
     -5.5229	     -7.1759	     -5.2791	      7.7141
      0.0000	      0.0000	      0.0000	      0.0000
      0.0000	      0.0000	      0.0000	      0.0000
      0.0000	      0.0000	      0.0000	      0.0000
     11.3458	      0.0000	      0.0000	      0.0000
      0.0000	      0.0000	      0.0000	      0.0000
      0.0000	      0.0000	      0.0000	      0.0000
      0.0000	      0.0000	      0.0000	      0.0000
     -1.3222	     -2.0575	     -2.2197	      0.9258
      0.0000	      0.0000	      0.0000	      0.0000
      0.0000	      0.0000	      0.0000	      0.0000
      0.0000	      0.0000	      0.0000	      0.0000
    -19.9226	    -21.9104	    -21.0058	    -19.4621
      0.0000	      0.0000	      0.0000	      0.0000
      0.0000	      0.0000	      0.0000	      0.0000
      0.0000	      0.0000	      0.0000	      0.0000
    -46.1107	    -33.3852	    -52.9766	    -46.3656
      0.0000	      0.0000	      0.0000	      0.0000
      0.0000	      0.0000	      0.0000	      0.0000
      0.0000	      0.0000	      0.0000	      0.0000
      0.0000	      0.0000	      0.0000	      0.0000
      0.0000	      0.0000	      0.0000	      0.0000
      0.0000	      0.0000	      0.0000	      0.0000
      0.0000	      0.0000	      0.0000	      0.0000
      2.5379	      0.0000	      0.0000	      0.0000
      0.0000	      0.0000	      0.0000	      0.0000
      0.0000	      0.0000	      0.0000	      0.0000
      0.0000	      0.0000	      0.0000	      0.0000
      0.0000	      0.0000	      0.0000	      0.0000
      0.0000	      0.0000	      0.0000	      0.0000
      0.0000	      0.0000	      0.0000	      0.0000
      0.0000	      0.0000	      0.0000	      0.0000
      3.4394	      0.0000	      0.0000	      0.0000
      0.0000	      0.0000	      0.0000	      0.0000
      0.0000	      0.0000	      0.0000	      0.0000
      0.0000	      0.0000	      0.0000	      0.0000
      0.0000	      0.0000	      0.0000	      0.0000
      0.0000	      0.0000	      0.0000	      0.0000
      0.0000	      0.0000	      0.0000	      0.0000
      0.0000	      0.0000	      0.0000	      0.0000
     -1.0017	     10.8345	      0.0000	      0.0000
      0.0000	      0.0000	      0.0000	      0.0000
      0.0000	      0.0000	      0.0000	      0.0000
      0.0000	      0.0000	      0.0000	      0.0000
      0.0000	      0.0000	      0.0000	      0.0000
      0.0000	      0.0000	      0.0000	      0.0000
      0.0000	      0.0000	      0.0000	      0.0000
      0.0000	      0.0000	      0.0000	      0.0000
      0.0000	      0.0000	      0.0000	     -2.8400
      0.0000	      0.0000	      0.0000	      0.0000
      0.0000	      0.0000	      0.0000	      0.0000
      0.0000	      0.0000	      0.0000	      0.0000
      0.0000	      0.0000	      0.0000	      0.0000
      0.0000	      0.0000	      0.0000	      0.0000
      0.0000	      0.0000	      0.0000	      0.0000
      0.0000	      0.0000	      0.0000	      0.0000
      0.0000	      0.0000	      0.0000	      0.0000
      0.0000	      0.0000	      0.0000	      0.0000
      0.0000	      0.0000	      0.0000	      0.0000
      0.0000	      0.0000	      0.0000	      0.0000
     -1.5158	      0.0000	      0.0000	      0.0000
      0.0000	      0.0000	      0.0000	      0.0000
      0.0000	      0.0000	      0.0000	      0.0000
      0.0000	      0.0000	      0.0000	      0.0000
      4.5695	      0.0000	      0.0000	      0.0000
      0.0000	      0.0000	      0.0000	      0.0000
      0.0000	      0.0000	      0.0000	      0.0000
      0.0000	      0.0000	      0.0000	      0.0000
      0.1608	     -0.4159	      0.0000	      0.0000
      0.0000	      0.0000	      0.0000	      0.0000
      0.0000	      0.0000	      0.0000	      0.0000
      0.0000	      0.0000	      0.0000	      0.0000
     -7.2843	     -7.1132	     -6.2325	     -7.4239
      0.0000	      0.0000	      0.0000	      0.0000
      0.0000	      0.0000	      0.0000	      0.0000
      0.0000	      0.0000	      0.0000	      0.0000
    -16.9925	    -13.8367	    -22.6901	    -23.4629
      0.0000	      0.0000	      0.0000	      0.0000
      0.0000	      0.0000	      0.0000	      0.0000
      0.0000	      0.0000	      0.0000	      0.0000
      0.4013	      9.9484	     -5.6806	      0.0000
      0.0000	      0.0000	      0.0000	      0.0000
      0.0000	      0.0000	      0.0000	      0.0000
      0.0000	      0.0000	      0.0000	      0.0000
     21.9705	      0.0000	      0.0000	      0.3723
      0.0000	      0.0000	      0.0000	      0.0000
      0.0000	      0.0000	      0.0000	      0.0000
      0.0000	      0.0000	      0.0000	      0.0000
     -1.6893	      3.1245	      0.0000	      0.0000
      0.0000	      0.0000	      0.0000	      0.0000
      0.0000	      0.0000	      0.0000	      0.0000
      0.0000	      0.0000	      0.0000	      0.0000
      0.0000	     37.5065	      0.0000	      0.0000
      0.0000	      0.0000	      0.0000	      0.0000
      0.0000	      0.0000	      0.0000	      0.0000
      0.0000	      0.0000	      0.0000	      0.0000
      7.1648	      3.5460	      0.0000	      0.0000
      0.0000	      0.0000	      0.0000	      0.0000
      0.0000	      0.0000	      0.0000	      0.0000
      0.0000	      0.0000	      0.0000	      0.0000
     -0.1869	     38.2362	      0.0000	      0.0000
      0.0000	      0.0000	      0.0000	      0.0000
      0.0000	      0.0000	      0.0000	      0.0000
      0.0000	      0.0000	      0.0000	      0.0000
      0.8530	      0.0000	      0.0000	      0.0000
      0.0000	      0.0000	      0.0000	      0.0000
      0.0000	      0.0000	      0.0000	      0.0000
      0.0000	      0.0000	      0.0000	      0.0000
     -0.6941	      0.0000	      0.0000	      0.0000
      0.0000	      0.0000	      0.0000	      0.0000
      0.0000	      0.0000	      0.0000	      0.0000
      0.0000	      0.0000	      0.0000	      0.0000
     11.3061	      0.0000	      0.0000	      0.0000
      0.0000	      0.0000	      0.0000	      0.0000
      0.0000	      0.0000	      0.0000	      0.0000
      0.0000	      0.0000	      0.0000	      0.0000
      8.5233	      0.0000	      0.0000	      0.0000
      0.0000	      0.0000	      0.0000	      0.0000
      0.0000	      0.0000	      0.0000	      0.0000
      0.0000	      0.0000	      0.0000	      0.0000
     -2.1045	      0.0000	      0.0000	      0.0000
      0.0000	      0.0000	      0.0000	      0.0000
      0.0000	      0.0000	      0.0000	      0.0000
      0.0000	      0.0000	      0.0000	      0.0000
      0.0000	      0.0000	      0.0000	      0.0000
      0.0000	      0.0000	      0.0000	      0.0000
      0.0000	      0.0000	      0.0000	      0.0000
      0.0000	      0.0000	      0.0000	      0.0000
      0.0000	      0.0000	      0.0000	      0.0000
      0.0000	      0.0000	      0.0000	      0.0000
      0.0000	      0.0000	      0.0000	      0.0000
      0.0000	      0.0000	      0.0000	      0.0000
      0.0000	      0.0000	      0.0000	      0.0000
      0.0000	      0.0000	      0.0000	      0.0000
      0.0000	      0.0000	      0.0000	      0.0000
      0.0000	      0.0000	      0.0000	      0.0000
    -14.6484	    -11.9245	    -17.0810	    -19.2837
      0.0000	      0.0000	      0.0000	      0.0000
      0.0000	      0.0000	      0.0000	      0.0000
      0.0000	      0.0000	      0.0000	      0.0000
     -0.8299	     -1.1986	     -6.1161	     -2.9805
      0.0000	      0.0000	      0.0000	      0.0000
      0.0000	      0.0000	      0.0000	      0.0000
      0.0000	      0.0000	      0.0000	      0.0000
     20.6279	      0.0000	      0.0000	      0.0000
      0.0000	      0.0000	      0.0000	      0.0000
      0.0000	      0.0000	      0.0000	      0.0000
      0.0000	      0.0000	      0.0000	      0.0000
     -1.6692	      0.0095	      0.0000	      0.0000
      0.0000	      0.0000	      0.0000	      0.0000
      0.0000	      0.0000	      0.0000	      0.0000
      0.0000	      0.0000	      0.0000	      0.0000
      2.4113	      0.0000	      0.0000	      0.0000
      0.0000	      0.0000	      0.0000	      0.0000
      0.0000	      0.0000	      0.0000	      0.0000
      0.0000	      0.0000	      0.0000	      0.0000
      5.9483	      0.0000	      0.0000	      4.1766
      0.0000	      0.0000	      0.0000	      0.0000
      0.0000	      0.0000	      0.0000	      0.0000
      0.0000	      0.0000	      0.0000	      0.0000
     -1.6454	     28.5767	     -4.7472	      0.0000
      0.0000	      0.0000	      0.0000	      0.0000
      0.0000	      0.0000	      0.0000	      0.0000
      0.0000	      0.0000	      0.0000	      0.0000
      0.0000	     17.8539	      0.0000	      0.0000
      0.0000	      0.0000	      0.0000	      0.0000
      0.0000	      0.0000	      0.0000	      0.0000
      0.0000	      0.0000	      0.0000	      0.0000
     -6.0832	     -2.6210	     -3.8334	      0.0000
      0.0000	      0.0000	      0.0000	      0.0000
      0.0000	      0.0000	      0.0000	      0.0000
      0.0000	      0.0000	      0.0000	      0.0000
      0.0000	      0.0000	      0.0000	      0.0000
      0.0000	      0.0000	      0.0000	      0.0000
      0.0000	      0.0000	      0.0000	      0.0000
      0.0000	      0.0000	      0.0000	      0.0000
     -0.5596	     -0.3534	     12.5531	      0.0000
      0.0000	      0.0000	      0.0000	      0.0000
      0.0000	      0.0000	      0.0000	      0.0000
      0.0000	      0.0000	      0.0000	      0.0000
     -5.9831	     -3.0607	     -6.6334	     -7.1242
      0.0000	      0.0000	      0.0000	      0.0000
      0.0000	      0.0000	      0.0000	      0.0000
      0.0000	      0.0000	      0.0000	      0.0000
      0.0000	      0.0000	      0.0000	      0.0000
      0.0000	      0.0000	      0.0000	      0.0000
      0.0000	      0.0000	      0.0000	      0.0000
      0.0000	      0.0000	      0.0000	      0.0000
      0.0000	      0.0000	      0.0000	      0.0000
      0.0000	      0.0000	      0.0000	      0.0000
      0.0000	      0.0000	      0.0000	      0.0000
      0.0000	      0.0000	      0.0000	      0.0000
     -5.7225	     -5.9465	     -6.1035	     -6.0695
      0.0000	      0.0000	      0.0000	      0.0000
      0.0000	      0.0000	      0.0000	      0.0000
      0.0000	      0.0000	      0.0000	      0.0000
    -19.7807	    -22.0919	    -29.2251	    -18.3692
      0.0000	      0.0000	      0.0000	      0.0000
      0.0000	      0.0000	      0.0000	      0.0000
      0.0000	      0.0000	      0.0000	      0.0000
      0.0000	      0.0000	      0.0000	      0.0000
      0.0000	      0.0000	      0.0000	      0.0000
      0.0000	      0.0000	      0.0000	      0.0000
      0.0000	      0.0000	      0.0000	      0.0000
     23.1540	      0.0000	      0.0000	      0.0000
      0.0000	      0.0000	      0.0000	      0.0000
      0.0000	      0.0000	      0.0000	      0.0000
      0.0000	      0.0000	      0.0000	      0.0000
     -0.6012	     -0.6891	     15.1644	     -0.4575
      0.0000	      0.0000	      0.0000	      0.0000
      0.0000	      0.0000	      0.0000	      0.0000
      0.0000	      0.0000	      0.0000	      0.0000
     15.8665	      0.0000	      0.0000	      0.0000
      0.0000	      0.0000	      0.0000	      0.0000
      0.0000	      0.0000	      0.0000	      0.0000
      0.0000	      0.0000	      0.0000	      0.0000
      6.2958	      0.0000	      0.0000	      4.9012
      0.0000	      0.0000	      0.0000	      0.0000
      0.0000	      0.0000	      0.0000	      0.0000
      0.0000	      0.0000	      0.0000	      0.0000
      0.0000	     12.6514	      0.0000	      0.0000
      0.0000	      0.0000	      0.0000	      0.0000
      0.0000	      0.0000	      0.0000	      0.0000
      0.0000	      0.0000	      0.0000	      0.0000
      3.7559	      0.0000	      0.0000	     33.2193
      0.0000	      0.0000	      0.0000	      0.0000
      0.0000	      0.0000	      0.0000	      0.0000
      0.0000	      0.0000	      0.0000	      0.0000
     -0.9350	     -3.6817	     19.5966	      0.0000
      0.0000	      0.0000	      0.0000	      0.0000
      0.0000	      0.0000	      0.0000	      0.0000
      0.0000	      0.0000	      0.0000	      0.0000
      0.0000	      0.0000	      0.0000	      0.0000
      0.0000	      0.0000	      0.0000	      0.0000
      0.0000	      0.0000	      0.0000	      0.0000
      0.0000	      0.0000	      0.0000	      0.0000
     -0.4904	     -1.4791	     15.0812	      0.0000
      0.0000	      0.0000	      0.0000	      0.0000
      0.0000	      0.0000	      0.0000	      0.0000
      0.0000	      0.0000	      0.0000	      0.0000
     -7.6031	     -2.1154	     -0.5425	     -2.2333
      0.0000	      0.0000	      0.0000	      0.0000
      0.0000	      0.0000	      0.0000	      0.0000
      0.0000	      0.0000	      0.0000	      0.0000
     54.8108	      3.8182	     -3.6907	      6.3760
      0.0000	      0.0000	      0.0000	      0.0000
      0.0000	      0.0000	      0.0000	      0.0000
      0.0000	      0.0000	      0.0000	      0.0000
     -0.9701	      0.9429	     -6.4034	     18.7443
      0.0000	      0.0000	      0.0000	      0.0000
      0.0000	      0.0000	      0.0000	      0.0000
      0.0000	      0.0000	      0.0000	      0.0000
    -35.0412	    -28.5676	    -43.4651	    -28.6401
      0.0000	      0.0000	      0.0000	      0.0000
      0.0000	      0.0000	      0.0000	      0.0000
      0.0000	      0.0000	      0.0000	      0.0000
    -12.9239	     -4.5890	    -25.0694	    -17.7811
      0.0000	      0.0000	      0.0000	      0.0000
      0.0000	      0.0000	      0.0000	      0.0000
      0.0000	      0.0000	      0.0000	      0.0000
     -0.4895	     -0.0433	     17.6352	     -2.1915
      0.0000	      0.0000	      0.0000	      0.0000
      0.0000	      0.0000	      0.0000	      0.0000
      0.0000	      0.0000	      0.0000	      0.0000
     16.0886	      0.0000	      0.0000	      0.0000
      0.0000	      0.0000	      0.0000	      0.0000
      0.0000	      0.0000	      0.0000	      0.0000
      0.0000	      0.0000	      0.0000	      0.0000
     -6.9039	      3.8560	     -5.9930	     -2.0162
      0.0000	      0.0000	      0.0000	      0.0000
      0.0000	      0.0000	      0.0000	      0.0000
      0.0000	      0.0000	      0.0000	      0.0000
     -0.1243	     -0.4107	     -0.2911	      5.3116
      0.0000	      0.0000	      0.0000	      0.0000
      0.0000	      0.0000	      0.0000	      0.0000
      0.0000	      0.0000	      0.0000	      0.0000
      0.0000	      0.0000	     20.2578	      0.0000
      0.0000	      0.0000	      0.0000	      0.0000
      0.0000	      0.0000	      0.0000	      0.0000
      0.0000	      0.0000	      0.0000	      0.0000
     -0.5553	     -1.2429	     -0.6504	      0.0000
      0.0000	      0.0000	      0.0000	      0.0000
      0.0000	      0.0000	      0.0000	      0.0000
      0.0000	      0.0000	      0.0000	      0.0000
     23.1331	     -2.1394	     -1.4417	      0.0000
      0.0000	      0.0000	      0.0000	      0.0000
      0.0000	      0.0000	      0.0000	      0.0000
      0.0000	      0.0000	      0.0000	      0.0000
     -1.8685	     -4.5622	     -6.3806	     16.9979
      0.0000	      0.0000	      0.0000	      0.0000
      0.0000	      0.0000	      0.0000	      0.0000
      0.0000	      0.0000	      0.0000	      0.0000
      4.1412	      0.0000	     -0.5485	     23.0326
      0.0000	      0.0000	      0.0000	      0.0000
      0.0000	      0.0000	      0.0000	      0.0000
      0.0000	      0.0000	      0.0000	      0.0000
     -0.5648	     -0.7434	      0.0000	     39.7981
      0.0000	      0.0000	      0.0000	      0.0000
      0.0000	      0.0000	      0.0000	      0.0000
      0.0000	      0.0000	      0.0000	      0.0000
     -9.5240	    -10.3521	    -13.3895	     19.6031
      0.0000	      0.0000	      0.0000	      0.0000
      0.0000	      0.0000	      0.0000	      0.0000
      0.0000	      0.0000	      0.0000	      0.0000
      0.0000	      3.4659	      0.0000	      0.0000
      0.0000	      0.0000	      0.0000	      0.0000
      0.0000	      0.0000	      0.0000	      0.0000
      0.0000	      0.0000	      0.0000	      0.0000
     -0.4989	     -2.0425	    -13.4317	      7.8021
      0.0000	      0.0000	      0.0000	      0.0000
      0.0000	      0.0000	      0.0000	      0.0000
      0.0000	      0.0000	      0.0000	      0.0000
    -31.3817	    -30.7017	    -44.1496	    -15.8677
      0.0000	      0.0000	      0.0000	      0.0000
      0.0000	      0.0000	      0.0000	      0.0000
      0.0000	      0.0000	      0.0000	      0.0000
    -34.3647	    -34.4503	    -46.2901	    -34.9343
      0.0000	      0.0000	      0.0000	      0.0000
      0.0000	      0.0000	      0.0000	      0.0000
      0.0000	      0.0000	      0.0000	      0.0000
     -0.2098	      0.0000	      0.0000	      0.0000
      0.0000	      0.0000	      0.0000	      0.0000
      0.0000	      0.0000	      0.0000	      0.0000
      0.0000	      0.0000	      0.0000	      0.0000
      0.0000	      0.0000	      0.0000	      0.0000
      0.0000	      0.0000	      0.0000	      0.0000
      0.0000	      0.0000	      0.0000	      0.0000
      0.0000	      0.0000	      0.0000	      0.0000
    -15.7622	    -13.2539	    -18.5199	    -14.6475
      0.0000	      0.0000	      0.0000	      0.0000
      0.0000	      0.0000	      0.0000	      0.0000
      0.0000	      0.0000	      0.0000	      0.0000
     -6.0052	     -3.1172	     -8.4115	     -6.0861
      0.0000	      0.0000	      0.0000	      0.0000
      0.0000	      0.0000	      0.0000	      0.0000
      0.0000	      0.0000	      0.0000	      0.0000
      1.8595	      3.7175	      0.0000	      0.0000
      0.0000	      0.0000	      0.0000	      0.0000
      0.0000	      0.0000	      0.0000	      0.0000
      0.0000	      0.0000	      0.0000	      0.0000
     -8.8914	     -4.2413	    -11.8945	     -9.2315
      0.0000	      0.0000	      0.0000	      0.0000
      0.0000	      0.0000	      0.0000	      0.0000
      0.0000	      0.0000	      0.0000	      0.0000
      8.2339	     -6.4501	    -10.7883	     -5.1789
      0.0000	      0.0000	      0.0000	      0.0000
      0.0000	      0.0000	      0.0000	      0.0000
      0.0000	      0.0000	      0.0000	      0.0000
     -7.1937	     -7.0661	     -7.1404	      5.4443
      0.0000	      0.0000	      0.0000	      0.0000
      0.0000	      0.0000	      0.0000	      0.0000
      0.0000	      0.0000	      0.0000	      0.0000
      0.8424	     -1.4345	     -6.9818	     -4.9229
      0.0000	      0.0000	      0.0000	      0.0000
      0.0000	      0.0000	      0.0000	      0.0000
      0.0000	      0.0000	      0.0000	      0.0000
     -4.6352	     -6.4813	     -5.7777	     24.4575
      0.0000	      0.0000	      0.0000	      0.0000
      0.0000	      0.0000	      0.0000	      0.0000
      0.0000	      0.0000	      0.0000	      0.0000
    -10.1778	    -11.1349	    -11.5137	      5.5278
      0.0000	      0.0000	      0.0000	      0.0000
      0.0000	      0.0000	      0.0000	      0.0000
      0.0000	      0.0000	      0.0000	      0.0000
     20.0696	      0.0000	      0.0000	      0.0000
      0.0000	      0.0000	      0.0000	      0.0000
      0.0000	      0.0000	      0.0000	      0.0000
      0.0000	      0.0000	      0.0000	      0.0000
     -5.5477	     -2.9192	      0.0000	     15.1080
      0.0000	      0.0000	      0.0000	      0.0000
      0.0000	      0.0000	      0.0000	      0.0000
      0.0000	      0.0000	      0.0000	      0.0000
    -19.2078	    -12.8154	    -24.6381	     -3.5826
      0.0000	      0.0000	      0.0000	      0.0000
      0.0000	      0.0000	      0.0000	      0.0000
      0.0000	      0.0000	      0.0000	      0.0000
    -33.5271	    -35.2125	    -40.3341	    -34.4952
      0.0000	      0.0000	      0.0000	      0.0000
      0.0000	      0.0000	      0.0000	      0.0000
      0.0000	      0.0000	      0.0000	      0.0000
     -0.6935	     -1.0614	     -2.3038	     -3.1730
      0.0000	      0.0000	      0.0000	      0.0000
      0.0000	      0.0000	      0.0000	      0.0000
      0.0000	      0.0000	      0.0000	      0.0000
      0.0000	      0.0000	      0.0000	      0.0000
      0.0000	      0.0000	      0.0000	      0.0000
      0.0000	      0.0000	      0.0000	      0.0000
      0.0000	      0.0000	      0.0000	      0.0000
     -5.2318	     -6.3292	     13.5119	     -6.4681
      0.0000	      0.0000	      0.0000	      0.0000
      0.0000	      0.0000	      0.0000	      0.0000
      0.0000	      0.0000	      0.0000	      0.0000
     10.8408	     15.1899	     65.2736	      0.0000
      0.0000	      0.0000	      0.0000	      0.0000
      0.0000	      0.0000	      0.0000	      0.0000
      0.0000	      0.0000	      0.0000	      0.0000
     41.7322	      2.6547	      0.0000	      0.0000
      0.0000	      0.0000	      0.0000	      0.0000
      0.0000	      0.0000	      0.0000	      0.0000
      0.0000	      0.0000	      0.0000	      0.0000
     -5.1325	     50.0481	     17.3017	     -0.9881
      0.0000	      0.0000	      0.0000	      0.0000
      0.0000	      0.0000	      0.0000	      0.0000
      0.0000	      0.0000	      0.0000	      0.0000
     37.2261	     44.8274	     86.9787	     41.4654
      0.0000	      0.0000	      0.0000	      0.0000
      0.0000	      0.0000	      0.0000	      0.0000
      0.0000	      0.0000	      0.0000	      0.0000
     -5.3434	     -1.2875	     48.7678	     13.0011
      0.0000	      0.0000	      0.0000	      0.0000
      0.0000	      0.0000	      0.0000	      0.0000
      0.0000	      0.0000	      0.0000	      0.0000
      0.0000	      0.0000	      0.0000	     30.5954
      0.0000	      0.0000	      0.0000	      0.0000
      0.0000	      0.0000	      0.0000	      0.0000
      0.0000	      0.0000	      0.0000	      0.0000
     -0.1391	     -0.3941	     63.4925	      0.0000
      0.0000	      0.0000	      0.0000	      0.0000
      0.0000	      0.0000	      0.0000	      0.0000
      0.0000	      0.0000	      0.0000	      0.0000
     -6.3053	     -2.7273	     35.1822	     -0.3002
      0.0000	      0.0000	      0.0000	      0.0000
      0.0000	      0.0000	      0.0000	      0.0000
      0.0000	      0.0000	      0.0000	      0.0000
      0.0000	      0.0000	      0.0000	      0.0000
      0.0000	      0.0000	      0.0000	      0.0000
      0.0000	      0.0000	      0.0000	      0.0000
      0.0000	      0.0000	      0.0000	      0.0000
      0.0000	      0.0000	      3.0094	      0.0000
      0.0000	      0.0000	      0.0000	      0.0000
      0.0000	      0.0000	      0.0000	      0.0000
      0.0000	      0.0000	      0.0000	      0.0000
    -32.8722	    -32.7403	    -31.8592	    -29.1990
      0.0000	      0.0000	      0.0000	      0.0000
      0.0000	      0.0000	      0.0000	      0.0000
      0.0000	      0.0000	      0.0000	      0.0000
    -25.3722	    -13.4704	    -27.8633	    -24.5687
      0.0000	      0.0000	      0.0000	      0.0000
      0.0000	      0.0000	      0.0000	      0.0000
      0.0000	      0.0000	      0.0000	      0.0000
      0.2371	     18.2931	      0.0000	      1.8525
      0.0000	      0.0000	      0.0000	      0.0000
      0.0000	      0.0000	      0.0000	      0.0000
      0.0000	      0.0000	      0.0000	      0.0000
      0.0000	     21.0126	      0.0000	      0.0000
      0.0000	      0.0000	      0.0000	      0.0000
      0.0000	      0.0000	      0.0000	      0.0000
      0.0000	      0.0000	      0.0000	      0.0000
    -11.0348	     38.3912	     -9.6379	    -10.0744
      0.0000	      0.0000	      0.0000	      0.0000
      0.0000	      0.0000	      0.0000	      0.0000
      0.0000	      0.0000	      0.0000	      0.0000
     23.6695	     58.4379	     10.6518	     11.4349
      0.0000	      0.0000	      0.0000	      0.0000
      0.0000	      0.0000	      0.0000	      0.0000
      0.0000	      0.0000	      0.0000	      0.0000
     58.6378	      4.5862	      5.9081	      0.0000
      0.0000	      0.0000	      0.0000	      0.0000
      0.0000	      0.0000	      0.0000	      0.0000
      0.0000	      0.0000	      0.0000	      0.0000
     14.1271	     77.1848	      7.8919	      3.5074
      0.0000	      0.0000	      0.0000	      0.0000
      0.0000	      0.0000	      0.0000	      0.0000
      0.0000	      0.0000	      0.0000	      0.0000
     76.1189	     44.3721	     40.3102	     42.8563
      0.0000	      0.0000	      0.0000	      0.0000
      0.0000	      0.0000	      0.0000	      0.0000
      0.0000	      0.0000	      0.0000	      0.0000
      0.1692	     -6.0746	      2.5982	     71.4368
      0.0000	      0.0000	      0.0000	      0.0000
      0.0000	      0.0000	      0.0000	      0.0000
      0.0000	      0.0000	      0.0000	      0.0000
     64.0606	      8.2486	      8.0103	      0.0000
      0.0000	      0.0000	      0.0000	      0.0000
      0.0000	      0.0000	      0.0000	      0.0000
      0.0000	      0.0000	      0.0000	      0.0000
     33.8991	     10.7710	     24.1898	     59.3063
      0.0000	      0.0000	      0.0000	      0.0000
      0.0000	      0.0000	      0.0000	      0.0000
      0.0000	      0.0000	      0.0000	      0.0000
     -6.1159	     -7.8240	      1.6165	     22.1294
      0.0000	      0.0000	      0.0000	      0.0000
      0.0000	      0.0000	      0.0000	      0.0000
      0.0000	      0.0000	      0.0000	      0.0000
      2.6827	      0.0000	      0.0000	     24.0904
      0.0000	      0.0000	      0.0000	      0.0000
      0.0000	      0.0000	      0.0000	      0.0000
      0.0000	      0.0000	      0.0000	      0.0000
     -1.4777	     -4.0401	     -0.8607	      6.6036
      0.0000	      0.0000	      0.0000	      0.0000
      0.0000	      0.0000	      0.0000	      0.0000
      0.0000	      0.0000	      0.0000	      0.0000
    -37.5035	    -39.0325	    -41.7913	    -23.6569
      0.0000	      0.0000	      0.0000	      0.0000
      0.0000	      0.0000	      0.0000	      0.0000
      0.0000	      0.0000	      0.0000	      0.0000
    -50.4331	    -51.8708	    -56.6962	    -51.2930
      0.0000	      0.0000	      0.0000	      0.0000
      0.0000	      0.0000	      0.0000	      0.0000
      0.0000	      0.0000	      0.0000	      0.0000
     -0.6222	      7.9145	      0.8174	      0.0000
      0.0000	      0.0000	      0.0000	      0.0000
      0.0000	      0.0000	      0.0000	      0.0000
      0.0000	      0.0000	      0.0000	      0.0000
     -1.6880	     24.1405	     -4.4017	     -1.9719
      0.0000	      0.0000	      0.0000	      0.0000
      0.0000	      0.0000	      0.0000	      0.0000
      0.0000	      0.0000	      0.0000	      0.0000
    -19.9413	     -9.2643	    -29.0300	    -20.5214
      0.0000	      0.0000	      0.0000	      0.0000
      0.0000	      0.0000	      0.0000	      0.0000
      0.0000	      0.0000	      0.0000	      0.0000
     -3.4820	     22.8747	     -4.6054	     -6.8606
      0.0000	      0.0000	      0.0000	      0.0000
      0.0000	      0.0000	      0.0000	      0.0000
      0.0000	      0.0000	      0.0000	      0.0000
     34.8508	      5.5495	     -4.2459	      0.0000
      0.0000	      0.0000	      0.0000	      0.0000
      0.0000	      0.0000	      0.0000	      0.0000
      0.0000	      0.0000	      0.0000	      0.0000
     -9.7682	     32.3403	    -10.0334	     -7.7762
      0.0000	      0.0000	      0.0000	      0.0000
      0.0000	      0.0000	      0.0000	      0.0000
      0.0000	      0.0000	      0.0000	      0.0000
     44.9881	      7.5193	    -13.1707	      5.2845
      0.0000	      0.0000	      0.0000	      0.0000
      0.0000	      0.0000	      0.0000	      0.0000
      0.0000	      0.0000	      0.0000	      0.0000
     -8.2864	     -3.4540	     -6.2181	     38.9912
      0.0000	      0.0000	      0.0000	      0.0000
      0.0000	      0.0000	      0.0000	      0.0000
      0.0000	      0.0000	      0.0000	      0.0000
     30.9638	      0.0000	     -2.1992	      9.5400
      0.0000	      0.0000	      0.0000	      0.0000
      0.0000	      0.0000	      0.0000	      0.0000
      0.0000	      0.0000	      0.0000	      0.0000
     -4.4351	     -0.8912	    -12.5067	     28.2661
      0.0000	      0.0000	      0.0000	      0.0000
      0.0000	      0.0000	      0.0000	      0.0000
      0.0000	      0.0000	      0.0000	      0.0000
    -17.1215	    -16.8776	    -22.4531	      1.5321
      0.0000	      0.0000	      0.0000	      0.0000
      0.0000	      0.0000	      0.0000	      0.0000
      0.0000	      0.0000	      0.0000	      0.0000
      0.0000	      5.5273	      0.0000	      0.0000
      0.0000	      0.0000	      0.0000	      0.0000
      0.0000	      0.0000	      0.0000	      0.0000
      0.0000	      0.0000	      0.0000	      0.0000
     -2.1634	     -2.6184	     -8.2589	      4.5856
      0.0000	      0.0000	      0.0000	      0.0000
      0.0000	      0.0000	      0.0000	      0.0000
      0.0000	      0.0000	      0.0000	      0.0000
    -27.4363	    -29.3968	    -31.9430	    -22.1301
      0.0000	      0.0000	      0.0000	      0.0000
      0.0000	      0.0000	      0.0000	      0.0000
      0.0000	      0.0000	      0.0000	      0.0000
    -35.1694	    -33.9723	    -36.6981	    -36.2170
      0.0000	      0.0000	      0.0000	      0.0000
      0.0000	      0.0000	      0.0000	      0.0000
      0.0000	      0.0000	      0.0000	      0.0000
      1.1008	      5.2847	      0.0000	      0.0000
      0.0000	      0.0000	      0.0000	      0.0000
      0.0000	      0.0000	      0.0000	      0.0000
      0.0000	      0.0000	      0.0000	      0.0000
      0.0000	      0.0000	      0.0000	      4.2241
      0.0000	      0.0000	      0.0000	      0.0000
      0.0000	      0.0000	      0.0000	      0.0000
      0.0000	      0.0000	      0.0000	      0.0000
    -11.1381	    -11.5214	     -6.1583	     -5.1931
      0.0000	      0.0000	      0.0000	      0.0000
      0.0000	      0.0000	      0.0000	      0.0000
      0.0000	      0.0000	      0.0000	      0.0000
      8.8095	      0.0000	      0.0000	      0.0000
      0.0000	      0.0000	      0.0000	      0.0000
      0.0000	      0.0000	      0.0000	      0.0000
      0.0000	      0.0000	      0.0000	      0.0000
      0.0000	      0.0000	      0.0000	      0.0000
      0.0000	      0.0000	      0.0000	      0.0000
      0.0000	      0.0000	      0.0000	      0.0000
      0.0000	      0.0000	      0.0000	      0.0000
     -2.4879	     38.5241	      0.0000	      0.0000
      0.0000	      0.0000	      0.0000	      0.0000
      0.0000	      0.0000	      0.0000	      0.0000
      0.0000	      0.0000	      0.0000	      0.0000
      0.2105	     20.1338	      0.0000	      0.0000
      0.0000	      0.0000	      0.0000	      0.0000
      0.0000	      0.0000	      0.0000	      0.0000
      0.0000	      0.0000	      0.0000	      0.0000
      0.0000	      0.0000	      0.0000	      0.0000
      0.0000	      0.0000	      0.0000	      0.0000
      0.0000	      0.0000	      0.0000	      0.0000
      0.0000	      0.0000	      0.0000	      0.0000
      3.6874	      0.0000	      0.0000	      0.0000
      0.0000	      0.0000	      0.0000	      0.0000
      0.0000	      0.0000	      0.0000	      0.0000
      0.0000	      0.0000	      0.0000	      0.0000
     -0.5761	     -0.9232	     16.9450	      0.0000
      0.0000	      0.0000	      0.0000	      0.0000
      0.0000	      0.0000	      0.0000	      0.0000
      0.0000	      0.0000	      0.0000	      0.0000
     -1.6209	     -1.8923	      6.8660	     -5.2704
      0.0000	      0.0000	      0.0000	      0.0000
      0.0000	      0.0000	      0.0000	      0.0000
      0.0000	      0.0000	      0.0000	      0.0000
      0.0000	      8.7454	      0.0000	      0.0000
      0.0000	      0.0000	      0.0000	      0.0000
      0.0000	      0.0000	      0.0000	      0.0000
      0.0000	      0.0000	      0.0000	      0.0000
     -0.3958	     -3.4757	      0.0000	      0.0000
      0.0000	      0.0000	      0.0000	      0.0000
      0.0000	      0.0000	      0.0000	      0.0000
      0.0000	      0.0000	      0.0000	      0.0000
    -15.9586	    -17.3076	    -15.8592	    -11.6050
      0.0000	      0.0000	      0.0000	      0.0000
      0.0000	      0.0000	      0.0000	      0.0000
      0.0000	      0.0000	      0.0000	      0.0000
    -43.0146	    -37.1268	    -45.7682	    -42.5184
      0.0000	      0.0000	      0.0000	      0.0000
      0.0000	      0.0000	      0.0000	      0.0000
      0.0000	      0.0000	      0.0000	      0.0000
     -0.7439	      3.1163	     -8.1047	      0.0000
      0.0000	      0.0000	      0.0000	      0.0000
      0.0000	      0.0000	      0.0000	      0.0000
      0.0000	      0.0000	      0.0000	      0.0000
      5.5923	     27.9325	      0.0000	      3.1921
      0.0000	      0.0000	      0.0000	      0.0000
      0.0000	      0.0000	      0.0000	      0.0000
      0.0000	      0.0000	      0.0000	      0.0000
    -13.0662	      2.9967	    -12.7617	    -17.1017
      0.0000	      0.0000	      0.0000	      0.0000
      0.0000	      0.0000	      0.0000	      0.0000
      0.0000	      0.0000	      0.0000	      0.0000
     -0.6836	     46.9464	     -1.9336	     -3.0872
      0.0000	      0.0000	      0.0000	      0.0000
      0.0000	      0.0000	      0.0000	      0.0000
      0.0000	      0.0000	      0.0000	      0.0000
     12.7065	      0.0000	      0.0000	      0.0000
      0.0000	      0.0000	      0.0000	      0.0000
      0.0000	      0.0000	      0.0000	      0.0000
      0.0000	      0.0000	      0.0000	      0.0000
     -3.7339	     52.3808	     -4.0052	     -7.6742
      0.0000	      0.0000	      0.0000	      0.0000
      0.0000	      0.0000	      0.0000	      0.0000
      0.0000	      0.0000	      0.0000	      0.0000
     -1.3094	     31.4620	     -1.1375	     -6.4896
      0.0000	      0.0000	      0.0000	      0.0000
      0.0000	      0.0000	      0.0000	      0.0000
      0.0000	      0.0000	      0.0000	      0.0000
     -6.9917	     -1.4719	     -1.6963	     -0.0267
      0.0000	      0.0000	      0.0000	      0.0000
      0.0000	      0.0000	      0.0000	      0.0000
      0.0000	      0.0000	      0.0000	      0.0000
     25.8232	      0.0000	     11.6280	      0.0000
      0.0000	      0.0000	      0.0000	      0.0000
      0.0000	      0.0000	      0.0000	      0.0000
      0.0000	      0.0000	      0.0000	      0.0000
      2.6290	     -0.6490	     40.5345	      0.0000
      0.0000	      0.0000	      0.0000	      0.0000
      0.0000	      0.0000	      0.0000	      0.0000
      0.0000	      0.0000	      0.0000	      0.0000
     -4.0302	     -5.9733	     -1.4530	      0.0000
      0.0000	      0.0000	      0.0000	      0.0000
      0.0000	      0.0000	      0.0000	      0.0000
      0.0000	      0.0000	      0.0000	      0.0000
      2.4445	      0.0000	      0.0000	      0.0000
      0.0000	      0.0000	      0.0000	      0.0000
      0.0000	      0.0000	      0.0000	      0.0000
      0.0000	      0.0000	      0.0000	      0.0000
     -1.8044	     -0.0037	      5.0206	     -1.0120
      0.0000	      0.0000	      0.0000	      0.0000
      0.0000	      0.0000	      0.0000	      0.0000
      0.0000	      0.0000	      0.0000	      0.0000
    -16.5762	    -19.8278	    -26.3555	    -18.4635
      0.0000	      0.0000	      0.0000	      0.0000
      0.0000	      0.0000	      0.0000	      0.0000
      0.0000	      0.0000	      0.0000	      0.0000
    -48.4272	    -48.7712	    -44.6232	    -48.6958
      0.0000	      0.0000	      0.0000	      0.0000
      0.0000	      0.0000	      0.0000	      0.0000
      0.0000	      0.0000	      0.0000	      0.0000
     -0.9978	     11.1057	     -8.6312	     -0.7767
      0.0000	      0.0000	      0.0000	      0.0000
      0.0000	      0.0000	      0.0000	      0.0000
      0.0000	      0.0000	      0.0000	      0.0000
     16.5656	      0.0000	     -5.7468	      0.0000
      0.0000	      0.0000	      0.0000	      0.0000
      0.0000	      0.0000	      0.0000	      0.0000
      0.0000	      0.0000	      0.0000	      0.0000
    -11.4460	     -6.5181	    -13.1422	    -10.8541
      0.0000	      0.0000	      0.0000	      0.0000
      0.0000	      0.0000	      0.0000	      0.0000
      0.0000	      0.0000	      0.0000	      0.0000
      0.0000	     14.6672	      0.0000	     -1.6701
      0.0000	      0.0000	      0.0000	      0.0000
      0.0000	      0.0000	      0.0000	      0.0000
      0.0000	      0.0000	      0.0000	      0.0000
     -3.8064	      0.0000	      0.0000	      0.0000
      0.0000	      0.0000	      0.0000	      0.0000
      0.0000	      0.0000	      0.0000	      0.0000
      0.0000	      0.0000	      0.0000	      0.0000
      4.7159	     -8.0024	    -12.4628	     -8.5305
      0.0000	      0.0000	      0.0000	      0.0000
      0.0000	      0.0000	      0.0000	      0.0000
      0.0000	      0.0000	      0.0000	      0.0000
     -7.9103	     11.7839	     -3.6668	     -2.6171
      0.0000	      0.0000	      0.0000	      0.0000
      0.0000	      0.0000	      0.0000	      0.0000
      0.0000	      0.0000	      0.0000	      0.0000
     -1.7046	     -1.4116	     -1.5979	      0.0000
      0.0000	      0.0000	      0.0000	      0.0000
      0.0000	      0.0000	      0.0000	      0.0000
      0.0000	      0.0000	      0.0000	      0.0000
      7.3828	      0.0000	      0.0000	      0.0000
      0.0000	      0.0000	      0.0000	      0.0000
      0.0000	      0.0000	      0.0000	      0.0000
      0.0000	      0.0000	      0.0000	      0.0000
     -3.4212	     -3.2833	     -3.0404	      1.5276
      0.0000	      0.0000	      0.0000	      0.0000
      0.0000	      0.0000	      0.0000	      0.0000
      0.0000	      0.0000	      0.0000	      0.0000
     -5.1534	    -10.1735	     -7.6120	     -6.6750
      0.0000	      0.0000	      0.0000	      0.0000
      0.0000	      0.0000	      0.0000	      0.0000
      0.0000	      0.0000	      0.0000	      0.0000
      1.8710	      0.0000	      0.0000	      0.0000
      0.0000	      0.0000	      0.0000	      0.0000
      0.0000	      0.0000	      0.0000	      0.0000
      0.0000	      0.0000	      0.0000	      0.0000
     -0.5114	     -4.8480	      0.0000	      0.0000
      0.0000	      0.0000	      0.0000	      0.0000
      0.0000	      0.0000	      0.0000	      0.0000
      0.0000	      0.0000	      0.0000	      0.0000
    -25.9762	    -14.5502	     -9.7525	     -4.9212
      0.0000	      0.0000	      0.0000	      0.0000
      0.0000	      0.0000	      0.0000	      0.0000
      0.0000	      0.0000	      0.0000	      0.0000
    -87.0267	    -67.0724	    -86.3740	    -87.9757
      0.0000	      0.0000	      0.0000	      0.0000
      0.0000	      0.0000	      0.0000	      0.0000
      0.0000	      0.0000	      0.0000	      0.0000
      0.7381	     35.5972	     -8.6343	     -4.8131
      0.0000	      0.0000	      0.0000	      0.0000
      0.0000	      0.0000	      0.0000	      0.0000
      0.0000	      0.0000	      0.0000	      0.0000
     49.2220	     81.5486	     50.6397	     43.4834
      0.0000	      0.0000	      0.0000	      0.0000
      0.0000	      0.0000	      0.0000	      0.0000
      0.0000	      0.0000	      0.0000	      0.0000
     -8.3237	      1.0847	     20.7069	     -0.3423
      0.0000	      0.0000	      0.0000	      0.0000
      0.0000	      0.0000	      0.0000	      0.0000
      0.0000	      0.0000	      0.0000	      0.0000
      7.4196	     23.2300	     11.8467	     10.7235
      0.0000	      0.0000	      0.0000	      0.0000
      0.0000	      0.0000	      0.0000	      0.0000
      0.0000	      0.0000	      0.0000	      0.0000
     14.3566	      0.0000	      9.8330	     29.1566
      0.0000	      0.0000	      0.0000	      0.0000
      0.0000	      0.0000	      0.0000	      0.0000
      0.0000	      0.0000	      0.0000	      0.0000
      1.6975	     19.9435	      7.9565	      2.5590
      0.0000	      0.0000	      0.0000	      0.0000
      0.0000	      0.0000	      0.0000	      0.0000
      0.0000	      0.0000	      0.0000	      0.0000
     20.3705	     11.0148	     11.9418	     39.8827
      0.0000	      0.0000	      0.0000	      0.0000
      0.0000	      0.0000	      0.0000	      0.0000
      0.0000	      0.0000	      0.0000	      0.0000
      6.0287	      5.6402	      0.2802	     29.4660
      0.0000	      0.0000	      0.0000	      0.0000
      0.0000	      0.0000	      0.0000	      0.0000
      0.0000	      0.0000	      0.0000	      0.0000
      0.0000	     16.1487	      2.3255	      0.0000
      0.0000	      0.0000	      0.0000	      0.0000
      0.0000	      0.0000	      0.0000	      0.0000
      0.0000	      0.0000	      0.0000	      0.0000
      6.5469	      2.8360	      9.1843	     27.8822
      0.0000	      0.0000	      0.0000	      0.0000
      0.0000	      0.0000	      0.0000	      0.0000
      0.0000	      0.0000	      0.0000	      0.0000
    -19.2685	    -12.1981	      5.9453	     -2.5255
      0.0000	      0.0000	      0.0000	      0.0000
      0.0000	      0.0000	      0.0000	      0.0000
      0.0000	      0.0000	      0.0000	      0.0000
     49.8589	     30.3745	     38.5958	     99.1450
      0.0000	      0.0000	      0.0000	      0.0000
      0.0000	      0.0000	      0.0000	      0.0000
      0.0000	      0.0000	      0.0000	      0.0000
     -1.0708	     -0.8149	     -6.5813	     38.9362
      0.0000	      0.0000	      0.0000	      0.0000
      0.0000	      0.0000	      0.0000	      0.0000
      0.0000	      0.0000	      0.0000	      0.0000
    -79.9188	    -84.4461	    -92.2849	    -90.4076
      0.0000	      0.0000	      0.0000	      0.0000
      0.0000	      0.0000	      0.0000	      0.0000
      0.0000	      0.0000	      0.0000	      0.0000
    -32.8592	     -7.8430	    -39.7911	    -49.2233
      0.0000	      0.0000	      0.0000	      0.0000
      0.0000	      0.0000	      0.0000	      0.0000
      0.0000	      0.0000	      0.0000	      0.0000
     -1.8116	      2.1398	     -4.0695	    -10.7044
      0.0000	      0.0000	      0.0000	      0.0000
      0.0000	      0.0000	      0.0000	      0.0000
      0.0000	      0.0000	      0.0000	      0.0000
     38.1648	      0.0000	      0.0000	      0.0000
      0.0000	      0.0000	      0.0000	      0.0000
      0.0000	      0.0000	      0.0000	      0.0000
      0.0000	      0.0000	      0.0000	      0.0000
    -17.2843	      4.0193	    -24.8498	    -17.1548
      0.0000	      0.0000	      0.0000	      0.0000
      0.0000	      0.0000	      0.0000	      0.0000
      0.0000	      0.0000	      0.0000	      0.0000
     -2.9056	      7.6835	     -7.3247	     -5.9871
      0.0000	      0.0000	      0.0000	      0.0000
      0.0000	      0.0000	      0.0000	      0.0000
      0.0000	      0.0000	      0.0000	      0.0000
     26.8021	     12.0920	    -14.6582	      2.5917
      0.0000	      0.0000	      0.0000	      0.0000
      0.0000	      0.0000	      0.0000	      0.0000
      0.0000	      0.0000	      0.0000	      0.0000
    -14.4334	      2.3059	    -37.6424	    -10.9032
      0.0000	      0.0000	      0.0000	      0.0000
      0.0000	      0.0000	      0.0000	      0.0000
      0.0000	      0.0000	      0.0000	      0.0000
      4.3637	     -3.7322	    -18.5461	      6.6339
      0.0000	      0.0000	      0.0000	      0.0000
      0.0000	      0.0000	      0.0000	      0.0000
      0.0000	      0.0000	      0.0000	      0.0000
      4.6334	      2.5819	    -24.2535	     17.7966
      0.0000	      0.0000	      0.0000	      0.0000
      0.0000	      0.0000	      0.0000	      0.0000
      0.0000	      0.0000	      0.0000	      0.0000
      6.6927	      2.5964	     -8.9899	     14.2348
      0.0000	      0.0000	      0.0000	      0.0000
      0.0000	      0.0000	      0.0000	      0.0000
      0.0000	      0.0000	      0.0000	      0.0000
      7.3743	      4.9703	    -25.5512	     21.4731
      0.0000	      0.0000	      0.0000	      0.0000
      0.0000	      0.0000	      0.0000	      0.0000
      0.0000	      0.0000	      0.0000	      0.0000
     -3.0612	    -22.5576	    -40.2760	     16.2644
      0.0000	      0.0000	      0.0000	      0.0000
      0.0000	      0.0000	      0.0000	      0.0000
      0.0000	      0.0000	      0.0000	      0.0000
     83.9026	      7.2567	      1.4916	     11.4140
      0.0000	      0.0000	      0.0000	      0.0000
      0.0000	      0.0000	      0.0000	      0.0000
      0.0000	      0.0000	      0.0000	      0.0000
     -1.6631	    -15.0122	     -7.0101	     28.4518
      0.0000	      0.0000	      0.0000	      0.0000
      0.0000	      0.0000	      0.0000	      0.0000
      0.0000	      0.0000	      0.0000	      0.0000
    -48.8741	    -58.4388	    -89.8247	    -12.0030
      0.0000	      0.0000	      0.0000	      0.0000
      0.0000	      0.0000	      0.0000	      0.0000
      0.0000	      0.0000	      0.0000	      0.0000
   -173.5608	   -128.3166	   -159.4420	   -171.2865
      0.0000	      0.0000	      0.0000	      0.0000
      0.0000	      0.0000	      0.0000	      0.0000
      0.0000	      0.0000	      0.0000	      0.0000
    -19.7415	     -4.7444	    -25.2832	    -21.7416
      0.0000	      0.0000	      0.0000	      0.0000
      0.0000	      0.0000	      0.0000	      0.0000
      0.0000	      0.0000	      0.0000	      0.0000
      4.0829	      6.8617	     -8.8587	     -9.3800
      0.0000	      0.0000	      0.0000	      0.0000
      0.0000	      0.0000	      0.0000	      0.0000
      0.0000	      0.0000	      0.0000	      0.0000
    -68.0637	    -44.6777	   -133.2680	    -65.9614
      0.0000	      0.0000	      0.0000	      0.0000
      0.0000	      0.0000	      0.0000	      0.0000
      0.0000	      0.0000	      0.0000	      0.0000
    -40.5134	    -36.5173	    -43.1130	    -43.7180
      0.0000	      0.0000	      0.0000	      0.0000
      0.0000	      0.0000	      0.0000	      0.0000
      0.0000	      0.0000	      0.0000	      0.0000
    -37.8115	    -25.4167	    -34.0268	    -11.5683
      0.0000	      0.0000	      0.0000	      0.0000
      0.0000	      0.0000	      0.0000	      0.0000
      0.0000	      0.0000	      0.0000	      0.0000
    -49.9551	    -70.4149	    -74.1967	    -63.7367
      0.0000	      0.0000	      0.0000	      0.0000
      0.0000	      0.0000	      0.0000	      0.0000
      0.0000	      0.0000	      0.0000	      0.0000
    -39.6978	    -37.9416	    -50.4915	    -40.3683
      0.0000	      0.0000	      0.0000	      0.0000
      0.0000	      0.0000	      0.0000	      0.0000
      0.0000	      0.0000	      0.0000	      0.0000
    -37.4571	    -39.7113	    -55.6205	    -31.5850
      0.0000	      0.0000	      0.0000	      0.0000
      0.0000	      0.0000	      0.0000	      0.0000
      0.0000	      0.0000	      0.0000	      0.0000
    -39.4460	    -56.4039	    -44.1100	    -31.0779
      0.0000	      0.0000	      0.0000	      0.0000
      0.0000	      0.0000	      0.0000	      0.0000
      0.0000	      0.0000	      0.0000	      0.0000
    -33.6026	    -42.2976	    -49.7373	    -24.7256
      0.0000	      0.0000	      0.0000	      0.0000
      0.0000	      0.0000	      0.0000	      0.0000
      0.0000	      0.0000	      0.0000	      0.0000
   -103.8072	    -84.2196	    -96.3000	    -26.8524
      0.0000	      0.0000	      0.0000	      0.0000
      0.0000	      0.0000	      0.0000	      0.0000
      0.0000	      0.0000	      0.0000	      0.0000
      7.4341	      9.9500	     -8.9710	     36.2003
      0.0000	      0.0000	      0.0000	      0.0000
      0.0000	      0.0000	      0.0000	      0.0000
      0.0000	      0.0000	      0.0000	      0.0000
     -5.4799	    -53.6870	    -17.5151	      4.3218
      0.0000	      0.0000	      0.0000	      0.0000
      0.0000	      0.0000	      0.0000	      0.0000
      0.0000	      0.0000	      0.0000	      0.0000
   -130.8797	   -161.3195	   -131.3180	    -57.4803
      0.0000	      0.0000	      0.0000	      0.0000
      0.0000	      0.0000	      0.0000	      0.0000
      0.0000	      0.0000	      0.0000	      0.0000
    -52.2708	    -20.3199	    -61.3054	    -63.5181
      0.0000	      0.0000	      0.0000	      0.0000
      0.0000	      0.0000	      0.0000	      0.0000
      0.0000	      0.0000	      0.0000	      0.0000
      5.5794	     41.9981	     -1.1070	     -7.8999
      0.0000	      0.0000	      0.0000	      0.0000
      0.0000	      0.0000	      0.0000	      0.0000
      0.0000	      0.0000	      0.0000	      0.0000
     69.0406	     18.4477	     20.6470	     18.6779
      0.0000	      0.0000	      0.0000	      0.0000
      0.0000	      0.0000	      0.0000	      0.0000
      0.0000	      0.0000	      0.0000	      0.0000
    -17.5387	     32.6174	     -7.6938	     -4.8070
      0.0000	      0.0000	      0.0000	      0.0000
      0.0000	      0.0000	      0.0000	      0.0000
      0.0000	      0.0000	      0.0000	      0.0000
     21.3386	     24.2155	     52.1706	      5.6146
      0.0000	      0.0000	      0.0000	      0.0000
      0.0000	      0.0000	      0.0000	      0.0000
      0.0000	      0.0000	      0.0000	      0.0000
     12.9443	      7.8782	      6.8793	     41.7343
      0.0000	      0.0000	      0.0000	      0.0000
      0.0000	      0.0000	      0.0000	      0.0000
      0.0000	      0.0000	      0.0000	      0.0000
      2.1833	     17.1732	     43.7062	      5.5814
      0.0000	      0.0000	      0.0000	      0.0000
      0.0000	      0.0000	      0.0000	      0.0000
      0.0000	      0.0000	      0.0000	      0.0000
     50.7288	     40.2014	     37.0825	     39.4049
      0.0000	      0.0000	      0.0000	      0.0000
      0.0000	      0.0000	      0.0000	      0.0000
      0.0000	      0.0000	      0.0000	      0.0000
     14.1563	      6.4981	     34.0635	     16.0574
      0.0000	      0.0000	      0.0000	      0.0000
      0.0000	      0.0000	      0.0000	      0.0000
      0.0000	      0.0000	      0.0000	      0.0000
      2.1109	      0.0000	      0.0000	     42.3436
      0.0000	      0.0000	      0.0000	      0.0000
      0.0000	      0.0000	      0.0000	      0.0000
      0.0000	      0.0000	      0.0000	      0.0000
     24.2365	     12.1284	     26.8484	     41.9547
      0.0000	      0.0000	      0.0000	      0.0000
      0.0000	      0.0000	      0.0000	      0.0000
      0.0000	      0.0000	      0.0000	      0.0000
     -9.3214	    -17.4359	     -1.9992	     35.3450
      0.0000	      0.0000	      0.0000	      0.0000
      0.0000	      0.0000	      0.0000	      0.0000
      0.0000	      0.0000	      0.0000	      0.0000
     96.1922	      9.1312	     15.1977	     28.4766
      0.0000	      0.0000	      0.0000	      0.0000
      0.0000	      0.0000	      0.0000	      0.0000
      0.0000	      0.0000	      0.0000	      0.0000
      0.0000	     -7.4050	     -0.4584	     18.4245
      0.0000	      0.0000	      0.0000	      0.0000
      0.0000	      0.0000	      0.0000	      0.0000
      0.0000	      0.0000	      0.0000	      0.0000
    -73.0288	    -72.5777	    -78.7180	    -72.8814
      0.0000	      0.0000	      0.0000	      0.0000
      0.0000	      0.0000	      0.0000	      0.0000
      0.0000	      0.0000	      0.0000	      0.0000
    -53.9924	    -23.7596	   -102.9914	    -54.9291
      0.0000	      0.0000	      0.0000	      0.0000
      0.0000	      0.0000	      0.0000	      0.0000
      0.0000	      0.0000	      0.0000	      0.0000
     11.6711	     35.4417	    -11.1204	    -11.5079
      0.0000	      0.0000	      0.0000	      0.0000
      0.0000	      0.0000	      0.0000	      0.0000
      0.0000	      0.0000	      0.0000	      0.0000
     37.6204	     17.8445	     20.4429	     15.8908
      0.0000	      0.0000	      0.0000	      0.0000
      0.0000	      0.0000	      0.0000	      0.0000
      0.0000	      0.0000	      0.0000	      0.0000
     -4.2462	     20.6733	    -18.7232	    -14.0107
      0.0000	      0.0000	      0.0000	      0.0000
      0.0000	      0.0000	      0.0000	      0.0000
      0.0000	      0.0000	      0.0000	      0.0000
     18.2770	     31.9596	     -7.9350	     14.4815
      0.0000	      0.0000	      0.0000	      0.0000
      0.0000	      0.0000	      0.0000	      0.0000
      0.0000	      0.0000	      0.0000	      0.0000
     34.4073	     15.6149	      4.9306	     21.9593
      0.0000	      0.0000	      0.0000	      0.0000
      0.0000	      0.0000	      0.0000	      0.0000
      0.0000	      0.0000	      0.0000	      0.0000
      4.9519	     15.4063	    -20.8883	      6.3097
      0.0000	      0.0000	      0.0000	      0.0000
      0.0000	      0.0000	      0.0000	      0.0000
      0.0000	      0.0000	      0.0000	      0.0000
     16.0033	     18.8906	      8.8686	     12.8690
      0.0000	      0.0000	      0.0000	      0.0000
      0.0000	      0.0000	      0.0000	      0.0000
      0.0000	      0.0000	      0.0000	      0.0000
      6.7413	      7.7658	    -21.0333	     25.1141
      0.0000	      0.0000	      0.0000	      0.0000
      0.0000	      0.0000	      0.0000	      0.0000
      0.0000	      0.0000	      0.0000	      0.0000
     15.4065	     13.9313	    -10.7623	     34.3049
      0.0000	      0.0000	      0.0000	      0.0000
      0.0000	      0.0000	      0.0000	      0.0000
      0.0000	      0.0000	      0.0000	      0.0000
      5.6761	      8.2556	     -2.4463	     24.9711
      0.0000	      0.0000	      0.0000	      0.0000
      0.0000	      0.0000	      0.0000	      0.0000
      0.0000	      0.0000	      0.0000	      0.0000
     -2.4288	     -7.9081	    -28.4513	     19.8497
      0.0000	      0.0000	      0.0000	      0.0000
      0.0000	      0.0000	      0.0000	      0.0000
      0.0000	      0.0000	      0.0000	      0.0000
     29.1639	      2.6001	      8.1526	     19.9706
      0.0000	      0.0000	      0.0000	      0.0000
      0.0000	      0.0000	      0.0000	      0.0000
      0.0000	      0.0000	      0.0000	      0.0000
      8.6453	    -17.1055	     -3.1015	     22.0240
      0.0000	      0.0000	      0.0000	      0.0000
      0.0000	      0.0000	      0.0000	      0.0000
      0.0000	      0.0000	      0.0000	      0.0000
    -75.9745	    -71.6890	    -95.4843	      2.1626
      0.0000	      0.0000	      0.0000	      0.0000
      0.0000	      0.0000	      0.0000	      0.0000
      0.0000	      0.0000	      0.0000	      0.0000
   -151.6994	    -38.1459	   -129.9378	   -151.7144
      0.0000	      0.0000	      0.0000	      0.0000
      0.0000	      0.0000	      0.0000	      0.0000
      0.0000	      0.0000	      0.0000	      0.0000
    -15.4156	      7.5697	    -23.5350	    -45.1538
      0.0000	      0.0000	      0.0000	      0.0000
      0.0000	      0.0000	      0.0000	      0.0000
      0.0000	      0.0000	      0.0000	      0.0000
     24.7486	      6.1498	    -18.3482	      1.5212
      0.0000	      0.0000	      0.0000	      0.0000
      0.0000	      0.0000	      0.0000	      0.0000
      0.0000	      0.0000	      0.0000	      0.0000
    -59.8864	    -26.4422	   -101.5613	    -76.2744
      0.0000	      0.0000	      0.0000	      0.0000
      0.0000	      0.0000	      0.0000	      0.0000
      0.0000	      0.0000	      0.0000	      0.0000
     -5.7647	    -13.5513	    -27.7726	    -30.8415
      0.0000	      0.0000	      0.0000	      0.0000
      0.0000	      0.0000	      0.0000	      0.0000
      0.0000	      0.0000	      0.0000	      0.0000
    -22.7703	      1.4530	    -29.4301	    -17.4687
      0.0000	      0.0000	      0.0000	      0.0000
      0.0000	      0.0000	      0.0000	      0.0000
      0.0000	      0.0000	      0.0000	      0.0000
    -41.3141	    -29.7789	    -55.6190	    -38.8521
      0.0000	      0.0000	      0.0000	      0.0000
      0.0000	      0.0000	      0.0000	      0.0000
      0.0000	      0.0000	      0.0000	      0.0000
      2.7272	    -18.5978	    -25.5987	    -15.5421
      0.0000	      0.0000	      0.0000	      0.0000
      0.0000	      0.0000	      0.0000	      0.0000
      0.0000	      0.0000	      0.0000	      0.0000
    -43.9092	    -45.8821	    -55.2454	     -8.7105
      0.0000	      0.0000	      0.0000	      0.0000
      0.0000	      0.0000	      0.0000	      0.0000
      0.0000	      0.0000	      0.0000	      0.0000
    -10.0991	    -16.9481	    -36.0573	      0.0891
      0.0000	      0.0000	      0.0000	      0.0000
      0.0000	      0.0000	      0.0000	      0.0000
      0.0000	      0.0000	      0.0000	      0.0000
     -1.4568	    -36.4272	    -38.0367	    -11.5702
      0.0000	      0.0000	      0.0000	      0.0000
      0.0000	      0.0000	      0.0000	      0.0000
      0.0000	      0.0000	      0.0000	      0.0000
    -74.3673	    -80.4785	    -83.7010	    -34.4097
      0.0000	      0.0000	      0.0000	      0.0000
      0.0000	      0.0000	      0.0000	      0.0000
      0.0000	      0.0000	      0.0000	      0.0000
      5.6040	     -6.8118	     -6.9985	     -6.0784
      0.0000	      0.0000	      0.0000	      0.0000
      0.0000	      0.0000	      0.0000	      0.0000
      0.0000	      0.0000	      0.0000	      0.0000
    -15.0790	    -56.7869	    -25.3454	     -4.6438
      0.0000	      0.0000	      0.0000	      0.0000
      0.0000	      0.0000	      0.0000	      0.0000
      0.0000	      0.0000	      0.0000	      0.0000
   -141.9900	   -138.4304	   -142.5201	    -72.7766
      0.0000	      0.0000	      0.0000	      0.0000
      0.0000	      0.0000	      0.0000	      0.0000
      0.0000	      0.0000	      0.0000	      0.0000
    -96.0697	    -86.4288	    -92.9231	    -92.5352
      0.0000	      0.0000	      0.0000	      0.0000
      0.0000	      0.0000	      0.0000	      0.0000
      0.0000	      0.0000	      0.0000	      0.0000
     -2.4823	     36.2129	    -16.5035	    -20.6441
      0.0000	      0.0000	      0.0000	      0.0000
      0.0000	      0.0000	      0.0000	      0.0000
      0.0000	      0.0000	      0.0000	      0.0000
      6.3330	      6.0785	     14.1165	     37.5983
      0.0000	      0.0000	      0.0000	      0.0000
      0.0000	      0.0000	      0.0000	      0.0000
      0.0000	      0.0000	      0.0000	      0.0000
     -4.9899	     22.6416	     -2.3277	    -20.0364
      0.0000	      0.0000	      0.0000	      0.0000
      0.0000	      0.0000	      0.0000	      0.0000
      0.0000	      0.0000	      0.0000	      0.0000
      1.6196	      6.0518	     14.3647	     -4.6414
      0.0000	      0.0000	      0.0000	      0.0000
      0.0000	      0.0000	      0.0000	      0.0000
      0.0000	      0.0000	      0.0000	      0.0000
     -0.9708	      0.0000	      0.0000	      0.0000
      0.0000	      0.0000	      0.0000	      0.0000
      0.0000	      0.0000	      0.0000	      0.0000
      0.0000	      0.0000	      0.0000	      0.0000
      0.5058	      5.4443	     25.2834	     -3.7980
      0.0000	      0.0000	      0.0000	      0.0000
      0.0000	      0.0000	      0.0000	      0.0000
      0.0000	      0.0000	      0.0000	      0.0000
     17.2103	     43.8762	      9.1105	     19.9200
      0.0000	      0.0000	      0.0000	      0.0000
      0.0000	      0.0000	      0.0000	      0.0000
      0.0000	      0.0000	      0.0000	      0.0000
      5.9647	      4.9966	     -0.6016	     18.5490
      0.0000	      0.0000	      0.0000	      0.0000
      0.0000	      0.0000	      0.0000	      0.0000
      0.0000	      0.0000	      0.0000	      0.0000
     27.7165	      0.0000	     17.1428	      0.0000
      0.0000	      0.0000	      0.0000	      0.0000
      0.0000	      0.0000	      0.0000	      0.0000
      0.0000	      0.0000	      0.0000	      0.0000
     12.4601	      3.1536	     35.6949	     19.2641
      0.0000	      0.0000	      0.0000	      0.0000
      0.0000	      0.0000	      0.0000	      0.0000
      0.0000	      0.0000	      0.0000	      0.0000
      0.8105	     -5.7885	      2.4723	     26.8218
      0.0000	      0.0000	      0.0000	      0.0000
      0.0000	      0.0000	      0.0000	      0.0000
      0.0000	      0.0000	      0.0000	      0.0000
      0.0000	      4.7510	      7.1341	     19.2712
      0.0000	      0.0000	      0.0000	      0.0000
      0.0000	      0.0000	      0.0000	      0.0000
      0.0000	      0.0000	      0.0000	      0.0000
      0.0000	     -1.2804	     -4.8916	     15.8119
      0.0000	      0.0000	      0.0000	      0.0000
      0.0000	      0.0000	      0.0000	      0.0000
      0.0000	      0.0000	      0.0000	      0.0000
    -82.5895	    -64.3712	    -85.2335	    -82.5839
      0.0000	      0.0000	      0.0000	      0.0000
      0.0000	      0.0000	      0.0000	      0.0000
      0.0000	      0.0000	      0.0000	      0.0000
    -66.9571	    -32.8269	    -76.6776	    -67.0275
      0.0000	      0.0000	      0.0000	      0.0000
      0.0000	      0.0000	      0.0000	      0.0000
      0.0000	      0.0000	      0.0000	      0.0000
     -5.7470	     48.2226	    -18.0083	    -12.3970
      0.0000	      0.0000	      0.0000	      0.0000
      0.0000	      0.0000	      0.0000	      0.0000
      0.0000	      0.0000	      0.0000	      0.0000
     15.2856	     67.2306	     31.0943	     38.2684
      0.0000	      0.0000	      0.0000	      0.0000
      0.0000	      0.0000	      0.0000	      0.0000
      0.0000	      0.0000	      0.0000	      0.0000
     -9.7822	     18.5876	    -26.4934	    -22.6008
      0.0000	      0.0000	      0.0000	      0.0000
      0.0000	      0.0000	      0.0000	      0.0000
      0.0000	      0.0000	      0.0000	      0.0000
     -1.0047	     26.8511	    -32.8113	     -3.1066
      0.0000	      0.0000	      0.0000	      0.0000
      0.0000	      0.0000	      0.0000	      0.0000
      0.0000	      0.0000	      0.0000	      0.0000
      7.3594	     -1.2359	    -15.2195	     -7.2374
      0.0000	      0.0000	      0.0000	      0.0000
      0.0000	      0.0000	      0.0000	      0.0000
      0.0000	      0.0000	      0.0000	      0.0000
      4.7877	     14.2526	    -17.5576	     -1.8784
      0.0000	      0.0000	      0.0000	      0.0000
      0.0000	      0.0000	      0.0000	      0.0000
      0.0000	      0.0000	      0.0000	      0.0000
      4.0422	      3.0889	    -20.1439	      0.9932
      0.0000	      0.0000	      0.0000	      0.0000
      0.0000	      0.0000	      0.0000	      0.0000
      0.0000	      0.0000	      0.0000	      0.0000
    -10.0051	     -7.4483	    -35.7468	     -1.4954
      0.0000	      0.0000	      0.0000	      0.0000
      0.0000	      0.0000	      0.0000	      0.0000
      0.0000	      0.0000	      0.0000	      0.0000
     25.1078	      5.0421	      0.0000	      1.7746
      0.0000	      0.0000	      0.0000	      0.0000
      0.0000	      0.0000	      0.0000	      0.0000
      0.0000	      0.0000	      0.0000	      0.0000
      0.4732	     -0.6656	    -14.6142	     11.2665
      0.0000	      0.0000	      0.0000	      0.0000
      0.0000	      0.0000	      0.0000	      0.0000
      0.0000	      0.0000	      0.0000	      0.0000
    -21.3850	    -19.8860	    -33.7347	     -1.0981
      0.0000	      0.0000	      0.0000	      0.0000
      0.0000	      0.0000	      0.0000	      0.0000
      0.0000	      0.0000	      0.0000	      0.0000
      2.5868	     11.3070	      0.0000	      0.0000
      0.0000	      0.0000	      0.0000	      0.0000
      0.0000	      0.0000	      0.0000	      0.0000
      0.0000	      0.0000	      0.0000	      0.0000
     -0.6272	     -2.9003	      1.2235	     13.4935
      0.0000	      0.0000	      0.0000	      0.0000
      0.0000	      0.0000	      0.0000	      0.0000
      0.0000	      0.0000	      0.0000	      0.0000
    -66.4160	    -67.5378	    -69.4269	    -46.1727
      0.0000	      0.0000	      0.0000	      0.0000
      0.0000	      0.0000	      0.0000	      0.0000
      0.0000	      0.0000	      0.0000	      0.0000
   -151.9857	    -62.8073	   -167.9310	   -165.7333
      0.0000	      0.0000	      0.0000	      0.0000
      0.0000	      0.0000	      0.0000	      0.0000
      0.0000	      0.0000	      0.0000	      0.0000
    -11.1759	     15.8769	    -34.3189	    -47.3028
      0.0000	      0.0000	      0.0000	      0.0000
      0.0000	      0.0000	      0.0000	      0.0000
      0.0000	      0.0000	      0.0000	      0.0000
      7.2834	     19.2861	     -3.4112	     -1.5987
      0.0000	      0.0000	      0.0000	      0.0000
      0.0000	      0.0000	      0.0000	      0.0000
      0.0000	      0.0000	      0.0000	      0.0000
    -59.5880	    -26.7294	    -74.5816	    -70.4335
      0.0000	      0.0000	      0.0000	      0.0000
      0.0000	      0.0000	      0.0000	      0.0000
      0.0000	      0.0000	      0.0000	      0.0000
    -38.5891	    -23.4563	    -43.9634	    -43.2174
      0.0000	      0.0000	      0.0000	      0.0000
      0.0000	      0.0000	      0.0000	      0.0000
      0.0000	      0.0000	      0.0000	      0.0000
    -51.5302	    -55.9815	    -74.7433	    -21.5273
      0.0000	      0.0000	      0.0000	      0.0000
      0.0000	      0.0000	      0.0000	      0.0000
      0.0000	      0.0000	      0.0000	      0.0000
    -42.3506	    -25.9614	    -60.4786	    -40.7408
      0.0000	      0.0000	      0.0000	      0.0000
      0.0000	      0.0000	      0.0000	      0.0000
      0.0000	      0.0000	      0.0000	      0.0000
    -42.3677	    -42.8240	    -45.8119	    -38.2380
      0.0000	      0.0000	      0.0000	      0.0000
      0.0000	      0.0000	      0.0000	      0.0000
      0.0000	      0.0000	      0.0000	      0.0000
    -51.7855	    -49.7825	    -69.1471	    -39.5418
      0.0000	      0.0000	      0.0000	      0.0000
      0.0000	      0.0000	      0.0000	      0.0000
      0.0000	      0.0000	      0.0000	      0.0000
    -16.7469	    -15.6497	    -23.1249	    -23.4826
      0.0000	      0.0000	      0.0000	      0.0000
      0.0000	      0.0000	      0.0000	      0.0000
      0.0000	      0.0000	      0.0000	      0.0000
    -43.1163	    -48.0503	    -45.9574	    -31.4909
      0.0000	      0.0000	      0.0000	      0.0000
      0.0000	      0.0000	      0.0000	      0.0000
      0.0000	      0.0000	      0.0000	      0.0000
   -101.7337	   -117.1641	   -116.1239	    -46.5711
      0.0000	      0.0000	      0.0000	      0.0000
      0.0000	      0.0000	      0.0000	      0.0000
      0.0000	      0.0000	      0.0000	      0.0000
     -4.3327	     -7.0225	    -10.2903	      3.2862
      0.0000	      0.0000	      0.0000	      0.0000
      0.0000	      0.0000	      0.0000	      0.0000
      0.0000	      0.0000	      0.0000	      0.0000
    -18.4812	    -41.0526	    -21.8045	    -10.3959
      0.0000	      0.0000	      0.0000	      0.0000
      0.0000	      0.0000	      0.0000	      0.0000
      0.0000	      0.0000	      0.0000	      0.0000
   -176.6784	   -191.0182	   -151.5817	   -153.7936
      0.0000	      0.0000	      0.0000	      0.0000
      0.0000	      0.0000	      0.0000	      0.0000
      0.0000	      0.0000	      0.0000	      0.0000
      0.5679	      0.0000	      0.0000	      0.0000
      0.0000	      0.0000	      0.0000	      0.0000
      0.0000	      0.0000	      0.0000	      0.0000
    -19.6283	      0.0000	      0.0000	      0.0000
      0.0000	      0.0000	      0.0000	      0.0000
      0.0000	      0.0000	      0.0000	      0.0000
      0.0000	      0.0000	      0.0000	      0.0000
      0.0000	      0.0000	      0.0000	      0.0000
    -17.8104	      0.0000	      0.0000	      0.0000
      4.5416	      0.0000	      0.0000	      0.0000
      0.0000	      0.0000	      0.0000	      0.0000
      0.0000	      0.0000	      0.0000	      0.0000
      0.0000	      0.0000	      0.0000	      0.0000
      0.0000	      0.0000	      0.0000	      0.0000
      0.0000	      0.0000	      0.0000	      0.0000
      0.0000	      0.0000	      0.0000	      0.0000
      1.7254	      0.0000	      0.0000	      0.0000
     21.5278	      0.0000	      0.0000	      0.0000
      0.0000	      0.0000	      0.0000	      0.0000
      0.0000	      0.0000	      0.0000	      0.0000
      0.0000	      0.0000	      0.0000	      0.0000
      0.0000	      0.0000	      0.0000	      0.0000
      0.0000	      0.0000	      0.0000	      0.0000
      0.0000	      0.0000	      0.0000	      0.0000
      0.0000	      0.0000	      0.0000	      0.0000
    -14.8222	      0.0000	      0.0000	      0.0000
      0.0000	      0.0000	      0.0000	      0.0000
      0.0000	      0.0000	      0.0000	      0.0000
     -0.5668	      0.0000	      0.0000	      0.0000
      0.0000	      0.0000	      0.0000	      0.0000
      0.0000	      0.0000	      0.0000	      0.0000
      0.0000	      0.0000	      0.0000	      0.0000
     36.7898	      0.0000	      0.0000	      0.0000
      0.0000	      0.0000	      0.0000	      0.0000
      0.0000	      0.0000	      0.0000	      0.0000
    -16.2002	      0.0000	      0.0000	      0.0000
      9.9505	      0.0000	      7.2239	      0.0000
     13.4119	      0.0000	      0.0000	      0.0000
      0.0000	      0.0000	      0.0000	      0.0000
      0.0000	      0.0000	      0.0000	      0.0000
     13.8898	      0.0000	      0.0000	      0.0000
      0.0000	      0.0000	      0.0000	      0.0000
      0.0000	      0.0000	      0.0000	      0.0000
    -16.9266	      0.0000	      0.0000	      0.0000
      0.0000	      0.0000	      0.0000	      0.0000
      0.0000	      0.0000	      0.0000	      0.0000
      0.0000	      0.0000	      0.0000	      0.0000
      0.0000	      0.0000	      0.0000	      0.0000
     13.7736	      0.0000	      0.0000	      0.0000
      0.0000	      0.0000	      0.0000	      0.0000
      0.0000	      0.0000	      0.0000	      0.0000
      0.0000	      0.0000	      0.0000	      0.0000
      0.0000	      0.0000	      0.0000	      0.0000
      0.0000	      0.0000	      0.0000	      0.0000
      0.0000	      0.0000	      0.0000	      0.0000
      0.0000	      0.0000	      0.0000	      0.0000
    -38.9200	    -31.9423	    -42.1370	    -37.1827
    -19.6271	    -21.8441	      0.0000	      0.0000
    -19.8776	      0.0000	      0.0000	      0.0000
      0.0000	      0.0000	      0.0000	      0.0000
      0.0000	      0.0000	      0.0000	      0.0000
      0.0000	      0.0000	      0.0000	      0.0000
      0.0000	      0.0000	      0.0000	      0.0000
      0.0000	      0.0000	      0.0000	      0.0000
      0.0000	      0.0000	      0.0000	      0.0000
      0.0000	      0.0000	      0.0000	      0.0000
      0.0000	      0.0000	      0.0000	      0.0000
      0.0000	      0.0000	      0.0000	      0.0000
      0.0000	      0.0000	      0.0000	      0.0000
      0.0000	      0.0000	      0.0000	      0.0000
      0.0000	      0.0000	      0.0000	      0.0000
      0.0000	      0.0000	      0.0000	      0.0000
     14.6408	      0.0000	      0.0000	      0.0000
      0.0000	      0.0000	      0.0000	      0.0000
      8.0195	      0.0000	      0.0000	      0.0000
     41.3418	      0.0000	      0.0000	      0.0000
     -0.0835	      9.9652	      0.0000	      0.0000
      0.0000	      0.0000	      0.0000	      0.0000
     21.8119	      0.0000	      0.0000	      0.0000
      0.0000	      0.0000	      0.0000	      0.0000
     19.2009	      0.0000	      0.0000	      0.0000
    -16.2427	      0.0000	      0.0000	      0.0000
      0.0000	     12.5556	      0.0000	      0.0000
      0.0000	      0.0000	      0.0000	      0.0000
     10.9839	     -6.6330	      0.0000	      0.0000
     -1.9404	     72.6366	      0.0000	      0.0000
      0.0000	      0.0000	      0.0000	      0.0000
     11.0434	      0.0000	      0.0000	      0.0000
     35.3449	      0.0000	      0.0000	     14.3761
      5.9848	      0.0000	      0.0000	      0.0000
     -0.0510	      1.8720	      0.0000	      0.0000
      0.0000	      0.0000	      0.0000	      0.0000
     -1.7418	     -1.7739	     -2.1522	     54.5858
      3.0161	     56.2466	      0.0000	      0.0000
     32.9871	      0.0000	      0.0000	      0.0000
      0.0000	     40.8989	      0.0000	      0.0000
     38.0632	      0.0000	      0.0000	      0.0000
     28.4892	      0.0000	      0.0000	      0.0000
      5.4343	      0.0000	      0.0000	      0.0000
      8.6652	      0.0000	      0.0000	      0.0000
     23.8940	      0.0000	      0.0000	      0.0000
     60.6670	      0.0000	      0.0000	      0.0000
     49.7366	      0.0000	      0.0000	      0.0000
     13.0284	      0.0000	      0.0000	      0.0000
     -1.8009	      9.5648	      8.3507	      0.0000
     43.3354	      0.0000	      0.0000	      0.0000
     21.2454	      0.0000	      0.0000	      0.0000
      0.0000	      0.0000	      0.0000	     34.3538
     15.7028	      0.0000	      0.0000	      0.0000
      8.3617	      0.0000	      0.0000	      0.0000
      0.0000	      0.0000	      0.0000	      0.0000
      0.0000	      0.0000	      0.0000	      0.0000
    -14.4444	      0.0000	      0.0000	     11.4294
     43.2264	      0.0000	     -5.0569	      0.0000
      0.0000	      0.0000	      0.0000	      0.0000
     21.2824	      0.0000	      0.0000	      0.0000
    -30.0744	    -40.6555	    -45.8581	    -28.5525
     -8.3988	    -14.3181	      0.0000	      0.0000
      0.0000	      0.0000	      0.0000	      0.0000
      0.0000	      0.0000	      0.0000	      0.0000
      0.0000	      0.0000	      0.0000	      0.0000
      0.0000	      0.0000	      0.0000	      0.0000
      0.0000	      0.0000	      0.0000	      0.0000
      0.0000	      0.0000	      0.0000	      0.0000
     10.3222	      0.0000	      0.0000	      0.0000
      0.0000	      0.0000	      0.0000	      0.0000
      0.0000	      0.0000	      0.0000	      0.0000
      0.0000	      0.0000	      0.0000	      0.0000
      0.0000	      0.0000	      0.0000	      0.0000
      0.0000	      0.0000	      0.0000	      0.0000
      0.0000	      0.0000	      0.0000	      0.0000
      0.0000	      0.0000	      0.0000	      0.0000
     -1.4290	     55.0996	      0.0000	      0.0000
      0.0000	      0.0000	      0.0000	      0.0000
      0.0000	      0.0000	      0.0000	      0.0000
      8.3372	      0.0000	      0.0000	      0.0000
    151.5496	      4.5942	      0.0000	     25.2450
    196.8416	      0.0000	      0.0000	      3.8293
    122.8266	      0.0000	      0.0000	      0.0000
    211.2129	    166.5524	      0.0000	     97.8723
     57.3626	      0.0000	      0.0000	      0.0000
      0.0000	      0.0000	      0.0000	      0.0000
    152.6960	      0.0000	     17.8053	      0.0000
      0.0000	      0.0000	      0.0000	      0.0000
     -0.7084	     33.6281	      0.0000	      0.0000
     30.5590	      0.0000	      0.0000	      0.0000
     21.6598	      0.0000	      0.0000	      0.0000
     89.1147	      0.0000	      0.0000	      0.0000
     -0.1335	     75.9569	      8.8671	      0.0000
      3.8917	      4.0270	     -1.8109	    112.7704
    191.5183	     -1.3765	      9.1831	      0.0000
    236.9625	     91.3823	     22.8219	     62.6485
     -0.6400	     -2.5684	     -1.5389	      7.0025
     22.8167	      0.0000	      0.0000	      0.0000
     -5.5924	      0.0000	      0.0000	      0.0000
     -0.4765	      0.0000	      0.0000	      0.0000
     24.0992	      0.0000	      0.0000	      0.0000
     68.6284	      0.0000	      0.0000	      0.0000
      3.2397	      0.0000	      0.0000	      0.0000
     27.8448	      0.0000	      0.0000	      0.0000
     78.2125	     18.6586	      6.3618	     23.6071
     54.1960	    112.8078	      0.0000	      4.3754
     24.9938	      0.0000	      0.0000	    178.9688
    200.8896	      0.0000	     19.4739	      0.0000
     -2.2552	     -5.2767	     -6.2804	     15.4205
      2.1440	      0.0000	      0.0000	      2.3605
      0.0000	      0.0000	      0.0000	      0.0000
      0.0000	      0.0000	      0.0000	      0.0000
      5.7922	      0.0000	     -3.0818	      0.0000
      5.4401	      0.0000	      0.0000	      0.0000
      0.0000	      0.0000	      0.0000	      0.0000
      0.0000	      0.0000	      0.0000	      0.0000
     23.0118	      0.0000	     -7.4258	      1.7931
     13.1822	      0.0000	      0.0000	      0.0000
    132.1549	      0.0000	      0.0000	      0.0000
      6.7163	      0.0000	      0.0000	      0.0000
    -10.6823	    -11.4832	    -17.4324	    -10.1927
     -2.7495	     -4.9681	    -30.2433	      0.0000
      0.0000	      0.0000	      0.0000	      0.0000
      0.0000	      0.0000	      0.0000	      0.0000
     14.2113	      0.0000	      0.0000	      0.0000
      0.0000	      0.0000	      0.0000	     -6.1169
      4.1609	    -19.7066	      0.0000	      0.0000
      0.0000	      0.0000	      0.0000	      0.0000
      0.0000	      0.0000	      0.0000	      0.0000
      0.0000	      0.0000	      0.0000	      0.0000
      0.0000	      0.0000	      0.0000	      0.0000
      0.0000	      0.0000	      0.0000	      0.0000
      0.0000	      0.0000	      0.0000	      0.0000
      0.0000	    -19.8805	      0.0000	      0.0000
      0.0000	      0.0000	      0.0000	      0.0000
      0.0000	      0.0000	      0.0000	      0.0000
     -2.0734	     11.4184	      0.0000	      0.0000
     17.5845	      0.0000	      0.0000	      4.7723
     10.9006	      0.0000	      0.0000	      0.0000
      0.0000	      0.0000	      0.0000	      0.0000
      0.0000	     86.2434	      0.0000	      6.9638
      0.0000	      0.0000	      0.0000	      0.0000
     35.2878	      0.0000	      0.0000	      0.0000
      0.0000	      0.0000	      0.0000	      0.0000
     59.4369	      0.0000	      0.0000	      2.3880
     59.2210	      0.0000	      0.0000	      0.0000
     55.2897	      0.0000	      0.0000	      0.0000
      0.0000	      0.0000	      0.0000	      0.0000
     59.5231	      0.0000	      0.0000	      0.0000
     -5.8264	     57.8044	      0.0000	      0.0000
     11.0498	      0.0000	      0.0000	      0.0000
    -16.6465	      1.1641	      0.0000	      0.0000
     -1.3539	    114.7765	      0.0000	      0.0000
    118.9477	     35.9471	      0.0000	      0.0000
     66.7548	      0.0000	      0.0000	      0.0000
     15.3127	      0.0000	      0.0000	      0.0000
    102.9762	      0.0000	      0.0000	      0.0000
     70.7610	      0.0000	      0.0000	      0.0000
     38.2781	      0.0000	      0.0000	      0.0000
    -18.6073	     63.8963	      0.0000	      0.0000
    -12.5075	      0.0000	      0.0000	      0.0000
    -14.2340	      0.0000	      0.0000	      0.0000
      0.0000	      0.0000	      0.0000	      0.0000
      0.0000	      0.0000	      0.0000	      0.0000
     23.3270	      0.0000	      0.0000	      0.0000
     29.7240	      0.0000	      0.0000	      0.0000
      0.0000	      0.0000	      0.0000	      0.0000
      0.0000	      0.0000	      0.0000	      0.0000
     57.7906	      0.0000	      0.0000	      0.0000
      3.8070	      0.0000	      0.0000	      0.0000
      0.0000	      0.0000	      0.0000	      0.0000
      0.0000	      0.0000	      0.0000	      0.0000
      0.0000	      0.0000	      0.0000	      0.0000
      0.0000	      0.0000	      0.0000	      0.0000
      0.0000	      0.0000	      0.0000	      0.0000
      0.0000	      0.0000	      0.0000	      0.0000
      0.0000	      0.0000	      0.0000	      0.0000
      0.0000	      0.0000	      0.0000	      0.0000
      0.0000	      0.0000	      0.0000	      0.0000
      0.0000	      0.0000	      0.0000	      0.0000
    -21.1629	      6.4147	      0.0000	      0.0000
      0.0000	      0.0000	      0.0000	      0.0000
    -20.3319	      0.0000	      0.0000	      0.0000
      0.0000	      0.0000	      0.0000	      0.0000
    -10.1334	      8.4599	    -12.3152	      0.0000
     14.3152	      0.0000	      0.0000	      0.0000
      8.7751	     15.7530	      0.0000	      0.0000
     38.7428	      0.0000	      0.0000	      0.0000
     -1.0188	      0.0000	      0.0000	      1.5654
      2.5820	      0.0000	      0.0000	      0.0000
     -4.0256	     69.3849	      0.0000	      0.0000
     40.1465	      0.0000	      0.0000	      0.0000
     13.8269	      0.0000	      0.0000	      0.0000
      0.0000	      0.0000	      0.0000	      0.0000
     40.0232	      0.0000	      0.0000	      0.0000
     36.6372	      0.0000	      0.0000	      0.0000
    106.7699	     -4.9712	     -9.7568	      8.3960
     -1.3677	    167.9155	     15.3285	     -1.2308
     -5.7837	      7.2660	     58.0924	      4.2469
    202.7016	     38.2447	     13.1991	      4.2399
     -0.2112	     -0.0313	     94.1004	     40.5166
    181.2638	      0.0000	      8.7348	     39.0146
    234.9290	      0.0000	      0.0000	     35.3270
    184.4706	      0.0000	      0.0000	      0.0000
     12.0383	      0.0000	     62.1905	      0.0000
     86.2409	      0.0000	      0.0000	      0.0000
    139.5188	      0.0000	      0.0000	      0.0000
    -15.0123	    104.0886	      0.0000	      0.0000
     97.7351	     -1.3237	      5.0499	     -7.5426
    122.0583	      0.0000	     28.1844	     16.7251
     88.3321	      0.0000	      0.0000	      0.0000
    222.5634	     40.4038	      0.0000	      0.0000
    132.5620	     59.5490	     63.3600	     43.7873
      0.3980	     35.9419	      0.0000	    154.9062
    206.6139	     38.2126	      0.0000	      0.0000
    -13.8994	    189.6662	      0.0000	      5.1802
    136.2388	      0.0000	      0.0000	      0.0000
    109.2280	      0.0000	      0.0000	      0.0000
     -3.4138	      5.5428	     12.6002	    228.5084
    -14.2022	      0.0000	    178.3678	     18.7764
      3.0124	      2.5972	      0.0000	    136.3062
    179.4649	     14.1188	      0.0000	      0.0000
      0.0000	      0.0000	      0.0000	      0.0000
    -13.4716	    155.4495	      0.0000	      0.0000
    136.7031	     19.3360	      0.0000	      0.7039
    223.9159	     79.8607	      0.0000	      0.0000
     -2.7336	    118.4639	      0.0000	     53.6075
    190.1467	      0.0000	     49.8068	     44.4008
     -2.4331	    180.1052	     15.1793	     13.3922
    142.9296	      0.0000	      0.0000	      0.0000
    172.7095	      0.9364	      2.2460	     37.2023
    193.5200	      0.0000	      0.0000	     64.3519
    -16.0414	     62.7035	      0.0000	      0.0000
     76.7840	      0.0000	      0.0000	      0.0000
      2.2003	      0.0000	      0.0000	      0.0000
     24.0558	      0.0000	      0.0000	      0.0000
     34.6968	     13.9345	      0.0000	      1.6769
     61.1771	      0.0000	      0.0000	      0.0000
     56.8107	      0.0000	      0.0000	      0.0000
     45.6198	      0.0000	      0.0000	      0.0000
     -2.1935	    -19.7555	     -4.3044	     50.4944
     -2.4457	     16.2710	      0.0000	      0.0000
      4.8033	      0.0000	      0.0000	      0.0000
      0.3889	      0.0000	      0.0000	      0.0000
     -7.4946	     -6.6872	    -20.4548	     -9.8894
      5.6700	      0.0000	      0.0000	      0.0000
     15.1333	      0.0000	      0.0000	      0.0000
      0.0000	      0.0000	      0.0000	      0.0000
     82.9770	      0.0000	      0.9266	      0.0000
    125.4274	      9.3712	     -5.4226	      0.0000
    105.7015	      0.0000	      3.6345	     17.4005
    159.3323	     21.3434	      0.0000	     -4.0966
     26.4077	      6.1607	      0.0000	      0.0000
      0.0000	      0.0000	      0.0000	      0.0000
     59.0621	      0.0000	      0.0000	      0.0000
      7.4682	      0.0000	      0.0000	      0.0000
     -8.7940	     64.2255	      1.7176	     -9.7048
    123.4509	      0.0000	      0.0000	      0.0000
     32.6155	      0.0000	      0.0000	      0.0000
     82.3339	      0.0000	      0.0000	      0.0000
     35.2526	    103.9560	     10.3776	     53.7053
    193.9591	    122.5440	     48.8201	     92.5358
    204.2434	    129.5545	     35.2090	    135.5846
    210.4986	    168.8852	     46.9801	    167.9082
    125.6804	      4.1289	     -1.7483	      0.0000
    124.8381	      0.0000	      0.0000	      0.0000
      0.0000	    107.4779	      0.0000	      0.0000
    161.6701	      0.0000	      0.0000	      0.0000
     -0.6462	     -1.4517	     -6.0812	    137.2958
    124.4830	      0.0000	      0.0000	      0.0000
     50.2762	      0.0000	      0.0000	     50.2186
    121.1044	     14.5493	      0.0000	      0.0000
     87.6032	     64.3183	     64.7609	     44.4381
    177.0475	     99.9078	     46.5531	    101.9752
    177.2589	     89.1809	     29.9748	    134.6960
    241.9220	    236.6309	     62.2169	    226.6963
     18.8028	      3.4104	      7.9610	     83.9061
     77.9700	      0.0000	      0.0000	      0.0000
     -3.0575	    166.2460	     -8.6565	      7.6469
     49.7322	      0.0000	      0.0000	      0.0000
    153.5985	     15.2664	      0.0000	      0.0000
    195.9079	      6.7778	      0.0000	      0.0000
     67.9259	      0.0000	      0.0000	      0.0000
    166.3163	     24.7653	      0.0000	      0.0000
     -0.1091	     17.1049	      8.9321	    115.8803
     51.5888	    108.6050	     -0.2077	     83.8121
    205.0950	    108.7546	     68.7740	    172.1570
    239.0719	    209.4277	     40.3128	    166.5141
     -1.6103	     77.7644	     -3.4237	     -0.5566
     -1.9470	     78.3156	      0.0000	      0.0000
     86.4746	      0.0000	      0.0000	      0.0000
     80.9489	      0.0000	      0.0000	      0.0000
     91.9342	      0.0000	      0.0000	      0.0000
      0.0000	     72.9813	      0.0000	      0.0000
     22.1468	      0.0000	      0.0000	      0.0000
     21.3853	      0.0000	      0.0000	      0.0000
     72.7963	     12.3074	      0.0000	     42.1044
     12.5353	     15.3990	     -6.8316	     98.0986
     -0.7657	     71.8309	      0.0000	      0.0000
     98.9039	     19.2067	      3.9293	      0.0000
     -1.4227	     -3.1006	     -8.0227	     49.0712
     -3.3332	     -3.2243	     -8.3994	     54.4585
     18.7291	      0.0000	      0.0000	      0.0000
      0.0000	      0.0000	      0.0000	      0.0000
    -37.4199	    -26.5578	    -39.7956	    -24.6254
    -21.0202	      0.0000	      0.0000	      0.0000
      0.0000	      0.0000	      0.0000	      0.0000
      0.0000	      0.0000	      0.0000	      0.0000
      4.0989	      0.0000	      0.0000	      0.0000
      0.0000	      0.0000	      0.0000	      0.0000
      0.0000	      0.0000	      0.0000	      0.0000
      0.0000	      0.0000	      0.0000	      0.0000
    -24.0526	    -19.8787	      1.5164	      0.0000
      0.0000	      0.0000	      0.0000	      0.0000
      0.0000	      0.0000	      0.0000	      0.0000
      0.0000	      0.0000	      0.0000	      0.0000
     -1.7889	     10.9230	      0.0000	      0.0000
      0.0000	      0.0000	      0.0000	      0.0000
      0.0000	      0.0000	      0.0000	      0.0000
      0.0000	      0.0000	      0.0000	      0.0000
      0.0000	      0.0000	      0.0000	      0.0000
      0.0000	      0.0000	      0.0000	      0.0000
      0.0000	      0.0000	      0.0000	      0.0000
      0.0000	      0.0000	      0.0000	      0.0000
      7.2687	      0.0000	      0.0000	      0.0000
      0.0000	      0.0000	      0.0000	      0.0000
      0.0000	      0.0000	      0.0000	      0.0000
      0.0000	      0.0000	      0.0000	      0.0000
      1.3367	      0.0000	      0.0000	      0.0000
      0.0000	      0.0000	      0.0000	      0.0000
      0.0000	      0.0000	      0.0000	      0.0000
      0.0000	      0.0000	      0.0000	      0.0000
      0.0000	      0.0000	      0.0000	      0.0000
      0.0000	      0.0000	      0.0000	      0.0000
      0.0000	      0.0000	      0.0000	      0.0000
      0.0000	      0.0000	      0.0000	      0.0000
      0.0000	      0.0000	      0.0000	      0.0000
    -17.6479	      0.0000	      0.0000	      0.0000
      0.0000	      0.0000	      0.0000	      0.0000
      0.0000	      0.0000	      0.0000	      0.0000
      0.0000	      0.0000	      0.0000	      0.0000
      0.0000	      0.0000	      0.0000	      0.0000
      0.0000	      0.0000	      0.0000	      0.0000
      0.0000	      0.0000	      0.0000	      0.0000
      0.0000	      0.0000	      0.0000	      0.0000
      0.0000	      0.0000	      0.0000	      0.0000
      0.0000	      0.0000	      0.0000	      0.0000
      0.0000	      0.0000	      0.0000	      0.0000
      0.0000	      0.0000	      0.0000	      0.0000
      0.0000	      0.0000	      0.0000	      0.0000
      0.0000	      0.0000	      0.0000	      0.0000
      0.0000	      0.0000	      0.0000	      0.0000
      0.0000	      0.0000	      0.0000	      0.0000
      0.0000	      0.0000	      0.0000	      0.0000
      0.0000	      0.0000	      0.0000	      0.0000
      0.0000	      0.0000	      0.0000	      0.0000
      0.0000	      0.0000	      0.0000	      0.0000
      0.0000	      0.0000	      0.0000	      0.0000
      0.0000	      0.0000	      0.0000	      0.0000
      0.0000	      0.0000	      0.0000	      0.0000
     -8.7068	     -4.3164	    -17.0738	      0.0000
    -25.4294	      6.7201	     -6.2446	      0.0000
      0.0000	      0.0000	      0.0000	      0.0000
    -19.6409	      0.0000	      0.0000	      0.0000
    -29.1140	    -28.0995	    -24.3520	    -43.0141
      0.0000	      0.0000	      0.0000	      0.0000
     -9.8879	     10.1480	      0.0000	      0.0000
      0.0000	      0.0000	      0.0000	      0.0000
     -0.5474	     32.6047	      0.0000	     -1.1239
     10.7915	      3.1038	      0.0000	     -1.8777
     -0.5448	     -0.1854	     -0.4959	      0.0000
      4.7465	      0.0000	      0.0000	      0.0000
     16.3771	      0.0000	      0.0000	      0.0000
      0.0000	      0.0000	      0.0000	      0.0000
      1.6551	      0.0000	      0.0000	      0.0000
      0.0000	      0.0000	      0.0000	      0.0000
     -5.6255	     -2.4128	      0.0000	      6.2326
     -4.8504	     35.6435	      0.0000	      0.0000
     15.7528	      0.0000	      0.0000	      0.0000
      0.0000	      0.0000	      0.0000	      0.0000
     -1.5840	     32.6562	      0.0000	      0.0000
      5.9539	      0.0000	      0.0000	      0.0000
     59.7165	      0.0000	      0.0000	      0.0000
     11.6988	      0.0000	      0.0000	      0.0000
      6.8654	      0.0000	      0.2585	      0.0000
      0.0000	      0.0000	      0.0000	      0.0000
      0.0000	      0.0000	      0.0000	      0.0000
     25.5786	      0.0000	      0.0000	      0.0000
     -5.0934	     65.8732	     -5.2847	     -2.5138
     -1.5401	     72.6981	      0.0000	      0.0000
      0.0000	      0.0000	      0.0000	      0.0000
      6.8234	      0.0000	      0.0000	      0.0000
     -0.5447	     95.1691	      0.0000	      0.0000
     41.0890	      0.0000	      0.0000	      0.0000
      0.0000	      0.0000	      0.0000	      0.0000
      0.0000	      0.0000	      0.0000	      0.0000
     -1.8927	     28.7823	      0.0000	      0.0000
      0.0000	      0.0000	      0.0000	      0.0000
     -2.9275	      0.0000	      0.0000	      0.0000
      0.0000	      0.0000	      0.0000	      0.0000
      2.7778	      0.0000	      0.0000	      0.0000
     27.3308	      0.0000	      0.0000	      0.0000
      0.0000	      0.0000	      0.0000	      0.0000
      0.0000	      0.0000	      0.0000	      0.0000
     -0.8883	     -1.0914	     66.7727	      0.0000
      0.0000	      0.0000	      0.0000	      0.0000
      0.0000	      0.0000	      0.0000	      0.0000
      0.0000	      0.0000	      0.0000	      0.0000
     -2.1470	      0.0000	      0.0000	      7.8317
    111.1172	      0.0000	      0.0000	      0.0000
     -1.6146	     -1.5698	      0.0000	      0.0000
      0.0000	      0.0000	      0.0000	      0.0000
     34.8218	      0.0000	      0.0000	      7.9911
      0.0000	      0.0000	      0.0000	      0.0000
      0.0000	      0.0000	      0.0000	      0.0000
    -15.2938	      0.0000	      0.0000	      0.0000
      8.2251	      0.0000	      0.0000	      0.0000
      1.3183	      0.0000	      0.0000	      0.0000
      0.0000	      0.0000	      0.0000	      0.0000
      0.0000	      0.0000	      0.0000	      0.0000
      1.6875	      0.0000	      0.0000	      0.0000
     -0.0663	    -16.1410	      0.0000	      0.0000
      0.0000	      0.0000	      0.0000	      0.0000
      0.0000	      0.0000	      0.0000	      0.0000
    -22.7818	    -38.7420	    -20.8131	    -20.2821
      0.0000	      0.0000	      0.0000	      0.0000
      0.9399	      0.0000	      0.0000	      0.0000
      0.0000	      0.0000	      0.0000	      0.0000
     -1.3215	     23.8372	      0.0000	     -2.9197
      6.9466	      0.0000	      0.0000	      0.0000
      2.3854	     -1.0613	      0.0000	      0.0000
     -3.8314	      2.6012	      0.0000	      0.0000
      0.0000	      0.0000	      0.0000	      0.0000
      0.0000	      0.0000	      0.0000	      0.0000
      3.1513	      0.0000	      0.0000	      0.0000
      0.0000	      0.0000	      0.0000	      0.0000
     -2.3768	     24.0785	      0.0000	      0.0000
      0.0000	      0.0000	      0.0000	      0.0000
     -1.9714	      0.0000	      0.0000	      0.0000
      0.0000	      0.0000	      0.0000	      0.0000
     -0.0378	     72.8561	      6.6632	      8.0843
     58.7989	      0.0000	     -0.8568	      0.0000
     21.7089	      0.0000	      0.0000	      0.0000
     -1.4781	    183.5784	      3.7436	     20.6793
     23.6118	      0.0000	      0.0000	     10.9246
      5.3750	      0.0000	      0.0000	      0.0000
     14.8219	      0.0000	      0.0000	      0.0000
      4.7004	      0.0000	      0.0000	      0.0000
     -1.9265	     24.3574	      0.0000	      0.0000
      3.5344	      0.0000	      0.0000	      0.0000
      0.0000	      0.0000	      0.0000	      0.0000
      0.0000	      0.0000	      0.0000	      0.0000
     -0.0846	     71.6863	     13.0036	      0.0000
     24.9688	      0.0000	      0.0000	      0.0000
     37.0025	      3.8999	     -4.8570	      0.0000
    140.3751	      0.0000	      0.0000	      0.0000
     -0.3624	      6.3917	     -6.7940	     28.0683
     -2.9399	      0.0000	      0.0000	      0.0000
      2.1337	      0.0000	      0.0000	      2.7262
      0.0000	      0.0000	      0.0000	      0.0000
      0.0000	      0.0000	      0.0000	      0.0000
      0.0000	      0.0000	      0.0000	      0.0000
      0.0000	      0.0000	      0.0000	      0.0000
      0.0000	      0.0000	      0.0000	      0.0000
     -0.2074	     57.5193	      0.0000	      0.0000
     47.7429	      0.0000	      0.0000	      0.0000
     33.6807	      0.0000	      0.0000	      0.0000
     40.0668	      0.0000	      0.0000	      0.0000
     -1.4538	     -2.6594	     -3.5900	     -3.3776
      0.0000	      0.0000	      0.0000	      0.0000
      0.0000	     -3.8442	      0.0000	      0.0000
      0.0000	      0.0000	      0.0000	      0.0000
      0.0000	      0.0000	      0.0000	      0.0000
      0.0000	      0.0000	      0.0000	      0.0000
      0.0000	      0.0000	      0.0000	      0.0000
      0.0000	      0.0000	      0.0000	      0.0000
      0.0000	      0.0000	      0.0000	      0.0000
      0.0000	      0.0000	      0.0000	      0.0000
      0.0000	      0.0000	      0.0000	      0.0000
      0.0000	      0.0000	      0.0000	      0.0000
      0.0000	      0.0000	     -2.2253	      0.0000
      0.0000	      0.0000	      0.0000	      0.0000
      0.0000	      0.0000	      0.0000	      0.0000
      0.0000	      0.0000	      0.0000	      0.0000
     -7.9333	     -8.3453	    -12.9063	      1.9408
      0.0000	      0.0000	      0.0000	      0.0000
      0.0000	      0.0000	      0.0000	      0.0000
      0.0000	      0.0000	      0.0000	      0.0000
      0.1740	      0.0000	      0.0000	     15.0993
      0.0000	      0.0000	      0.0000	      0.0000
      0.0000	      0.0000	      0.0000	      0.0000
      0.0000	      0.0000	      0.0000	      0.0000
      0.0000	      0.0000	      0.0000	      0.0000
      0.0000	      0.0000	      0.0000	      0.0000
      0.0000	      0.0000	      0.0000	      0.0000
      0.0000	      0.0000	      0.0000	      0.0000
      0.0000	      0.0000	      0.0000	      0.0000
      0.0000	      0.0000	      0.0000	      0.0000
      0.0000	      0.0000	      0.0000	      0.0000
      0.0000	      0.0000	      0.0000	      0.0000
      0.0000	      0.0000	     59.6078	      1.5039
      0.0000	      0.0000	      0.0000	      0.0000
      0.0000	      0.0000	      0.0000	      0.0000
      0.0000	      0.0000	      0.0000	      0.0000
     10.4361	      0.0000	      0.0000	      0.0000
      0.0000	      0.0000	      0.0000	      0.0000
      0.0000	      0.0000	      0.0000	      0.0000
      0.0000	      0.0000	      0.0000	      0.0000
      0.0000	      0.0000	      0.0000	      0.0000
      7.8391	      0.0000	      0.0000	      0.0000
    -18.1003	      0.0000	      0.0000	      0.0000
      0.0000	      0.0000	      0.0000	      0.0000
     -0.4842	     -0.7887	      9.7761	      0.0000
      0.0000	      0.0000	      0.0000	      0.0000
      0.0000	      0.0000	      0.0000	      0.0000
      0.0000	      0.0000	      0.0000	      0.0000
      0.0000	      0.0000	      0.0000	      0.0000
      0.0000	      0.0000	      0.0000	      0.0000
    -20.8373	      0.0000	      0.0000	      0.0000
      0.0000	      0.0000	      0.0000	      0.0000
    -13.6179	      0.5866	      0.0000	      0.0000
    -19.6578	      0.0000	      0.0000	      0.0000
      0.0000	      0.0000	      0.0000	      0.0000
      0.0000	      0.0000	      0.0000	      0.0000
      5.5276	      0.0000	      0.0000	      0.0000
      7.7866	      0.0000	      0.0000	      0.0000
      0.0000	      0.0000	      0.0000	      0.0000
      0.0000	      0.0000	      0.0000	      0.0000
     -2.0949	     -3.5592	     -4.6776	      3.8369
      0.0000	      0.0000	      0.0000	      0.0000
      0.0000	      0.0000	      0.0000	      0.0000
      0.0000	      0.0000	      0.0000	      0.0000
    -13.0626	    -13.6895	     -3.9837	     20.7271
      4.8301	      0.0000	      0.0000	      0.0000
      0.0000	      0.0000	      0.0000	      0.0000
      0.0000	      0.0000	      0.0000	      0.0000
     19.3293	     -1.9105	    -25.0245	    -19.2770
      0.0000	      0.0000	      0.0000	      0.0000
      0.0000	      0.0000	      0.0000	      0.0000
      0.0000	      0.0000	      0.0000	      0.0000
    -45.0014	    -35.8612	    -30.4479	    -31.9677
    -19.7801	      0.0000	    -23.1608	      0.0000
      0.0000	      0.0000	      0.0000	      0.0000
      0.0000	      0.0000	      0.0000	      0.0000
     -3.7574	     -3.4251	      3.2357	      0.0000
      0.0000	      0.0000	      0.0000	      0.0000
      0.0000	      0.0000	      0.0000	      0.0000
      0.0000	      0.0000	      0.0000	      0.0000
      0.0000	      0.0000	      0.0000	      0.0000
      0.0000	      0.0000	      0.0000	      0.0000
      0.0000	      0.0000	      0.0000	      0.0000
      0.0000	      0.0000	      0.0000	      0.0000
      0.0000	      0.0000	      0.0000	      0.0000
      4.0230	      0.0000	      0.0000	      0.0000
      0.0000	      0.0000	      0.0000	      0.0000
      0.0000	      0.0000	      0.0000	      0.0000
     -3.2833	     -2.5388	     -1.5904	     -3.4976
      0.0000	      0.0000	      0.0000	      0.0000
      0.0000	      0.0000	      0.0000	      0.0000
      0.0000	      0.0000	      0.0000	      0.0000
      0.0000	     38.0119	      2.8730	      0.0000
      0.0000	      0.0000	      0.0000	      0.0000
      6.3304	      0.0000	      0.0000	      0.0000
      0.0000	      0.0000	      0.0000	      0.0000
     34.2219	      0.0000	      0.0000	      0.0000
      0.0000	      0.0000	      0.0000	      0.0000
     12.6967	      0.0000	      0.0000	      0.0000
      0.0000	      0.0000	      0.0000	      0.0000
     -0.5858	     -1.3318	     -0.5819	     11.0296
      0.0000	      0.0000	      0.0000	      0.0000
      0.0000	      0.0000	      0.0000	      0.0000
      0.0000	      0.0000	      0.0000	      0.0000
      8.3960	      3.5282	      0.0000	     45.2780
      0.0000	      0.0000	      0.0000	      0.0000
     -0.9624	      0.0000	      0.0000	      0.0000
      0.0000	      0.0000	      0.0000	      0.0000
     -1.3661	    -18.9923	     -3.7756	     72.0784
      0.0000	      0.0000	      0.0000	      0.0000
     -7.0480	     -9.9715	      2.3118	     -4.7068
      0.0000	      0.0000	      0.0000	      0.0000
      8.1617	      0.0000	      0.0000	      0.0000
     15.8709	      0.0000	      0.0000	      0.0000
      0.0000	      0.0000	      0.0000	      0.0000
      0.0000	      0.0000	      0.0000	      0.0000
     -0.1062	     -1.3810	     -2.1411	     19.6043
      0.0000	      0.0000	      0.0000	     48.1986
     26.0382	      0.0000	      0.0000	      0.0000
      6.3182	      0.0000	      0.0000	      0.0000
     -8.7880	     -7.7997	     -9.2206	     20.4383
    -18.4722	     29.5257	      0.0000	      0.0000
     -3.0107	      0.0000	      0.0000	      0.0000
      0.0000	      0.0000	      0.0000	      0.0000
      6.6868	      0.0000	      1.9043	      0.0000
     25.7558	      0.0000	      0.0000	      0.0000
      0.0000	      0.0000	      0.0000	      0.0000
      0.0000	      0.0000	      0.0000	      0.0000
     -0.3061	     -6.8810	     -9.9526	      9.0835
     14.0050	      0.0000	      0.0000	      0.0000
      5.9871	      0.0000	      0.0000	      0.0000
     19.4876	      0.0000	      0.0000	      5.3302
    -30.5212	    -32.0325	    -37.3243	    -19.3646
      5.7648	     -5.3115	    -12.1942	    -10.6208
      0.0000	      0.0000	      0.0000	      0.0000
      0.0000	      0.0000	      0.0000	      0.0000
     -1.3830	     -1.5992	      0.0000	      0.0000
      0.0000	      0.0000	      0.0000	      0.0000
      0.0000	      0.0000	      0.0000	      0.0000
      0.0000	      0.0000	      0.0000	      0.0000
     -0.2938	     -0.5115	      9.6574	      0.0000
      0.0000	      0.0000	      0.0000	      0.0000
      0.0000	      0.0000	      0.0000	      0.0000
      0.0000	      0.0000	      0.0000	      0.0000
      0.0000	      0.0000	      0.0000	      0.0000
      0.0000	      0.0000	      0.0000	      0.0000
      0.0000	      0.0000	      0.0000	      0.0000
      0.0000	      0.0000	      0.0000	      0.0000
     -3.5853	     -3.4473	     -5.9221	     -4.8335
      0.0000	      0.0000	      0.0000	      0.0000
      0.0000	      0.0000	      0.0000	      0.0000
      0.0000	      0.0000	      0.0000	      0.0000
     19.1872	     -1.0126	     -2.4664	     -1.1172
     -1.4493	      0.0000	      0.0000	      0.0000
      0.0000	      0.0000	      0.0000	      0.0000
      0.0000	      0.0000	      0.0000	      0.0000
     19.6894	      0.0000	      0.0000	      0.0000
      0.0000	      0.0000	      0.0000	      0.0000
      3.6278	      0.0000	      0.0000	      0.0000
      0.0000	      0.0000	      0.0000	      0.0000
     -0.6558	     -0.8582	     -0.2000	      8.2181
      0.0000	      0.0000	      0.0000	      0.0000
      3.0138	      0.0000	      0.0000	      0.0000
      0.0000	      0.0000	      0.0000	      0.0000
     -0.2863	     -2.4632	     -5.1053	     26.9789
     -0.0424	     -0.7722	     -2.7862	     26.5126
      8.0201	     -3.0690	      0.0000	      0.0000
     20.8051	      0.0000	      0.0000	      0.0000
     14.2656	     -0.0406	     -6.0810	      0.1982
      0.0000	      0.0000	      0.0000	      0.0000
      0.6157	      0.0000	      0.0000	      0.0000
      0.0000	      0.0000	      0.0000	      0.0000
     24.7623	      0.0000	     -0.6447	      0.0000
      2.0232	      0.0000	      0.0000	      0.0000
      5.0442	      0.0000	      0.0000	      0.0000
      0.0000	      0.0000	      0.0000	      0.0000
      0.9867	     -0.6687	      0.0000	     45.5512
     20.6764	      0.0000	      0.0000	     -0.4895
     18.3096	      1.4782	      0.0000	      0.0000
     51.2046	      0.0000	      0.0000	      0.0000
     -5.7525	     -8.9102	     -6.9824	     12.9592
      0.0000	      0.0000	      0.0000	      0.0000
      0.0000	      0.0000	      0.0000	      0.0000
      0.0000	      0.0000	      0.0000	      0.0000
     23.5310	      0.0000	      0.0000	      0.0000
      0.0000	      0.0000	      0.0000	      0.0000
      1.5661	      0.0000	      0.0000	      0.0000
      0.0000	      0.0000	      0.0000	      0.0000
      1.8166	      0.0000	      0.0000	     27.5291
      3.0427	      0.0000	      0.0000	      0.0000
     21.0048	      0.0000	      0.0000	      0.0000
      0.0000	      0.0000	      0.0000	      0.0000
    -10.2399	    -10.2238	    -15.3894	      3.7391
     -3.3226	     -3.0830	      0.0000	      0.0000
      0.0000	      0.0000	      0.0000	      0.0000
      0.0000	      0.0000	      0.0000	      0.0000
    -36.2546	    -31.2321	    -26.1463	    -18.3583
      0.0000	      0.0000	      0.0000	      0.0000
      0.0000	      0.0000	      0.0000	      0.0000
      0.0000	      0.0000	      0.0000	      0.0000
     -1.4011	     -0.2650	      3.7066	      0.0000
      0.0000	      0.0000	      0.0000	      0.0000
      0.0000	      0.0000	      0.0000	      0.0000
      0.0000	      0.0000	      0.0000	      0.0000
      0.0000	      0.0000	      0.0000	      0.0000
      0.0000	      0.0000	      0.0000	      0.0000
      0.0000	      0.0000	      0.0000	      0.0000
      0.0000	      0.0000	      0.0000	      0.0000
     -1.8766	     48.1147	      0.0000	      0.0000
      0.0000	      0.0000	      0.0000	      0.0000
      0.0000	      0.0000	      0.0000	      0.0000
      0.0000	      0.0000	      0.0000	      0.0000
      0.6336	     67.4007	      0.0000	     41.6030
      0.0000	      0.0000	      0.0000	      0.0000
      0.0000	      0.0000	      0.0000	      0.0000
      0.0000	      0.0000	      0.0000	      0.0000
      1.4021	     15.2167	      0.0000	      0.0000
      0.0000	      0.0000	      0.0000	      0.0000
     17.4602	      0.0000	      0.0000	      0.0000
      0.0000	      0.0000	      0.0000	      0.0000
     -0.9476	     76.2276	      0.0000	      0.0000
      0.0000	      0.0000	      0.0000	      0.0000
      0.0000	      0.0000	      0.0000	      0.0000
      0.0000	      0.0000	      0.0000	      0.0000
     -0.5389	     16.4128	     67.4716	     13.8960
      0.0000	      0.0000	      0.0000	      0.0000
      8.6900	      0.0000	      0.0000	      0.0000
      0.0000	      0.0000	      0.0000	      0.0000
     -2.1162	     -0.7162	     71.8545	      0.0000
      0.0000	      0.0000	      0.0000	      0.0000
     23.0733	      0.0000	      0.0000	      0.0000
     28.2383	      0.0000	      0.0000	      0.0000
     23.7829	      0.0000	      5.9232	      0.0000
      0.0000	      0.0000	      0.0000	      0.0000
      0.0000	      0.0000	      0.0000	      0.0000
      0.0000	      0.0000	      0.0000	      0.0000
     -0.4518	     -1.4159	     20.8053	      0.0000
      0.0000	      0.0000	      0.0000	      0.0000
      0.0000	      0.0000	      0.0000	      0.0000
      0.0000	      0.0000	      0.0000	      0.0000
     -1.4208	     -2.2551	      9.5060	      0.0000
      0.0000	      0.0000	      0.0000	      0.0000
      2.9651	      0.0000	      0.0000	      0.0000
      0.0000	      0.0000	      0.0000	      0.0000
      0.0000	      0.0000	      0.0000	      0.0000
      0.0000	      0.0000	      0.0000	      0.0000
      0.0000	      0.0000	      0.0000	      0.0000
      0.0000	      0.0000	      0.0000	      0.0000
     -1.8834	     -0.0158	      0.0000	      0.0000
      0.0000	      0.0000	      0.0000	      0.0000
      0.0000	      0.0000	      0.0000	      0.0000
      0.0000	      0.0000	      0.0000	      0.0000
    -40.5554	    -20.2930	     -8.0871	     -5.0353
    -19.2663	      0.0000	      0.0000	      0.0000
      0.0000	      0.0000	      0.0000	      0.0000
      0.0000	      0.0000	      0.0000	      0.0000
    -13.3621	    -13.9154	    -13.8021	    -12.3772
      0.0000	      0.0000	      0.0000	      0.0000
     -0.3998	      3.7771	      0.0000	      0.0000
      0.0000	      0.0000	      0.0000	      0.0000
     -0.8859	     -0.6766	     -3.9305	      0.0000
      0.0000	      0.0000	      0.0000	      0.0000
      0.0000	      0.0000	      0.0000	      0.0000
      0.0000	      0.0000	      0.0000	      0.0000
    -14.5542	     26.1885	      0.0000	      0.0000
      0.0000	      0.0000	      0.0000	      0.0000
      0.0000	      0.0000	      0.0000	      0.0000
      0.0000	      0.0000	      0.0000	      0.0000
     -2.4988	     55.4946	     -3.4768	     10.0377
     12.2164	      0.0000	      0.0000	      0.0000
     15.0115	      0.0000	      0.0000	      0.0000
      5.3734	      0.0000	      0.0000	      0.0000
     29.4577	     80.7058	     39.4202	     27.6770
      1.2717	      0.0000	      0.0000	      0.0000
     44.0740	      0.0000	      0.0000	      3.9367
      0.0000	      0.0000	      0.0000	      0.0000
     61.7555	     13.3144	      9.8659	      8.0212
      5.9499	      0.0000	      0.0000	      0.0000
     61.1867	      0.0000	      0.0000	      0.0000
      0.0000	      0.0000	      0.0000	      0.0000
     14.5212	     71.1619	     18.4127	     11.0260
     -2.2304	      8.2151	      0.0000	     -4.5632
      7.2465	      0.0000	      0.0000	      0.0000
      4.6705	      0.0000	      0.0000	      0.0000
     38.4617	     29.8251	     24.9080	     58.2531
    -19.3961	     40.2665	      0.0000	      0.0000
     44.5132	      0.0000	      0.0000	     19.5020
      5.5300	      0.0000	      0.0000	      0.0000
    108.3595	     -3.2617	     12.0445	     35.8323
      0.0000	      0.0000	      0.0000	      0.0000
     11.7255	    -10.6806	    -12.0209	     37.2323
     58.2397	      0.0000	      0.0000	      0.0000
     54.2284	      0.0000	      0.8995	      0.0000
      5.2533	      0.0000	      0.0000	     80.4732
      0.0000	      0.0000	      0.0000	      0.0000
     89.5017	      0.0000	      0.0000	      0.0000
     10.1890	      5.7052	     35.0360	      3.8680
    114.0226	      0.0000	      0.0000	      0.0000
     93.3761	      0.0000	      3.0781	     30.6398
     61.4498	      0.0000	      0.0000	      0.0000
    -11.2316	     24.3690	    -16.7222	     16.3992
    109.1543	      0.0000	      4.6755	      0.0000
     -0.9359	     -0.6279	     -5.2341	     82.4726
    106.2197	      0.0000	      0.0000	      0.0000
     32.0943	      0.0000	      0.0000	      1.8848
     33.2661	      5.5885	      0.0000	      0.0000
      0.0000	      0.0000	      0.0000	      0.0000
      0.0000	      0.0000	      0.0000	      0.0000
     -1.5086	     -2.7401	     -3.3896	     34.9067
     11.1026	      0.0000	      0.0000	     73.9663
     87.8655	      0.0000	      0.0000	      0.0000
     74.1332	      2.9387	      0.0000	      0.0000
     -3.2975	      4.9973	    -10.8319	     30.4377
     77.2602	      0.0000	      0.0000	      0.0000
     79.7450	      7.8977	      0.0000	      0.0000
    -18.3893	    -12.2679	      0.0000	      0.0000
    -10.8781	     -6.0363	    -10.8165	    -10.6200
      0.0000	      0.0000	      0.0000	      0.0000
      3.2761	      0.0000	      0.0000	      0.0000
      0.0000	      0.0000	      0.0000	      0.0000
     -0.8539	     14.4915	     -7.1483	     -1.7079
      0.0000	      0.0000	      0.0000	      0.0000
      2.4351	      0.0000	      0.0000	      0.0000
      0.0000	      0.0000	      0.0000	      0.0000
     34.6776	      0.0000	      0.0000	     -0.0671
      0.0000	      0.0000	      0.0000	      0.0000
      1.1077	      0.0000	      0.0000	      0.0000
      0.0000	      0.0000	      0.0000	      0.0000
     -8.3221	     13.8909	     -7.2518	     -7.0206
      0.0000	      0.0000	      0.0000	      0.0000
      0.0000	      0.0000	      0.0000	      0.0000
      0.0000	      0.0000	      0.0000	      0.0000
      0.3067	     31.0849	     -4.3156	      2.4604
      0.0000	      0.0000	      0.0000	      0.0000
     16.5587	      0.0000	      0.0000	      0.0000
     21.6245	      0.0000	      0.0000	      4.6032
     15.4392	      0.0000	      2.6949	     34.5339
      9.2258	      0.0000	      0.0000	      0.0000
      5.8196	      0.0000	      0.0000	      0.0000
      4.5980	      0.0000	      0.0000	      0.0000
     10.3719	     34.3110	    -14.1872	      8.1369
      0.0000	      0.0000	      0.0000	      0.0000
      0.0000	      0.0000	      0.0000	      0.0000
      0.0000	      0.0000	      0.0000	      0.0000
     27.0505	     19.8277	      2.5615	     41.4157
     73.2918	      0.0000	      3.5792	      0.0000
     85.6300	      4.5759	      0.4484	     14.3325
     22.3352	     -0.8051	     -7.2805	     85.7112
      2.1038	     -7.9356	     -6.3851	     41.0809
      0.0000	      0.0000	      0.0000	      0.0000
     54.4792	     -7.2977	     -9.2475	     -4.8494
      5.2145	      0.0000	      0.0000	      0.0000
    101.3918	      9.3976	     -3.1836	     24.7815
     17.0359	      0.0000	      0.0000	     18.3275
      8.9205	      0.0000	      0.0000	      0.0000
    101.0071	      0.0000	      0.0000	      0.0000
     14.2308	      1.0368	     -4.7916	     64.0536
    113.6747	      5.8623	      5.7509	     32.1707
    128.9507	     26.6903	      0.0680	     46.4580
    166.1604	     54.0060	     -4.4787	    101.7358
     -8.6683	     -8.4723	    -15.0670	     11.3710
     -0.2966	      0.0000	      0.0000	      0.0000
     -4.9884	     -0.0830	     -7.6384	     93.4970
     38.1857	      0.0000	      0.0000	      0.0000
     41.3003	      0.0000	      0.0000	      0.0000
     27.8725	      0.0000	     -0.9344	      0.0000
      0.0000	      0.0000	      0.0000	      0.0000
     52.0226	      0.0000	      0.0000	      0.0000
      4.5478	     -7.8627	     -6.0121	     45.7012
    114.7909	      0.0000	     -6.8740	      4.5295
     93.0909	      0.0000	     -9.2672	      0.0000
    110.9181	     30.1411	    -12.4019	     75.3016
    -18.4548	    -20.7147	    -21.3152	     24.1053
     22.7450	      0.0000	      0.0000	      0.0000
     10.5079	      0.0000	      0.0000	      0.0000
      0.0000	      0.0000	      0.0000	      0.0000
    -34.6062	    -39.1786	    -36.5867	    -47.2200
      0.0000	      0.0000	      0.0000	      0.0000
      0.0000	      0.0000	      0.0000	      0.0000
      0.0000	      0.0000	      0.0000	      0.0000
     -2.1658	      3.3080	      0.0000	    -20.0566
      0.0000	      0.0000	      0.0000	      0.0000
      0.0000	      0.0000	      0.0000	      0.0000
      0.0000	      0.0000	      0.0000	      0.0000
      4.3070	      0.0000	     -2.5770	     -0.7228
      0.0000	      0.0000	      0.0000	      0.0000
      0.0000	      0.0000	      0.0000	      0.0000
      0.0000	      0.0000	      0.0000	      0.0000
     -3.7643	     13.9175	      1.7943	      0.0000
      0.0000	      0.0000	      0.0000	      0.0000
      0.0000	      0.0000	      0.0000	      0.0000
      0.0000	      0.0000	      0.0000	      0.0000
     -0.1060	      1.2937	      0.0000	      0.0000
      0.0000	      0.0000	      0.0000	      0.0000
      0.0000	      0.0000	      0.0000	      0.0000
      0.0000	      0.0000	      0.0000	      0.0000
      2.3078	      0.0000	      0.0000	      0.0000
      0.0000	      0.0000	      0.0000	      0.0000
      0.0000	      0.0000	      0.0000	      0.0000
      0.0000	      0.0000	      0.0000	      0.0000
     -3.6528	     19.0247	      0.0000	      0.0000
      0.0000	      0.0000	      0.0000	      0.0000
      0.0000	      0.0000	      0.0000	      0.0000
      0.0000	      0.0000	      0.0000	      0.0000
     -0.5775	     51.6289	      0.0000	      0.0000
      0.0000	      0.0000	      0.0000	      0.0000
      0.0000	      0.0000	      0.0000	      0.0000
      0.0000	      0.0000	      0.0000	      0.0000
      5.4222	      0.0000	      0.0000	      0.0000
      0.0000	      0.0000	      0.0000	      0.0000
      0.0000	      0.0000	      0.0000	      0.0000
      0.0000	      0.0000	      0.0000	      0.0000
      4.7670	      0.0000	      0.0000	      0.0000
      0.0000	      0.0000	      0.0000	      0.0000
      0.0000	      0.0000	      0.0000	      0.0000
      0.0000	      0.0000	      0.0000	      0.0000
     -0.5655	     -0.6200	      0.0000	      0.0000
      0.0000	      0.0000	      0.0000	      0.0000
      0.0000	      0.0000	      0.0000	      0.0000
      0.0000	      0.0000	      0.0000	      0.0000
      0.0000	      0.0000	      6.6799	      0.0000
      0.0000	      0.0000	      0.0000	      0.0000
      0.0000	      0.0000	      0.0000	      0.0000
      0.0000	      0.0000	      0.0000	      0.0000
      0.0000	      0.0000	      0.0000	      0.0000
      0.0000	      0.0000	      0.0000	      0.0000
      0.0000	      0.0000	      0.0000	      0.0000
      0.0000	      0.0000	      0.0000	      0.0000
      0.0000	      0.0000	      0.0000	      0.0000
      0.0000	      0.0000	      0.0000	      0.0000
      0.0000	      0.0000	      0.0000	      0.0000
     13.2732	      0.0000	      0.0000	      0.0000
    -14.1235	    -30.9964	    -18.3236	    -14.9323
      0.0000	      0.0000	      0.0000	      0.0000
      0.0000	      0.0000	      0.0000	      0.0000
      0.0000	      0.0000	      0.0000	      0.0000
    -31.4048	    -22.9377	    -33.2095	    -22.5724
      0.0000	      0.0000	      0.0000	      0.0000
    -23.6289	    -21.4552	    -17.3863	    -17.4309
      0.0000	      0.0000	      0.0000	      0.0000
     -0.5059	      0.0000	      0.0000	      0.0000
      0.0000	      0.0000	      0.0000	      0.0000
      0.0000	      0.0000	      0.0000	      0.0000
      0.0000	      0.0000	      0.0000	      0.0000
     -0.6392	      8.1520	     -5.7694	     -1.0233
      0.0000	      0.0000	      0.0000	      0.0000
      0.0000	      0.0000	      0.0000	      0.0000
      0.0000	      0.0000	      0.0000	      0.0000
     -6.0020	     50.3317	      0.0000	      0.0000
      0.0000	      0.0000	      0.0000	      0.0000
      0.0000	      0.0000	      0.0000	      0.0000
      0.0000	      0.0000	      0.0000	      0.0000
     -0.3887	     47.9331	      0.0000	      0.0000
      0.0000	      0.0000	      0.0000	      0.0000
      0.0000	      0.0000	      0.0000	      0.0000
      0.0000	      0.0000	      0.0000	      0.0000
      2.1699	      0.0000	      0.0000	      0.0000
      0.0000	      0.0000	      0.0000	      0.0000
     12.9071	      0.0000	      0.0000	      0.0000
      0.0000	      0.0000	      0.0000	      0.0000
     -0.3078	     57.4256	      0.0000	      0.0000
      0.0000	      0.0000	      0.0000	      0.0000
     22.6969	      0.0000	      0.0000	      0.0000
      0.0000	      0.0000	      0.0000	      0.0000
     -0.4441	     47.1759	     -0.0725	      0.0000
      0.0000	      0.0000	      0.0000	      0.0000
      0.0000	      0.0000	      0.0000	      0.0000
      0.0000	      0.0000	      0.0000	      0.0000
     -1.4156	     -1.7726	      0.0000	      0.0000
      0.0000	      0.0000	      0.0000	      0.0000
      0.0000	      0.0000	      0.0000	      0.0000
      0.0000	      0.0000	      0.0000	      0.0000
     16.3709	      0.0000	      0.0000	      0.0000
      0.0000	      0.0000	      0.0000	      0.0000
      0.0000	      0.0000	      0.0000	      0.0000
      0.0000	      0.0000	      0.0000	      0.0000
      0.0000	     17.6502	      0.0000	      0.0000
      0.0000	      0.0000	      0.0000	      0.0000
      0.0000	      0.0000	      0.0000	      0.0000
      0.0000	      0.0000	      0.0000	      0.0000
      0.0000	      0.0000	      7.2264	      0.0000
      0.0000	      0.0000	      0.0000	      0.0000
      0.0000	      0.0000	      0.0000	      0.0000
     33.4091	      0.0000	      0.0000	      0.0000
      9.7626	      0.0000	      0.0000	      0.0000
      0.0000	      0.0000	      0.0000	      0.0000
      0.0000	      0.0000	      0.0000	      0.0000
      0.0000	      0.0000	      0.0000	      0.0000
     -2.3620	     -3.7915	     18.8464	     -3.3464
      0.0000	      0.0000	      0.0000	      0.0000
      0.0000	      0.0000	      0.0000	      0.0000
      0.0000	      0.0000	      0.0000	      0.0000
     -9.4526	    -14.0096	    -18.2269	    -14.1715
      0.0000	      0.0000	      0.0000	      0.0000
      0.0000	      0.0000	      0.0000	      0.0000
      0.0000	      0.0000	      0.0000	      0.0000
     -5.3781	     -5.4317	    -16.0013	    -13.7668
      0.0000	      0.0000	      0.0000	      0.0000
     -7.3944	      0.0000	      0.0000	      0.0000
      0.0000	      0.0000	      0.0000	      0.0000
     -0.4423	      0.7495	      0.0000	      0.0000
      0.0000	      0.0000	      0.0000	      0.0000
     -3.3288	      0.0000	      0.0000	      0.0000
      0.0000	      0.0000	      0.0000	      0.0000
      5.4207	      0.0000	      0.0000	      0.0000
      0.0000	      0.0000	      0.0000	      0.0000
      0.0000	      0.0000	      0.0000	      0.0000
      0.0000	      0.0000	      0.0000	      0.0000
     -1.9603	      1.2604	     -7.7947	     -5.2611
      0.0000	      0.0000	      0.0000	      0.0000
      0.0000	      0.0000	      0.0000	      0.0000
      0.0000	      0.0000	      0.0000	      0.0000
     -0.5525	     10.8345	      0.0000	      0.0000
      0.0000	      0.0000	      0.0000	      0.0000
      0.0000	      0.0000	      0.0000	      0.0000
     -0.4833	      8.2549	      0.0000	      0.0000
      7.9909	      0.0000	      0.0000	      0.0000
      0.0000	      0.0000	      0.0000	      0.0000
      0.0000	      0.0000	      0.0000	      0.0000
      0.0000	      0.0000	      0.0000	      0.0000
     -2.5037	     27.6947	     -4.0647	     -2.1632
      0.0000	      0.0000	      0.0000	      0.0000
      0.0000	      0.0000	      0.0000	      0.0000
      0.0000	      0.0000	      0.0000	      0.0000
     -0.3110	     27.3420	      0.4944	      0.0000
      0.0000	      0.0000	      0.0000	      0.0000
      9.8692	      0.0000	      0.0000	      0.0000
     36.7779	      0.0000	      0.0000	      0.0000
     -2.1229	     16.4179	      0.0000	      0.0000
      0.0000	      0.0000	      0.0000	      0.0000
      0.0000	      0.0000	      0.0000	      0.0000
      0.0000	      0.0000	      0.0000	      0.0000
      9.3618	      5.6061	      0.0000	      1.2114
     23.7278	      0.0000	      0.0000	      0.0000
      0.0000	      0.0000	      0.0000	      0.0000
      0.0000	      0.0000	      0.0000	      0.0000
     23.0690	     -4.1372	     -6.0250	    -19.7911
     16.5740	      0.0000	      0.0000	      0.0000
      8.2488	      0.0000	      0.0000	      0.0000
     25.2216	      0.0000	      0.0000	      0.0000
     -3.6833	      2.4157	     -4.7236	     -2.6862
      0.0000	      0.0000	      0.0000	      0.0000
      0.0000	      0.0000	      0.0000	      0.0000
      0.0000	      0.0000	      0.0000	      0.0000
     -0.7136	     -1.1189	      5.4841	      0.0000
      0.0000	      0.0000	      0.0000	      0.0000
      0.0000	      0.0000	      0.0000	      0.0000
      0.0000	      0.0000	      0.0000	      0.0000
     -2.5888	     -2.4643	     -6.5550	      3.2230
     28.8233	      0.0000	      0.0000	      0.0000
      0.0000	      0.0000	      0.0000	      0.0000
      0.0000	      0.0000	      0.0000	      0.0000
     -5.4019	     -1.7276	      3.9502	     -3.0165
      0.0000	      0.0000	      0.0000	      0.0000
     23.4509	      0.0000	      0.0000	      0.0000
      0.0000	      0.0000	      0.0000	      0.0000
    -17.2978	    -14.2890	    -20.5645	    -17.2996
      0.0000	      0.0000	      0.0000	      0.0000
      0.0000	      0.0000	      0.0000	      0.0000
      0.0000	      0.0000	      0.0000	      0.0000
      5.3019	      0.0000	      0.0000	      0.0000
      0.0000	      0.0000	      0.0000	      0.0000
      0.0000	      0.0000	      0.0000	      0.0000
      0.0000	      0.0000	      0.0000	      0.0000
      6.7847	      0.0000	      0.0000	      0.0000
      0.0000	      0.0000	      0.0000	      0.0000
      0.0000	      0.0000	      0.0000	      0.0000
      0.0000	      0.0000	      0.0000	      0.0000
     -4.1050	     -5.7598	      0.0000	      0.0000
      0.0000	      0.0000	      0.0000	      0.0000
      0.0000	      0.0000	      0.0000	      0.0000
      0.0000	      0.0000	      0.0000	      0.0000
     15.0907	      0.0000	      0.0000	      0.0000
      0.0000	      0.0000	      0.0000	      0.0000
      0.0000	      0.0000	      0.0000	      0.0000
      0.0000	      0.0000	      0.0000	      0.0000
      4.7904	      0.0000	      0.0000	      0.0000
      0.0000	      0.0000	      0.0000	      0.0000
     15.0078	      0.0000	      0.0000	      0.0000
      0.0000	      0.0000	      0.0000	      0.0000
      2.2797	      0.0000	      0.0000	      0.0000
      0.0000	      0.0000	      0.0000	      0.0000
      0.0000	      0.0000	      0.0000	      0.0000
      0.0000	      0.0000	      0.0000	      0.0000
     -0.3698	     -1.6756	     16.0658	      0.0000
      0.0000	      0.0000	      0.0000	      0.0000
      0.0000	      0.0000	      0.0000	      0.0000
      0.0000	      0.0000	      0.0000	      0.0000
     -1.2344	     -2.5266	      1.5200	      0.0000
      0.0000	      0.0000	      0.0000	      0.0000
      0.0000	      0.0000	      0.0000	      0.0000
      0.0000	      0.0000	      0.0000	      0.0000
      2.1743	      0.0000	      0.0000	      0.0000
      0.0000	      0.0000	      0.0000	      0.0000
      0.0000	      0.0000	      0.0000	      0.0000
      0.0000	      0.0000	      0.0000	      0.0000
      3.2156	      0.0000	      0.0000	      2.5227
      0.0000	      0.0000	      0.0000	      0.0000
      0.0000	      0.0000	      0.0000	      0.0000
      0.0000	      0.0000	      0.0000	      0.0000
     -1.4260	     -2.8208	     -2.2027	     -0.6621
      0.0000	      0.0000	      0.0000	      0.0000
      0.0000	      0.0000	      0.0000	      0.0000
      0.0000	      0.0000	      0.0000	      0.0000
      6.1875	      0.0000	      0.9208	     32.2772
      0.0000	      0.0000	      0.0000	      0.0000
      0.0000	      0.0000	      0.0000	      0.0000
      0.0000	      0.0000	      0.0000	      0.0000
     -0.4257	     -6.7348	    -10.2487	     11.5877
      0.0000	      0.0000	      0.0000	      0.0000
      0.0000	      0.0000	      0.0000	      0.0000
      0.0000	      0.0000	      0.0000	      0.0000
    -31.2116	    -32.0653	    -33.9277	    -30.4996
      0.0000	      0.0000	      0.0000	      0.0000
      0.0000	      0.0000	      0.0000	      0.0000
      0.0000	      0.0000	      0.0000	      0.0000
     -1.3278	     -1.0624	      0.0000	      0.0000
      0.0000	      0.0000	      0.0000	      0.0000
      0.0000	      0.0000	      0.0000	      0.0000
      0.0000	      0.0000	      0.0000	      0.0000
     -0.2488	     -0.0541	      5.3487	      0.0000
      0.0000	      0.0000	      0.0000	      0.0000
      0.0000	      0.0000	      0.0000	      0.0000
      0.0000	      0.0000	      0.0000	      0.0000
      2.4838	      0.0000	      0.0000	      0.0000
      0.0000	      0.0000	      0.0000	      0.0000
      0.0000	      0.0000	      0.0000	      0.0000
      0.0000	      0.0000	      0.0000	      0.0000
     -1.3132	     -0.9084	      0.0000	      0.0000
      0.0000	      0.0000	      0.0000	      0.0000
      0.0000	      0.0000	      0.0000	      0.0000
      0.0000	      0.0000	      0.0000	      0.0000
      2.2502	      1.1459	     15.5927	     -0.2683
      0.0000	      0.0000	      0.0000	      0.0000
      0.0000	      0.0000	      0.0000	      0.0000
      0.0000	      0.0000	      0.0000	      0.0000
     12.1428	      0.0000	      0.0000	      0.0000
      0.0000	      0.0000	      0.0000	      0.0000
      0.0000	      0.0000	      0.0000	      0.0000
      0.0000	      0.0000	      0.0000	      0.0000
     -0.6533	     -0.4155	     -2.1857	      0.0000
      0.0000	      0.0000	      0.0000	      0.0000
      0.0000	      0.0000	      0.0000	      0.0000
      0.0000	      0.0000	      0.0000	      0.0000
     29.6998	     -2.0144	     -1.6752	      9.2905
      0.0000	      0.0000	      0.0000	      0.0000
      0.0000	      0.0000	      0.0000	      0.0000
      0.0000	      0.0000	      0.0000	      0.0000
      2.0947	     -2.9991	     -3.8317	     33.6980
      0.0000	      0.0000	      0.0000	      0.0000
      0.0000	      0.0000	      0.0000	      0.0000
      0.0000	      0.0000	      0.0000	      0.0000
      7.5754	      0.0000	      1.8223	      0.0000
      0.0000	      0.0000	      0.0000	      0.0000
      0.0000	      0.0000	      0.0000	      0.0000
      0.0000	      0.0000	      0.0000	      0.0000
      3.2685	      0.0000	      0.0000	     28.4970
      0.0000	      0.0000	      0.0000	      0.0000
      0.0000	      0.0000	      0.0000	      0.0000
      0.0000	      0.0000	      0.0000	      0.0000
     -7.3791	     -6.8849	     -6.8930	     -7.6363
      0.0000	      0.0000	      0.0000	      0.0000
      0.0000	      0.0000	      0.0000	      0.0000
      0.0000	      0.0000	      0.0000	      0.0000
      0.0000	     14.4251	      0.0000	      0.0000
      4.9576	      0.0000	      0.0000	      0.0000
      0.0000	      0.0000	      0.0000	      0.0000
      0.0000	      0.0000	      0.0000	      0.0000
      3.6618	     -1.7961	     -5.2636	     18.5565
      0.0000	      0.0000	      0.0000	      0.0000
      0.0000	      0.0000	      0.0000	      0.0000
      0.0000	      0.0000	      0.0000	      0.0000
    -29.8847	    -29.2134	    -29.1831	    -19.4512
      0.0000	      0.0000	      0.0000	      0.0000
      0.0000	      0.0000	      0.0000	      0.0000
      0.0000	      0.0000	      0.0000	      0.0000
     -6.1984	     -5.3189	     -6.6976	     -6.3371
      0.0000	      0.0000	      0.0000	      0.0000
      0.0000	      0.0000	      0.0000	      0.0000
      0.0000	      0.0000	      0.0000	      0.0000
     -0.4010	     -0.8219	      3.8639	      0.0000
      0.0000	      0.0000	      0.0000	      0.0000
      0.0000	      0.0000	      0.0000	      0.0000
      0.0000	      0.0000	      0.0000	      0.0000
      0.0000	      0.0000	      0.0000	      0.0000
      0.0000	      0.0000	      0.0000	      0.0000
      0.0000	      0.0000	      0.0000	      0.0000
      0.0000	      0.0000	      0.0000	      0.0000
     -4.9968	     -4.9505	     -6.2414	     -3.9216
      0.0000	      0.0000	      0.0000	      0.0000
      0.0000	      0.0000	      0.0000	      0.0000
      0.0000	      0.0000	      0.0000	      0.0000
     -1.6804	     -2.2145	     -2.8950	      8.0253
      0.0000	      0.0000	      0.0000	      0.0000
      0.0000	      0.0000	      0.0000	      0.0000
      0.0000	      0.0000	      0.0000	      0.0000
      8.8417	      0.0000	      0.0000	      0.0000
      0.0000	      0.0000	      0.0000	      0.0000
      0.0000	      0.0000	      0.0000	      0.0000
      0.0000	      0.0000	      0.0000	      0.0000
     -1.9863	     -0.8336	    -11.1807	     -7.0783
      0.0000	      0.0000	      0.0000	      0.0000
      0.0000	      0.0000	      0.0000	      0.0000
      0.0000	      0.0000	      0.0000	      0.0000
     12.3181	     -1.9236	     -1.7431	     -1.6083
      0.0000	      0.0000	      0.0000	      0.0000
      0.0000	      0.0000	      0.0000	      0.0000
      0.0000	      0.0000	      0.0000	      0.0000
     -1.7573	     -2.4122	     -4.2243	     17.1850
      0.0000	      0.0000	      0.0000	      0.0000
      0.0000	      0.0000	      0.0000	      0.0000
      0.0000	      0.0000	      0.0000	      0.0000
      9.5965	      0.0000	      0.0000	      0.0000
      0.0000	      0.0000	      0.0000	      0.0000
      0.0000	      0.0000	      0.0000	      0.0000
      0.0000	      0.0000	      0.0000	      0.0000
     -0.1376	     -1.4137	     -6.1455	      9.8704
      0.0000	      0.0000	      0.0000	      0.0000
      0.0000	      0.0000	      0.0000	      0.0000
      0.0000	      0.0000	      0.0000	      0.0000
     -6.5432	    -10.9924	    -12.0501	     -7.3869
      0.0000	      0.0000	      0.0000	      0.0000
      0.0000	      0.0000	      0.0000	      0.0000
      0.0000	      0.0000	      0.0000	      0.0000
     10.4876	      0.0000	      0.0000	      0.0000
      0.0000	      0.0000	      0.0000	      0.0000
      0.0000	      0.0000	      0.0000	      0.0000
      0.0000	      0.0000	      0.0000	      0.0000
     -0.4654	     -2.9593	     -8.1731	     10.4746
      0.0000	      0.0000	      0.0000	      0.0000
      0.0000	      0.0000	      0.0000	      0.0000
      0.0000	      0.0000	      0.0000	      0.0000
    -29.9967	    -26.0720	    -33.4240	    -28.3159
      0.0000	      0.0000	      0.0000	      0.0000
      0.0000	      0.0000	      0.0000	      0.0000
      0.0000	      0.0000	      0.0000	      0.0000
    -18.4914	    -30.9213	    -28.4962	    -30.6443
      0.0000	      0.0000	      0.0000	      0.0000
      0.0000	      0.0000	      0.0000	      0.0000
      0.0000	      0.0000	      0.0000	      0.0000
      0.7862	      0.0000	      0.0000	      0.0000
      0.0000	      0.0000	      0.0000	      0.0000
      0.0000	      0.0000	      0.0000	      0.0000
      0.0000	      0.0000	      0.0000	      0.0000
      4.8204	      0.0000	      9.6884	      0.0000
      0.0000	      0.0000	      0.0000	      0.0000
      0.0000	      0.0000	      0.0000	      0.0000
      0.0000	      0.0000	      0.0000	      0.0000
     -1.5538	     17.3398	      0.0000	      0.0000
      0.0000	      0.0000	      0.0000	      0.0000
      0.0000	      0.0000	      0.0000	      0.0000
      0.0000	      0.0000	      0.0000	      0.0000
      0.0000	      6.9898	     56.4216	      3.4052
      0.0000	      0.0000	      0.0000	      0.0000
      0.0000	      0.0000	      0.0000	      0.0000
      0.0000	      0.0000	      0.0000	      0.0000
     17.3453	      4.1621	      0.0000	      5.1703
      0.0000	      0.0000	      0.0000	      0.0000
      0.0000	      0.0000	      0.0000	      0.0000
      0.0000	      0.0000	      0.0000	      0.0000
     -0.9460	     46.6207	      0.0000	      0.0000
      0.0000	      0.0000	      0.0000	      0.0000
      0.0000	      0.0000	      0.0000	      0.0000
      0.0000	      0.0000	      0.0000	      0.0000
     17.2714	      9.6163	     46.6558	     18.0263
      0.0000	      0.0000	      0.0000	      0.0000
      0.0000	      0.0000	      0.0000	      0.0000
      0.0000	      0.0000	      0.0000	      0.0000
      2.8532	     -1.6462	     33.9002	      5.8412
      0.0000	      0.0000	      0.0000	      0.0000
      0.0000	      0.0000	      0.0000	      0.0000
      0.0000	      0.0000	      0.0000	      0.0000
     44.8692	      0.0000	      0.0000	      0.0000
      0.0000	      0.0000	      0.0000	      0.0000
      0.0000	      0.0000	      0.0000	      0.0000
      0.0000	      0.0000	      0.0000	      0.0000
     -1.0708	     -0.9678	     39.7225	      0.0000
      0.0000	      0.0000	      0.0000	      0.0000
      0.0000	      0.0000	      0.0000	      0.0000
      0.0000	      0.0000	      0.0000	      0.0000
     -3.3928	     -4.5462	     10.3426	      3.4159
      0.0000	      0.0000	      0.0000	      0.0000
      0.0000	      0.0000	      0.0000	      0.0000
      0.0000	      0.0000	      0.0000	      0.0000
      1.2244	      0.0000	      1.6735	      0.0000
      0.0000	      0.0000	      0.0000	      0.0000
      0.0000	      0.0000	      0.0000	      0.0000
      0.0000	      0.0000	      0.0000	      0.0000
      6.0259	      0.0000	      0.0000	      0.0000
      0.0000	      0.0000	      0.0000	      0.0000
      0.0000	      0.0000	      0.0000	      0.0000
      0.0000	      0.0000	      0.0000	      0.0000
    -24.1243	    -24.7162	    -13.9083	    -24.8714
      0.0000	      0.0000	      0.0000	      0.0000
      0.0000	      0.0000	      0.0000	      0.0000
      0.0000	      0.0000	      0.0000	      0.0000
    -19.0917	    -10.4813	    -21.2294	    -18.6427
      0.0000	      0.0000	      0.0000	      0.0000
    -12.0291	      0.0000	      0.0000	      0.0000
      0.0000	      0.0000	      0.0000	      0.0000
     -0.9922	     14.4598	      0.6966	     -2.5987
      0.0000	      0.0000	      0.0000	      0.0000
      0.0000	      0.0000	      0.0000	      0.0000
      0.0000	      0.0000	      0.0000	      0.0000
     31.2922	     10.2606	      0.0000	      0.0000
      0.0000	      0.0000	      0.0000	      0.0000
      0.0000	      0.0000	      0.0000	      0.0000
      0.0000	      0.0000	      0.0000	      0.0000
     -5.6167	     19.6971	     -7.9279	     -6.9539
      0.0000	      0.0000	      0.0000	      0.0000
      0.0000	      0.0000	      0.0000	      0.0000
      0.0000	      0.0000	      0.0000	      0.0000
      1.7070	     34.1549	     -3.4801	     -2.6188
      0.0000	      0.0000	      0.0000	      0.0000
      6.1131	      0.0000	      0.0000	      0.0000
      0.0000	      0.0000	      0.0000	      0.0000
     33.4385	      4.8237	      5.4444	      2.3983
      0.0000	      0.0000	      0.0000	      0.0000
      9.3444	      0.0000	      0.0000	      0.0000
      0.0000	      0.0000	      0.0000	      0.0000
     -7.3662	     46.5596	     -4.1053	      6.5203
      0.0000	      0.0000	      0.0000	      0.0000
      0.0000	      0.0000	      0.0000	      0.0000
      0.0000	      0.0000	      0.0000	      0.0000
     45.9667	     23.4844	     14.3300	     21.0141
      0.0000	      0.0000	      0.0000	      0.0000
      0.0000	      0.0000	      0.0000	      0.0000
      0.0000	      0.0000	      0.0000	      0.0000
     -0.7862	     -7.2334	     -1.4911	     37.1555
      0.0000	      0.0000	      0.0000	      0.0000
     -5.4346	     -5.9247	     -7.7698	      0.0000
      0.0000	      0.0000	      0.0000	      0.0000
     40.9175	      6.2192	     16.5531	      9.4565
      0.0000	      0.0000	      0.0000	      0.0000
     12.7697	      0.0000	      0.0000	      0.0000
      0.0000	      0.0000	      0.0000	      0.0000
      9.2086	     -0.9434	      8.7126	     42.0213
      0.0000	      0.0000	      0.0000	      0.0000
      0.0000	      0.0000	      0.0000	      0.0000
      0.0000	      0.0000	      0.0000	      0.0000
    -13.5223	    -13.3902	    -15.3707	     22.8468
      0.0000	      0.0000	      0.0000	      0.0000
      6.4893	      0.0000	      0.0000	      0.0000
      0.0000	      0.0000	      0.0000	      0.0000
     34.3857	      0.0000	      0.0000	      0.0000
      4.0213	      0.0000	      0.0000	      0.0000
      0.0000	      0.0000	      0.0000	      0.0000
      0.0000	      0.0000	      0.0000	      0.0000
     -0.4904	      0.0849	      0.8357	     10.2615
      1.1634	      0.0000	      0.0000	      0.0000
      0.0000	      0.0000	      0.0000	      0.0000
      0.0000	      0.0000	      0.0000	      0.0000
    -10.8898	    -14.0217	    -19.9449	     -3.0395
      0.0000	      0.0000	      0.0000	      0.0000
      0.0000	      0.0000	      0.0000	      0.0000
      0.0000	      0.0000	      0.0000	      0.0000
    -22.9863	    -18.7612	    -22.4781	    -21.7249
      0.0000	      0.0000	      0.0000	      0.0000
      0.0000	      0.0000	      0.0000	      0.0000
      0.0000	      0.0000	      0.0000	      0.0000
     -1.1021	      5.0734	     -1.2947	     -5.2336
      0.0000	      0.0000	      0.0000	      0.0000
      0.0000	      0.0000	      0.0000	      0.0000
      0.0000	      0.0000	      0.0000	      0.0000
     14.2273	      0.0000	      0.0000	      0.0000
      0.0000	      0.0000	      0.0000	      0.0000
      0.0000	      0.0000	      0.0000	      0.0000
      0.0000	      0.0000	      0.0000	      0.0000
    -13.3947	    -10.0304	    -16.9582	    -15.4081
      0.0000	      0.0000	      0.0000	      0.0000
      0.0000	      0.0000	      0.0000	      0.0000
      0.0000	      0.0000	      0.0000	      0.0000
      1.6197	     12.7705	    -13.1260	    -10.3861
      0.0000	      0.0000	      0.0000	      0.0000
      0.0000	      0.0000	      0.0000	      0.0000
      0.0000	      0.0000	      0.0000	      0.0000
     20.1367	      2.2167	     -0.0294	      0.0000
      0.0000	      0.0000	      0.0000	      0.0000
      0.0000	      0.0000	      0.0000	      0.0000
      0.0000	      0.0000	      0.0000	      0.0000
     -5.8239	      7.1180	    -16.1354	     -8.9616
      0.0000	      0.0000	      0.0000	      0.0000
      0.0000	      0.0000	      0.0000	      0.0000
      0.0000	      0.0000	      0.0000	      0.0000
     22.8687	      0.7503	    -16.4057	     -2.8921
      0.0000	      0.0000	      0.0000	      0.0000
      3.0842	      0.0000	      0.0000	      0.0000
      0.0000	      0.0000	      0.0000	      0.0000
     -8.3602	    -11.3415	    -19.1642	     11.8411
      0.0000	      0.0000	      0.0000	      0.0000
      0.0000	      0.0000	      0.0000	      0.0000
      0.0000	      0.0000	      0.0000	      0.0000
     24.0598	      4.3085	      0.9284	      0.0000
      0.0000	      0.0000	      0.0000	      0.0000
      0.0000	      0.0000	      0.0000	      0.0000
      0.0000	      0.0000	      0.0000	      0.0000
      0.2352	     -9.1637	    -13.9165	      8.9994
      0.0000	      0.0000	      0.0000	      0.0000
     22.9827	      0.0000	      0.0000	      5.6523
     44.6639	      0.0000	      0.0000	      0.0000
    -14.8119	    -12.5422	    -21.0602	    -11.4865
      0.0000	      0.0000	      0.0000	      0.0000
      0.0000	      0.0000	      0.0000	      0.0000
      0.0000	      0.0000	      0.0000	      0.0000
     27.7273	      1.7642	      6.3231	      2.8043
      0.0000	      0.0000	      0.0000	      0.0000
      0.0000	      0.0000	      0.0000	      0.0000
      0.0000	      0.0000	      0.0000	      0.0000
      0.7267	     -1.4150	    -16.1090	     19.5205
      0.0489	      0.0000	      0.0000	      0.0000
      0.0000	      0.0000	      0.0000	      0.0000
      0.0000	      0.0000	      0.0000	      0.0000
    -11.8756	    -14.6569	    -21.8619	     -1.0406
      0.0000	      0.0000	      0.0000	      0.0000
      0.0000	      0.0000	      0.0000	      0.0000
      0.0000	      0.0000	      0.0000	      0.0000
    -49.5275	    -38.0860	    -49.5623	    -48.9304
      0.0000	      0.0000	      0.0000	      0.0000
      0.0000	      0.0000	      0.0000	      0.0000
      0.0000	      0.0000	      0.0000	      0.0000
     -1.7111	      3.8022	     -5.8530	      0.0000
      0.0000	      0.0000	      0.0000	      0.0000
      0.0000	      0.0000	      0.0000	      0.0000
      0.0000	      0.0000	      0.0000	      0.0000
     14.9441	      0.0000	      0.0000	      0.0000
      0.0000	      0.0000	      0.0000	      0.0000
      0.0000	      0.0000	      0.0000	      0.0000
      0.0000	      0.0000	      0.0000	      0.0000
     -3.0694	     -0.0598	     -1.6329	     -5.6727
      0.0000	      0.0000	      0.0000	      0.0000
      0.0000	      0.0000	      0.0000	      0.0000
      0.0000	      0.0000	      0.0000	      0.0000
     -0.4052	     19.3621	      0.0000	      0.0000
      0.0000	      0.0000	      0.0000	      0.0000
      0.0000	      0.0000	      0.0000	      0.0000
      0.0000	      0.0000	      0.0000	      0.0000
      1.4437	      0.0000	      0.0000	      0.0000
      0.0000	      0.0000	      0.0000	      0.0000
      0.0000	      0.0000	      0.0000	      0.0000
      0.0000	      0.0000	      0.0000	      0.0000
     -1.2592	     -0.3457	     15.4386	      0.0000
      0.0000	      0.0000	      0.0000	      0.0000
      0.0000	      0.0000	      0.0000	      0.0000
      0.0000	      0.0000	      0.0000	      0.0000
     -0.4477	     28.2502	      0.0000	      0.0000
      0.0000	      0.0000	      0.0000	      0.0000
      0.0000	      0.0000	      0.0000	      0.0000
      0.0000	      0.0000	      0.0000	      0.0000
     -1.5113	      6.9209	      0.0000	      0.0000
      0.0000	      0.0000	      0.0000	      0.0000
      0.0000	      0.0000	      0.0000	      0.0000
      0.0000	      0.0000	      0.0000	      0.0000
      0.0000	      0.0000	     28.0536	      0.0000
      0.0000	      0.0000	      0.0000	      0.0000
      0.0000	      0.0000	      0.0000	      0.0000
      0.0000	      0.0000	      0.0000	      0.0000
     -0.1905	     -0.4646	      0.0000	      0.0000
      0.0000	      0.0000	      0.0000	      0.0000
      0.0000	      0.0000	      0.0000	      0.0000
      0.0000	      0.0000	      0.0000	      0.0000
     -1.8846	      0.0000	      0.0000	     -2.1396
      0.0000	      0.0000	      0.0000	      0.0000
      0.0000	      0.0000	      0.0000	      0.0000
      0.0000	      0.0000	      0.0000	      0.0000
      0.0000	      0.0000	      0.0000	      0.0000
      0.0000	      0.0000	      0.0000	      0.0000
      0.0000	      0.0000	      0.0000	      0.0000
      0.0000	      0.0000	      0.0000	      0.0000
     -0.3810	     -2.6472	     10.2633	      0.0000
      0.0000	      0.0000	      0.0000	      0.0000
      0.0000	      0.0000	      0.0000	      0.0000
      0.0000	      0.0000	      0.0000	      0.0000
    -27.0616	    -26.8398	    -26.5051	    -28.4132
      0.0000	      0.0000	      0.0000	      0.0000
      0.0000	      0.0000	      0.0000	      0.0000
      0.0000	      0.0000	      0.0000	      0.0000
    -29.2315	    -22.9794	    -35.3327	    -29.1689
      0.0000	      0.0000	      0.0000	      0.0000
     -1.4540	     -0.7593	    -10.9077	    -20.4285
      0.0000	      0.0000	      0.0000	      0.0000
     -0.3109	      0.0000	     -4.4103	      0.0000
      0.0000	      0.0000	      0.0000	      0.0000
      0.0000	      0.0000	      0.0000	      0.0000
      0.0000	      0.0000	      0.0000	      0.0000
      8.0595	      0.0000	     -2.9577	      0.0000
      0.0000	      0.0000	      0.0000	      0.0000
      0.0000	      0.0000	      0.0000	      0.0000
      0.0000	      0.0000	      0.0000	      0.0000
     -1.3161	     -0.7298	    -12.0143	     -4.5369
      0.0000	      0.0000	      0.0000	      0.0000
      0.0000	      0.0000	      0.0000	      0.0000
      0.0000	      0.0000	      0.0000	      0.0000
     -0.3525	     33.7929	     -0.3777	     -1.8080
      0.0000	      0.0000	      0.0000	      0.0000
      0.0000	      0.0000	      0.0000	      0.0000
      0.0000	      0.0000	      0.0000	      0.0000
      2.3125	      0.0000	      0.0000	      0.0000
      0.0000	      0.0000	      0.0000	      0.0000
      0.0000	      0.0000	      0.0000	      0.0000
      0.0000	      0.0000	      0.0000	      0.0000
      7.3550	     33.0976	     -0.6385	      1.5904
      0.0000	      0.0000	      0.0000	      0.0000
      0.0000	      0.0000	      0.0000	      0.0000
      0.0000	      0.0000	      0.0000	      0.0000
     20.3986	     -2.2454	     -3.8832	     -4.5013
      0.0000	      0.0000	      0.0000	      0.0000
      0.0000	      0.0000	      0.0000	      0.0000
      0.0000	      0.0000	      0.0000	      0.0000
      1.1465	      0.0000	      0.0000	      0.0000
      0.0000	      0.0000	      0.0000	      0.0000
      0.0000	      0.0000	      0.0000	      0.0000
      0.0000	      0.0000	      0.0000	      0.0000
     25.3192	      2.7038	      0.0000	      1.0781
      0.0000	      0.0000	      0.0000	      0.0000
      0.0000	      0.0000	      0.0000	      0.0000
      0.0000	      0.0000	      0.0000	      0.0000
     -0.3585	      1.6451	     -0.7161	     19.6758
      0.0000	      0.0000	      0.0000	      0.0000
      0.0000	      0.0000	      0.0000	      0.0000
      0.0000	      0.0000	      0.0000	      0.0000
      0.0000	      0.0000	      0.0000	      0.0000
      0.0000	      0.0000	      0.0000	      0.0000
      0.0000	      0.0000	      0.0000	      0.0000
      0.0000	      0.0000	      0.0000	      0.0000
      5.6534	      0.0000	      0.0000	      0.0000
      0.0000	      0.0000	      0.0000	      0.0000
      0.0000	      0.0000	      0.0000	      0.0000
      0.0000	      0.0000	      0.0000	      0.0000
     -1.9541	      3.4378	     -3.1337	     -3.6535
      0.0000	      0.0000	      0.0000	      0.0000
      0.0000	      0.0000	      0.0000	      0.0000
      0.0000	      0.0000	      0.0000	      0.0000
     -2.0679	     -4.3653	     -0.4874	     -4.4597
      0.0000	      0.0000	      0.0000	      0.0000
      0.0000	      0.0000	      0.0000	      0.0000
      0.0000	      0.0000	      0.0000	      0.0000
    -35.5696	    -39.3284	    -46.4740	    -37.5403
      0.0000	      0.0000	      0.0000	      0.0000
      0.0000	      0.0000	      0.0000	      0.0000
      0.0000	      0.0000	      0.0000	      0.0000
     -0.6346	      1.1247	      0.0000	      0.0000
      0.0000	      0.0000	      0.0000	      0.0000
      0.0000	      0.0000	      0.0000	      0.0000
      0.0000	      0.0000	      0.0000	      0.0000
     10.3314	      0.0000	    -10.0376	      0.0000
      0.0000	      0.0000	      0.0000	      0.0000
      0.0000	      0.0000	      0.0000	      0.0000
      0.0000	      0.0000	      0.0000	      0.0000
     -6.9368	    -13.5276	    -14.1736	     -9.1738
      0.0000	      0.0000	      0.0000	      0.0000
      0.0000	      0.0000	      0.0000	      0.0000
      0.0000	      0.0000	      0.0000	      0.0000
     -2.5423	      9.3067	     -6.1741	     -3.9434
      0.0000	      0.0000	      0.0000	      0.0000
      0.0000	      0.0000	      0.0000	      0.0000
      0.0000	      0.0000	      0.0000	      0.0000
     -0.1042	      2.6162	      0.0000	      0.0000
      0.0000	      0.0000	      0.0000	      0.0000
      0.0000	      0.0000	      0.0000	      0.0000
      0.0000	      0.0000	      0.0000	      0.0000
     -2.8896	     -1.2917	     -6.2263	     -5.9390
      0.0000	      0.0000	      0.0000	      0.0000
      0.0000	      0.0000	      0.0000	      0.0000
      0.0000	      0.0000	      0.0000	      0.0000
     -4.1950	     10.9837	     -4.2968	     -3.9612
      0.0000	      0.0000	      0.0000	      0.0000
      0.0000	      0.0000	      0.0000	      0.0000
      0.0000	      0.0000	      0.0000	      0.0000
     -1.3161	     -1.5550	     -5.5266	      0.0000
      0.0000	      0.0000	      0.0000	      0.0000
      0.0000	      0.0000	      0.0000	      0.0000
      0.0000	      0.0000	      0.0000	      0.0000
      3.3267	      0.0000	      0.0000	      0.0000
      0.0000	      0.0000	      0.0000	      0.0000
      0.0000	      0.0000	      0.0000	      0.0000
      0.0000	      0.0000	      0.0000	      0.0000
     -2.3204	      1.2477	     -5.7828	     -2.8986
      0.0000	      0.0000	      0.0000	      0.0000
      0.0000	      0.0000	      0.0000	      0.0000
      0.0000	      0.0000	      0.0000	      0.0000
     -2.9479	     -2.9953	     -7.6166	      0.0000
      0.0000	      0.0000	      0.0000	      0.0000
      0.0000	      0.0000	      0.0000	      0.0000
      0.0000	      0.0000	      0.0000	      0.0000
      0.0000	      0.0000	      0.0000	      0.0000
      0.0000	      0.0000	      0.0000	      0.0000
      0.0000	      0.0000	      0.0000	      0.0000
      0.0000	      0.0000	      0.0000	      0.0000
     -0.7110	     -1.9109	      1.1228	      0.0000
      0.0000	      0.0000	      0.0000	      0.0000
      0.0000	      0.0000	      0.0000	      0.0000
      0.0000	      0.0000	      0.0000	      0.0000
     -2.4763	     -2.3582	     -5.9972	     -7.0651
      0.0000	      0.0000	      0.0000	      0.0000
      0.0000	      0.0000	      0.0000	      0.0000
      0.0000	      0.0000	      0.0000	      0.0000
    -13.9960	    -12.9625	    -20.9239	    -13.7261
      0.0000	      0.0000	      0.0000	      0.0000
      0.0000	      0.0000	      0.0000	      0.0000
      0.0000	      0.0000	      0.0000	      0.0000
     -0.2026	      0.5282	      5.7987	      0.0000
      0.0000	      0.0000	      0.0000	      0.0000
      0.0000	      0.0000	      0.0000	      0.0000
      0.0000	      0.0000	      0.0000	      0.0000
      1.6368	      0.0000	      0.0000	      0.0000
      0.0000	      0.0000	      0.0000	      0.0000
      0.0000	      0.0000	      0.0000	      0.0000
      0.0000	      0.0000	      0.0000	      0.0000
     -1.5041	     -1.1143	     -2.6240	      0.0000
      0.0000	      0.0000	      0.0000	      0.0000
      0.0000	      0.0000	      0.0000	      0.0000
      0.0000	      0.0000	      0.0000	      0.0000
     -0.6015	     -0.4280	     17.2600	      0.0000
      0.0000	      0.0000	      0.0000	      0.0000
      0.0000	      0.0000	      0.0000	      0.0000
      0.0000	      0.0000	      0.0000	      0.0000
      3.8620	      0.0000	      0.0000	      0.0000
      0.0000	      0.0000	      0.0000	      0.0000
      0.0000	      0.0000	      0.0000	      0.0000
      0.0000	      0.0000	      0.0000	      0.0000
     -0.5279	      1.9268	      0.0000	      0.0000
      0.0000	      0.0000	      0.0000	      0.0000
      0.0000	      0.0000	      0.0000	      0.0000
      0.0000	      0.0000	      0.0000	      0.0000
     -0.3819	     -1.0014	     24.1775	      0.0000
      0.0000	      0.0000	      0.0000	      0.0000
      0.0000	      0.0000	      0.0000	      0.0000
      0.0000	      0.0000	      0.0000	      0.0000
     -0.8052	     -1.9389	     11.8301	      0.0000
      0.0000	      0.0000	      0.0000	      0.0000
      0.0000	      0.0000	      0.0000	      0.0000
      0.0000	      0.0000	      0.0000	      0.0000
      9.1947	      0.0000	      8.2089	      0.0000
      0.0000	      0.0000	      0.0000	      0.0000
      0.0000	      0.0000	      0.0000	      0.0000
      0.0000	      0.0000	      0.0000	      0.0000
      5.0955	      0.0000	      0.0000	      0.0000
      0.0000	      0.0000	      0.0000	      0.0000
      0.0000	      0.0000	      0.0000	      0.0000
      0.0000	      0.0000	      0.0000	      0.0000
     -1.2258	     -2.4826	     -1.8595	     -4.1733
      0.0000	      0.0000	      0.0000	      0.0000
      0.0000	      0.0000	      0.0000	      0.0000
      0.0000	      0.0000	      0.0000	      0.0000
     -0.6217	     12.4934	     -5.5882	      2.7818
      0.0000	      0.0000	      0.0000	      0.0000
      0.0000	      0.0000	      0.0000	      0.0000
      0.0000	      0.0000	      0.0000	      0.0000
      0.0935	     -1.9820	    -15.0821	     17.0594
      0.0000	      0.0000	      0.0000	      0.0000
      0.0000	      0.0000	      0.0000	      0.0000
      0.0000	      0.0000	      0.0000	      0.0000
    -23.7621	    -25.2578	    -27.1540	    -18.9881
      0.0000	      0.0000	      0.0000	      0.0000
      0.0000	      0.0000	      0.0000	      0.0000
      0.0000	      0.0000	      0.0000	      0.0000
    -30.7070	    -33.8511	    -35.6921	    -33.6229
      0.0000	      0.0000	      0.0000	      0.0000
      0.0000	      0.0000	      0.0000	      0.0000
      0.0000	      0.0000	      0.0000	      0.0000
     -0.1281	     -0.2035	     13.4382	      0.0000
      0.0000	      0.0000	      0.0000	      0.0000
      0.0000	      0.0000	      0.0000	      0.0000
      0.0000	      0.0000	      0.0000	      0.0000
     13.9965	      0.0000	      0.0000	      0.0000
      0.0000	      0.0000	      0.0000	      0.0000
      0.0000	      0.0000	      0.0000	      0.0000
      0.0000	      0.0000	      0.0000	      0.0000
     -6.9044	     -2.1696	     -6.9559	     -9.4459
      0.0000	      0.0000	      0.0000	      0.0000
      0.0000	      0.0000	      0.0000	      0.0000
      0.0000	      0.0000	      0.0000	      0.0000
     -0.0614	     -0.1230	     11.6414	      0.0000
      0.0000	      0.0000	      0.0000	      0.0000
      0.0000	      0.0000	      0.0000	      0.0000
      0.0000	      0.0000	      0.0000	      0.0000
     25.9738	      0.0000	      0.0000	      0.0000
      0.0000	      0.0000	      0.0000	      0.0000
      0.0000	      0.0000	      0.0000	      0.0000
      0.0000	      0.0000	      0.0000	      0.0000
     -3.8204	      1.6032	     -4.4909	     -4.3670
      0.0000	      0.0000	      0.0000	      0.0000
      0.0000	      0.0000	      0.0000	      0.0000
      0.0000	      0.0000	      0.0000	      0.0000
      2.2222	      1.5700	      0.3151	      9.4828
      0.0000	      0.0000	      0.0000	      0.0000
      0.0000	      0.0000	      0.0000	      0.0000
      0.0000	      0.0000	      0.0000	      0.0000
     -2.9992	     -6.5000	     -6.7765	     28.8625
      0.0000	      0.0000	      0.0000	      0.0000
      0.0000	      0.0000	      0.0000	      0.0000
      0.0000	      0.0000	      0.0000	      0.0000
      7.0144	      3.9323	      0.0000	     22.6062
      0.0000	      0.0000	      0.0000	      0.0000
      0.0000	      0.0000	      0.0000	      0.0000
      0.0000	      0.0000	      0.0000	      0.0000
      2.2835	     -1.6172	     -2.4177	     11.3478
      0.0000	      0.0000	      0.0000	      0.0000
      0.0000	      0.0000	      0.0000	      0.0000
      0.0000	      0.0000	      0.0000	      0.0000
    -13.5073	    -16.8625	    -17.1908	     -8.9193
      0.0000	      0.0000	      0.0000	      0.0000
      0.0000	      0.0000	      0.0000	      0.0000
      0.0000	      0.0000	      0.0000	      0.0000
     25.7525	      0.0000	      0.0000	      0.0000
      0.0000	      0.0000	      0.0000	      0.0000
      0.0000	      0.0000	      0.0000	      0.0000
      0.0000	      0.0000	      0.0000	      0.0000
     -0.9938	     -2.0778	     -7.5091	     14.0063
      0.0000	      0.0000	      0.0000	      0.0000
      0.0000	      0.0000	      0.0000	      0.0000
      0.0000	      0.0000	      0.0000	      0.0000
    -44.4735	    -44.1607	    -54.3500	    -19.4832
      0.0000	      0.0000	      0.0000	      0.0000
      0.0000	      0.0000	      0.0000	      0.0000
      0.0000	      0.0000	      0.0000	      0.0000
    -36.9137	    -40.4189	    -43.6982	    -36.9524
      0.0000	      0.0000	      0.0000	      0.0000
      0.0000	      0.0000	      0.0000	      0.0000
      0.0000	      0.0000	      0.0000	      0.0000
     -6.6113	     10.0502	    -14.7250	     -6.9488
      0.0000	      0.0000	      0.0000	      0.0000
      0.0000	      0.0000	      0.0000	      0.0000
      0.0000	      0.0000	      0.0000	      0.0000
      4.9596	     35.3294	      0.0000	      0.0000
      0.0000	      0.0000	      0.0000	      0.0000
      0.0000	      0.0000	      0.0000	      0.0000
      0.0000	      0.0000	      0.0000	      0.0000
    -22.6687	    -16.1591	    -22.9003	    -21.6178
      0.0000	      0.0000	      0.0000	      0.0000
      0.0000	      0.0000	      0.0000	      0.0000
      0.0000	      0.0000	      0.0000	      0.0000
     -8.7501	      7.5901	     -8.0883	     -8.8393
      0.0000	      0.0000	      0.0000	      0.0000
      0.0000	      0.0000	      0.0000	      0.0000
      0.0000	      0.0000	      0.0000	      0.0000
     17.6165	      0.0000	      2.5289	      2.6642
      0.0000	      0.0000	      0.0000	      0.0000
      0.0000	      0.0000	      0.0000	      0.0000
      0.0000	      0.0000	      0.0000	      0.0000
     -9.7274	     -8.8457	    -20.6320	    -20.9294
      0.0000	      0.0000	      0.0000	      0.0000
      0.0000	      0.0000	      0.0000	      0.0000
      0.0000	      0.0000	      0.0000	      0.0000
     -7.4270	     -9.9677	    -16.6275	     -2.9497
      0.0000	      0.0000	      0.0000	      0.0000
      0.0000	      0.0000	      0.0000	      0.0000
      0.0000	      0.0000	      0.0000	      0.0000
    -16.3824	    -16.8828	    -13.2747	     10.7422
      0.0000	      0.0000	      0.0000	      0.0000
      0.0000	      0.0000	      0.0000	      0.0000
      0.0000	      0.0000	      0.0000	      0.0000
     15.0285	      0.0000	    -13.1510	      0.0000
      0.0000	      0.0000	      0.0000	      0.0000
      0.0000	      0.0000	      0.0000	      0.0000
      0.0000	      0.0000	      0.0000	      0.0000
      0.4603	     -3.7494	     -3.4785	      8.8282
      0.0000	      0.0000	      0.0000	      0.0000
      0.0000	      0.0000	      0.0000	      0.0000
      0.0000	      0.0000	      0.0000	      0.0000
    -29.6649	    -24.7818	    -28.2873	    -23.1095
      0.0000	      0.0000	      0.0000	      0.0000
      0.0000	      0.0000	      0.0000	      0.0000
      0.0000	      0.0000	      0.0000	      0.0000
     13.2587	      5.3072	      0.0000	     50.0105
      0.0000	      0.0000	      0.0000	      0.0000
      0.0000	      0.0000	      0.0000	      0.0000
      0.0000	      0.0000	      0.0000	      0.0000
     -0.6699	     -0.1633	     -6.6582	     33.8075
      0.0000	      0.0000	      0.0000	      0.0000
      0.0000	      0.0000	      0.0000	      0.0000
      0.0000	      0.0000	      0.0000	      0.0000
    -41.1561	    -48.4828	    -48.8110	    -49.8876
      0.0000	      0.0000	      0.0000	      0.0000
      0.0000	      0.0000	      0.0000	      0.0000
      0.0000	      0.0000	      0.0000	      0.0000
    -29.8074	    -18.7289	    -33.5072	    -31.5538
      0.0000	      0.0000	      0.0000	      0.0000
      0.0000	      0.0000	      0.0000	      0.0000
      0.0000	      0.0000	      0.0000	      0.0000
     -1.9042	      3.6327	     -1.7495	     -2.9606
      0.0000	      0.0000	      0.0000	      0.0000
      0.0000	      0.0000	      0.0000	      0.0000
      0.0000	      0.0000	      0.0000	      0.0000
      3.0619	      0.0000	      0.0000	      0.0000
      0.0000	      0.0000	      0.0000	      0.0000
      0.0000	      0.0000	      0.0000	      0.0000
      0.0000	      0.0000	      0.0000	      0.0000
     -3.5766	     -5.1768	     -3.6736	     -9.5379
      0.0000	      0.0000	      0.0000	      0.0000
      0.0000	      0.0000	      0.0000	      0.0000
      0.0000	      0.0000	      0.0000	      0.0000
      2.4111	      0.6092	     31.5872	     -2.4837
      0.0000	      0.0000	      0.0000	      0.0000
      0.0000	      0.0000	      0.0000	      0.0000
      0.0000	      0.0000	      0.0000	      0.0000
     19.1124	      0.0000	      4.2329	      4.0586
      0.0000	      0.0000	      0.0000	      0.0000
      0.0000	      0.0000	      0.0000	      0.0000
      0.0000	      0.0000	      0.0000	      0.0000
      0.0741	     -0.2153	     35.4776	      0.0000
      0.0000	      0.0000	      0.0000	      0.0000
      0.0000	      0.0000	      0.0000	      0.0000
      0.0000	      0.0000	      0.0000	      0.0000
      7.1032	     11.4689	     39.3965	      4.5145
      0.0000	      0.0000	      0.0000	      0.0000
      0.0000	      0.0000	      0.0000	      0.0000
      0.0000	      0.0000	      0.0000	      0.0000
     -0.0875	      0.1873	     16.4830	      1.3407
      0.0000	      0.0000	      0.0000	      0.0000
      0.0000	      0.0000	      0.0000	      0.0000
      0.0000	      0.0000	      0.0000	      0.0000
     31.7818	      0.0000	      0.0000	      2.4840
      0.0000	      0.0000	      0.0000	      0.0000
      0.0000	      0.0000	      0.0000	      0.0000
      0.0000	      0.0000	      0.0000	      0.0000
      7.5571	     -1.2381	     31.1886	      2.6065
      0.0000	      0.0000	      0.0000	      0.0000
      0.0000	      0.0000	      0.0000	      0.0000
      0.0000	      0.0000	      0.0000	      0.0000
     -8.2392	     -3.1622	      5.5629	     -3.3644
      0.0000	      0.0000	      0.0000	      0.0000
      0.0000	      0.0000	      0.0000	      0.0000
      0.0000	      0.0000	      0.0000	      0.0000
      0.0000	      0.0000	     18.9513	      0.0000
      0.0000	      0.0000	      0.0000	      0.0000
      0.0000	      0.0000	      0.0000	      0.0000
      0.0000	      0.0000	      0.0000	      0.0000
     -3.3028	     -2.3187	     15.3964	      0.0000
      0.0000	      0.0000	      0.0000	      0.0000
      0.0000	      0.0000	      0.0000	      0.0000
      0.0000	      0.0000	      0.0000	      0.0000
    -41.4708	    -39.7399	    -28.0989	    -39.0528
      0.0000	      0.0000	      0.0000	      0.0000
      0.0000	      0.0000	      0.0000	      0.0000
      0.0000	      0.0000	      0.0000	      0.0000
    -33.4419	    -33.3002	    -33.6735	    -33.0319
      0.0000	      0.0000	      0.0000	      0.0000
      0.0000	      0.0000	      0.0000	      0.0000
      0.0000	      0.0000	      0.0000	      0.0000
      0.9911	     11.5870	     -5.5504	     -0.8495
      0.0000	      0.0000	      0.0000	      0.0000
      0.0000	      0.0000	      0.0000	      0.0000
      0.0000	      0.0000	      0.0000	      0.0000
     21.9973	      5.3776	      5.3788	      0.0000
      0.0000	      0.0000	      0.0000	      0.0000
      0.0000	      0.0000	      0.0000	      0.0000
      0.0000	      0.0000	      0.0000	      0.0000
    -15.1152	     -3.2859	    -13.5283	    -11.8442
      0.0000	      0.0000	      0.0000	      0.0000
      0.0000	      0.0000	      0.0000	      0.0000
      0.0000	      0.0000	      0.0000	      0.0000
      1.0739	     23.6420	      5.7514	     -3.6533
      0.0000	      0.0000	      0.0000	      0.0000
      0.0000	      0.0000	      0.0000	      0.0000
      0.0000	      0.0000	      0.0000	      0.0000
      6.9126	     26.0897	      3.2285	      0.0000
      0.0000	      0.0000	      0.0000	      0.0000
      0.0000	      0.0000	      0.0000	      0.0000
      0.0000	      0.0000	      0.0000	      0.0000
     -8.6347	     26.6085	     -8.6037	     -7.0184
      0.0000	      0.0000	      0.0000	      0.0000
      0.0000	      0.0000	      0.0000	      0.0000
      0.0000	      0.0000	      0.0000	      0.0000
     18.2982	      9.1718	      3.2417	      3.8721
      0.0000	      0.0000	      0.0000	      0.0000
      0.0000	      0.0000	      0.0000	      0.0000
      0.0000	      0.0000	      0.0000	      0.0000
     -3.7900	     -3.8917	    -11.9331	     10.8268
      0.0000	      0.0000	      0.0000	      0.0000
      0.0000	      0.0000	      0.0000	      0.0000
      0.0000	      0.0000	      0.0000	      0.0000
     34.0142	      1.2269	      2.2308	      9.6696
      0.0000	      0.0000	      0.0000	      0.0000
      0.0000	      0.0000	      0.0000	      0.0000
      0.0000	      0.0000	      0.0000	      0.0000
      2.8187	     -6.2661	     -0.9058	     28.0772
      0.0000	      0.0000	      0.0000	      0.0000
      0.0000	      0.0000	      0.0000	      0.0000
      0.0000	      0.0000	      0.0000	      0.0000
    -17.6363	    -20.8917	    -14.2397	    -13.0755
      0.0000	      0.0000	      0.0000	      0.0000
      0.0000	      0.0000	      0.0000	      0.0000
      0.0000	      0.0000	      0.0000	      0.0000
     36.3407	      0.0000	     -2.2894	      5.3310
      0.0000	      0.0000	      0.0000	      0.0000
      0.0000	      0.0000	      0.0000	      0.0000
      0.0000	      0.0000	      0.0000	      0.0000
     -0.5464	     -2.6440	     -4.1428	     27.5252
      0.0000	      0.0000	      0.0000	      0.0000
      0.0000	      0.0000	      0.0000	      0.0000
      0.0000	      0.0000	      0.0000	      0.0000
    -46.1726	    -45.4397	    -48.0768	     -6.1662
      0.0000	      0.0000	      0.0000	      0.0000
      0.0000	      0.0000	      0.0000	      0.0000
      0.0000	      0.0000	      0.0000	      0.0000
    -35.4377	    -39.4961	    -26.6504	    -25.3167
      0.0000	      0.0000	      0.0000	      0.0000
      0.0000	      0.0000	      0.0000	      0.0000
      0.0000	      0.0000	      0.0000	      0.0000
     -2.9414	     13.7026	     -3.3120	     -4.8907
      0.0000	      0.0000	      0.0000	      0.0000
      0.0000	      0.0000	      0.0000	      0.0000
      0.0000	      0.0000	      0.0000	      0.0000
     23.9359	      3.0224	      0.0000	      1.9474
      0.0000	      0.0000	      0.0000	      0.0000
      0.0000	      0.0000	      0.0000	      0.0000
      0.0000	      0.0000	      0.0000	      0.0000
    -23.2394	     -5.6271	    -23.7695	    -30.8424
      0.0000	      0.0000	      0.0000	      0.0000
      0.0000	      0.0000	      0.0000	      0.0000
      0.0000	      0.0000	      0.0000	      0.0000
     -6.6568	      5.3679	    -19.1239	    -10.9336
      0.0000	      0.0000	      0.0000	      0.0000
      0.0000	      0.0000	      0.0000	      0.0000
      0.0000	      0.0000	      0.0000	      0.0000
     -0.4432	     -0.4041	     -4.1933	      4.5334
      0.0000	      0.0000	      0.0000	      0.0000
      0.0000	      0.0000	      0.0000	      0.0000
      0.0000	      0.0000	      0.0000	      0.0000
    -22.0178	     -0.6906	    -24.4445	    -12.4064
      0.0000	      0.0000	      0.0000	      0.0000
      0.0000	      0.0000	      0.0000	      0.0000
      0.0000	      0.0000	      0.0000	      0.0000
      4.7313	     -5.4494	    -24.1841	     -7.6474
      0.0000	      0.0000	      0.0000	      0.0000
      0.0000	      0.0000	      0.0000	      0.0000
      0.0000	      0.0000	      0.0000	      0.0000
    -17.0324	    -25.6276	    -36.2404	     -0.8743
      0.0000	      0.0000	      0.0000	      0.0000
      0.0000	      0.0000	      0.0000	      0.0000
      0.0000	      0.0000	      0.0000	      0.0000
     19.6524	      1.3107	     -0.4639	      5.1871
      0.0000	      0.0000	      0.0000	      0.0000
      0.0000	      0.0000	      0.0000	      0.0000
      0.0000	      0.0000	      0.0000	      0.0000
    -11.8872	    -16.9559	    -24.3468	      4.9662
      0.0000	      0.0000	      0.0000	      0.0000
      0.0000	      0.0000	      0.0000	      0.0000
      0.0000	      0.0000	      0.0000	      0.0000
    -34.2525	    -37.2585	    -35.6323	    -15.8932
      0.0000	      0.0000	      0.0000	      0.0000
      0.0000	      0.0000	      0.0000	      0.0000
      0.0000	      0.0000	      0.0000	      0.0000
     23.0827	      1.6764	      6.7190	      4.5460
      0.0000	      0.0000	      0.0000	      0.0000
      0.0000	      0.0000	      0.0000	      0.0000
      0.0000	      0.0000	      0.0000	      0.0000
      0.9138	     -1.4535	    -15.3358	     10.5760
      0.0000	      0.0000	      0.0000	      0.0000
      0.0000	      0.0000	      0.0000	      0.0000
      0.0000	      0.0000	      0.0000	      0.0000
    -38.5290	    -44.5975	    -45.7456	    -19.6452
      0.0000	      0.0000	      0.0000	      0.0000
      0.0000	      0.0000	      0.0000	      0.0000
      0.0000	      0.0000	      0.0000	      0.0000
    -41.8137	    -31.4752	    -45.0743	    -42.8582
      0.0000	      0.0000	      0.0000	      0.0000
      0.0000	      0.0000	      0.0000	      0.0000
      0.0000	      0.0000	      0.0000	      0.0000
     -1.5129	      6.9196	     -7.5214	     -2.6089
      0.0000	      0.0000	      0.0000	      0.0000
      0.0000	      0.0000	      0.0000	      0.0000
      0.0000	      0.0000	      0.0000	      0.0000
      0.0000	     16.2136	      1.6166	      0.0000
      0.0000	      0.0000	      0.0000	      0.0000
      0.0000	      0.0000	      0.0000	      0.0000
      0.0000	      0.0000	      0.0000	      0.0000
     -2.4821	     -1.0662	     -3.6306	     -2.8176
      0.0000	      0.0000	      0.0000	      0.0000
      0.0000	      0.0000	      0.0000	      0.0000
      0.0000	      0.0000	      0.0000	      0.0000
     -0.8500	     23.3593	      0.0000	     -2.6261
      0.0000	      0.0000	      0.0000	      0.0000
      0.0000	      0.0000	      0.0000	      0.0000
      0.0000	      0.0000	      0.0000	      0.0000
      3.2756	      0.0000	      0.0000	      2.3290
      0.0000	      0.0000	      0.0000	      0.0000
      0.0000	      0.0000	      0.0000	      0.0000
      0.0000	      0.0000	      0.0000	      0.0000
     -0.3866	     -0.8547	     14.1447	      0.0000
      0.0000	      0.0000	      0.0000	      0.0000
      0.0000	      0.0000	      0.0000	      0.0000
      0.0000	      0.0000	      0.0000	      0.0000
      2.6516	      0.6044	     16.3239	     -0.6571
      0.0000	      0.0000	      0.0000	      0.0000
      0.0000	      0.0000	      0.0000	      0.0000
      0.0000	      0.0000	      0.0000	      0.0000
     -2.4459	     -1.9936	      0.3635	     -0.4702
      0.0000	      0.0000	      0.0000	      0.0000
      0.0000	      0.0000	      0.0000	      0.0000
      0.0000	      0.0000	      0.0000	      0.0000
      0.0000	      0.0000	      1.2618	     12.3389
      0.0000	      0.0000	      0.0000	      0.0000
      0.0000	      0.0000	      0.0000	      0.0000
      0.0000	      0.0000	      0.0000	      0.0000
      6.2486	     -0.5932	     21.9144	     -0.4386
      0.0000	      0.0000	      0.0000	      0.0000
      0.0000	      0.0000	      0.0000	      0.0000
      0.0000	      0.0000	      0.0000	      0.0000
     -1.8542	     -2.5244	      3.2577	     -1.3292
      0.0000	      0.0000	      0.0000	      0.0000
      0.0000	      0.0000	      0.0000	      0.0000
      0.0000	      0.0000	      0.0000	      0.0000
      7.8058	      1.3226	      0.0000	      1.9773
      0.0000	      0.0000	      0.0000	      0.0000
      0.0000	      0.0000	      0.0000	      0.0000
      0.0000	      0.0000	      0.0000	      0.0000
     -0.4710	     -5.1719	      1.7200	      0.0000
      0.0000	      0.0000	      0.0000	      0.0000
      0.0000	      0.0000	      0.0000	      0.0000
      0.0000	      0.0000	      0.0000	      0.0000
     -9.0154	    -19.3971	      8.5872	    -24.1203
      0.0000	      0.0000	      0.0000	      0.0000
      0.0000	      0.0000	      0.0000	      0.0000
      0.0000	      0.0000	      0.0000	      0.0000
    -22.4220	    -11.5487	    -28.2506	    -24.7463
      0.0000	      0.0000	      0.0000	      0.0000
      0.0000	      0.0000	      0.0000	      0.0000
      0.0000	      0.0000	      0.0000	      0.0000
     -1.2302	     13.3208	    -12.3883	     -1.3470
      0.0000	      0.0000	      0.0000	      0.0000
      0.0000	      0.0000	      0.0000	      0.0000
      0.0000	      0.0000	      0.0000	      0.0000
      8.1581	     26.7982	      0.0000	      3.3199
      0.0000	      0.0000	      0.0000	      0.0000
      0.0000	      0.0000	      0.0000	      0.0000
      0.0000	      0.0000	      0.0000	      0.0000
    -11.4833	      7.1409	    -11.3916	    -16.3333
      0.0000	      0.0000	      0.0000	      0.0000
      0.0000	      0.0000	      0.0000	      0.0000
      0.0000	      0.0000	      0.0000	      0.0000
      1.3578	      9.8625	      0.2632	     -1.9750
      0.0000	      0.0000	      0.0000	      0.0000
      0.0000	      0.0000	      0.0000	      0.0000
      0.0000	      0.0000	      0.0000	      0.0000
     -2.4472	     16.3294	     -0.4582	     -5.1723
      0.0000	      0.0000	      0.0000	      0.0000
      0.0000	      0.0000	      0.0000	      0.0000
      0.0000	      0.0000	      0.0000	      0.0000
     -4.4578	     17.8455	     -6.7566	     -9.2024
      0.0000	      0.0000	      0.0000	      0.0000
      0.0000	      0.0000	      0.0000	      0.0000
      0.0000	      0.0000	      0.0000	      0.0000
     -5.4280	     10.7044	     -6.6702	    -14.3503
      0.0000	      0.0000	      0.0000	      0.0000
      0.0000	      0.0000	      0.0000	      0.0000
      0.0000	      0.0000	      0.0000	      0.0000
    -12.5272	    -11.5937	    -14.3574	    -12.2407
      0.0000	      0.0000	      0.0000	      0.0000
      0.0000	      0.0000	      0.0000	      0.0000
      0.0000	      0.0000	      0.0000	      0.0000
     18.5034	      1.8691	      3.2009	      4.6942
      0.0000	      0.0000	      0.0000	      0.0000
      0.0000	      0.0000	      0.0000	      0.0000
      0.0000	      0.0000	      0.0000	      0.0000
     -5.9228	     -7.7246	     -2.9356	     -3.8470
      0.0000	      0.0000	      0.0000	      0.0000
      0.0000	      0.0000	      0.0000	      0.0000
      0.0000	      0.0000	      0.0000	      0.0000
    -19.2795	    -18.2989	    -21.9792	    -19.7883
      0.0000	      0.0000	      0.0000	      0.0000
      0.0000	      0.0000	      0.0000	      0.0000
      0.0000	      0.0000	      0.0000	      0.0000
     23.0305	      0.0000	      0.0000	      0.0000
      0.0000	      0.0000	      0.0000	      0.0000
      0.0000	      0.0000	      0.0000	      0.0000
      0.0000	      0.0000	      0.0000	      0.0000
     -0.0675	     -1.8307	     29.4728	      0.0000
      0.0000	      0.0000	      0.0000	      0.0000
      0.0000	      0.0000	      0.0000	      0.0000
      0.0000	      0.0000	      0.0000	      0.0000
    -21.2570	    -24.1541	    -18.6250	    -11.2087
      0.0000	      0.0000	      0.0000	      0.0000
      0.0000	      0.0000	      0.0000	      0.0000
      0.0000	      0.0000	      0.0000	      0.0000
    -27.6190	     -7.5166	    -32.7158	    -36.0267
      0.0000	      0.0000	      0.0000	      0.0000
      0.0000	      0.0000	      0.0000	      0.0000
      0.0000	      0.0000	      0.0000	      0.0000
     -1.0595	     26.0407	     -9.9502	      0.0000
      0.0000	      0.0000	      0.0000	      0.0000
      0.0000	      0.0000	      0.0000	      0.0000
      0.0000	      0.0000	      0.0000	      0.0000
      1.3539	     29.6484	      0.0000	      0.0000
      0.0000	      0.0000	      0.0000	      0.0000
      0.0000	      0.0000	      0.0000	      0.0000
      0.0000	      0.0000	      0.0000	      0.0000
    -21.0596	    -20.1695	    -22.7924	    -20.9524
      0.0000	      0.0000	      0.0000	      0.0000
      0.0000	      0.0000	      0.0000	      0.0000
      0.0000	      0.0000	      0.0000	      0.0000
     -9.9994	      5.1824	    -10.7031	     -9.4957
      0.0000	      0.0000	      0.0000	      0.0000
      0.0000	      0.0000	      0.0000	      0.0000
      0.0000	      0.0000	      0.0000	      0.0000
     -3.2608	     -2.7839	     -3.0148	     -5.5932
      0.0000	      0.0000	      0.0000	      0.0000
      0.0000	      0.0000	      0.0000	      0.0000
      0.0000	      0.0000	      0.0000	      0.0000
     -6.2182	      5.9300	    -19.3753	     -9.0925
      0.0000	      0.0000	      0.0000	      0.0000
      0.0000	      0.0000	      0.0000	      0.0000
      0.0000	      0.0000	      0.0000	      0.0000
    -14.4661	     -2.2367	    -16.3996	    -14.6214
      0.0000	      0.0000	      0.0000	      0.0000
      0.0000	      0.0000	      0.0000	      0.0000
      0.0000	      0.0000	      0.0000	      0.0000
    -21.0240	    -19.8640	    -23.8802	    -19.7307
      0.0000	      0.0000	      0.0000	      0.0000
      0.0000	      0.0000	      0.0000	      0.0000
      0.0000	      0.0000	      0.0000	      0.0000
      6.8927	      0.0000	      0.0000	     -2.8776
      0.0000	      0.0000	      0.0000	      0.0000
      0.0000	      0.0000	      0.0000	      0.0000
      0.0000	      0.0000	      0.0000	      0.0000
    -16.7246	    -13.5638	    -17.2988	    -17.6295
      0.0000	      0.0000	      0.0000	      0.0000
      0.0000	      0.0000	      0.0000	      0.0000
      0.0000	      0.0000	      0.0000	      0.0000
    -38.7282	    -28.5957	    -34.7512	    -31.4205
      0.0000	      0.0000	      0.0000	      0.0000
      0.0000	      0.0000	      0.0000	      0.0000
      0.0000	      0.0000	      0.0000	      0.0000
      1.7554	      0.0000	      0.0000	      0.0000
      0.0000	      0.0000	      0.0000	      0.0000
      0.0000	      0.0000	      0.0000	      0.0000
      0.0000	      0.0000	      0.0000	      0.0000
     -3.4827	     -4.1608	     -2.7636	     -1.6072
      0.0000	      0.0000	      0.0000	      0.0000
      0.0000	      0.0000	      0.0000	      0.0000
      0.0000	      0.0000	      0.0000	      0.0000
    -30.4130	    -23.1031	    -39.3363	    -29.0768
      0.0000	      0.0000	      0.0000	      0.0000
      0.0000	      0.0000	      0.0000	      0.0000
      0.0000	      0.0000	      0.0000	      0.0000
    -22.7813	    -33.8937	    -26.5939	    -29.9189
      0.0000	      0.0000	      0.0000	      0.0000
      0.0000	      0.0000	      0.0000	      0.0000
      0.0000	      0.0000	      0.0000	      0.0000
      0.3842	     30.1363	      0.0000	     -4.9648
      0.0000	      0.0000	      0.0000	      0.0000
      0.0000	      0.0000	      0.0000	      0.0000
      0.0000	      0.0000	      0.0000	      0.0000
      0.0000	     44.7804	     -1.4361	      0.0000
      0.0000	      0.0000	      0.0000	      0.0000
      0.0000	      0.0000	      0.0000	      0.0000
      0.0000	      0.0000	      0.0000	      0.0000
     -5.9103	      4.5996	      0.0000	      0.0000
      0.0000	      0.0000	      0.0000	      0.0000
      0.0000	      0.0000	      0.0000	      0.0000
      0.0000	      0.0000	      0.0000	      0.0000
      0.4086	     25.6420	      9.7767	      0.0291
      0.0000	      0.0000	      0.0000	      0.0000
      0.0000	      0.0000	      0.0000	      0.0000
      0.0000	      0.0000	      0.0000	      0.0000
     34.6333	      0.0000	      2.0170	      0.0000
      0.0000	      0.0000	      0.0000	      0.0000
      0.0000	      0.0000	      0.0000	      0.0000
      0.0000	      0.0000	      0.0000	      0.0000
     -4.0555	     -0.9902	      9.3643	      5.3387
      0.0000	      0.0000	      0.0000	      0.0000
      0.0000	      0.0000	      0.0000	      0.0000
      0.0000	      0.0000	      0.0000	      0.0000
     24.2627	      8.7615	      4.8619	      4.6561
      0.0000	      0.0000	      0.0000	      0.0000
      0.0000	      0.0000	      0.0000	      0.0000
      0.0000	      0.0000	      0.0000	      0.0000
      3.0090	      3.8060	     22.3573	      0.0000
      0.0000	      0.0000	      0.0000	      0.0000
      0.0000	      0.0000	      0.0000	      0.0000
      0.0000	      0.0000	      0.0000	      0.0000
     16.7346	      0.0000	      0.0000	      0.0000
      0.0000	      0.0000	      0.0000	      0.0000
      0.0000	      0.0000	      0.0000	      0.0000
      0.0000	      0.0000	      0.0000	      0.0000
     -0.2491	     -2.7277	     16.5119	      0.0000
      0.0000	      0.0000	      0.0000	      0.0000
      0.0000	      0.0000	      0.0000	      0.0000
      0.0000	      0.0000	      0.0000	      0.0000
    -19.2350	    -17.3408	    -11.1730	    -13.3437
      0.0000	      0.0000	      0.0000	      0.0000
      0.0000	      0.0000	      0.0000	      0.0000
      0.0000	      0.0000	      0.0000	      0.0000
     44.8282	      1.3336	      7.8827	     23.3202
      0.0000	      0.0000	      0.0000	      0.0000
      0.0000	      0.0000	      0.0000	      0.0000
      0.0000	      0.0000	      0.0000	      0.0000
     -4.4335	    -10.2066	    -15.0040	     35.1666
      0.0000	      0.0000	      0.0000	      0.0000
      0.0000	      0.0000	      0.0000	      0.0000
      0.0000	      0.0000	      0.0000	      0.0000
    -70.3531	    -71.7539	    -77.3974	    -36.4625
      0.0000	      0.0000	      0.0000	      0.0000
      0.0000	      0.0000	      0.0000	      0.0000
      0.0000	      0.0000	      0.0000	      0.0000
    -62.7444	    -61.9072	    -69.7864	    -62.0119
      0.0000	      0.0000	      0.0000	      0.0000
      0.0000	      0.0000	      0.0000	      0.0000
      0.0000	      0.0000	      0.0000	      0.0000
      3.6616	      1.2234	     19.0423	      0.0000
      0.0000	      0.0000	      0.0000	      0.0000
      0.0000	      0.0000	      0.0000	      0.0000
      0.0000	      0.0000	      0.0000	      0.0000
      5.8131	      0.0000	     19.1000	      6.7300
      0.0000	      0.0000	      0.0000	      0.0000
      0.0000	      0.0000	      0.0000	      0.0000
      0.0000	      0.0000	      0.0000	      0.0000
    -15.9921	      0.7568	    -28.4790	    -18.1309
      0.0000	      0.0000	      0.0000	      0.0000
      0.0000	      0.0000	      0.0000	      0.0000
      0.0000	      0.0000	      0.0000	      0.0000
     14.6029	      2.5768	     -4.3821	     -6.7791
      0.0000	      0.0000	      0.0000	      0.0000
      0.0000	      0.0000	      0.0000	      0.0000
      0.0000	      0.0000	      0.0000	      0.0000
     16.4596	      1.4657	      0.0000	      0.0000
      0.0000	      0.0000	      0.0000	      0.0000
      0.0000	      0.0000	      0.0000	      0.0000
      0.0000	      0.0000	      0.0000	      0.0000
     -7.4755	      4.0854	    -22.4968	     -7.9376
      0.0000	      0.0000	      0.0000	      0.0000
      0.0000	      0.0000	      0.0000	      0.0000
      0.0000	      0.0000	      0.0000	      0.0000
     16.5596	      0.1494	      4.4493	     -0.1254
      0.0000	      0.0000	      0.0000	      0.0000
      0.0000	      0.0000	      0.0000	      0.0000
      0.0000	      0.0000	      0.0000	      0.0000
    -10.0997	     -2.7669	     -3.6629	     11.1269
      0.0000	      0.0000	      0.0000	      0.0000
      0.0000	      0.0000	      0.0000	      0.0000
      0.0000	      0.0000	      0.0000	      0.0000
     21.6298	      0.7631	     -2.9833	      4.7854
      0.0000	      0.0000	      0.0000	      0.0000
      0.0000	      0.0000	      0.0000	      0.0000
      0.0000	      0.0000	      0.0000	      0.0000
      5.8829	     -5.2313	      4.7000	     23.6619
      0.0000	      0.0000	      0.0000	      0.0000
      0.0000	      0.0000	      0.0000	      0.0000
      0.0000	      0.0000	      0.0000	      0.0000
    -16.7770	    -17.2705	    -21.1720	      6.9270
      0.0000	      0.0000	      0.0000	      0.0000
      0.0000	      0.0000	      0.0000	      0.0000
      0.0000	      0.0000	      0.0000	      0.0000
     41.1760	      7.0869	      9.8537	      9.6690
      0.0000	      0.0000	      0.0000	      0.0000
      0.0000	      0.0000	      0.0000	      0.0000
      0.0000	      0.0000	      0.0000	      0.0000
      7.8072	     -1.8905	    -12.9553	     36.3672
      0.0000	      0.0000	      0.0000	      0.0000
      0.0000	      0.0000	      0.0000	      0.0000
      0.0000	      0.0000	      0.0000	      0.0000
    -36.1802	    -39.2631	    -62.5651	      9.8415
      0.0000	      0.0000	      0.0000	      0.0000
      0.0000	      0.0000	      0.0000	      0.0000
      0.0000	      0.0000	      0.0000	      0.0000
   -155.8193	   -162.1848	   -129.3249	   -161.0455
      0.0000	      0.0000	      0.0000	      0.0000
      0.0000	      0.0000	      0.0000	      0.0000
      0.0000	      0.0000	      0.0000	      0.0000
    -17.8413	     -2.2370	    -27.4391	    -59.2130
      0.0000	      0.0000	      0.0000	      0.0000
      0.0000	      0.0000	      0.0000	      0.0000
      0.0000	      0.0000	      0.0000	      0.0000
      2.8609	     14.7179	      3.6260	     -7.5383
      0.0000	      0.0000	      0.0000	      0.0000
      0.0000	      0.0000	      0.0000	      0.0000
      0.0000	      0.0000	      0.0000	      0.0000
   -100.7898	    -82.8655	   -118.5488	    -97.7701
      0.0000	      0.0000	      0.0000	      0.0000
      0.0000	      0.0000	      0.0000	      0.0000
      0.0000	      0.0000	      0.0000	      0.0000
    -26.8055	     -4.7810	    -35.1564	    -32.5221
      0.0000	      0.0000	      0.0000	      0.0000
      0.0000	      0.0000	      0.0000	      0.0000
      0.0000	      0.0000	      0.0000	      0.0000
      7.2492	    -13.1335	    -12.5202	    -10.5576
      0.0000	      0.0000	      0.0000	      0.0000
      0.0000	      0.0000	      0.0000	      0.0000
      0.0000	      0.0000	      0.0000	      0.0000
    -82.5004	    -17.1165	    -82.9826	    -75.5297
      0.0000	      0.0000	      0.0000	      0.0000
      0.0000	      0.0000	      0.0000	      0.0000
      0.0000	      0.0000	      0.0000	      0.0000
    -23.9516	    -30.9873	    -36.0082	    -29.3932
      0.0000	      0.0000	      0.0000	      0.0000
      0.0000	      0.0000	      0.0000	      0.0000
      0.0000	      0.0000	      0.0000	      0.0000
    -40.1329	    -34.1401	    -46.0119	     -7.1791
      0.0000	      0.0000	      0.0000	      0.0000
      0.0000	      0.0000	      0.0000	      0.0000
      0.0000	      0.0000	      0.0000	      0.0000
    -28.2887	    -37.3677	    -37.8022	    -36.2487
      0.0000	      0.0000	      0.0000	      0.0000
      0.0000	      0.0000	      0.0000	      0.0000
      0.0000	      0.0000	      0.0000	      0.0000
    -25.5362	    -43.0997	    -41.4134	     -3.9768
      0.0000	      0.0000	      0.0000	      0.0000
      0.0000	      0.0000	      0.0000	      0.0000
      0.0000	      0.0000	      0.0000	      0.0000
    -59.8807	    -64.4198	    -68.7448	    -25.7513
      0.0000	      0.0000	      0.0000	      0.0000
      0.0000	      0.0000	      0.0000	      0.0000
      0.0000	      0.0000	      0.0000	      0.0000
     -1.3885	      1.6107	     12.8698	     55.5857
      0.0000	      0.0000	      0.0000	      0.0000
      0.0000	      0.0000	      0.0000	      0.0000
      0.0000	      0.0000	      0.0000	      0.0000
     -7.6838	    -28.2782	    -27.2128	     12.4205
      0.0000	      0.0000	      0.0000	      0.0000
      0.0000	      0.0000	      0.0000	      0.0000
      0.0000	      0.0000	      0.0000	      0.0000
   -101.1496	   -106.9729	   -126.5916	    -17.8469
      0.0000	      0.0000	      0.0000	      0.0000
      0.0000	      0.0000	      0.0000	      0.0000
      0.0000	      0.0000	      0.0000	      0.0000
    -59.3318	    -58.1894	    -41.9450	    -59.2212
      0.0000	      0.0000	      0.0000	      0.0000
      0.0000	      0.0000	      0.0000	      0.0000
      0.0000	      0.0000	      0.0000	      0.0000
     -7.0402	     33.4579	    -14.0530	     -3.2983
      0.0000	      0.0000	      0.0000	      0.0000
      0.0000	      0.0000	      0.0000	      0.0000
      0.0000	      0.0000	      0.0000	      0.0000
      9.5037	     33.8182	     -2.6690	      5.3215
      0.0000	      0.0000	      0.0000	      0.0000
      0.0000	      0.0000	      0.0000	      0.0000
      0.0000	      0.0000	      0.0000	      0.0000
     -1.5564	     16.8578	      0.0000	    -11.9749
      0.0000	      0.0000	      0.0000	      0.0000
      0.0000	      0.0000	      0.0000	      0.0000
      0.0000	      0.0000	      0.0000	      0.0000
      9.0217	     22.4061	      4.9906	      3.8291
      0.0000	      0.0000	      0.0000	      0.0000
      0.0000	      0.0000	      0.0000	      0.0000
      0.0000	      0.0000	      0.0000	      0.0000
      9.1774	      0.0000	     24.6259	      5.2426
      0.0000	      0.0000	      0.0000	      0.0000
      0.0000	      0.0000	      0.0000	      0.0000
      0.0000	      0.0000	      0.0000	      0.0000
     -0.4356	     16.3195	     -4.3836	      0.0000
      0.0000	      0.0000	      0.0000	      0.0000
      0.0000	      0.0000	      0.0000	      0.0000
      0.0000	      0.0000	      0.0000	      0.0000
     15.0752	     14.4005	     26.3540	     -0.1205
      0.0000	      0.0000	      0.0000	      0.0000
      0.0000	      0.0000	      0.0000	      0.0000
      0.0000	      0.0000	      0.0000	      0.0000
     -6.3253	     -4.6005	     -5.7751	     12.6405
      0.0000	      0.0000	      0.0000	      0.0000
      0.0000	      0.0000	      0.0000	      0.0000
      0.0000	      0.0000	      0.0000	      0.0000
     25.2410	      5.0910	      0.0000	      0.0000
      0.0000	      0.0000	      0.0000	      0.0000
      0.0000	      0.0000	      0.0000	      0.0000
      0.0000	      0.0000	      0.0000	      0.0000
      3.5202	     -2.7658	     29.8602	     13.2709
      0.0000	      0.0000	      0.0000	      0.0000
      0.0000	      0.0000	      0.0000	      0.0000
      0.0000	      0.0000	      0.0000	      0.0000
    -12.9384	    -18.2329	    -11.8365	      9.3576
      0.0000	      0.0000	      0.0000	      0.0000
      0.0000	      0.0000	      0.0000	      0.0000
      0.0000	      0.0000	      0.0000	      0.0000
      1.2178	      4.2326	      0.1371	     31.1207
      0.0000	      0.0000	      0.0000	      0.0000
      0.0000	      0.0000	      0.0000	      0.0000
      0.0000	      0.0000	      0.0000	      0.0000
     -2.3694	     -0.6991	     -1.6690	     19.3988
      0.0000	      0.0000	      0.0000	      0.0000
      0.0000	      0.0000	      0.0000	      0.0000
      0.0000	      0.0000	      0.0000	      0.0000
    -65.9179	    -65.8096	    -80.9132	    -11.0375
      0.0000	      0.0000	      0.0000	      0.0000
      0.0000	      0.0000	      0.0000	      0.0000
      0.0000	      0.0000	      0.0000	      0.0000
    -65.1237	    -12.0285	    -95.3853	    -81.6638
      0.0000	      0.0000	      0.0000	      0.0000
      0.0000	      0.0000	      0.0000	      0.0000
      0.0000	      0.0000	      0.0000	      0.0000
      1.4639	     19.9488	      0.5851	     -2.4317
      0.0000	      0.0000	      0.0000	      0.0000
      0.0000	      0.0000	      0.0000	      0.0000
      0.0000	      0.0000	      0.0000	      0.0000
     22.2769	     11.9997	      3.6301	      9.7016
      0.0000	      0.0000	      0.0000	      0.0000
      0.0000	      0.0000	      0.0000	      0.0000
      0.0000	      0.0000	      0.0000	      0.0000
    -25.2613	     -1.1190	    -24.9885	    -28.8907
      0.0000	      0.0000	      0.0000	      0.0000
      0.0000	      0.0000	      0.0000	      0.0000
      0.0000	      0.0000	      0.0000	      0.0000
      0.1581	      6.4388	     -6.6854	     -3.6856
      0.0000	      0.0000	      0.0000	      0.0000
      0.0000	      0.0000	      0.0000	      0.0000
      0.0000	      0.0000	      0.0000	      0.0000
     -1.7358	      2.3021	     -5.8257	     -1.5353
      0.0000	      0.0000	      0.0000	      0.0000
      0.0000	      0.0000	      0.0000	      0.0000
      0.0000	      0.0000	      0.0000	      0.0000
    -13.4391	      4.8889	    -34.5244	    -12.8598
      0.0000	      0.0000	      0.0000	      0.0000
      0.0000	      0.0000	      0.0000	      0.0000
      0.0000	      0.0000	      0.0000	      0.0000
      8.0585	     -0.4894	     -4.7307	      3.7484
      0.0000	      0.0000	      0.0000	      0.0000
      0.0000	      0.0000	      0.0000	      0.0000
      0.0000	      0.0000	      0.0000	      0.0000
    -11.3681	    -22.8061	    -28.5873	    -19.9909
      0.0000	      0.0000	      0.0000	      0.0000
      0.0000	      0.0000	      0.0000	      0.0000
      0.0000	      0.0000	      0.0000	      0.0000
      2.5287	      2.8909	     -6.8492	     20.3726
      0.0000	      0.0000	      0.0000	      0.0000
      0.0000	      0.0000	      0.0000	      0.0000
      0.0000	      0.0000	      0.0000	      0.0000
     14.1494	      1.6588	     -1.6911	      0.4741
      0.0000	      0.0000	      0.0000	      0.0000
      0.0000	      0.0000	      0.0000	      0.0000
      0.0000	      0.0000	      0.0000	      0.0000
    -28.0464	    -42.2585	    -31.3731	     -6.6877
      0.0000	      0.0000	      0.0000	      0.0000
      0.0000	      0.0000	      0.0000	      0.0000
      0.0000	      0.0000	      0.0000	      0.0000
     18.5678	     13.4519	     19.2446	     20.1636
      0.0000	      0.0000	      0.0000	      0.0000
      0.0000	      0.0000	      0.0000	      0.0000
      0.0000	      0.0000	      0.0000	      0.0000
     -1.6492	    -16.5409	      0.7919	     12.4835
      0.0000	      0.0000	      0.0000	      0.0000
      0.0000	      0.0000	      0.0000	      0.0000
      0.0000	      0.0000	      0.0000	      0.0000
    -47.8517	    -66.4117	    -65.5997	    -10.1374
      0.0000	      0.0000	      0.0000	      0.0000
      0.0000	      0.0000	      0.0000	      0.0000
      0.0000	      0.0000	      0.0000	      0.0000
   -162.1833	   -163.0820	    -91.3003	   -163.8076
      0.0000	      0.0000	      0.0000	      0.0000
      0.0000	      0.0000	      0.0000	      0.0000
      0.0000	      0.0000	      0.0000	      0.0000
     -7.0348	     -1.1689	    -23.3304	     -6.3438
      0.0000	      0.0000	      0.0000	      0.0000
      0.0000	      0.0000	      0.0000	      0.0000
      0.0000	      0.0000	      0.0000	      0.0000
      2.7392	     -0.3699	    -17.1112	     -0.2748
      0.0000	      0.0000	      0.0000	      0.0000
      0.0000	      0.0000	      0.0000	      0.0000
      0.0000	      0.0000	      0.0000	      0.0000
   -100.2451	    -33.5587	   -103.0218	    -93.2178
      0.0000	      0.0000	      0.0000	      0.0000
      0.0000	      0.0000	      0.0000	      0.0000
      0.0000	      0.0000	      0.0000	      0.0000
    -15.9928	      0.8469	    -39.1104	    -43.5820
      0.0000	      0.0000	      0.0000	      0.0000
      0.0000	      0.0000	      0.0000	      0.0000
      0.0000	      0.0000	      0.0000	      0.0000
      5.6767	    -28.7120	    -34.6903	    -22.5869
      0.0000	      0.0000	      0.0000	      0.0000
      0.0000	      0.0000	      0.0000	      0.0000
      0.0000	      0.0000	      0.0000	      0.0000
    -46.8986	    -19.8504	    -71.3806	    -73.1940
      0.0000	      0.0000	      0.0000	      0.0000
      0.0000	      0.0000	      0.0000	      0.0000
      0.0000	      0.0000	      0.0000	      0.0000
    -13.6030	    -18.6329	    -27.9182	    -15.0860
      0.0000	      0.0000	      0.0000	      0.0000
      0.0000	      0.0000	      0.0000	      0.0000
      0.0000	      0.0000	      0.0000	      0.0000
    -39.9979	    -40.0864	    -66.3121	    -12.3254
      0.0000	      0.0000	      0.0000	      0.0000
      0.0000	      0.0000	      0.0000	      0.0000
      0.0000	      0.0000	      0.0000	      0.0000
    -34.9440	     -3.6479	    -39.6775	    -27.2763
      0.0000	      0.0000	      0.0000	      0.0000
      0.0000	      0.0000	      0.0000	      0.0000
      0.0000	      0.0000	      0.0000	      0.0000
    -15.0676	    -18.3975	    -34.8294	    -16.8007
      0.0000	      0.0000	      0.0000	      0.0000
      0.0000	      0.0000	      0.0000	      0.0000
      0.0000	      0.0000	      0.0000	      0.0000
    -63.1512	    -65.9240	    -83.3742	    -35.2398
      0.0000	      0.0000	      0.0000	      0.0000
      0.0000	      0.0000	      0.0000	      0.0000
      0.0000	      0.0000	      0.0000	      0.0000
      3.8932	     -2.9738	     -7.0738	     -5.2028
      0.0000	      0.0000	      0.0000	      0.0000
      0.0000	      0.0000	      0.0000	      0.0000
      0.0000	      0.0000	      0.0000	      0.0000
    -23.1706	    -45.5453	    -27.7377	    -10.8599
      0.0000	      0.0000	      0.0000	      0.0000
      0.0000	      0.0000	      0.0000	      0.0000
      0.0000	      0.0000	      0.0000	      0.0000
   -151.1915	   -154.3206	    -74.3270	   -147.5405
      0.0000	      0.0000	      0.0000	      0.0000
      0.0000	      0.0000	      0.0000	      0.0000
      0.0000	      0.0000	      0.0000	      0.0000
    -83.1907	    -17.0026	    -73.0246	    -86.3211
      0.0000	      0.0000	      0.0000	      0.0000
      0.0000	      0.0000	      0.0000	      0.0000
      0.0000	      0.0000	      0.0000	      0.0000
      3.0019	     56.8053	     -7.5561	    -45.5028
      0.0000	      0.0000	      0.0000	      0.0000
      0.0000	      0.0000	      0.0000	      0.0000
      0.0000	      0.0000	      0.0000	      0.0000
     50.8543	     37.3317	     18.0770	     34.1762
      0.0000	      0.0000	      0.0000	      0.0000
      0.0000	      0.0000	      0.0000	      0.0000
      0.0000	      0.0000	      0.0000	      0.0000
    -21.9711	    -23.5615	     -8.8113	    -24.0276
      0.0000	      0.0000	      0.0000	      0.0000
      0.0000	      0.0000	      0.0000	      0.0000
      0.0000	      0.0000	      0.0000	      0.0000
    -10.4900	      6.2027	     -6.3621	    -12.6019
      0.0000	      0.0000	      0.0000	      0.0000
      0.0000	      0.0000	      0.0000	      0.0000
      0.0000	      0.0000	      0.0000	      0.0000
      0.9654	     13.2859	      0.5381	      0.0000
      0.0000	      0.0000	      0.0000	      0.0000
      0.0000	      0.0000	      0.0000	      0.0000
      0.0000	      0.0000	      0.0000	      0.0000
    -13.2102	    -15.5954	     -7.1439	    -14.8711
      0.0000	      0.0000	      0.0000	      0.0000
      0.0000	      0.0000	      0.0000	      0.0000
      0.0000	      0.0000	      0.0000	      0.0000
    -13.9956	     -0.8978	    -14.7043	    -13.2553
      0.0000	      0.0000	      0.0000	      0.0000
      0.0000	      0.0000	      0.0000	      0.0000
      0.0000	      0.0000	      0.0000	      0.0000
    -15.4927	    -21.2579	    -23.6080	     -0.3786
      0.0000	      0.0000	      0.0000	      0.0000
      0.0000	      0.0000	      0.0000	      0.0000
      0.0000	      0.0000	      0.0000	      0.0000
     11.4709	      2.7186	      3.6260	      0.7457
      0.0000	      0.0000	      0.0000	      0.0000
      0.0000	      0.0000	      0.0000	      0.0000
      0.0000	      0.0000	      0.0000	      0.0000
      2.2690	     -4.0517	     12.0905	     -3.5173
      0.0000	      0.0000	      0.0000	      0.0000
      0.0000	      0.0000	      0.0000	      0.0000
      0.0000	      0.0000	      0.0000	      0.0000
    -26.8025	    -30.0928	    -24.5969	      4.5250
      0.0000	      0.0000	      0.0000	      0.0000
      0.0000	      0.0000	      0.0000	      0.0000
      0.0000	      0.0000	      0.0000	      0.0000
     19.0060	      0.0000	      3.6182	      0.0000
      0.0000	      0.0000	      0.0000	      0.0000
      0.0000	      0.0000	      0.0000	      0.0000
      0.0000	      0.0000	      0.0000	      0.0000
     -1.2017	     -1.3177	      1.1284	      9.3794
      0.0000	      0.0000	      0.0000	      0.0000
      0.0000	      0.0000	      0.0000	      0.0000
      0.0000	      0.0000	      0.0000	      0.0000
   -126.7391	   -109.3701	     -6.0170	   -119.8799
      0.0000	      0.0000	      0.0000	      0.0000
      0.0000	      0.0000	      0.0000	      0.0000
      0.0000	      0.0000	      0.0000	      0.0000
    -35.5738	     12.5589	    -67.3334	    -48.9647
      0.0000	      0.0000	      0.0000	      0.0000
      0.0000	      0.0000	      0.0000	      0.0000
      0.0000	      0.0000	      0.0000	      0.0000
     12.8748	     27.4961	    -28.2792	      1.3319
      0.0000	      0.0000	      0.0000	      0.0000
      0.0000	      0.0000	      0.0000	      0.0000
      0.0000	      0.0000	      0.0000	      0.0000
     24.8095	     34.7924	     23.5678	     31.0642
      0.0000	      0.0000	      0.0000	      0.0000
      0.0000	      0.0000	      0.0000	      0.0000
      0.0000	      0.0000	      0.0000	      0.0000
    -24.6671	    -13.7899	    -55.6796	    -20.3791
      0.0000	      0.0000	      0.0000	      0.0000
      0.0000	      0.0000	      0.0000	      0.0000
      0.0000	      0.0000	      0.0000	      0.0000
    -16.3025	     -9.0116	    -35.9068	    -16.4991
      0.0000	      0.0000	      0.0000	      0.0000
      0.0000	      0.0000	      0.0000	      0.0000
      0.0000	      0.0000	      0.0000	      0.0000
    -14.3528	     -0.4539	    -26.7062	    -14.4254
      0.0000	      0.0000	      0.0000	      0.0000
      0.0000	      0.0000	      0.0000	      0.0000
      0.0000	      0.0000	      0.0000	      0.0000
    -19.5124	    -19.9360	    -26.0932	    -20.5226
      0.0000	      0.0000	      0.0000	      0.0000
      0.0000	      0.0000	      0.0000	      0.0000
      0.0000	      0.0000	      0.0000	      0.0000
    -22.0073	    -22.9187	    -28.3441	    -26.0032
      0.0000	      0.0000	      0.0000	      0.0000
      0.0000	      0.0000	      0.0000	      0.0000
      0.0000	      0.0000	      0.0000	      0.0000
    -35.1977	    -37.6359	    -40.0325	    -20.3125
      0.0000	      0.0000	      0.0000	      0.0000
      0.0000	      0.0000	      0.0000	      0.0000
      0.0000	      0.0000	      0.0000	      0.0000
      1.9926	      1.5068	     -7.7637	     -5.0450
      0.0000	      0.0000	      0.0000	      0.0000
      0.0000	      0.0000	      0.0000	      0.0000
      0.0000	      0.0000	      0.0000	      0.0000
    -21.4657	    -17.0858	    -26.0896	    -10.2912
      0.0000	      0.0000	      0.0000	      0.0000
      0.0000	      0.0000	      0.0000	      0.0000
      0.0000	      0.0000	      0.0000	      0.0000
    -36.5403	    -45.4286	    -52.0536	    -20.2293
      0.0000	      0.0000	      0.0000	      0.0000
      0.0000	      0.0000	      0.0000	      0.0000
      0.0000	      0.0000	      0.0000	      0.0000
     11.1123	      0.0000	     10.0201	      9.3269
      0.0000	      0.0000	      0.0000	      0.0000
      0.0000	      0.0000	      0.0000	      0.0000
      0.0000	      0.0000	      0.0000	      0.0000
     -7.9667	     -7.8598	     -9.3506	      5.1862
      0.0000	      0.0000	      0.0000	      0.0000
      0.0000	      0.0000	      0.0000	      0.0000
      0.0000	      0.0000	      0.0000	      0.0000
    -65.5382	    -57.6832	    -62.6154	    -12.1748
      0.0000	      0.0000	      0.0000	      0.0000
      0.0000	      0.0000	      0.0000	      0.0000
      0.0000	      0.0000	      0.0000	      0.0000
   -170.3068	    -60.1846	   -170.0987	   -144.8193
      0.0000	      0.0000	      0.0000	      0.0000
      0.0000	      0.0000	      0.0000	      0.0000
      0.0000	      0.0000	      0.0000	      0.0000
    -29.2620	     -6.6350	    -44.1926	    -56.5040
      0.0000	      0.0000	      0.0000	      0.0000
      0.0000	      0.0000	      0.0000	      0.0000
      0.0000	      0.0000	      0.0000	      0.0000
     -5.8395	     16.1078	    -14.0959	    -22.1342
      0.0000	      0.0000	      0.0000	      0.0000
      0.0000	      0.0000	      0.0000	      0.0000
      0.0000	      0.0000	      0.0000	      0.0000
    -56.0962	    -35.8185	    -79.0064	    -69.7080
      0.0000	      0.0000	      0.0000	      0.0000
      0.0000	      0.0000	      0.0000	      0.0000
      0.0000	      0.0000	      0.0000	      0.0000
    -42.5849	    -25.1133	    -53.4040	    -50.7143
      0.0000	      0.0000	      0.0000	      0.0000
      0.0000	      0.0000	      0.0000	      0.0000
      0.0000	      0.0000	      0.0000	      0.0000
    -72.9816	    -24.7298	    -68.3465	    -49.7721
      0.0000	      0.0000	      0.0000	      0.0000
      0.0000	      0.0000	      0.0000	      0.0000
      0.0000	      0.0000	      0.0000	      0.0000
    -50.5732	    -30.3459	    -58.1572	    -53.0921
      0.0000	      0.0000	      0.0000	      0.0000
      0.0000	      0.0000	      0.0000	      0.0000
      0.0000	      0.0000	      0.0000	      0.0000
    -51.1527	    -40.3605	    -57.0027	    -52.2325
      0.0000	      0.0000	      0.0000	      0.0000
      0.0000	      0.0000	      0.0000	      0.0000
      0.0000	      0.0000	      0.0000	      0.0000
    -58.2327	    -65.0701	    -72.4816	    -49.6526
      0.0000	      0.0000	      0.0000	      0.0000
      0.0000	      0.0000	      0.0000	      0.0000
      0.0000	      0.0000	      0.0000	      0.0000
    -31.1572	     -7.6880	    -32.4315	    -34.5949
      0.0000	      0.0000	      0.0000	      0.0000
      0.0000	      0.0000	      0.0000	      0.0000
      0.0000	      0.0000	      0.0000	      0.0000
    -42.4232	    -50.5218	    -53.3410	    -43.3489
      0.0000	      0.0000	      0.0000	      0.0000
      0.0000	      0.0000	      0.0000	      0.0000
      0.0000	      0.0000	      0.0000	      0.0000
    -71.5237	   -105.6753	   -107.9722	    -42.2084
      0.0000	      0.0000	      0.0000	      0.0000
      0.0000	      0.0000	      0.0000	      0.0000
      0.0000	      0.0000	      0.0000	      0.0000
     -9.5860	    -17.2391	    -13.2782	    -11.1683
      0.0000	      0.0000	      0.0000	      0.0000
      0.0000	      0.0000	      0.0000	      0.0000
      0.0000	      0.0000	      0.0000	      0.0000
    -31.5510	    -63.3345	    -26.1035	    -37.3083
      0.0000	      0.0000	      0.0000	      0.0000
      0.0000	      0.0000	      0.0000	      0.0000
      0.0000	      0.0000	      0.0000	      0.0000
   -128.3631	   -131.4502	   -142.9037	    -48.8376
      0.0000	      0.0000	      0.0000	      0.0000
      0.0000	      0.0000	      0.0000	      0.0000
      0.0000	      0.0000	      0.0000	      0.0000
     -6.0284	      0.0000	      0.0000	      0.0000
      0.0000	      0.0000	      0.0000	      0.0000
      0.9441	      0.0000	      0.0000	      0.0000
      0.0000	      0.0000	      0.0000	      0.0000
      0.0000	      0.0000	      0.0000	      0.0000
      0.0000	      0.0000	      0.0000	      0.0000
      0.0000	      0.0000	      0.0000	      0.0000
      0.0000	      0.0000	      0.0000	      0.0000
      0.0000	      0.0000	      0.0000	      0.0000
      0.0000	      0.0000	      0.0000	      0.0000
      0.0000	      0.0000	      0.1814	    -18.7482
      0.0000	      0.0000	      0.0000	      0.0000
      0.0000	      0.0000	      0.0000	      0.0000
      0.0000	      0.0000	      0.0000	      0.0000
      0.0000	      0.0000	      0.0000	      0.0000
      0.0000	      0.0000	      0.0000	      0.0000
      0.0000	      0.0000	      0.0000	      0.0000
      0.0000	      0.0000	      0.0000	      0.0000
      7.5940	      0.0000	      0.0000	      0.0000
      0.0000	      0.0000	      0.0000	      0.0000
      0.0000	      0.0000	      0.0000	      0.0000
      0.0000	      0.0000	      0.0000	      0.0000
      0.0000	      0.0000	      0.0000	      0.0000
      0.0000	      0.0000	      0.0000	      0.0000
     -0.7158	      0.0096	      0.0000	     -2.5623
      0.0000	      0.0000	      0.0000	      0.0000
      0.0000	      0.0000	      0.0000	      0.0000
      0.0000	      0.0000	      0.0000	      0.0000
      4.1976	      0.0000	      0.0000	      0.0000
      0.0000	      0.0000	      0.0000	      0.0000
      0.0000	      0.0000	      0.0000	      0.0000
      0.0000	      0.0000	      0.0000	      0.0000
      0.0000	      0.0000	      0.0000	      0.0000
      0.0000	      0.0000	      0.0000	      0.0000
      0.0000	      0.0000	      0.0000	      0.0000
      0.0000	      0.0000	      0.0000	      0.0000
      9.1761	      0.0000	      0.0000	      0.0000
      0.0000	      0.0000	      0.0000	      0.0000
      0.0000	      0.0000	      0.0000	      0.0000
    -15.3428	      0.0000	      0.0000	      0.0000
      0.0000	      0.0000	      0.0000	      0.0000
      0.0000	      0.0000	      0.0000	      0.0000
      0.0000	      0.0000	      0.0000	      0.0000
      0.0000	      0.0000	      0.0000	      0.0000
      0.0000	      0.0000	      0.0000	      0.0000
      0.0000	      0.0000	      0.0000	      0.0000
      0.0000	      0.0000	      0.0000	      0.0000
      0.0000	      0.0000	      0.0000	      0.0000
     15.4820	      0.0000	      0.0000	      0.0000
      5.6855	      0.0000	      0.0000	      0.0000
    -12.2637	      0.0000	      0.0000	      0.0000
      0.0000	      0.0000	      0.0000	      0.0000
     -0.5585	     -5.0832	      0.0000	      0.0000
      0.0000	      0.0000	      0.0000	      0.0000
      0.0000	      0.0000	      0.0000	      0.0000
      0.0000	      0.0000	      0.0000	      0.0000
    -49.8071	    -73.6887	    -60.5343	    -64.0816
      0.0000	      0.0000	      0.0000	      0.0000
      0.0000	      0.0000	      0.0000	      0.0000
      0.0000	      0.0000	      0.0000	      0.0000
     -4.8039	      3.6624	      0.0000	      0.0000
      0.0000	      0.0000	      0.0000	      0.0000
      0.0000	      0.0000	      0.0000	      0.0000
      0.0000	      0.0000	      0.0000	      0.0000
      0.0000	      0.0000	      0.0000	      0.0000
      0.0000	      0.0000	      0.0000	      0.0000
      0.0000	      0.0000	      0.0000	      0.0000
      0.0000	      0.0000	      0.0000	      0.0000
     -9.3240	      3.4609	      0.0000	     -1.9166
      0.0000	      0.0000	      0.0000	      0.0000
      0.2836	      0.0000	      0.0000	      0.0000
      0.0000	      0.0000	      0.0000	      0.0000
      0.0000	      0.0000	      0.0000	      0.0000
      0.0000	      0.0000	      0.0000	      0.0000
      0.0000	      0.0000	      0.0000	      0.0000
      2.9969	      0.0000	    -15.9743	      0.0000
     -0.9565	     -1.2270	      2.4347	      0.0000
      0.0000	      0.0000	      0.0000	      0.0000
      0.0000	      0.0000	      0.0000	      0.0000
      0.0000	      0.0000	      0.0000	      0.0000
      9.7368	      0.0000	      0.0000	      0.0000
      0.0000	      0.0000	      0.0000	      0.0000
     22.0788	      0.0000	      0.0000	      0.0000
      0.0000	      0.0000	      0.0000	      0.0000
     17.2665	      0.0000	      0.0000	      0.0000
      0.0000	      0.0000	      0.0000	      0.0000
      0.0000	      0.0000	      0.0000	      0.0000
      0.0000	      0.0000	      0.0000	      0.0000
     -0.8986	     -1.9229	      0.0000	      0.0000
      0.0000	      0.0000	      0.0000	      0.0000
     13.4400	      0.0000	      0.0000	      0.0000
     17.1210	      0.0000	      0.0000	      0.0000
     -4.9836	     -1.7993	     -2.9746	     24.4542
      0.0000	      0.0000	      0.0000	      0.0000
      0.0000	      0.0000	      0.0000	      0.0000
      0.0000	      0.0000	      0.0000	      0.0000
     10.1548	      0.0000	      0.0000	      0.0000
      3.2353	      0.0000	      0.0000	      0.0000
      0.0000	      0.0000	      0.0000	      0.0000
      0.0000	      0.0000	      0.0000	      0.0000
      0.0000	      0.0000	      0.0000	      0.0000
      3.8938	      0.0000	      0.0000	      0.0000
      0.0000	      0.0000	      0.0000	      0.0000
     31.2809	      0.0000	      0.0000	      0.0000
     -1.0159	     17.7259	      0.0000	      0.0000
      0.0000	      0.0000	      0.0000	      0.0000
      7.9491	      0.0000	      0.0000	      0.0000
      0.0000	      0.0000	      0.0000	      0.0000
      9.9632	      0.0000	      0.0000	      0.0000
      5.4024	      0.0000	      0.0000	      0.0000
      0.0000	      0.0000	      0.0000	      0.0000
      3.9934	      0.0000	      0.0000	      0.0000
     -1.6608	     -0.4387	     -4.9194	     11.9794
      0.0000	      0.0000	      0.0000	      0.0000
      0.0000	      0.0000	      0.0000	      0.0000
      6.9185	      0.0000	      0.0000	      0.0000
    -34.8636	    -30.9098	    -33.3178	    -27.8837
    -15.2399	      4.9672	      0.0000	      0.0000
      0.0000	      0.0000	      0.0000	      0.0000
      0.0000	      0.0000	      0.0000	      0.0000
      0.0000	      0.0000	      0.0000	      0.0000
      0.0000	      0.0000	      0.0000	      0.0000
      0.0000	      0.0000	     -4.6867	      0.0000
      0.0000	      0.0000	      0.0000	      0.0000
     -5.2466	     -5.3641	    -15.2998	      0.0000
      4.9410	      0.0000	      0.0000	      0.0000
      0.0000	      0.0000	      0.0000	      0.0000
     11.5373	      0.0000	      0.0000	      0.0000
      1.0805	      0.0000	      0.0000	      0.0000
      0.0000	      0.0000	      0.0000	      0.0000
      6.5696	      0.0000	      0.0000	      0.0000
      0.0000	      0.0000	      0.0000	      0.0000
     -2.0029	      0.0000	      0.0000	      0.0000
     25.5477	      0.0000	      0.0000	      0.0000
      0.0000	      0.0000	      0.0000	      0.0000
      0.0000	      0.0000	      0.0000	      0.0000
     62.7860	      1.6301	      0.0000	      0.0000
     15.8387	     -0.2564	     -0.5251	     64.6343
     51.1378	      0.0000	      0.0000	      0.0000
      0.0000	     92.7516	      0.0000	      0.0000
      4.4520	      0.0000	      0.0000	      0.0000
     25.5522	      0.0000	      0.0000	      0.0000
      0.0000	      0.0000	      0.0000	      0.0000
      0.0000	      0.0000	      0.0000	      0.0000
      0.0000	      0.0000	      0.0000	      0.0000
     14.9322	      0.0000	      0.0000	      0.0000
      0.0000	      0.0000	      0.0000	      0.0000
      0.0000	      0.0000	      0.0000	      0.0000
     19.9392	      0.0000	      0.0000	      0.0000
     63.1083	     21.4471	      0.0000	      0.0000
     11.3547	      0.0000	      0.0000	      0.0000
    137.3028	      6.9827	      0.0000	      0.0000
      0.0000	      0.0000	      0.0000	      0.0000
      0.0000	      0.0000	      0.0000	      0.0000
      7.9119	      0.0000	      0.0000	      0.0000
      0.0000	      0.0000	      0.0000	      0.0000
      3.2805	      0.0000	      0.0000	      0.0000
      0.0000	      0.0000	      0.0000	      0.0000
      0.0000	      0.0000	      0.0000	      0.0000
      0.0000	      0.0000	      0.0000	      0.0000
      6.7560	      0.0000	      0.0000	      0.0000
     13.8763	      0.0000	      0.0000	      0.0000
     51.4088	      0.0000	      0.0000	      0.0000
     64.4998	      6.8762	      0.0000	      0.0000
     -1.6635	     -3.0824	     -9.0963	      0.0000
      0.0000	      0.0000	      0.0000	      0.0000
      0.0000	      0.0000	      0.0000	      0.0000
      0.0000	      0.0000	      0.0000	      0.0000
      0.0000	      0.0000	      0.0000	      0.0000
      0.0000	      0.0000	      0.0000	      0.0000
      0.0000	      0.0000	      0.0000	      0.0000
      0.0000	      0.0000	      0.0000	      0.0000
      4.3299	     -6.1493	     -7.1303	      2.4553
      0.0000	     -5.3972	      0.0000	      0.0000
      0.0000	      0.0000	      0.0000	      0.0000
      0.9393	      0.0000	      0.0000	      0.0000
    -15.7822	    -14.9828	    -17.2667	     -9.3104
     -5.1704	     -9.3775	      0.0000	      0.0000
      0.0000	      0.0000	      0.0000	      0.0000
      0.0000	      0.0000	      0.0000	      0.0000
     -3.6786	     -2.5339	      3.0263	      0.0000
      0.0000	      0.0000	      0.0000	      0.0000
      0.0000	      0.0000	      0.0000	      0.0000
      0.0000	      0.0000	      0.0000	      0.0000
      0.0000	      0.0000	      0.0000	      0.0000
      0.0000	      0.0000	      0.0000	      0.0000
      0.0000	      0.0000	      0.0000	      0.0000
      0.0000	      0.0000	      0.0000	      0.0000
      0.0000	     17.8943	      0.0000	      0.0000
      0.0000	      0.0000	      0.0000	      0.0000
      0.0000	      0.0000	      0.0000	      0.0000
      0.0000	      0.0000	      0.0000	      0.0000
     -3.5976	      5.8220	      0.0000	      0.0000
     -2.4144	      0.0000	      0.0000	      0.0000
      0.0000	      0.0000	      0.0000	      0.0000
    -16.5141	      0.0000	      0.0000	      0.0000
     -1.2169	     10.1820	      0.0000	     -1.4583
      4.7183	      0.0000	      0.0000	      0.0000
      0.0000	      0.0000	      0.0000	      0.0000
      0.0000	      0.0000	      0.0000	      0.0000
     14.4247	      0.0000	      0.0000	      0.0000
      0.0000	      0.0000	      0.0000	      0.0000
      0.0000	      0.0000	      0.0000	     17.5092
      0.0000	      0.0000	      0.0000	      0.0000
     -2.2168	    -17.1722	     -2.3285	      0.0000
    -20.5527	      0.0000	      0.0000	      0.0000
      0.0000	      0.0000	      0.0000	      0.0000
      0.0000	      0.0000	      0.0000	      0.0000
     -1.3308	     -0.3994	     10.6444	     -3.9383
      0.0000	      0.0000	      0.0000	      0.0000
      0.0000	      0.0000	      0.0000	      0.0000
      0.0000	      0.0000	      0.0000	      0.0000
     -2.4810	     -2.1046	     14.0473	      0.0000
    -17.5751	      0.0000	      0.0000	      0.0000
      0.0000	      0.0000	      0.0000	      0.0000
      0.0000	      0.0000	      0.0000	      0.0000
     12.8732	     -0.3919	      0.0000	      0.0000
    -20.5153	      0.0000	      0.0000	      0.0000
      0.0000	      0.0000	      0.0000	      0.0000
      0.0000	      0.0000	      0.0000	      0.0000
     -0.7880	     -1.2223	      8.9778	      0.0000
      0.0000	      0.0000	      0.0000	      0.0000
      0.0000	      0.0000	      0.0000	      0.0000
      0.0000	      0.0000	      0.0000	      0.0000
      0.0000	      0.0000	     19.2332	      0.0000
    -13.7243	      0.0000	      0.0000	      0.0000
     -4.5156	      0.0000	      0.0000	      0.0000
    -19.2718	    -21.5477	      0.0000	      0.0000
    -22.2593	    -16.6194	     19.0425	      0.0000
      9.1879	      0.0000	      0.0000	      0.0000
      0.0000	      0.0000	      0.0000	      0.0000
      0.0000	      0.0000	      0.0000	      0.0000
     -1.5669	      0.8144	      0.0000	      4.8338
     -1.2264	     16.3720	      0.0000	      0.0000
      0.0000	      0.0000	      0.0000	      0.0000
      0.0000	      0.0000	      0.0000	      0.0000
    -21.8251	    -20.3032	    -11.5802	    -20.7710
    -20.1637	    -21.2012	      0.0000	      0.0000
      0.0000	      0.0000	     -1.4048	      0.0000
    -16.7678	      0.0000	      0.0000	      0.0000
    -23.8107	     10.5729	     -5.4852	     -0.6326
    -17.4303	      0.0000	      0.0000	      0.0000
     -6.5337	      0.0000	      0.0000	      0.0000
      5.7163	      0.0000	      0.0000	      0.0000
     -1.2534	     27.8070	      0.0000	     -0.7087
     30.2178	      0.0000	      0.0000	      0.0000
     28.1122	      0.0000	     -5.4556	      0.0000
      0.0000	      0.0000	      0.0000	      0.0000
     33.7414	      0.0000	      0.0000	      0.0000
      0.0000	      0.0000	      0.0000	      0.0000
    -10.3489	      0.0000	      0.0000	      0.0000
      0.0000	      0.0000	      0.0000	      0.0000
     20.1536	      7.9091	    -13.7924	    -14.5354
     -5.8229	     66.3840	      0.0000	      0.0000
      4.9289	      0.0000	      0.0000	     35.5777
     61.6188	      0.0000	      0.0000	      0.0000
    -14.9984	     -6.4184	     11.8679	     -3.6571
     -1.0096	     93.1789	      0.0000	     -4.9271
     84.7926	      0.0000	      0.0000	      0.0000
     55.5046	      0.0000	      0.0000	      0.0000
     -2.4169	     45.7586	      2.1203	      0.0000
     20.5395	      0.0000	      0.0000	      0.0000
     42.2995	      0.0000	      0.0000	      0.0000
      0.0000	      0.0000	      0.0000	      0.0000
     -4.2840	     15.2955	     -6.5617	     -8.6421
     -6.8489	     43.3610	    -20.4654	     -1.9522
      9.0839	      0.0000	      0.0000	      0.0000
    -14.3169	     40.4613	      0.0000	      0.0000
     -2.9879	     22.4038	     -0.6642	      3.7871
      0.0000	      1.4418	      0.0000	      0.0000
      0.0000	      0.0000	      4.3018	      0.0000
     69.1368	      0.0000	      0.0000	      0.0000
      3.1576	      1.0353	     -8.5559	     23.8375
    -15.7142	     16.4483	      0.0000	      0.0000
     54.4769	      0.0000	      3.2122	      0.0000
     59.5479	      0.0000	      0.0000	      0.0000
     19.6905	      2.0290	      0.0000	      0.0000
     27.3418	      0.0000	      0.0000	      4.0610
      0.0000	      0.0000	      1.2033	      0.0000
     88.8590	      0.0000	      0.0000	      0.0000
     -0.0602	     -5.9780	     20.2803	      0.0000
     19.7385	      0.0000	      0.0000	      0.0000
     42.5050	      0.0000	      0.0000	      0.0000
     68.4251	      0.0000	      0.0000	      0.0000
     44.3042	     10.0205	     11.1847	     -7.7013
     81.6813	      0.0000	      0.0000	      0.0000
     -1.1025	     10.3369	     -3.9253	      0.0000
      0.0000	      0.0000	      0.0000	      0.0000
     40.4058	      0.3981	      0.0000	     16.4659
      2.0179	      0.0000	      0.0000	      0.0000
      0.0000	      0.0000	      0.0000	      0.0000
      0.0000	      0.0000	      0.0000	      0.0000
     24.2621	      0.0000	      0.0000	      0.0000
      0.0000	      0.0000	     23.0369	      0.0000
      0.0000	      0.0000	      0.0000	      0.0000
     12.3607	      0.0000	      0.0000	      0.0000
    -41.7662	    -35.4786	    -28.3228	    -48.3966
     -6.5571	     -8.6677	     -0.6336	     39.9580
      0.0000	      0.0000	      0.0000	      0.0000
      0.0000	      0.0000	      0.0000	      0.0000
     -7.5706	    -12.9319	    -15.7272	    -13.2556
     -0.8520	      6.5480	      0.0000	      0.0000
     -5.4263	     28.4208	      0.0000	      0.0000
    -19.4735	      0.0000	      0.0000	      0.0000
     -0.4293	     48.2875	     -1.6026	      0.0000
    150.0409	      0.0000	      0.0000	      2.3991
     53.7618	     10.8804	      0.0000	      0.0000
    178.1875	     40.3923	      0.0000	     77.0129
     59.2508	      0.0000	      0.0000	      0.0000
      0.0000	      0.0000	      0.0000	      0.0000
     18.6742	      0.0000	      0.0000	      0.0000
      0.0000	      0.0000	      0.0000	      0.0000
    -10.6710	     63.6967	    -22.7663	     12.6019
     61.1051	      0.0000	      0.0000	      0.0000
      0.0000	      0.0000	      0.0000	      0.0000
     14.6958	      0.0000	      0.0000	      0.0000
      6.6619	     55.9972	     -8.0842	      3.3709
    118.7907	     37.0612	     -3.7444	      0.0000
     92.6492	      0.0000	      0.0000	     30.0086
     43.3824	    112.2052	     -8.9786	     53.3623
     64.0049	      0.0000	     -5.5198	      0.0000
     12.4045	      0.0000	      0.0000	      0.0000
     37.9972	      0.0000	      0.0000	      0.0000
     21.2794	      0.0000	      0.0000	      0.0000
     -9.6277	     28.1188	    -14.6421	     -9.3781
     -0.6856	     -5.9382	     -0.1256	      0.0000
      0.0000	      0.0000	     -2.3219	      0.0000
     48.2345	      0.0000	      0.0000	      0.0000
     43.1390	     16.6389	     -5.3692	      5.0106
      4.1979	     94.5816	      0.0000	      0.0000
     92.3334	     33.8225	     -3.4399	     35.5340
    255.8838	    121.3851	     -7.1224	    122.3045
     -1.2830	     -8.0833	     -4.4752	     19.9654
     -1.8420	      5.1132	      0.0000	      0.0000
      6.3573	      0.0000	      0.0000	      0.0000
     25.7154	      0.0000	      0.0000	      0.0000
     28.3353	      0.0000	      7.3085	      0.0000
     47.6597	      0.0000	      0.0000	      0.0000
      2.3983	      0.0000	      0.0000	      0.0000
     35.9250	      0.0000	      0.0000	      0.0000
     -0.3002	      7.5059	      3.5766	     44.0359
    101.9403	      4.0786	     -9.2716	     40.6447
    100.3821	     49.5517	      7.5887	     36.4044
    201.0594	     96.9647	     -3.0771	    113.7022
     -8.4433	     -8.0824	    -10.7455	      1.1861
     -4.3171	     46.6712	      0.0000	      0.0000
     -5.9769	     -3.7937	     -6.2535	     24.0208
      0.0000	      0.0000	      0.0000	      0.0000
      1.5185	      0.0000	      0.0000	     40.7136
     62.5589	      0.0000	      0.0000	      0.0000
      0.0000	      0.0000	      0.0000	      0.0000
      7.5016	      0.0000	      0.0000	      0.0000
     -0.0166	     -0.8141	     -7.6717	     33.6583
     40.9766	      0.0000	      0.0000	      7.6701
     48.0342	      0.0000	     -0.1257	      0.0000
     66.2384	     11.3113	      0.0000	      0.0000
    -10.1528	    -27.8039	    -34.5058	      2.1080
     -9.5639	     -0.4256	      0.0000	      0.0000
     -4.5840	      0.0000	      0.0000	      0.0000
      2.8529	      0.0000	      0.0000	      0.0000
    -75.9999	    -63.0829	    -56.4181	    -60.1647
      7.9727	     -0.4327	      0.0000	      0.0000
      0.0000	      0.0000	      0.0000	      0.0000
      0.0000	      0.0000	      0.0000	      0.0000
     -1.1025	      0.0066	      0.0000	      0.0000
      0.0000	      0.0000	      0.0000	      0.0000
      8.9855	      0.0000	      0.0000	      0.0000
      0.0000	      0.0000	      0.0000	      0.0000
    -20.0313	     14.9676	    -20.3032	      0.0000
      0.0000	      0.0000	      0.0000	      0.0000
      0.0000	      0.0000	      0.0000	      0.0000
      0.0000	      0.0000	      0.0000	      0.0000
     -2.9078	      7.7894	      0.0000	      0.0000
      0.0000	      0.0000	      0.0000	      0.0000
      0.0000	      0.0000	      0.0000	      0.0000
    -19.2804	      0.0000	      0.0000	      0.0000
      0.0000	      0.0000	      0.0000	      0.0000
      0.0000	      0.0000	      0.0000	      0.0000
      0.0000	      0.0000	      0.0000	      0.0000
      0.0000	      0.0000	      0.0000	      0.0000
    -19.2658	      7.7506	      0.0000	      0.0000
      0.0000	      0.0000	      0.0000	      0.0000
      0.0000	      0.0000	      0.0000	      0.0000
      0.0000	      0.0000	      0.0000	      0.0000
     -0.0433	      0.0000	      0.0000	    -19.1244
    -17.8340	     -7.4706	      0.0000	      0.0000
      0.0000	      0.0000	      0.0000	      0.0000
    -18.0082	      0.0000	      0.0000	      0.0000
     10.4916	      0.0000	      0.0000	      0.0000
     -0.2816	      0.0000	      0.0000	      0.0000
      0.0000	      0.0000	      0.0000	      0.0000
      0.0000	      0.0000	      0.0000	      0.0000
     -1.8439	      0.0000	      0.0000	      0.0000
      0.0000	      0.0000	      0.0000	      0.0000
      0.0000	      0.0000	      0.0000	      0.0000
      0.0000	      0.0000	      0.0000	      0.0000
      0.0196	      0.7661	      0.0000	      0.0000
     14.8248	      0.0000	      0.0000	      0.0000
      0.0000	      0.0000	      0.0000	      0.0000
      0.0000	      0.0000	      0.0000	      0.0000
     -1.9685	      5.6098	      0.0000	      0.0000
      4.2047	      0.0000	      0.0000	      0.0000
      0.0000	      0.0000	      0.0000	      0.0000
      0.0000	      0.0000	      0.0000	      0.0000
     -0.7392	     -2.6779	      0.0000	      0.0000
      0.0000	      0.0000	      0.0000	      0.0000
      0.0000	      0.0000	      0.0000	      0.0000
      0.0000	      0.0000	      0.0000	      0.0000
    -18.5854	      6.7165	      0.0000	      0.0000
      0.0000	      0.0000	      0.0000	      0.0000
      0.0000	      0.0000	      0.0000	      0.0000
      0.0000	      0.0000	      0.0000	      0.0000
    -20.2157	     -3.1624	      0.0000	      0.0000
      5.6713	      0.0000	      0.0000	      0.0000
      0.0000	      0.0000	      0.0000	      0.0000
      0.0000	      0.0000	      0.0000	      0.0000
     -5.0423	     -0.9437	    -13.2007	      7.4867
      0.0000	      0.0000	    -17.4339	      0.0000
      0.0000	      0.0000	      0.0000	      0.0000
      0.0000	      0.0000	      0.0000	      0.0000
    -54.2898	    -32.2851	    -72.0188	    -52.4115
     -0.3604	    -19.3668	     -2.0277	      0.0000
    -12.7236	     -8.1529	    -14.6143	      0.0000
      2.0229	      0.0000	      0.0000	      0.0000
     -0.8518	     -6.9994	      0.0000	      0.0000
      1.2367	      0.0000	      0.0000	      0.0000
     14.3552	      0.0000	      0.0000	      0.0000
     -2.1050	      0.0000	      0.0000	      0.0000
    -19.9779	     45.5734	      0.0000	      0.0000
    -14.3795	      0.0000	      0.0000	      0.0000
      2.2350	      0.0000	      0.0000	      0.0000
      0.0000	      0.0000	      0.0000	      0.0000
    -25.3928	    -14.6689	    -25.1126	    -26.8661
     -4.4917	     -3.8642	    -13.2195	     -2.9949
      6.5452	      5.6840	      0.0000	      0.0000
    -15.5383	     12.8041	      0.0000	      0.0000
     -2.5893	    -13.4767	     -4.2032	    -12.8553
     18.0273	      5.0955	     -3.8849	      0.0000
      8.8524	      0.0000	      0.0000	      0.0000
      7.0554	      0.0000	      0.0000	      0.0000
     -2.5925	     29.3255	      0.0000	      0.0000
      0.0000	      0.0000	      0.0000	      0.0000
     15.1216	      0.0000	      0.0000	      0.0000
      4.8708	      0.0000	      0.0000	      0.0000
     -1.5408	     18.7325	     -1.9700	     -1.3572
     -7.2814	    -21.1530	     -3.2285	      0.0000
      6.3480	      0.0000	      0.0000	      0.0000
    -19.2575	      0.0000	      0.0000	      0.0000
     -0.0116	     13.1813	      0.0000	      0.0000
      0.0000	      0.0000	      0.0000	      0.0000
      0.0000	      0.0000	      0.0000	      0.0000
      0.0000	      0.0000	      0.0000	      0.0000
     -4.7816	     10.0011	      0.0000	     -1.0679
     10.9978	      0.0000	      0.0000	      0.0000
      1.8930	      0.0000	      0.0000	      0.0000
     10.0789	      0.0000	      0.0000	      0.0000
     13.5373	      0.0000	      0.0000	      0.0998
     -3.3139	     -4.1143	      8.9024	      0.0000
      0.0000	      0.0000	      0.0000	      0.0000
      0.0000	      0.0000	      0.0000	      0.0000
     -1.4373	     -1.6751	     16.4241	      0.0000
      0.0000	      0.0000	      0.0000	      0.0000
      0.0000	      0.0000	      0.0000	      0.0000
      0.0000	      0.0000	      0.0000	      0.0000
     -2.5956	     -2.4380	      1.9126	     -6.9793
      8.4081	      0.0000	      0.0000	      0.0000
      2.9072	      0.0000	      0.0000	      0.0000
      0.0000	      0.0000	      0.0000	      0.0000
    -15.5959	     10.1853	      0.0000	      0.0000
      3.5408	      0.0000	      0.0000	      0.0000
      0.0000	      0.0000	      0.0000	      0.0000
      0.0000	      0.0000	      0.0000	      0.0000
     -2.1410	      8.2814	    -13.3200	     -1.9672
     -1.4087	     -3.3787	      6.9685	      0.0000
      0.0000	      0.0000	      0.0000	      0.0000
      0.0000	      0.0000	      0.0000	      0.0000
    -22.4231	    -31.9455	    -22.9000	    -39.0316
    -21.0184	    -23.1824	      0.0000	      0.0000
      0.0000	      0.0000	      0.0000	      0.0000
      4.2320	      0.0000	      0.0000	      0.0000
    -36.0578	    -13.7192	    -44.5143	    -38.6293
     -4.4924	     -0.0966	      0.0000	      0.0000
    -16.8063	     -6.5456	    -10.3366	    -10.9725
      0.0000	      0.0000	      0.0000	      0.0000
     -3.9563	    -21.5674	     -9.6995	     -9.7592
      1.7578	      0.0000	      0.0000	      0.0000
     -2.0068	     -1.8882	      0.0000	      0.0000
     -2.4257	      0.3191	      0.0000	      0.0000
      5.9828	      0.0000	      0.0000	      0.0000
      0.0000	      0.0000	      0.0000	      0.0000
      0.0000	      0.0000	      0.0000	      0.0000
      0.0000	      0.0000	      0.0000	      0.0000
    -10.5804	     -6.5286	    -12.0205	    -10.8829
      0.0000	      0.0000	      0.0000	      0.0000
    -10.9122	      0.0000	      0.0000	      0.0000
      0.0000	      0.0000	      0.0000	      0.0000
     -5.0264	     12.2339	     -4.7005	     -5.7726
     22.6848	      0.0000	      0.0000	      0.0000
     25.5962	      0.0000	     -3.3326	      0.0000
     -0.7583	     71.4600	      0.0000	      0.0000
     13.1637	      0.0000	     -3.5763	      2.6814
      2.3958	      0.0000	      0.0000	     -1.9106
      0.0000	      0.0000	      0.0000	      0.0000
      2.3765	      0.0000	      0.0000	      0.0000
     -3.3760	     33.9489	     -7.3455	      0.7101
     -2.8652	      0.0000	      0.0000	      0.0000
      0.0000	      0.0000	      0.0000	      0.0000
      0.0000	      0.0000	      0.0000	      0.0000
      1.0117	      7.8069	      0.0000	      0.6457
     -3.6335	     44.4788	      0.0000	      0.0000
      2.5751	      0.0000	      0.0000	      0.0000
     -0.6687	     17.6703	     -5.5475	      0.0000
     -4.6877	     -3.5978	     -7.1855	    -19.0116
      0.0000	      0.0000	      0.0000	      0.0000
      1.2772	      0.0000	      0.0000	      0.0000
      0.0000	      0.0000	      0.0000	      0.0000
     11.7918	      0.0000	      0.0000	      0.0000
      0.0000	      0.0000	      0.0000	      0.0000
      0.0000	      0.0000	      0.0000	      0.0000
      0.0000	      0.0000	      0.0000	      0.0000
     -0.6630	     52.3291	     -1.0979	     -0.9486
    -19.0165	     20.5122	      0.0000	      0.0000
      0.0000	     -0.4579	      0.0000	      0.0000
      0.0000	      0.0000	      0.0000	      0.0000
    -10.1795	     -8.5729	      0.8294	    -10.8548
      0.0000	      0.0000	      0.0000	      0.0000
      0.0000	      0.0000	      0.0000	      0.0000
      0.9388	      0.0000	      0.0000	      0.0000
     28.2529	      0.0000	      0.0000	      0.0000
      1.3987	      0.0000	      0.0000	      0.0000
      0.0000	      0.0000	      0.0000	      0.0000
      0.0000	      0.0000	      0.0000	      0.0000
     -0.6484	     -2.9535	     -3.8374	     -3.4087
      0.0000	      0.0000	      0.0000	      0.0000
      0.0000	      0.0000	      0.0000	      0.0000
     -6.4457	      0.0000	      0.0000	      0.0000
    -15.3262	    -15.2269	    -15.9314	    -16.1104
      0.0000	      0.0000	      0.0000	      0.0000
      0.0000	      0.0000	      0.0000	      0.0000
      0.0000	      0.0000	      0.0000	      0.0000
     -2.9464	     -9.2104	     -4.3441	      0.0000
      0.0000	     12.2734	      0.0000	      0.0000
      0.0000	      0.0000	      0.0000	      0.0000
      0.0000	      0.0000	      0.0000	      0.0000
      0.0000	      0.0000	      0.0000	      0.0000
      0.0000	      0.0000	      0.0000	      0.0000
      0.0000	      0.0000	      0.0000	      0.0000
      0.0000	      0.0000	      0.0000	      0.0000
    -18.5519	      0.0000	      0.0000	      0.0000
      7.1424	      0.0000	      0.0000	      0.0000
      0.0000	      0.0000	      0.0000	      0.0000
      0.0000	      0.0000	      0.0000	      0.0000
      0.0000	      0.0000	      0.0000	      0.0000
      0.0000	      0.0000	      0.0000	      0.0000
      0.0000	      0.0000	      0.0000	      0.0000
      0.0000	      0.0000	      0.0000	      0.0000
      9.9408	      0.0000	      0.0000	      0.0000
      0.0000	      0.0000	      0.0000	      0.0000
      0.0000	      0.0000	      0.0000	      0.0000
      0.0000	      0.0000	      0.0000	      0.0000
      0.0000	      0.0000	      0.0000	      0.0000
      0.0000	      0.0000	      0.0000	      0.0000
    -11.1057	      0.0000	      0.0000	      0.0000
      0.0000	      0.0000	      0.0000	      0.0000
      0.0000	      0.0000	      0.0000	      0.0000
      0.0000	      0.0000	      0.0000	      0.0000
      0.0000	      0.0000	      0.0000	      0.0000
      0.0000	      0.0000	      0.0000	      0.0000
      6.8492	      0.0000	      0.0000	      0.0000
      0.0000	      0.0000	      0.0000	      0.0000
      0.0000	      0.0000	      0.0000	      0.0000
      0.0000	      0.0000	      0.0000	      0.0000
      0.0000	      0.0000	      0.0000	      0.0000
      0.0000	      0.0000	      0.0000	      0.0000
      0.0000	      0.0000	      0.0000	      0.0000
      0.0000	      0.0000	      0.0000	      0.0000
      6.1848	      0.0000	      0.0000	      0.0000
      0.0000	      0.0000	      0.0000	      0.0000
      0.0000	      0.0000	      0.0000	      0.0000
      0.0000	      0.0000	      0.0000	      0.0000
      0.0000	      0.0000	      0.0000	      0.0000
      0.0000	      0.0000	      0.0000	      0.0000
      0.0000	      0.0000	      0.0000	      0.0000
      0.0000	      0.0000	      0.0000	      0.0000
      0.0000	      0.0000	      0.0000	      0.0000
      0.0000	      0.0000	      0.0000	      0.0000
      0.0000	      0.0000	      0.0000	      0.0000
      0.0000	      0.0000	      0.0000	      0.0000
      0.0000	      0.0000	      0.0000	     28.8991
      0.0000	      0.0000	      0.0000	      0.0000
      0.0000	      0.0000	      0.0000	      0.0000
      0.0000	      0.0000	      0.0000	      0.0000
      0.0000	      0.0000	      0.0000	      0.0000
      0.0000	      0.0000	      0.0000	      0.0000
      0.0000	      0.0000	      0.0000	      0.0000
      0.0000	      0.0000	      0.0000	      0.0000
    -46.0773	    -31.7245	    -34.3744	    -13.2506
      0.0000	      0.0000	      0.0000	      0.0000
      0.0000	      0.0000	      0.0000	      0.0000
      0.0000	      0.0000	      0.0000	      0.0000
      0.0000	      0.0000	      0.0000	      0.0000
      0.0000	      0.0000	      0.0000	      0.0000
      0.0000	      0.0000	      0.0000	      0.0000
      0.0000	      0.0000	      0.0000	      0.0000
      0.0000	      0.0000	      0.0000	      0.0000
      0.0000	      0.0000	      0.0000	      0.0000
      0.0000	      0.0000	      0.0000	      0.0000
      0.0000	      0.0000	      0.0000	      0.0000
      2.3091	      0.0000	      0.0000	      0.0000
      0.0000	      0.0000	      0.0000	      0.0000
      0.0000	      0.0000	      0.0000	      0.0000
      0.0000	      0.0000	      0.0000	      0.0000
      7.2051	      0.0000	      0.0000	      0.0000
      0.0000	      0.0000	      0.0000	      0.0000
      0.0000	      0.0000	      0.0000	      0.0000
      0.0000	      0.0000	      0.0000	      0.0000
      4.7294	     -0.5910	      1.7885	      0.0000
      0.0000	      0.0000	      0.0000	      0.0000
      0.0000	      0.0000	      0.0000	      0.0000
      0.0000	      0.0000	      0.0000	      0.0000
      9.8052	      0.0000	      0.0000	      0.0000
      0.0000	      0.0000	      0.0000	      0.0000
      0.0000	      0.0000	      0.0000	      0.0000
      0.0000	      0.0000	      0.0000	      0.0000
     -1.1759	     -0.3253	      9.1400	      0.0000
      0.0000	      0.0000	      0.0000	      0.0000
      4.5918	      0.0000	      0.0000	      0.0000
      0.0000	      0.0000	      0.0000	      0.0000
     -1.4217	     -2.7873	     -1.2122	     -1.1640
      0.0000	      0.0000	      0.0000	      0.0000
      0.0000	      0.0000	      0.0000	      0.0000
      0.0000	      0.0000	      0.0000	      0.0000
     -1.2809	     -3.2366	     -2.0283	      2.1487
      0.0000	      0.0000	      0.0000	      0.0000
      0.0000	      0.0000	      0.0000	      0.0000
     17.5786	      0.0000	      0.0000	      0.0000
     13.4942	      0.0000	      0.0000	      0.0000
     32.1454	      0.0000	      0.0000	      0.0000
      0.0000	      0.0000	      0.0000	      0.0000
      0.0000	      0.0000	      0.0000	      0.0000
     -0.2626	     -1.6904	     -1.4825	      1.1596
     -0.2701	      0.0000	      0.0000	      0.0000
      0.0000	      0.0000	      0.0000	      0.0000
      3.8971	      0.0000	      0.0000	      0.0000
     -3.6655	     -6.7708	     -6.2646	      9.4706
      0.0000	      0.0000	      0.0000	      0.0000
      0.0000	      0.0000	      0.0000	      0.0000
      0.0000	      0.0000	      0.0000	      0.0000
     25.0028	      0.0000	      0.0000	      4.3622
      2.9774	      0.0000	      0.0000	      0.0000
      0.0000	      0.0000	      0.0000	      0.0000
      0.0000	      0.0000	      0.0000	      0.0000
     -0.6436	     -2.7236	     -8.9338	     13.2445
      0.6127	      0.0000	      0.0000	      0.0000
      0.0000	      0.0000	      0.0000	      0.0000
      6.9682	      0.0000	     -6.8361	      0.0000
    -14.9305	    -17.2447	    -26.7595	    -14.7720
     -8.0746	     -3.3349	    -17.0524	      0.0000
      0.0000	      0.0000	      0.0000	      0.0000
      0.0000	      0.0000	      0.0000	      0.0000
      0.0000	      0.0000	      0.0000	      0.0000
      0.0000	      0.0000	      0.0000	      0.0000
      0.0000	      0.0000	      0.0000	      0.0000
      0.0000	      0.0000	      0.0000	      0.0000
     -0.7498	      2.8264	     -6.5876	      0.0000
      0.0000	      0.0000	      0.0000	      0.0000
      0.0000	      0.0000	      0.0000	      0.0000
      0.0000	      0.0000	      0.0000	      0.0000
      0.0000	     -4.5234	      0.0000	     -3.8606
      0.0000	      0.0000	      0.0000	      0.0000
      0.0000	      0.0000	      0.0000	      0.0000
      0.0000	      0.0000	      0.0000	      0.0000
     -1.0665	     -1.4513	     -3.3029	      0.0000
      0.0000	      0.0000	      0.0000	      0.0000
      0.0000	      0.0000	      0.0000	      0.0000
      0.0000	      0.0000	      0.0000	      0.0000
      2.9687	     -0.2166	     -1.5399	     -0.9554
      2.1844	      1.2740	     -3.1512	      0.0000
      0.0000	      0.0000	      0.0000	      0.0000
     88.0654	      0.0000	      0.0000	     21.3425
     11.7406	      0.8584	      0.0000	      0.0000
      0.0000	      0.0000	      0.0000	      0.0000
     19.2126	      0.0000	      0.0000	      0.0000
      0.0000	      0.0000	      0.0000	      0.0000
     -0.1290	     -1.6501	     -3.0427	      0.0000
      0.0000	      0.0000	      0.0000	      0.0000
      0.0000	      0.0000	      0.0000	      0.0000
      0.0000	      0.0000	      0.0000	      0.0000
     40.8674	     -2.1915	     -4.1063	     -3.2496
     43.5269	      0.0000	      0.0000	      0.0000
     17.1769	     -0.6668	      0.0000	      0.0000
     64.5028	     16.2717	      0.0000	      0.0000
      0.7110	     -2.6767	     -2.0473	     -0.4241
      0.0000	      0.0000	      0.0000	      0.0000
      0.0000	      0.0000	      0.0000	      0.0000
      0.0000	      0.0000	      0.0000	      0.0000
     17.5295	      0.0000	      0.0000	      6.1600
      0.0000	      0.0000	      0.0000	      0.0000
      0.0000	      0.0000	      0.0000	      0.0000
      0.0000	      0.0000	      0.0000	      0.0000
     -0.2117	     -2.1404	     -8.3842	     10.8353
      3.7263	      0.0000	      0.0000	      0.0000
     18.4539	      0.0000	      0.0000	      0.0000
     24.9626	      0.0000	      0.0000	     46.0273
     -1.1869	     -3.2895	     -4.5206	     12.5085
      0.0000	      0.0000	      0.0000	      0.0000
      0.0000	      0.0000	      0.0000	      0.0000
      0.0000	      0.0000	      0.0000	      0.0000
      2.7229	      0.0000	      0.0000	     14.1967
      0.0000	      0.0000	      0.0000	      0.0000
      0.0000	      0.0000	      0.0000	      0.0000
      0.0000	      0.0000	      0.0000	      0.0000
     -0.2054	     -1.1723	     -5.8530	     12.4860
      3.0601	      0.0000	      0.0000	      0.0000
     -1.5733	      0.0000	      0.0000	      0.0000
      5.1838	      0.0000	      0.0000	      0.0000
    -20.4490	    -21.4202	    -20.4500	    -13.3854
      0.6951	      0.0000	      0.0000	      0.0000
      0.0000	      0.0000	      0.0000	      0.0000
      0.0000	      0.0000	      0.0000	      0.0000
      6.0796	    -21.9550	    -15.1298	    -14.7928
      0.0000	      0.0000	      0.0000	      0.0000
      0.0000	      0.0000	      0.0000	      0.0000
      0.0000	      0.0000	      0.0000	      0.0000
     -0.7347	      1.0124	      0.0000	      0.0000
      0.0000	      0.0000	      0.0000	      0.0000
      0.0000	      0.0000	      0.0000	      0.0000
      0.0000	      0.0000	      0.0000	      0.0000
      4.9898	      0.0000	    -24.9968	      0.0000
      0.0000	      0.0000	      0.0000	      0.0000
      0.0000	      0.0000	      0.0000	      0.0000
      0.0000	      0.0000	      0.0000	      0.0000
     -2.2241	      0.2485	      0.0000	      0.0000
      0.8999	      0.0000	      0.0000	      0.0000
      0.0000	      0.0000	      0.0000	      0.0000
      0.0000	      0.0000	      0.0000	      0.0000
     -1.1693	     -0.9305	     11.7681	      0.0000
    -19.5062	      0.0000	      0.0000	      0.0000
      0.0000	      0.0000	      7.2977	      0.0000
      0.0000	      0.0000	      0.0000	      0.0000
     -5.1458	     -9.5926	      6.3100	      0.0000
      0.0000	      0.0000	      0.0000	      0.0000
      0.0000	      0.0000	      0.0000	      0.0000
      0.0000	      0.0000	      0.0000	      0.0000
     -2.2790	     -1.4895	      2.6767	      0.0000
      0.0000	      0.0000	      0.0000	      0.0000
      0.0000	      0.0000	      0.0000	      0.0000
      0.0000	      0.0000	      0.0000	      0.0000
     -0.7566	     -2.8618	      2.8892	      0.0000
      0.0000	      0.0000	      0.0000	      0.0000
      0.0000	      0.0000	      0.0000	      0.0000
      0.0000	      0.0000	      0.0000	      0.0000
     -1.2358	     -2.8957	      6.6831	      0.0000
      0.0000	      0.0000	      0.0000	      0.0000
     14.5626	      0.0000	      0.0000	      0.0000
      0.0000	      0.0000	      0.0000	      0.0000
      7.0861	     10.4944	      0.0000	      0.0000
      0.0000	      0.0000	      0.0000	      0.0000
      0.0000	      0.0000	      0.0000	      0.0000
      0.0000	      0.0000	      0.0000	      0.0000
      0.0000	      0.0000	     13.1141	      3.0405
      0.0000	      0.0000	      0.0000	      0.0000
      0.0000	      0.0000	      0.0000	      0.0000
      0.0000	      0.0000	      0.0000	      0.0000
     -0.4865	     -3.0369	      1.2611	      0.0000
      0.0000	      0.0000	      0.0000	      0.0000
      0.0000	      0.0000	      0.0000	      0.0000
    -16.5617	      0.0000	      0.0000	      0.0000
     17.1090	      1.6541	      0.0000	      0.0000
    -15.1070	      0.0000	      0.0000	      0.0000
      0.0000	      0.0000	      0.0000	      0.0000
      0.0000	      0.0000	      0.0000	      0.0000
     -1.5070	     -3.8145	     -0.3355	      6.7893
      0.0000	      0.0000	      0.0000	      0.0000
      0.0000	      0.0000	      0.0000	      0.0000
      0.0000	      0.0000	      0.0000	      0.0000
    -19.2920	     -5.5119	    -13.2460	    -18.2520
      0.0000	    -10.8194	      0.0000	      0.0000
      0.0000	      0.0000	      0.0000	      0.0000
      0.0000	      0.0000	      0.0000	      0.0000
    -29.7285	    -15.8318	    -49.8784	    -27.2594
      0.0000	      0.0000	      0.0000	      0.0000
    -10.8507	      0.0000	      0.0000	     13.1930
    -18.2804	      0.0000	      0.0000	      0.0000
     -1.3122	     14.6594	      0.0000	      0.0000
      0.0000	      0.0000	      0.0000	      0.0000
      0.0000	      0.0000	      0.0000	      0.0000
      0.0000	      0.0000	      0.0000	      0.0000
    -17.7375	     27.3305	      0.0000	      4.8938
     -0.1348	      0.0000	      0.0000	      0.0000
      7.2994	      0.0000	      0.0000	      0.0000
      2.2552	      0.0000	      0.0000	      0.0000
    -17.1384	    -23.4533	    -16.7512	    -25.4849
     -3.6404	     -8.7604	     -4.8298	      0.0000
     -8.9702	      0.0000	      0.0000	      0.0000
     14.7819	      0.0000	      0.0000	      0.0000
    -18.7322	    -15.1124	      9.8655	    -12.6964
     -0.7203	     17.4871	      0.0000	      0.0000
     26.8963	      0.0000	      0.0000	      0.0000
      0.0000	      0.0000	      0.0000	      0.0000
     13.5857	      0.0000	      3.1544	      4.8862
    -15.4573	      0.0000	      0.0000	      0.0000
     34.9749	      0.0000	      0.0000	      3.7402
      0.0000	      0.0000	      0.0000	      0.0000
    -13.3738	     -0.9166	    -11.5854	    -12.1385
     -0.8567	     -3.5331	     -7.8951	     -6.0613
     15.4202	      0.0000	      0.0000	      0.0000
     12.1547	      0.0000	      0.0000	      0.0000
    -18.7968	     -4.4320	    -22.6009	    -10.1539
     16.3107	      0.0000	      0.0000	      0.0000
      9.1070	      0.0000	      0.0000	      0.0000
      0.0000	      0.0000	      0.0000	      0.0000
    -12.0547	     -9.9609	    -12.1133	     -4.7926
     -1.3548	      0.0000	      0.0000	      0.0000
     -8.6856	     -7.1298	     -6.4273	     25.0489
     48.0097	      0.0000	      0.0000	      0.0000
      7.7153	      5.3710	     17.1888	      1.6632
      0.0000	      0.0000	      9.7600	      0.0000
     23.5048	      0.0000	      0.0000	      0.0000
     14.1767	      0.0000	      0.0000	      0.0000
    -12.6870	     -1.8355	      7.5679	     15.2500
     55.6604	      0.0000	      0.0000	      0.0000
     78.5092	      0.0000	      0.0000	     17.9204
    -18.1426	      8.8471	      0.0000	      0.0000
    -16.7437	    -15.5583	    -18.9053	      8.1396
     22.3382	      0.0000	      0.0000	      0.0000
     72.3935	      2.9087	      0.0000	      0.0000
     70.0889	      4.5524	      0.0000	      0.0000
     27.9143	      2.4942	      4.6888	     12.6800
      0.0000	      0.0000	     17.7648	      7.4810
      6.8940	      0.0000	      0.0000	      0.0000
      0.0000	      0.0000	      0.0000	      0.0000
     -7.2806	     -3.1355	     -1.9860	      8.0770
     40.8300	      0.0000	      0.0000	      0.0000
     15.8794	      0.0000	     -4.9464	      0.0000
     11.3232	      0.0000	      0.0000	      0.0000
    -21.3143	    -39.9287	    -29.6963	     -5.2012
     -9.3162	     -1.7228	    -23.6013	      0.0000
     10.1777	      0.0000	      0.0000	      0.0000
    -15.5157	      5.5177	      0.0000	      0.0000
    -13.1128	     -3.5906	    -14.4001	    -14.7698
      0.0000	      0.0000	      0.0000	      0.0000
     -4.6976	      0.5425	      0.0000	      0.0000
      0.0000	      0.0000	      0.0000	      0.0000
     -3.2087	      9.7824	     -5.1751	     -6.5076
      0.0000	      0.0000	      0.0000	      0.0000
      0.0000	      6.5293	      0.0000	      0.0000
      0.0000	      0.0000	    -10.2855	      0.0000
     20.0304	      0.0000	     -4.9546	      0.0000
      0.0000	      0.0000	      0.0000	      0.0000
     -1.2124	      8.9399	      0.0000	      0.0000
      0.0000	      0.0000	      0.0000	      0.0000
    -15.1514	     -0.7789	    -24.1030	    -18.5365
      0.0000	      0.0000	      0.0000	      0.0000
     -1.4362	      1.0367	      0.0000	      0.0000
      0.0000	      0.0000	      0.0000	      0.0000
     -6.6175	     15.7400	    -17.5136	    -16.8680
    112.7353	      9.8728	      3.3069	     19.8013
     -2.0362	     53.7439	     -6.2846	      0.0000
     -4.8246	      1.2802	     -9.3179	     85.3436
      3.3348	     15.5405	     -2.2236	      0.0000
     12.4325	      0.0000	      0.0000	      0.0000
      4.5991	      0.0000	      0.0000	      0.0000
      3.1306	      0.0000	      0.0000	      0.0000
     -9.5215	     -5.4431	    -13.8718	    -11.6753
      5.4517	      0.0000	      0.0000	      0.0000
     -3.4288	     -2.8056	      0.0000	      0.0000
      0.0000	      0.0000	      0.0000	      0.0000
     -9.6895	    -10.2377	    -13.3333	     -8.3304
     80.9275	     44.0439	      0.0000	     -4.5486
     48.6952	     20.1323	      0.0000	     16.2614
     12.4805	     75.7299	      0.0000	     26.0063
    -21.5572	    -12.5630	    -30.0637	    -11.4310
      0.1619	      0.0000	      0.0000	      0.0000
     16.6156	      0.0000	      0.0000	      0.0000
      0.0000	      0.0000	      0.0000	      0.0000
    -13.3032	     19.6721	     -8.2605	     10.2851
     38.7984	      0.0000	      0.0000	      0.0000
     12.7312	      0.0000	      0.0000	      0.0000
     23.4101	      0.0000	      0.0000	      0.0000
      2.9962	     -2.2156	    -14.8421	     18.2282
     85.7193	      2.9834	    -19.6484	     32.6377
     97.1182	     32.6606	     -6.3554	     15.2121
    130.0443	     94.3454	    -12.2547	     70.6190
    -22.9282	    -24.5494	    -26.8267	      1.2608
      0.0000	      0.0000	      0.0000	      0.0000
     -5.2090	     26.3071	      0.0000	      0.0000
      0.0000	      0.0000	      0.0000	      0.0000
     33.8817	      1.3385	      0.0000	      0.0000
      6.1419	      0.0000	      0.0000	      0.0000
      0.0000	      0.0000	      0.0000	      0.0000
      0.0000	      0.0000	      0.0000	      0.0000
     -4.0731	     -7.6064	     -8.4901	     -6.4048
     15.1524	      0.0000	      0.0000	      0.0000
     27.2764	     -0.6323	      0.0000	      0.0000
     -3.1801	     -3.7149	     -6.4275	      0.0000
    -31.8117	    -32.6971	    -33.7241	    -15.5817
     -5.2659	      0.0000	     -2.2692	      0.0000
      0.0000	      0.0000	      0.0000	      0.0000
     33.3393	      0.0000	      0.0000	      0.0000
    -51.4922	    -49.3808	    -36.0881	    -57.7595
      0.0000	      0.0000	      0.0000	      0.0000
    -22.1485	      0.0000	      0.0000	      0.0000
      0.0000	      0.0000	      0.0000	      0.0000
    -20.9424	     -0.5664	     -2.4146	      0.0000
      0.0000	      0.0000	      0.0000	      0.0000
      0.0000	      0.0000	      0.0000	      0.0000
      0.0000	      0.0000	      0.0000	      0.0000
     -0.9719	    -12.9475	     -0.2993	      1.3027
    -19.8356	      0.0000	      0.0000	      0.0000
      0.0000	      0.0000	      0.0000	      0.0000
      0.0000	      0.0000	      0.0000	      0.0000
     -8.4512	      3.8508	    -10.2748	     -6.4126
      0.0000	      0.0000	      0.0000	      0.0000
      0.0000	      0.0000	      0.0000	      0.0000
      0.0000	      0.0000	      0.0000	      0.0000
    -21.0042	      1.9443	      0.0000	      0.0000
      0.0000	      0.0000	      0.0000	      0.0000
      0.0000	      0.0000	      0.0000	      0.0000
      0.0000	      0.0000	      0.0000	      0.0000
    -19.9956	      0.0000	      0.0000	      0.0000
      0.0000	      0.0000	      0.0000	      0.0000
      0.0000	      0.0000	      0.0000	      0.0000
      0.0000	      0.0000	      0.0000	      0.0000
     -2.7990	      2.9416	      0.0000	      0.0000
      0.0000	      0.0000	      0.0000	      0.0000
      0.0000	      0.0000	      0.0000	      0.0000
      0.0000	      0.0000	      0.0000	      0.0000
     -0.8126	    -14.1504	     13.7558	     -2.3070
      0.0000	      0.0000	      0.0000	      0.0000
      0.0000	      0.0000	      0.0000	      0.0000
      0.0000	      0.0000	      0.0000	      0.0000
     -2.2502	     -2.2310	     -2.5150	     -9.9964
      0.0000	      0.0000	      0.0000	      0.0000
      0.0000	      0.0000	      0.0000	      0.0000
      0.0000	      0.0000	      0.0000	      0.0000
      3.0457	      0.0000	      8.7357	      0.0000
      0.0000	      0.0000	      0.0000	      0.0000
      0.0000	      0.0000	      0.0000	      0.0000
      0.0000	      0.0000	      0.0000	      0.0000
     -0.8127	     -1.1892	     15.7338	      0.0000
      0.0000	      0.0000	      0.0000	      0.0000
      0.0000	      0.0000	      0.0000	      0.0000
      0.0000	      0.0000	      0.0000	      0.0000
     -5.8314	     -3.5828	      8.6064	     -5.5514
      0.0000	      0.0000	      0.0000	      0.0000
      0.0000	      0.0000	      0.0000	      0.0000
      0.0000	    -19.2678	      0.0000	      0.0000
      9.0900	      0.0000	      5.2470	      0.0000
      0.0000	      0.0000	      0.0000	      0.0000
    -21.1950	    -19.9449	      0.0000	      0.0000
      0.0000	      0.0000	      0.0000	      0.0000
     -2.5493	     -4.2246	    -14.7584	      0.0000
      1.3457	      0.0000	      0.0000	      0.0000
      0.0000	      0.0000	      0.0000	      0.0000
      0.0000	      0.0000	      0.0000	      0.0000
    -21.3120	    -25.1659	    -10.8831	    -20.5473
      0.0000	      0.0000	      0.0000	      0.0000
     12.2439	      0.0000	      0.0000	      0.0000
      0.0000	      0.0000	      0.0000	      0.0000
    -48.1884	    -52.8647	    -50.9695	    -48.3658
      0.0000	      0.0000	      0.0000	      0.0000
     -5.5038	      0.0000	      0.0000	    -20.1870
      0.0000	      0.0000	      0.0000	      0.0000
     -1.9905	      8.8101	     -6.2296	     -2.4581
      0.0000	      0.0000	      0.0000	      0.0000
      0.0000	      0.0000	      0.0000	      0.0000
      0.0000	      0.0000	      0.0000	      0.0000
    -20.4301	    -12.2025	     -0.9802	      0.4985
      0.0000	      0.0000	      0.0000	      0.0000
      3.9608	      0.0000	      0.0000	      0.0000
      0.0000	      0.0000	      0.0000	      0.0000
    -30.2229	     -1.7508	    -55.6253	    -29.6423
      0.0000	      0.0000	      0.0000	      0.0000
      1.4477	      0.0000	      0.0000	      0.0000
      0.0000	      0.0000	      0.0000	      0.0000
     -1.8496	      9.5440	     -1.6988	     -6.2792
      0.0000	      0.0000	      0.0000	      0.0000
     10.7370	      0.0000	      0.0000	      0.0000
     16.8420	      0.0000	      0.0000	      0.0000
      8.2181	      0.0000	      0.0000	      2.6047
     13.1122	      0.0000	      0.0000	      0.0000
      0.0000	      0.0000	      0.0000	      0.0000
      0.0000	      0.0000	      0.0000	      0.0000
    -10.8733	     -3.7545	    -11.6005	    -18.8502
     -7.2134	     -4.9260	     -6.4203	      0.0000
      0.0000	      0.0000	      0.0000	      0.0000
      0.0000	      0.0000	      0.0000	      0.0000
     -7.7460	    -17.2534	     -7.8860	     -9.4120
     -0.1538	      0.0000	      0.0000	      0.0000
      0.0000	      0.0000	      0.0000	      0.0000
      0.0000	      0.0000	      0.0000	      0.0000
    -20.1113	     -1.5433	     -3.6361	      0.4912
      0.0000	      0.0000	      0.0000	      0.0000
      0.0000	      0.0000	      0.0000	      0.0000
      0.0000	      0.0000	      0.0000	      0.0000
      3.3548	      1.7515	      0.0000	      0.0000
      6.7954	      0.0000	      2.1868	      0.0000
      0.0000	      0.0000	      0.0000	      0.0000
      0.0000	      0.0000	      0.0000	      0.0000
    -22.9160	     13.5694	    -18.4008	    -21.7172
      0.0000	      0.0000	      0.0000	      0.0000
      0.0000	      0.0000	      0.0000	      0.0000
      0.0000	      0.0000	      0.0000	      0.0000
     -5.7715	     -5.4533	     -5.5009	     -6.6885
      5.6696	      0.0000	      0.0000	      0.0000
      0.0000	      0.0000	      0.0000	      0.0000
      0.0000	      0.0000	      0.0000	      0.0000
     -1.5325	     -1.1924	     13.8875	      0.0000
      2.1659	      0.0000	      0.0000	      0.0000
      0.0000	      0.0000	      0.0000	      0.0000
      0.0000	      0.0000	      0.0000	      0.0000
     -2.0850	      2.4859	      0.6088	      0.0000
      0.7169	      0.0000	      0.0000	      0.0000
      0.0000	      0.0000	      0.0000	      0.0000
      0.0000	      0.0000	      0.0000	      0.0000
     -3.0969	     -6.0332	     -1.9376	     -4.8120
     -0.2508	     -6.9334	      0.0000	      0.0000
      0.0000	      0.0000	      0.0000	      0.0000
      0.0000	      0.0000	      0.0000	      0.0000
    -75.8930	    -20.5121	    -76.9515	    -90.6052
      0.0000	      0.0000	      0.0000	      0.0000
      0.0000	      0.0000	      0.0000	      0.0000
      0.0000	      0.0000	      0.0000	      0.0000
     -3.1359	     14.2055	     -8.7163	    -11.6799
      0.0000	      0.0000	      0.0000	      0.0000
      0.0000	      0.0000	      0.0000	      0.0000
      0.0000	      0.0000	      0.0000	      0.0000
     -0.0830	     24.6547	      0.0000	     -0.2066
      0.0000	      0.0000	      0.0000	      0.0000
      0.0000	      0.0000	      0.0000	      0.0000
      0.0000	      0.0000	      0.0000	      0.0000
     -5.3677	      2.7846	    -19.2067	    -20.6984
     -4.1457	      0.0000	      0.0000	      0.0000
      2.5435	      0.0000	      0.0000	      0.0000
      0.0000	      0.0000	      0.0000	      0.0000
     -1.0451	     17.4666	     -4.2139	     -7.2636
     -1.8191	     29.4217	      0.0000	      0.0000
     -2.5266	      3.0567	     -5.0133	     -3.2232
     37.7661	      0.0000	      0.0000	      0.0000
    -20.1031	     12.3403	      0.0000	      0.0000
      0.0000	      0.0000	      0.0000	      0.0000
      0.2430	      0.0000	      0.0000	      0.0000
      0.0000	      0.0000	      0.0000	      0.0000
    -10.0871	    -14.5101	    -12.2820	    -11.0661
      0.0000	      0.0000	      0.0000	      0.0000
      0.0000	      0.0000	      0.0000	      0.0000
      0.0000	      0.0000	      0.0000	      0.0000
     -7.1492	    -18.6911	    -29.0086	    -13.2172
      9.3980	      0.0000	      0.0000	      0.0000
     -0.6161	     47.8378	      0.0000	      0.0000
     65.2074	      0.0000	      0.0000	      0.0000
    -21.7792	     -4.0667	     -8.8536	     -4.7460
      0.0000	      0.0000	      0.0000	      0.0000
      0.0000	      0.0000	      0.0000	      0.0000
      0.0000	      0.0000	      0.0000	      0.0000
      9.3535	      0.0000	      0.0000	      0.7518
      1.5081	      0.0000	      0.0000	      0.0000
      0.0000	      0.0000	      0.0000	      0.0000
      0.0000	      0.0000	      0.0000	      0.0000
     -3.3997	     -6.3083	     -1.7152	     -4.0650
      0.0000	      0.0000	      0.0000	      0.0000
      3.5383	      0.0000	      0.0000	      0.0000
     30.2477	      0.0000	      0.0000	      0.0000
     -8.1101	     -9.4921	    -14.5338	     -6.7521
      0.0000	      0.0000	      0.0000	      0.0000
      0.0000	      0.0000	      0.0000	      0.0000
      0.0000	      0.0000	      0.0000	      0.0000
     -0.0815	     -0.7857	      0.0000	     -0.1049
      0.0000	      0.0000	      0.0000	      0.0000
      0.0000	      0.0000	      0.0000	     -2.6978
      0.0000	      0.0000	      0.0000	      0.0000
     -4.5511	     -0.7468	     -8.7352	     -4.5290
     -0.6477	      0.0000	      0.0000	      0.0000
      0.0000	      0.0000	      0.0000	      0.0000
      0.0000	      0.0000	      0.0000	      0.0000
    -15.7716	     -9.7271	    -17.2969	    -18.6601
      0.0000	      0.0000	      0.0000	      0.0000
      0.0000	      0.0000	      0.0000	      0.0000
      0.0000	      0.0000	      0.0000	      0.0000
     -6.9803	     -9.8841	     -5.4830	    -10.9021
      0.0000	      0.0000	      0.0000	      0.0000
      0.0000	      0.0000	      0.0000	      0.0000
      0.0000	      0.0000	      0.0000	      0.0000
      0.6190	      0.0000	      0.0000	      0.0000
      0.0000	      0.0000	      0.0000	      0.0000
      0.0000	      0.0000	      0.0000	      0.0000
      0.0000	      0.0000	      0.0000	      0.0000
      0.9129	      0.0000	      0.0000	      0.0000
      0.0000	      0.0000	      0.0000	      0.0000
      0.0000	      0.0000	      0.0000	      0.0000
      0.0000	      0.0000	      0.0000	      0.0000
      0.0000	      0.0000	      0.0000	      0.0000
      0.0000	      0.0000	      0.0000	      0.0000
      0.0000	      0.0000	      0.0000	      0.0000
      0.0000	      0.0000	      0.0000	      0.0000
      0.1962	      0.0000	      0.0000	      0.0000
      0.0000	      0.0000	      0.0000	      0.0000
      0.0000	      0.0000	      0.0000	      0.0000
      0.0000	      0.0000	      0.0000	      0.0000
      3.1325	      0.0000	      0.0000	      0.0000
      0.0000	      0.0000	      0.0000	      0.0000
      0.0000	      0.0000	      0.0000	      0.0000
      0.0000	      0.0000	      0.0000	      0.0000
      0.0000	      0.0000	      0.0000	      0.0000
      0.0000	      0.0000	      0.0000	      0.0000
      0.0000	      0.0000	      0.0000	      0.0000
      0.0000	      0.0000	      0.0000	      0.0000
      0.0000	     -1.0467	      0.0000	      0.0000
      0.0000	      0.0000	      0.0000	      0.0000
      0.0000	      0.0000	      0.0000	      0.0000
      0.0000	      0.0000	      0.0000	      0.0000
     -1.0994	     -2.7140	     -0.7417	      0.0000
      0.0000	      0.0000	      0.0000	      0.0000
      0.0000	      0.0000	      0.0000	      0.0000
      0.0000	      0.0000	      0.0000	      0.0000
      0.0000	      0.0000	      0.0000	      0.0000
      0.0000	      0.0000	      0.0000	      0.0000
      0.0000	      0.0000	      0.0000	      0.0000
      0.0000	      0.0000	      0.0000	      0.0000
      0.0000	      0.0000	      0.0000	      0.0000
      0.0000	      0.0000	      0.0000	      0.0000
      0.0000	      0.0000	      0.0000	      0.0000
      0.0000	      0.0000	      0.0000	      0.0000
     -1.3052	     -2.7275	     -4.4864	      0.0000
      0.0000	      0.0000	      0.0000	      0.0000
      0.0000	      0.0000	      0.0000	      0.0000
      0.0000	      0.0000	      0.0000	      0.0000
     18.1503	      0.0000	      0.0000	      0.0000
      0.0000	      0.0000	      0.0000	      0.0000
      0.0000	      0.0000	      0.0000	      0.0000
      0.0000	      0.0000	      0.0000	      0.0000
      0.2887	     -0.4602	    -13.3527	      8.9751
      0.0000	      0.0000	      0.0000	      0.0000
      0.0000	      0.0000	      0.0000	      0.0000
      0.0000	      0.0000	      0.0000	      0.0000
    -37.2367	    -42.5381	    -42.6364	    -37.0066
      0.0000	      0.0000	      0.0000	      0.0000
      0.0000	      0.0000	      0.0000	      0.0000
      0.0000	      0.0000	      0.0000	      0.0000
     -2.7688	      0.0000	      0.0000	      0.0000
      0.0000	      0.0000	      0.0000	      0.0000
      0.0000	      0.0000	      0.0000	      0.0000
      0.0000	      0.0000	      0.0000	      0.0000
      0.0000	      0.0000	      0.0000	      0.0000
      0.0000	      0.0000	      0.0000	      0.0000
      0.0000	      0.0000	      0.0000	      0.0000
      0.0000	      0.0000	      0.0000	      0.0000
      0.0000	      0.0000	      0.0000	      0.0000
      0.0000	      0.0000	      0.0000	      0.0000
      0.0000	      0.0000	      0.0000	      0.0000
      0.0000	      0.0000	      0.0000	      0.0000
      0.0000	      0.0000	      0.0000	      0.0000
      5.6257	      0.0000	      0.0000	      0.0000
      0.0000	      0.0000	      0.0000	      0.0000
      0.0000	      0.0000	      0.0000	      0.0000
      3.2060	      0.0000	      0.0000	      1.0982
      0.0000	      0.0000	      0.0000	      0.0000
      0.0000	      0.0000	      0.0000	      4.9109
      0.0000	      0.0000	      0.0000	      0.0000
      8.4032	      0.0000	      0.0000	      0.0000
      0.0000	      0.0000	      0.0000	      0.0000
      0.0000	      0.0000	      0.0000	      0.0000
      0.0000	      0.0000	      0.0000	      0.0000
      2.3738	      0.0000	      0.0000	      0.0000
      0.0000	      0.0000	      0.0000	      0.0000
      0.0000	      0.0000	      0.0000	      0.0000
      0.0000	      0.0000	      0.0000	      0.0000
     -1.4310	     -2.4407	     -0.6807	     -2.7651
      0.0000	      0.0000	      0.0000	      0.0000
      0.0000	      0.0000	      0.0000	      0.0000
      0.0000	      0.0000	      0.0000	      0.0000
     -6.8460	     -8.6776	     -8.3108	     -7.1285
      0.0000	      0.0000	      0.0000	      0.0000
     -5.4603	      0.0000	      0.0000	      0.0000
      0.0000	      0.0000	      0.0000	      0.0000
      1.4086	      0.0000	      0.0000	      0.0000
      0.0000	      0.0000	      0.0000	      0.0000
      0.0000	      0.0000	      0.0000	      0.0000
      0.0000	      0.0000	      0.0000	      0.0000
     -0.5209	     -2.8373	     -1.0710	      0.0000
      0.0000	      0.0000	      0.0000	      0.0000
      0.0000	      0.0000	      0.0000	      0.0000
      0.0000	      0.0000	      0.0000	      0.0000
    -13.9680	    -13.7661	    -16.2706	     -7.6553
      0.0000	      0.0000	      0.0000	      0.0000
      0.0000	      0.0000	      0.0000	      0.0000
      0.0000	      0.0000	      0.0000	      0.0000
     26.3241	      0.0000	      1.7925	      5.3714
      0.0000	      0.0000	      0.0000	      0.0000
      0.0000	      0.0000	      0.0000	      0.0000
      0.0000	      0.0000	      0.0000	      0.0000
     -0.7411	     -2.6890	    -11.6975	     11.9685
      0.0000	      0.0000	      0.0000	      0.0000
      0.0000	      0.0000	      0.0000	      0.0000
      0.0000	      0.0000	      0.0000	      0.0000
    -19.7789	    -20.9702	    -33.2631	     -9.7214
      0.0000	      0.0000	      0.0000	      0.0000
      0.0000	      0.0000	      0.0000	      0.0000
      0.0000	      0.0000	      0.0000	      0.0000
      0.0000	      0.0000	      0.0000	      0.0000
      0.0000	      0.0000	      0.0000	      0.0000
      0.0000	      0.0000	      0.0000	      0.0000
      0.0000	      0.0000	      0.0000	      0.0000
     -5.9459	     -5.3011	      0.1942	      0.0000
      0.0000	      0.0000	      0.0000	      0.0000
      0.0000	      0.0000	      0.0000	      0.0000
      0.0000	      0.0000	      0.0000	      0.0000
      0.3705	     15.0746	      0.0000	     -5.0098
      0.0000	      0.0000	      0.0000	      0.0000
      0.0000	      0.0000	      0.0000	      0.0000
      0.0000	      0.0000	      0.0000	      0.0000
     -1.8243	     -0.6287	     -7.8769	      0.0000
      0.0000	      0.0000	      0.0000	      0.0000
      0.0000	      0.0000	      0.0000	      0.0000
      0.0000	      0.0000	      0.0000	      0.0000
     -0.8437	     -0.1937	     -8.8750	     -0.6241
      0.0000	      0.0000	      0.0000	      0.0000
      0.0000	      0.0000	      0.0000	      0.0000
      0.0000	      0.0000	      0.0000	      0.0000
      1.5718	      0.0000	     -0.9488	      0.0000
      0.0000	      0.0000	      0.0000	      0.0000
      0.0000	      0.0000	      0.0000	      0.0000
      0.0000	      0.0000	      0.0000	      0.0000
     -2.7296	     -3.1228	     -6.6024	     -1.9544
      0.0000	      0.0000	      0.0000	      0.0000
      0.0000	      0.0000	      0.0000	      0.0000
      0.0000	      0.0000	      0.0000	      0.0000
      0.0147	     -3.8053	     -2.0206	     -2.7211
      0.0000	      0.0000	      0.0000	      0.0000
      0.0000	      0.0000	      0.0000	      0.0000
      0.0000	      0.0000	      0.0000	      0.0000
     -5.0877	     -5.9524	     -8.7856	     -6.1498
      0.0000	      0.0000	      0.0000	      0.0000
      0.0000	      0.0000	      0.0000	      0.0000
      0.0000	      0.0000	      0.0000	      0.0000
     11.7434	      0.0000	     -0.3503	      0.0000
      0.0000	      0.0000	      0.0000	      0.0000
      0.0000	      0.0000	      0.0000	      0.0000
      0.0000	      0.0000	      0.0000	      0.0000
     -0.8290	     -0.5838	    -11.2698	      3.3201
      0.0000	      0.0000	      0.0000	      0.0000
      0.0000	      0.0000	      0.0000	      0.0000
      0.0000	      0.0000	      0.0000	      0.0000
     -7.9678	     -8.4083	    -16.9245	     -1.6700
      0.0000	      0.0000	      0.0000	      0.0000
      0.0000	      0.0000	      0.0000	      0.0000
      0.0000	      0.0000	      0.0000	      0.0000
     19.7696	      0.0000	     -4.0968	      0.0000
      0.0000	      0.0000	      0.0000	      0.0000
      0.0000	      0.0000	      0.0000	      0.0000
      0.0000	      0.0000	      0.0000	      0.0000
     -0.4384	     -1.7271	     -5.7705	     14.8991
      0.0000	      0.0000	      0.0000	     -0.3278
      0.0000	      0.0000	      0.0000	      0.0000
      0.0000	      0.0000	      0.0000	      0.0000
    -27.7912	    -27.3940	    -31.5105	    -16.9464
      0.9986	      0.0000	      0.0000	      0.0000
      0.0000	      0.0000	      0.0000	      0.0000
      0.0000	      0.0000	      0.0000	      0.0000
    -21.5174	    -20.4529	    -24.5994	    -21.3165
      0.0000	    -28.1954	      0.0000	      0.0000
      0.0000	      0.0000	      0.0000	      0.0000
      0.0000	      0.0000	      0.0000	      0.0000
      5.5830	      1.7950	      0.0000	      0.0000
      0.0000	      0.0000	      0.0000	      0.0000
      0.0000	      0.0000	      0.0000	      0.0000
      0.0000	      0.0000	      0.0000	      0.0000
     18.6257	      2.9632	      0.0000	      0.0000
      0.0000	      0.0000	      0.0000	      0.0000
      0.0000	      0.0000	      0.0000	      0.0000
      0.0000	      0.0000	      0.0000	      0.0000
     -3.8677	     -6.4965	     -4.5666	     -3.2607
      0.0000	      0.0000	      0.0000	      0.0000
      0.0000	      0.0000	      0.0000	      0.0000
      0.0000	      0.0000	      0.0000	      0.0000
     -0.4060	      8.6104	     -1.4041	      0.0000
      0.0000	      0.0000	      0.0000	      0.0000
      0.0000	      0.0000	      0.0000	      0.0000
      0.0000	      0.0000	      0.0000	      0.0000
     11.0690	      1.1760	      0.0000	     -0.3412
      0.0000	      0.0000	      0.0000	      0.0000
      0.0000	      0.0000	      0.0000	      0.0000
      0.0000	      0.0000	      0.0000	      0.0000
     -1.7928	     -1.1391	     12.6107	      0.0000
      0.0000	      0.0000	      0.0000	      0.0000
      0.0000	      0.0000	      0.0000	      0.0000
      0.0000	      0.0000	      0.0000	      0.0000
     -0.7989	     -2.5470	      6.7436	     -0.6018
      0.0000	      0.0000	      0.0000	      0.0000
      0.0000	      0.0000	      0.0000	      0.0000
      0.0000	      0.0000	      0.0000	      0.0000
     -4.9618	     -6.8324	      3.3559	    -13.4634
      0.0000	      0.0000	      0.0000	      0.0000
      1.4439	      0.0000	      0.0000	      0.0000
      0.0000	      0.0000	      0.0000	      0.0000
     13.1414	      0.0000	      0.0000	      0.0000
      0.0000	      0.0000	      0.0000	      0.0000
      0.0000	      0.0000	      0.0000	      0.0000
      0.0000	      0.0000	      0.0000	      0.0000
     -0.0534	     -2.4654	     15.5173	     -0.4683
      0.0000	      0.0000	      0.0000	      0.0000
      0.0000	      0.0000	      0.0000	      0.0000
      0.0000	      0.0000	      0.0000	      0.0000
    -15.7175	    -14.1508	    -11.2788	    -10.0031
      0.0000	      0.0000	      0.0000	      0.0000
      0.0000	      0.0000	      0.0000	      0.0000
      0.0000	      0.0000	      0.0000	      0.0000
     12.5397	      0.0000	      0.0000	      0.0000
     -7.7889	      0.0000	      0.0000	      0.0000
      0.0000	      0.0000	      0.0000	      0.0000
      0.0000	      0.0000	      0.0000	      0.0000
     -2.2037	     -4.6493	      9.1310	      0.0000
      0.0000	      0.0000	      0.0000	      0.0000
      0.0000	      0.0000	      0.0000	      0.0000
      0.0000	      0.0000	      0.0000	      0.0000
    -28.9134	    -32.3199	    -31.8634	    -32.5340
      8.4127	     -9.1026	      0.0000	      0.0000
      0.0000	      0.0000	      0.0000	      0.0000
      0.0000	      0.0000	      0.0000	      0.0000
    -50.3911	    -40.2292	    -44.8611	    -41.6131
      0.0000	      0.0000	      0.0000	      0.0000
     -7.0602	    -12.9151	      0.0000	      0.0000
      0.0000	      0.0000	      0.0000	      0.0000
    -20.8948	     -1.0152	    -26.1149	    -20.1949
      0.0000	      0.0000	      0.0000	      0.0000
     13.9635	      0.0000	      0.0000	      0.0000
      0.0000	      0.0000	      0.0000	      0.0000
      9.2317	      0.0000	      0.0000	      0.0000
      0.0000	      0.0000	      0.0000	      0.0000
      0.0000	      0.0000	      0.0000	      0.0000
      0.0000	      0.0000	      0.0000	      0.0000
    -17.4847	    -28.3868	    -22.2092	    -17.8976
    -22.3724	    -15.8614	      0.0000	      0.0000
      0.0000	      0.0000	      0.0000	      0.0000
      0.0000	      0.0000	      0.0000	      0.0000
     -9.5810	     -1.5646	     -9.5285	    -12.5454
      0.0000	      0.0000	      0.0000	      0.0000
      3.0447	      0.0000	      0.0000	      0.0000
      0.0000	      0.0000	      0.0000	      0.0000
     -8.1072	      2.6123	     -8.4716	     -5.7064
      0.0000	      0.0000	      0.0000	      0.0000
      2.1148	      0.0000	      0.0000	      0.0000
      0.0000	      0.0000	      0.0000	      0.0000
    -15.6356	     -4.0886	    -18.7160	    -20.6824
     -1.0008	     -3.8907	      0.0000	      0.0000
      0.0000	      0.0000	      0.0000	      0.0000
      0.0000	      0.0000	      0.0000	      0.0000
     -8.5994	    -24.4994	    -30.9502	    -32.1640
      0.3175	      0.0000	      0.0000	      0.0000
    -13.7628	     -0.1119	      0.0000	      0.0000
      0.0000	      0.0000	      0.0000	      0.0000
    -17.6851	    -26.9066	    -28.7779	    -31.0927
      0.0000	      0.0000	      0.0000	      0.0000
     -4.4237	     -9.4468	      4.1410	      0.0000
      0.0000	      0.0000	      0.0000	      0.0000
     -8.8253	    -17.5444	     -2.0764	     -4.1819
      5.7814	      0.0000	      0.0000	      0.0000
      0.0000	      3.1457	      0.0000	      0.0000
      0.0000	      0.0000	      0.0000	      0.0000
    -25.0316	    -21.5000	    -20.9459	      3.8745
      0.0000	      0.0000	      0.0000	      0.0000
      0.7624	      0.0000	      0.0000	      0.0000
      0.0000	      0.0000	      0.0000	      0.0000
    -24.1914	    -27.7837	    -17.2889	     -1.9014
    -19.2696	     11.6216	      0.0000	      0.0000
    -10.4865	     -9.8759	    -12.5134	      0.0000
      0.0000	      0.0000	      0.0000	      0.0000
     14.9442	      8.9779	      2.3459	     10.8317
      4.1181	      0.0000	      0.0000	      0.0000
      0.0000	      0.0000	      0.0000	      0.0000
      0.0000	      0.0000	      0.0000	      0.0000
      6.8467	      2.4266	     -1.6383	     16.9849
     11.8942	      0.0000	      0.0000	      0.0000
      7.3365	      0.0000	      0.0000	      0.0000
      0.0000	      0.0000	      0.0000	      0.0000
    -40.4779	    -40.0648	    -35.9887	     -8.4234
      1.6986	      0.0000	      0.0000	      0.0000
      0.0000	      0.0000	      0.0000	      0.0000
      0.0000	      0.0000	      0.0000	      0.0000
    -15.3683	     -8.5932	    -17.2864	    -20.5433
      0.0000	      0.0000	      0.0000	      0.0000
     -6.9620	      0.0000	      0.0000	      0.0000
      0.0000	      0.0000	      0.0000	      0.0000
     -1.1250	      7.5660	     -6.2817	     -3.2268
      0.0000	      0.0000	      0.0000	      0.0000
      5.6413	      0.0000	      0.0000	      0.0000
      0.0000	      0.0000	      0.0000	      0.0000
     12.3270	      5.2534	      0.0000	      0.0000
      0.0000	      0.0000	      0.0000	      0.0000
      0.0000	      0.0000	      0.0000	      0.0000
      0.0000	      0.0000	      0.0000	      0.0000
    -27.4779	    -12.0151	    -32.3611	    -26.7412
      0.0000	      0.0000	      0.0000	      0.0000
      0.0000	      0.0000	      0.0000	      0.0000
      0.0000	      0.0000	      0.0000	      0.0000
    -18.6041	     -6.4182	    -24.5050	    -19.7498
     15.0931	      0.0000	      0.0000	      0.0000
      0.0000	      0.0000	      0.0000	      0.0000
     27.8700	      0.0000	     -8.4705	      0.0000
    -10.4289	     -4.7718	    -16.7367	    -10.9447
      0.0000	      0.0000	      0.0000	      0.0000
      0.0000	      0.0000	      0.0000	      0.0000
      0.0000	      0.0000	      0.0000	      0.0000
    -40.3518	    -16.0668	    -36.7593	    -27.0704
     -6.2032	      0.0000	      0.0000	      0.0000
      0.0000	      0.0000	      0.0000	      0.0000
      0.0000	      0.0000	      0.0000	      0.0000
    -34.4422	    -21.2608	    -32.2860	    -32.2062
      2.8716	      0.0000	      0.0000	      0.0000
     17.5626	      0.0000	      0.0000	      2.6280
     27.7388	      0.0000	     -9.0916	      0.0000
    -30.5044	    -30.2520	    -32.1380	    -19.1865
      0.0000	      0.0000	      0.0000	      0.0000
     -7.6327	     -5.8392	      0.0000	      0.0000
      0.0000	      0.0000	      0.0000	      0.0000
      2.1571	    -10.7219	    -11.7330	    -18.1330
     10.8498	      0.0000	      0.0000	      0.0000
      0.0000	      0.0000	      0.0000	      0.0000
     -0.0455	      0.0000	      0.0000	      0.0000
    -14.1709	    -29.0371	    -27.1972	    -22.5580
     13.5588	      0.0000	      0.0000	      0.0000
     -2.6691	     -7.4252	     -4.3122	     22.1926
     13.0675	      9.1791	      0.0000	     34.8703
    -35.2465	    -35.7279	    -40.5361	    -18.7214
      0.0000	      0.0000	      0.0000	      0.0000
     -6.7295	      3.3447	      0.0000	      0.0000
      0.0000	      0.0000	      0.0000	      0.0000
     14.6152	      4.4925	      0.0000	     -5.4197
      6.9095	      0.0000	      0.0000	      0.0000
      0.0000	      0.0000	      0.0000	      0.0000
      0.0000	      0.0000	      0.0000	      0.0000
     -4.6841	    -10.2075	     -6.4846	      2.6960
      7.2092	      0.0000	     -5.0956	      0.0000
      5.7811	      0.0000	      0.0000	      0.0000
      6.7535	     -0.4190	      0.0000	      0.0000
    -31.0727	    -31.3807	    -29.9125	    -10.2199
     -9.2442	      0.0000	      0.0000	      0.0000
     -3.7829	      0.0000	      0.0000	      0.0000
      0.0000	      0.0000	      0.0000	      0.0000
    -56.8767	    -33.7967	    -66.5503	    -65.9940
      0.0000	      0.0000	      0.0000	      0.0000
      0.0000	      0.0000	      0.0000	      0.0000
      0.0000	      0.0000	      0.0000	      0.0000
     -3.9231	    -16.2349	    -13.1317	    -11.3725
      0.0000	      0.0000	      0.0000	      0.0000
      0.0000	      0.0000	      0.0000	      0.0000
      0.0000	      0.0000	      0.0000	      0.0000
     16.3303	     -6.3276	     -1.7801	     -0.5307
      0.0000	      0.0000	      0.0000	      0.0000
     10.1005	      0.0000	      0.0000	      0.0000
      0.0000	      0.0000	      0.0000	      0.0000
    -22.5859	    -20.7257	    -17.2831	    -17.4093
    -20.7415	      0.0000	      0.0000	      0.0000
      0.0000	      0.0000	      0.0000	      0.0000
      0.0000	      0.0000	      0.0000	      0.0000
    -25.5796	      1.7605	    -28.6921	     -9.8115
      0.0000	      0.0000	      0.0000	      0.0000
      0.0000	      0.0000	      0.0000	      0.0000
      0.0000	      0.0000	      0.0000	      0.0000
    -16.3071	     15.6556	      0.0000	      0.0000
      0.0000	      0.0000	      0.0000	      0.0000
      7.4059	      0.0000	      0.0000	      0.0000
      0.0000	      0.0000	      0.0000	      0.0000
    -21.2871	     -1.7149	    -11.6124	     -6.1565
      0.0000	      0.0000	      0.0000	      0.0000
      0.0000	      0.0000	      0.0000	      0.0000
      0.0000	      0.0000	      0.0000	      0.0000
    -20.4003	     -3.3016	     -2.4310	     -6.6138
      0.0000	      0.0000	      0.0000	      0.0000
      0.0000	      0.0000	      0.0000	      0.0000
      0.0000	      0.0000	      0.0000	      0.0000
     -7.1620	     -7.0249	    -17.5880	     -6.2530
      0.0000	      0.0000	      0.0000	      0.0000
      0.0000	      0.0000	      0.0000	      0.0000
      0.0000	      0.0000	      0.0000	      0.0000
      0.0000	      0.0000	     19.0278	      0.0000
      0.0000	      0.0000	      0.0000	      0.0000
      0.0000	      0.0000	      0.0000	      0.0000
      0.0000	      0.0000	      0.0000	      0.0000
    -18.8552	    -26.8709	      5.5654	    -23.3351
      0.0000	      0.0000	      0.0000	      0.0000
      0.0000	      0.0000	      0.0000	      0.0000
      0.0000	      0.0000	      0.0000	      0.0000
     -9.7982	    -27.9349	    -15.6059	    -23.8862
    -16.0131	      0.0000	      0.0000	      0.0000
      0.0000	      0.0000	      0.0000	      0.0000
      0.0000	      0.0000	      0.0000	      0.0000
      4.0473	    -17.8103	      0.0000	      0.0000
    -11.0540	      9.1540	     12.8329	      0.0000
      0.0000	      0.0000	      0.0000	      0.0000
      0.0000	      0.0000	      0.0000	      0.0000
     -1.3722	     -5.4615	     26.7957	     -1.0707
      0.0000	      0.0000	      0.0000	      7.5169
      0.0000	      0.0000	      0.0000	      0.0000
      0.0000	      0.0000	      0.0000	      0.0000
    -14.6557	    -42.1639	    -19.6300	     -7.0278
      0.0000	      0.0000	      0.0000	      0.0000
      0.0000	      0.0000	      0.0000	      0.0000
      0.0000	      0.0000	      0.0000	      0.0000
    -43.0533	    -41.3879	    -38.3249	    -37.4290
      0.0000	      0.0000	      0.0000	      0.0000
     -4.3907	    -10.0371	    -26.4371	    -26.1369
      0.0000	      0.0000	      0.0000	      0.0000
    -49.0579	    -39.4848	    -28.2142	    -39.1228
      0.0000	      0.0000	      0.0000	      0.0000
      0.0000	      0.0000	      0.0000	      0.0000
      0.0000	      0.0000	      0.0000	      0.0000
    -15.9085	    -20.1190	    -21.6095	     -8.8204
      0.0000	      0.0000	      0.0000	      0.0000
      0.0000	      0.0000	      0.0000	      0.0000
      0.0000	      0.0000	      0.0000	      0.0000
    -31.5098	    -16.7910	    -31.2169	    -31.7901
    -19.7188	      0.0000	      0.0000	      0.0000
      0.0000	      0.0000	      0.0000	      0.0000
      0.0000	      0.0000	      0.0000	      0.0000
    -16.2604	    -30.6002	    -38.7369	    -36.2269
      0.0000	      0.0000	      0.0000	      0.0000
      0.0000	      0.0000	      0.0000	      0.0000
      0.0000	      0.0000	      0.0000	      0.0000
      1.9253	    -15.4374	      0.0000	    -32.9559
      0.0000	      0.0000	      0.0000	      0.0000
      0.0000	      0.0000	      0.0000	      0.0000
      0.0000	      0.0000	      0.0000	      0.0000
    -13.7013	     -8.5345	    -15.7409	    -17.7903
      0.0822	      0.0000	      0.0000	      0.0000
      0.0000	      0.0000	      0.0000	      0.0000
      0.0000	      0.0000	      0.0000	      0.0000
    -29.3228	    -32.0743	    -18.7907	    -18.2184
      0.0000	      0.0000	      0.0000	      0.0000
      0.0000	      0.0000	      0.0000	      0.0000
      0.0000	      0.0000	      0.0000	      0.0000
    -14.0047	    -15.7489	    -24.3271	    -15.2302
      0.0000	      0.0000	      0.0000	      0.0000
      0.0000	      0.0000	      0.0000	      0.0000
      0.0000	      0.0000	      0.0000	      0.0000
    -11.9370	     -5.0019	    -16.7093	     -2.8837
    -20.8915	    -10.1193	      0.0000	      0.0000
      0.0000	      0.0000	      0.0000	      0.0000
      0.0000	      0.0000	      0.0000	      0.0000
    -20.2030	    -11.1224	     -2.9653	    -28.1059
      0.0000	      0.0000	      0.0000	      0.0000
      0.0000	      0.0000	      0.0000	      0.0000
      0.0000	      0.0000	      0.0000	      0.0000
    -21.5463	    -21.9424	    -33.3614	    -21.9573
      0.0000	      0.0000	      0.0000	      0.0000
      0.0000	      0.0000	      0.0000	      0.0000
      0.0000	      0.0000	      0.0000	      0.0000
      3.5769	      0.0000	     15.5130	      0.0000
      2.3411	      0.0000	      0.0000	      0.0000
      0.0000	      0.0000	      0.0000	      0.0000
      0.0000	      0.0000	      0.0000	      0.0000
      0.0000	      2.1529	     25.0841	      0.0000
      0.0000	      0.0000	      0.0000	      0.0000
      0.0000	      0.0000	      0.0000	      0.0000
      0.0000	      0.0000	      0.0000	      0.0000
     -3.4104	     -8.0527	     -8.2368	     -7.8143
     -4.6142	      0.0000	      0.0000	      0.0000
      0.0000	      0.0000	      0.0000	      0.0000
      0.0000	      0.0000	      0.0000	      0.0000
    -38.8034	    -22.1719	    -47.1047	    -52.0320
      0.0000	      0.0000	      0.0000	      0.0000
     -3.2853	    -20.5838	    -17.0782	      0.0000
      0.0000	      0.0000	      0.0000	      0.0000
    -21.5593	     10.9967	    -21.4975	    -20.9874
      0.0000	      0.0000	      0.0000	      0.0000
      0.0000	      0.0000	      0.0000	      0.0000
      0.0000	      0.0000	      0.0000	      0.0000
     -0.3613	     -7.6623	      0.0000	      1.6746
      0.0000	      0.0000	      0.0000	      0.0000
      0.0000	      0.0000	      0.0000	      0.0000
      0.0000	      0.0000	      0.0000	      0.0000
    -21.0696	    -12.1937	    -28.9988	    -22.8541
      0.0000	      0.0000	      0.0000	      0.0000
      0.0000	      0.0000	      0.0000	      0.0000
      0.0000	      0.0000	      0.0000	      0.0000
    -29.5999	     -4.4265	    -21.4221	    -23.2907
      0.0000	      0.0000	      0.0000	      0.0000
      0.0000	      0.0000	      0.0000	      0.0000
      0.0000	      0.0000	      0.0000	      0.0000
     -0.7018	      0.7373	      0.0000	      0.0000
      0.0000	      0.0000	      0.0000	      0.0000
      0.0000	      0.0000	      0.0000	      0.0000
      0.0000	      0.0000	      0.0000	      0.0000
    -23.8070	    -19.4912	    -24.4917	    -23.0806
      0.0000	      0.0000	      0.0000	      0.0000
      0.0000	      0.0000	      0.0000	      0.0000
      0.0000	      0.0000	      0.0000	      0.0000
    -29.4925	    -30.4431	    -29.6915	    -42.1132
      3.0245	      0.0000	      0.0000	      0.0000
      5.2790	      0.0000	      0.0000	      0.0000
     17.4382	      0.0000	      0.0000	      0.0000
    -25.3937	    -24.5494	    -27.5511	    -38.5553
      0.0000	      0.0000	      0.0000	      0.0000
      0.0000	      0.0000	      0.0000	      0.0000
      0.0000	      0.0000	      0.0000	      0.0000
     -9.7322	     -8.4262	    -11.5291	     -6.1689
      0.0000	      0.0000	      0.0000	      0.0000
      0.0000	      0.0000	      0.0000	      0.0000
      0.0000	      0.0000	      0.0000	      0.0000
    -20.5769	    -20.1985	    -16.7822	    -31.7582
      9.6841	      0.0000	      0.0000	      0.0000
      8.6174	      0.0000	      0.0000	      0.0000
     31.2873	      0.0000	      0.0000	      0.0000
    -24.3499	    -17.3193	    -17.4692	    -23.2120
      0.0000	      0.0000	      0.0000	      0.0000
     -6.5925	      0.0000	      0.0000	      0.0000
      0.0000	      0.0000	      0.0000	      0.0000
     -0.0597	     -2.4960	     -7.5881	      3.4867
      0.0000	      0.0000	      0.0000	      0.0000
      0.0000	      0.0000	      0.0000	      0.0000
      0.0000	      0.0000	      0.0000	      0.0000
      1.1596	    -22.8732	    -11.1685	    -18.1898
      0.0000	      0.0000	      0.0000	      0.0000
      0.0000	      0.0000	      0.0000	      0.0000
      0.0000	      0.0000	      0.0000	      0.0000
    -25.3565	    -33.3866	    -26.6192	    -25.4244
      0.0000	      0.0000	      0.0000	      0.0000
      0.0000	      0.0000	      0.0000	      0.0000
      0.0000	      0.0000	      0.0000	      0.0000
      0.0000	      0.0000	      0.0000	      0.0000
      0.0000	      0.0000	      0.0000	      0.0000
      0.0000	      0.0000	      0.0000	      0.0000
      0.0000	      0.0000	      0.0000	      0.0000
      1.1416	      0.0000	      0.0000	      0.0000
      0.0000	      0.0000	      0.0000	      0.0000
      0.0000	      0.0000	      0.0000	      0.0000
      0.0000	      0.0000	      0.0000	      0.0000
      1.5960	      0.0000	      0.0000	      0.0000
      0.0000	      0.0000	      0.0000	      0.0000
      0.0000	      0.0000	      0.0000	      0.0000
      0.0000	      0.0000	      0.0000	      0.0000
      0.0000	      0.0000	      0.0000	      0.0000
      0.0000	      0.0000	      0.0000	      0.0000
      0.0000	      0.0000	      0.0000	      0.0000
      0.0000	      0.0000	      0.0000	      0.0000
      5.1211	      0.4248	      0.0000	      0.0000
      0.0000	      0.0000	      0.0000	      0.0000
      0.0000	      0.0000	      0.0000	      0.0000
      0.0000	      0.0000	      0.0000	      0.0000
      2.2247	      0.0000	      0.0000	      0.0000
      0.0000	      0.0000	      0.0000	      0.0000
      0.0000	      0.0000	      0.0000	      0.0000
      0.0000	      0.0000	      0.0000	      0.0000
      0.0000	      0.0000	      0.0000	      0.0000
      0.0000	      0.0000	      0.0000	      0.0000
      0.0000	      0.0000	      0.0000	      0.0000
      0.0000	      0.0000	      0.0000	      0.0000
      2.7524	     -1.4002	      0.0000	      0.0000
      0.0000	      0.0000	      0.0000	      0.0000
      0.0000	      0.0000	      0.0000	      0.0000
      0.0000	      0.0000	      0.0000	      0.0000
     -0.8019	     -2.3915	      0.0000	      0.0000
      0.0000	      0.0000	      0.0000	      0.0000
      0.0000	      0.0000	      0.0000	      0.0000
      0.0000	      0.0000	      0.0000	      0.0000
      0.0000	      0.0000	      0.0000	      0.0000
      0.0000	      0.0000	      0.0000	      0.0000
      0.0000	      0.0000	      0.0000	      0.0000
      0.0000	      0.0000	      0.0000	      0.0000
      0.0000	      0.0000	     -0.2847	      0.0000
      0.0000	      0.0000	      0.0000	      0.0000
      0.0000	      0.0000	      0.0000	      0.0000
      0.0000	      0.0000	      0.0000	      0.0000
    -10.8030	     -3.4980	     -4.9317	      0.0000
      0.0000	      0.0000	      0.0000	      0.0000
      0.0000	      0.0000	      0.0000	      0.0000
      0.0000	      0.0000	      0.0000	      0.0000
      3.5320	      0.0000	      0.0000	      0.0000
      0.0000	      0.0000	      0.0000	      0.0000
      0.0000	      0.0000	      0.0000	      0.0000
      0.0000	      0.0000	      0.0000	      0.0000
      1.8279	      0.0000	      0.0000	      0.0000
      0.0000	      0.0000	      0.0000	      0.0000
      0.0000	      0.0000	      0.0000	      0.0000
      0.0000	      0.0000	      0.0000	      0.0000
    -30.8144	    -29.6190	    -30.0983	    -32.8743
      0.0000	      0.0000	      0.0000	      0.0000
      0.0000	      0.0000	      0.0000	      0.0000
      0.0000	      0.0000	      0.0000	      0.0000
     -9.2922	     -8.9559	     -0.9830	     -8.6365
      0.0000	      0.0000	      0.0000	      0.0000
      0.0000	      0.0000	      0.0000	      0.0000
      0.0000	      0.0000	      0.0000	      0.0000
      1.5026	      0.0000	      4.6694	      0.0000
      0.0000	      0.0000	      0.0000	      0.0000
      0.0000	      0.0000	      0.0000	      0.0000
      0.0000	      0.0000	      0.0000	      0.0000
      6.8167	      0.0000	      0.0000	      0.0000
      0.0000	      0.0000	      0.0000	      0.0000
      0.0000	      0.0000	      0.0000	      0.0000
      0.0000	      0.0000	      0.0000	      0.0000
     -2.5205	     -2.6886	     -6.6478	     -4.4462
      0.0000	      0.0000	      0.0000	      0.0000
      0.0000	      0.0000	      0.0000	      0.0000
      0.0000	      0.0000	      0.0000	      0.0000
     -0.3351	      1.3115	      0.0000	      0.0000
      0.0000	      0.0000	      0.0000	      0.0000
      0.0000	      0.0000	      0.0000	      0.0000
      0.0000	      0.0000	      0.0000	      0.0000
     -3.5252	     -0.5824	     -3.8592	      5.4710
      0.0000	      0.0000	      0.0000	      0.0000
      0.0000	      0.0000	      0.0000	      0.0000
      0.0000	      0.0000	      0.0000	      0.0000
     -1.6896	     -2.1722	     -4.4740	     -7.1184
      0.0000	      0.0000	      0.0000	      0.0000
      0.0000	      0.0000	      0.0000	      0.0000
      0.0000	      0.0000	      0.0000	      0.0000
      6.7724	     -2.3518	     -1.7326	     -5.1092
      0.0000	      0.0000	      0.0000	      0.0000
      0.0000	      0.0000	      0.0000	      0.0000
      0.0000	      0.0000	      0.0000	      0.0000
    -15.9229	    -23.0579	    -18.5151	    -16.8996
      0.0000	      0.0000	      0.0000	      0.0000
      0.0000	      0.0000	      0.0000	      0.0000
      0.0000	      0.0000	      0.0000	      0.0000
      6.8532	      0.0000	      1.8874	      0.0000
      0.0000	      0.0000	      0.0000	      0.0000
      0.0000	      0.0000	      0.0000	      0.0000
      0.0000	      0.0000	      0.0000	      0.0000
      2.7883	     -3.9558	     -8.1908	     -3.9272
      0.0000	      0.0000	      0.0000	      0.0000
      0.0000	      0.0000	      0.0000	      0.0000
      0.0000	      0.0000	      0.0000	      0.0000
    -23.4714	    -26.0294	    -23.4108	    -25.0864
      0.0000	      0.0000	      0.0000	      0.0000
      0.0000	      0.0000	      0.0000	      0.0000
      0.0000	      0.0000	      0.0000	      0.0000
     14.4814	      0.0000	      3.8225	      6.7886
      0.0000	      0.0000	      0.0000	      0.0000
      0.0000	      0.0000	      0.0000	      0.0000
      0.0000	      0.0000	      0.0000	      0.0000
     -0.4480	    -10.6399	     -3.4523	     18.1627
      0.0000	      0.0000	      0.0000	      0.0000
      0.0000	      0.0000	      0.0000	      0.0000
      0.0000	      0.0000	      0.0000	      0.0000
    -33.0609	    -32.8900	    -37.1748	    -19.2811
      0.0000	      0.0000	      0.0000	      0.0000
      0.0000	      0.0000	      0.0000	      0.0000
      0.0000	      0.0000	      0.0000	      0.0000
     -7.8892	     -6.8433	    -12.3543	    -12.8406
      0.0000	      0.0000	      0.0000	      0.0000
      0.0000	      0.0000	      0.0000	      0.0000
      0.0000	      0.0000	      0.0000	      0.0000
     -0.7039	     -1.1377	     -3.3561	     -6.8577
      0.0000	      0.0000	      0.0000	      0.0000
      0.0000	      0.0000	      0.0000	      0.0000
      0.0000	      0.0000	      0.0000	      0.0000
      0.0000	      0.0000	      0.0000	      8.9708
      0.0000	      0.0000	      0.0000	      0.0000
      0.0000	      0.0000	      0.0000	      0.0000
      0.0000	      0.0000	      0.0000	      0.0000
    -11.1246	    -11.1888	    -23.5751	    -13.3216
      0.0000	      0.0000	      0.0000	      0.0000
      0.0000	      0.0000	      0.0000	      0.0000
      0.0000	      0.0000	      0.0000	      0.0000
     -8.1569	     -8.6904	     -8.4395	     -4.4319
      0.0000	      0.0000	      0.0000	      0.0000
      0.0000	      0.0000	      0.0000	      0.0000
      0.0000	      0.0000	      0.0000	      0.0000
      3.3483	      0.0000	      0.0000	      0.0000
      0.0000	      0.0000	      0.0000	      0.0000
      0.0000	      0.0000	      0.0000	      0.0000
      0.0000	      0.0000	      0.0000	      0.0000
     -8.8559	     -5.0062	     -8.9524	    -10.7963
      0.0000	      0.0000	      0.0000	      0.0000
      0.0000	      0.0000	      0.0000	      0.0000
      0.0000	      0.0000	      0.0000	      0.0000
     -5.2510	     -4.3209	     -9.9441	     -6.1039
      0.0000	      0.0000	      0.0000	      0.0000
      0.0000	      0.0000	      0.0000	      0.0000
      0.0000	      0.0000	      0.0000	      0.0000
    -16.7573	    -16.7436	    -15.4957	    -13.7825
      0.0000	      0.0000	      0.0000	      0.0000
      0.0000	      0.0000	      0.0000	      0.0000
      0.0000	      0.0000	      0.0000	      0.0000
     12.1673	      0.5355	     -7.8781	      0.0000
      0.0000	      0.0000	      0.0000	      0.0000
      0.0000	      0.0000	      0.0000	      0.0000
      0.0000	      0.0000	      0.0000	      0.0000
     -4.1982	     -4.5822	     -7.7675	     -2.0019
      0.0000	      0.0000	      0.0000	      0.0000
      0.0000	      0.0000	      0.0000	      0.0000
      0.0000	      0.0000	      0.0000	      0.0000
    -28.7184	    -28.4292	    -36.6485	    -13.2087
      0.0000	      0.0000	      0.0000	      0.0000
      0.0000	      0.0000	      0.0000	      0.0000
      0.0000	      0.0000	      0.0000	      0.0000
      4.7527	      0.0000	     -3.4733	     25.3736
      0.0000	      0.0000	      0.0000	      0.0000
      0.0000	      0.0000	      0.0000	      0.0000
      0.0000	      0.0000	      0.0000	      0.0000
      3.2353	     -7.2330	     -8.5130	     15.3355
      0.0000	      0.0000	      0.0000	      0.0000
      0.0000	      0.0000	      0.0000	      0.0000
      0.0000	      0.0000	      0.0000	      0.0000
    -29.5634	    -33.9542	    -35.2459	    -16.0446
      0.0000	      0.0000	      0.0000	      0.0000
      0.0000	      0.0000	      0.0000	      0.0000
      0.0000	      0.0000	      0.0000	      0.0000
    -27.3798	    -21.1868	    -31.4428	    -30.1267
      0.0000	      0.0000	      0.0000	      0.0000
      0.0000	      0.0000	      0.0000	      0.0000
      0.0000	      0.0000	      0.0000	      0.0000
     -0.7663	     13.5546	      0.0000	      0.0000
      0.0000	      0.0000	      0.0000	      0.0000
      0.0000	      0.0000	      0.0000	      0.0000
      0.0000	      0.0000	      0.0000	      0.0000
     14.1651	      5.1681	      0.0000	      0.0000
      0.0000	      0.0000	      0.0000	      0.0000
      0.0000	      0.0000	      0.0000	      0.0000
      0.0000	      0.0000	      0.0000	      0.0000
     -4.0615	      3.7348	     -4.2527	    -10.4813
      0.0000	      0.0000	      0.0000	      0.0000
      0.0000	      0.0000	      0.0000	      0.0000
      0.0000	      0.0000	      0.0000	      0.0000
      1.3621	      7.8451	      0.5427	      1.0951
      0.0000	      0.0000	      0.0000	      0.0000
      0.0000	      0.0000	      0.0000	      0.0000
      0.0000	      0.0000	      0.0000	      0.0000
     11.0932	      0.0000	      0.0000	      0.0000
      0.0000	      0.0000	      0.0000	      0.0000
      0.0000	      0.0000	      0.0000	      0.0000
      0.0000	      0.0000	      0.0000	      0.0000
     -0.8227	      1.3513	     -1.8152	     -3.4577
      0.0000	      0.0000	      0.0000	      0.0000
      0.0000	      0.0000	      0.0000	      0.0000
      0.0000	      0.0000	      0.0000	      0.0000
     -0.2864	     -4.6613	     -5.2567	     -5.8422
      0.0000	      0.0000	      0.0000	      0.0000
      0.0000	      0.0000	      0.0000	      0.0000
      0.0000	      0.0000	      0.0000	      0.0000
    -10.2323	    -13.7510	     -7.2176	    -10.4351
      0.0000	      0.0000	      0.0000	      0.0000
      0.0000	      0.0000	      0.0000	      0.0000
      0.0000	      0.0000	      0.0000	      0.0000
     14.2260	      0.0000	      0.0000	      3.2958
      0.0000	      0.0000	      0.0000	      0.0000
      0.0000	      0.0000	      0.0000	      0.0000
      0.0000	      0.0000	      0.0000	      0.0000
      2.1149	     -5.9642	     -2.8993	     -4.3642
      0.0000	      0.0000	      0.0000	      0.0000
      0.0000	      0.0000	      0.0000	      0.0000
      0.0000	      0.0000	      0.0000	      0.0000
    -20.5136	    -24.2581	    -19.8096	    -21.3675
      0.0000	      0.0000	      0.0000	      0.0000
      0.0000	      0.0000	      0.0000	      0.0000
      0.0000	      0.0000	      0.0000	      0.0000
     14.4195	      0.0000	      0.0000	      0.0000
      0.0000	      0.0000	      0.0000	      0.0000
      0.0000	      0.0000	      0.0000	      0.0000
      0.0000	      0.0000	      0.0000	      0.0000
     -0.7934	     -0.8444	     -0.8922	      8.5862
      0.0000	      0.0000	      0.0000	      0.0000
      0.0000	      0.0000	      0.0000	      0.0000
      0.0000	      0.0000	      0.0000	      0.0000
    -31.4775	    -30.8428	    -34.5580	    -30.8619
      0.0000	      0.0000	      0.0000	      0.0000
      0.0000	      0.0000	      0.0000	      0.0000
      0.0000	      0.0000	      0.0000	      0.0000
    -42.4674	    -31.0714	    -47.7981	    -41.1099
      0.0000	      0.0000	      0.0000	      0.0000
      0.0000	      0.0000	      0.0000	      0.0000
      0.0000	      0.0000	      0.0000	      0.0000
     -0.4903	     13.7235	    -17.3949	     -9.3858
      0.0000	      0.0000	      0.0000	      0.0000
      0.0000	      0.0000	      0.0000	      0.0000
      0.0000	      0.0000	      0.0000	      0.0000
     -9.1581	     21.4832	     -7.9026	      1.7286
      0.0000	      0.0000	      0.0000	      0.0000
      0.0000	      0.0000	      0.0000	      0.0000
      0.0000	      0.0000	      0.0000	      0.0000
    -39.2509	    -38.8897	    -39.7218	    -37.8487
      0.0000	      0.0000	      0.0000	      0.0000
      0.0000	      0.0000	      0.0000	      0.0000
      0.0000	      0.0000	      0.0000	      0.0000
    -21.2664	    -11.1515	    -24.9036	    -20.7626
      0.0000	      0.0000	      0.0000	      0.0000
      0.0000	      0.0000	      0.0000	      0.0000
      0.0000	      0.0000	      0.0000	      0.0000
    -16.6126	    -17.8611	    -24.3765	     -7.9712
      0.0000	      0.0000	      0.0000	      0.0000
      0.0000	      0.0000	      0.0000	      0.0000
      0.0000	      0.0000	      0.0000	      0.0000
    -40.0730	    -38.7151	    -39.5531	    -39.8622
      0.0000	      0.0000	      0.0000	      0.0000
      0.0000	      0.0000	      0.0000	      0.0000
      0.0000	      0.0000	      0.0000	      0.0000
    -48.9881	    -41.0707	    -34.1613	    -42.4424
      0.0000	      0.0000	      0.0000	      0.0000
      0.0000	      0.0000	      0.0000	      0.0000
      0.0000	      0.0000	      0.0000	      0.0000
    -42.4314	    -43.4482	    -47.1354	    -38.0173
      0.0000	      0.0000	      0.0000	      0.0000
      0.0000	      0.0000	      0.0000	      0.0000
      0.0000	      0.0000	      0.0000	      0.0000
    -20.7377	    -16.8155	    -10.2250	    -17.3357
      0.0000	      0.0000	      0.0000	      0.0000
      0.0000	      0.0000	      0.0000	      0.0000
      0.0000	      0.0000	      0.0000	      0.0000
    -45.3015	    -37.8799	    -30.4508	    -36.2526
      0.0000	      0.0000	      0.0000	      0.0000
      0.0000	      0.0000	      0.0000	      0.0000
      0.0000	      0.0000	      0.0000	      0.0000
    -48.1888	    -47.7754	    -38.5236	    -59.4709
      0.0000	      0.0000	      0.0000	      0.0000
      0.0000	      0.0000	      0.0000	      0.0000
      0.0000	      0.0000	      0.0000	      0.0000
     15.0587	     -1.4723	      5.6745	      0.0000
      0.0000	      0.0000	      0.0000	      0.0000
      0.0000	      0.0000	      0.0000	      0.0000
      0.0000	      0.0000	      0.0000	      0.0000
    -12.7819	    -21.1213	     -4.1459	    -19.1514
      0.0000	      0.0000	      0.0000	      0.0000
      0.0000	      0.0000	      0.0000	      0.0000
      0.0000	      0.0000	      0.0000	      0.0000
    -46.3865	    -49.7341	    -47.2084	    -50.5075
      0.0000	      0.0000	      0.0000	      0.0000
      0.0000	      0.0000	      0.0000	      0.0000
      0.0000	      0.0000	      0.0000	      0.0000
    -51.4732	    -53.8143	    -53.4976	    -45.2624
      0.0000	      0.0000	      0.0000	      0.0000
      0.0000	      0.0000	      0.0000	      0.0000
      0.0000	      0.0000	      0.0000	      0.0000
    -15.0822	      2.6316	    -19.7000	    -15.1076
      0.0000	      0.0000	      0.0000	      0.0000
      0.0000	      0.0000	      0.0000	      0.0000
      0.0000	      0.0000	      0.0000	      0.0000
      8.0527	      1.9162	     -1.9636	      1.7213
      0.0000	      0.0000	      0.0000	      0.0000
      0.0000	      0.0000	      0.0000	      0.0000
      0.0000	      0.0000	      0.0000	      0.0000
    -55.3107	    -40.5372	    -54.6895	    -52.5101
      0.0000	      0.0000	      0.0000	      0.0000
      0.0000	      0.0000	      0.0000	      0.0000
      0.0000	      0.0000	      0.0000	      0.0000
    -30.3947	    -22.9869	    -29.3816	    -30.1800
      0.0000	      0.0000	      0.0000	      0.0000
      0.0000	      0.0000	      0.0000	      0.0000
      0.0000	      0.0000	      0.0000	      0.0000
    -21.0919	    -21.5459	    -20.9405	    -19.2016
      0.0000	      0.0000	      0.0000	      0.0000
      0.0000	      0.0000	      0.0000	      0.0000
      0.0000	      0.0000	      0.0000	      0.0000
    -51.7793	    -27.6188	    -45.7855	    -43.6596
      0.0000	      0.0000	      0.0000	      0.0000
      0.0000	      0.0000	      0.0000	      0.0000
      0.0000	      0.0000	      0.0000	      0.0000
    -21.5009	    -38.7562	    -58.3620	    -35.9437
      0.0000	      0.0000	      0.0000	      0.0000
      0.0000	      0.0000	      0.0000	      0.0000
      0.0000	      0.0000	      0.0000	      0.0000
    -41.2084	    -56.5606	    -54.0492	    -49.9548
      0.0000	      0.0000	      0.0000	      0.0000
      0.0000	      0.0000	      0.0000	      0.0000
      0.0000	      0.0000	      0.0000	      0.0000
     -7.7808	    -24.9992	    -26.3678	    -23.9464
      0.0000	      0.0000	      0.0000	      0.0000
      0.0000	      0.0000	      0.0000	      0.0000
      0.0000	      0.0000	      0.0000	      0.0000
    -20.7647	    -37.1569	    -41.3172	    -32.6262
      0.0000	      0.0000	      0.0000	      0.0000
      0.0000	      0.0000	      0.0000	      0.0000
      0.0000	      0.0000	      0.0000	      0.0000
    -49.7337	    -64.7210	    -55.8422	    -37.1339
      0.0000	      0.0000	      0.0000	      0.0000
      0.0000	      0.0000	      0.0000	      0.0000
      0.0000	      0.0000	      0.0000	      0.0000
     -6.1440	     -4.3911	     -7.5801	      3.1817
      0.0000	      0.0000	      0.0000	      0.0000
      0.0000	      0.0000	      0.0000	      0.0000
      0.0000	      0.0000	      0.0000	      0.0000
    -14.9972	    -17.6430	    -27.1488	     -7.8180
      0.0000	      0.0000	      0.0000	      0.0000
      0.0000	      0.0000	      0.0000	      0.0000
      0.0000	      0.0000	      0.0000	      0.0000
    -47.5331	    -58.1537	    -61.6833	    -22.5466
      0.0000	      0.0000	      0.0000	      0.0000
      0.0000	      0.0000	      0.0000	      0.0000
      0.0000	      0.0000	      0.0000	      0.0000
    -83.0500	    -60.7669	    -87.5243	    -86.8070
      0.0000	      0.0000	      0.0000	      0.0000
      0.0000	      0.0000	      0.0000	      0.0000
      0.0000	      0.0000	      0.0000	      0.0000
     -2.4343	      9.6946	     -2.3856	     -4.3665
      0.0000	      0.0000	      0.0000	      0.0000
      0.0000	      0.0000	      0.0000	      0.0000
      0.0000	      0.0000	      0.0000	      0.0000
      5.1006	     -8.7805	     -9.3670	    -20.6635
      0.0000	      0.0000	      0.0000	      0.0000
      0.0000	      0.0000	      0.0000	      0.0000
      0.0000	      0.0000	      0.0000	      0.0000
    -50.4365	    -14.4913	    -52.1823	    -69.2435
      0.0000	      0.0000	      0.0000	      0.0000
      0.0000	      0.0000	      0.0000	      0.0000
      0.0000	      0.0000	      0.0000	      0.0000
     -7.5520	    -22.2898	    -11.3572	    -12.9452
      0.0000	      0.0000	      0.0000	      0.0000
      0.0000	      0.0000	      0.0000	      0.0000
      0.0000	      0.0000	      0.0000	      0.0000
     -7.2741	    -11.0523	    -22.6971	    -11.9078
      0.0000	      0.0000	      0.0000	      0.0000
      0.0000	      0.0000	      0.0000	      0.0000
      0.0000	      0.0000	      0.0000	      0.0000
    -16.5065	    -21.7637	    -40.4322	    -23.5850
      0.0000	      0.0000	      0.0000	      0.0000
      0.0000	      0.0000	      0.0000	      0.0000
      0.0000	      0.0000	      0.0000	      0.0000
    -37.6488	    -22.8644	    -49.4879	    -32.4389
      0.0000	      0.0000	      0.0000	      0.0000
      0.0000	      0.0000	      0.0000	      0.0000
      0.0000	      0.0000	      0.0000	      0.0000
    -49.1055	    -22.1248	    -42.5577	    -41.9753
      0.0000	      0.0000	      0.0000	      0.0000
      0.0000	      0.0000	      0.0000	      0.0000
      0.0000	      0.0000	      0.0000	      0.0000
    -12.9248	    -23.3299	    -19.5516	    -23.8048
      2.6620	      0.0000	      0.0000	      0.0000
      0.0000	      0.0000	      0.0000	      0.0000
      0.0000	      0.0000	      0.0000	      0.0000
    -11.5371	    -25.5530	    -27.7025	    -30.8686
      0.0000	      0.0000	      0.0000	      0.0000
      0.0000	      0.0000	      0.0000	      0.0000
      0.0000	      0.0000	      0.0000	      0.0000
    -45.2420	    -64.0240	    -50.2160	    -44.1322
      0.0000	      0.0000	      0.0000	      0.0000
      0.0000	      0.0000	      0.0000	      0.0000
      0.0000	      0.0000	      0.0000	      0.0000
    -12.0656	      1.8304	      0.0000	      0.0000
      0.0000	      0.0000	      0.0000	      0.0000
      0.0000	      0.0000	      0.0000	      0.0000
      0.0000	      0.0000	      0.0000	      0.0000
     -3.3041	     -4.7208	     20.4258	    -16.1833
      0.0000	      0.0000	      0.0000	      0.0000
      0.0000	      0.0000	      0.0000	      0.0000
      0.0000	      0.0000	      0.0000	      0.0000
    -42.7111	    -40.9348	    -45.3786	    -40.0212
      0.0000	      0.0000	      0.0000	      0.0000
      0.0000	      0.0000	      0.0000	      0.0000
      0.0000	      0.0000	      0.0000	      0.0000
    -73.9444	    -20.0374	    -83.8272	    -73.7570
      0.0000	      0.0000	      0.0000	      0.0000
      0.0000	      0.0000	      0.0000	      0.0000
      0.0000	      0.0000	      0.0000	      0.0000
    -17.2911	      8.1553	    -19.7831	    -18.6573
      0.0000	      0.0000	      0.0000	      0.0000
      0.0000	      0.0000	      0.0000	      0.0000
      0.0000	      0.0000	      0.0000	      0.0000
    -16.6196	     14.7038	     -8.2099	    -22.0967
      0.0000	      0.0000	      0.0000	      0.0000
      0.0000	      0.0000	      0.0000	      0.0000
      0.0000	      0.0000	      0.0000	      0.0000
    -60.2197	    -67.4529	    -46.8759	    -60.2921
      0.0000	      0.0000	      0.0000	      0.0000
      0.0000	      0.0000	      0.0000	      0.0000
      0.0000	      0.0000	      0.0000	      0.0000
    -48.0421	    -11.4185	    -46.6969	    -45.6259
      0.0000	      0.0000	      0.0000	      0.0000
      0.0000	      0.0000	      0.0000	      0.0000
      0.0000	      0.0000	      0.0000	      0.0000
    -39.7740	    -18.6974	    -22.1955	    -33.1010
      0.0000	      0.0000	      0.0000	      0.0000
      0.0000	      0.0000	      0.0000	      0.0000
      0.0000	      0.0000	      0.0000	      0.0000
    -61.4633	    -39.7812	    -57.4319	    -53.8175
      0.0000	      0.0000	      0.0000	      0.0000
      0.0000	      0.0000	      0.0000	      0.0000
      0.0000	      0.0000	      0.0000	      0.0000
    -56.9761	    -54.4581	    -60.2020	    -48.5441
      0.0000	      0.0000	      0.0000	      0.0000
      0.0000	      0.0000	      0.0000	      0.0000
      0.0000	      0.0000	      0.0000	      0.0000
    -41.4155	    -60.8119	    -42.0451	    -58.8687
      0.0000	      0.0000	      0.0000	      0.0000
      0.0000	      0.0000	      0.0000	      0.0000
      0.0000	      0.0000	      0.0000	      0.0000
    -32.8907	    -25.4505	    -32.6813	    -33.4646
      0.0000	      0.0000	      0.0000	      0.0000
      0.0000	      0.0000	      0.0000	      0.0000
      0.0000	      0.0000	      0.0000	      0.0000
    -38.6193	    -36.9751	    -42.9005	    -49.8333
      0.0000	      0.0000	      0.0000	      0.0000
      0.0000	      0.0000	      0.0000	      0.0000
      0.0000	      0.0000	      0.0000	      0.0000
    -45.8003	    -48.4546	    -49.7650	    -28.2972
      0.0000	      0.0000	      0.0000	      0.0000
      0.0000	      0.0000	      0.0000	      0.0000
      0.0000	      0.0000	      0.0000	      0.0000
    -12.0125	     -0.6617	      7.7939	      0.0000
      0.0000	      0.0000	      0.0000	      0.0000
      0.0000	      0.0000	      0.0000	      0.0000
      0.0000	      0.0000	      0.0000	      0.0000
     -0.0890	     -8.8372	     -7.9726	    -14.0237
      0.0000	      0.0000	      0.0000	      0.0000
      0.0000	      0.0000	      0.0000	      0.0000
      0.0000	      0.0000	      0.0000	      0.0000
    -42.2519	    -41.5669	    -55.2350	    -13.1918
      0.0000	      0.0000	      0.0000	      0.0000
      0.0000	      0.0000	      0.0000	      0.0000
      0.0000	      0.0000	      0.0000	      0.0000
    -64.0645	    -46.3892	    -66.4408	    -75.8230
      0.0000	      0.0000	      0.0000	      0.0000
      0.0000	      0.0000	      0.0000	      0.0000
      0.0000	      0.0000	      0.0000	      0.0000
    -55.2135	    -48.5084	    -53.7432	    -46.8608
      0.0000	      0.0000	      0.0000	      0.0000
      0.0000	      0.0000	      0.0000	      0.0000
      0.0000	      0.0000	      0.0000	      0.0000
    -42.5238	    -31.7357	    -30.0055	    -26.8541
      0.0000	      0.0000	      0.0000	      0.0000
      0.0000	      0.0000	      0.0000	      0.0000
      0.0000	      0.0000	      0.0000	      0.0000
    -72.3854	    -23.8160	    -68.9645	    -69.0957
      0.0000	      0.0000	      0.0000	      0.0000
      0.0000	      0.0000	      0.0000	      0.0000
      0.0000	      0.0000	      0.0000	      0.0000
    -40.2100	    -19.7328	    -48.9611	    -60.3957
      0.0000	      0.0000	      0.0000	      0.0000
      0.0000	      0.0000	      0.0000	      0.0000
      0.0000	      0.0000	      0.0000	      0.0000
    -42.9760	    -26.9293	    -41.4612	    -42.4775
      0.0000	      0.0000	      0.0000	      0.0000
      0.0000	      0.0000	      0.0000	      0.0000
      0.0000	      0.0000	      0.0000	      0.0000
    -46.7310	    -70.5346	    -70.6701	    -69.7184
      0.0000	      0.0000	      0.0000	      0.0000
      0.0000	      0.0000	      0.0000	      0.0000
      0.0000	      0.0000	      0.0000	      0.0000
    -61.2218	    -66.1679	    -62.1669	    -53.7758
      0.0000	      0.0000	      0.0000	      0.0000
      0.0000	      0.0000	      0.0000	      0.0000
      0.0000	      0.0000	      0.0000	      0.0000
    -62.7744	    -62.7235	    -62.3958	    -59.7338
      0.0000	      0.0000	      0.0000	      0.0000
      0.0000	      0.0000	      0.0000	      0.0000
      0.0000	      0.0000	      0.0000	      0.0000
    -40.5583	    -14.4074	    -43.2296	    -43.0729
      0.0000	      0.0000	      0.0000	      0.0000
      0.0000	      0.0000	      0.0000	      0.0000
      0.0000	      0.0000	      0.0000	      0.0000
    -50.8380	    -59.6816	    -60.0337	    -47.9334
      0.0000	      0.0000	      0.0000	      0.0000
      0.0000	      0.0000	      0.0000	      0.0000
      0.0000	      0.0000	      0.0000	      0.0000
    -70.0603	    -73.9566	    -80.0300	    -67.0837
      0.0000	      0.0000	      0.0000	      0.0000
      0.0000	      0.0000	      0.0000	      0.0000
      0.0000	      0.0000	      0.0000	      0.0000
     -2.4877	     -0.9522	     -2.1822	    -18.8756
      0.0000	      0.0000	      0.0000	      0.0000
      0.0000	      0.0000	      0.0000	      0.0000
      0.0000	      0.0000	      0.0000	      0.0000
    -54.7495	    -22.8756	    -15.4134	    -25.3380
      0.0000	      0.0000	      0.0000	      0.0000
      0.0000	      0.0000	      0.0000	      0.0000
      0.0000	      0.0000	      0.0000	      0.0000
    -66.3419	    -86.4136	    -69.5446	    -41.7939
      0.0000	      0.0000	      0.0000	      0.0000
      0.0000	      0.0000	      0.0000	      0.0000
      0.0000	      0.0000	      0.0000	      0.0000
     -8.8808	     -7.0976	    -12.2656	    -31.8065
      0.0000	      0.0000	      0.0000	      0.0000
      0.0000	      0.0000	      0.0000	      0.0000
      0.0000	      0.0000	      0.0000	      0.0000
      4.8428	     -1.5178	    -16.0212	     -0.4902
      0.0000	      0.0000	      0.0000	      0.0000
      0.0000	      0.0000	      0.0000	      0.0000
      0.0000	      0.0000	      0.0000	      0.0000
      0.0000	      0.0000	      0.0000	      0.0000
      0.0000	      0.0000	      0.0000	      0.0000
      0.0000	      0.0000	      0.0000	      0.0000
      0.0000	      0.0000	      0.0000	      0.0000
     -1.0010	     -0.8857	     -0.9033	      0.0000
      0.0000	      0.0000	      0.0000	      0.0000
      0.0000	      0.0000	      0.0000	      0.0000
      0.0000	      0.0000	      0.0000	      0.0000
      6.4954	      0.0000	      0.0000	      0.0000
      0.0000	      0.0000	      0.0000	      0.0000
      0.0000	      0.0000	      0.0000	      0.0000
      0.0000	      0.0000	      0.0000	      0.0000
      4.5913	      0.0000	      0.0000	      0.0000
      0.0000	      0.0000	      0.0000	      0.0000
      0.0000	      0.0000	      0.0000	      0.0000
      0.0000	      0.0000	      0.0000	      0.0000
     -1.0114	     -1.0937	      1.7768	     -4.9687
      0.0000	      0.0000	      0.0000	      0.0000
      0.0000	      0.0000	      0.0000	      0.0000
      0.0000	      0.0000	      0.0000	      0.0000
     -0.5814	     -0.5151	      9.9042	      0.0000
      0.0000	      0.0000	      0.0000	      0.0000
      0.0000	      0.0000	      0.0000	      0.0000
      0.0000	      0.0000	      0.0000	      0.0000
     -7.2496	     -6.6245	     -7.1139	     -4.4938
      0.0000	      0.0000	      0.0000	      0.0000
      0.0000	      0.0000	      0.0000	      0.0000
      0.0000	      0.0000	      0.0000	      0.0000
      8.6808	      0.0000	      0.0000	      0.0000
      0.0000	      0.0000	      0.0000	      0.0000
      0.0000	      0.0000	      0.0000	      0.0000
      0.0000	      0.0000	      0.0000	      0.0000
     -0.1892	     -2.3518	     11.6499	      0.0000
      0.0000	      0.0000	      0.0000	      0.0000
      0.0000	      0.0000	      0.0000	      0.0000
      0.0000	      0.0000	      0.0000	      0.0000
    -11.4908	    -19.1245	    -12.1742	    -20.2111
      0.0000	      0.0000	      0.0000	      0.0000
      0.0000	      0.0000	      0.0000	      0.0000
      0.0000	      0.0000	      0.0000	      0.0000
      2.6252	      4.5644	      0.0000	      0.0000
      0.0000	      0.0000	      0.0000	      0.0000
      0.0000	      0.0000	      0.0000	      0.0000
      0.0000	      0.0000	      0.0000	      0.0000
      8.1969	     -5.8743	    -12.8164	     -4.3973
      0.0000	      0.0000	      0.0000	      0.0000
      0.0000	      0.0000	      0.0000	      0.0000
      0.0000	      0.0000	      0.0000	      0.0000
    -48.4522	    -48.7190	    -54.0494	    -50.8025
      0.0000	      0.0000	      0.0000	      0.0000
      0.0000	      0.0000	      0.0000	      0.0000
      0.0000	      0.0000	      0.0000	      0.0000
    -11.2648	     -8.8514	    -21.0590	    -18.3190
      0.0000	      0.0000	      0.0000	      0.0000
      0.0000	      0.0000	      0.0000	      0.0000
      0.0000	      0.0000	      0.0000	      0.0000
     -2.5870	     -2.6399	      1.2847	     -3.8540
      0.0000	      0.0000	      0.0000	      0.0000
      0.0000	      0.0000	      0.0000	      0.0000
      0.0000	      0.0000	      0.0000	      0.0000
      0.1695	      0.0000	      0.0000	      0.0000
      0.0000	      0.0000	      0.0000	      0.0000
      0.0000	      0.0000	      0.0000	      0.0000
      0.0000	      0.0000	      0.0000	      0.0000
    -15.7753	     -8.6324	    -12.0007	    -11.1409
      0.0000	      0.0000	      0.0000	      0.0000
      0.0000	      0.0000	      0.0000	      0.0000
      0.0000	      0.0000	      0.0000	      0.0000
      9.6200	     -2.2402	     -8.4738	     -3.5400
      0.0000	      0.0000	      0.0000	      0.0000
      0.0000	      0.0000	      0.0000	      0.0000
      0.0000	      0.0000	      0.0000	      0.0000
     -1.6043	     -6.5905	     -7.7759	    -10.0674
      0.0000	      0.0000	      0.0000	      0.0000
      0.0000	      0.0000	      0.0000	      0.0000
      0.0000	      0.0000	      0.0000	      0.0000
     -2.1363	     -5.9407	    -20.5828	     -6.4785
      0.0000	      0.0000	      0.0000	      0.0000
      0.0000	      0.0000	      0.0000	      0.0000
      0.0000	      0.0000	      0.0000	      0.0000
      6.8804	     -3.0005	     -7.8788	    -11.4206
      0.0000	      0.0000	      0.0000	      0.0000
      0.0000	      0.0000	      0.0000	      0.0000
      0.0000	      0.0000	      0.0000	      0.0000
    -29.8906	    -27.3997	    -32.3852	    -26.3339
      0.0000	      0.0000	      0.0000	      0.0000
      0.0000	      0.0000	      0.0000	      0.0000
      0.0000	      0.0000	      0.0000	      0.0000
     21.4131	      0.9497	      0.0000	      1.6963
      0.0000	      0.0000	      0.0000	      0.0000
      0.0000	      0.0000	      0.0000	      0.0000
      0.0000	      0.0000	      0.0000	      0.0000
     10.7083	     -5.4448	     -6.5370	      0.3360
      0.0000	      0.0000	      0.0000	      0.0000
      0.0000	      0.0000	      0.0000	      0.0000
      0.0000	      0.0000	      0.0000	      0.0000
    -33.4329	    -38.9954	    -36.2774	    -32.4274
      0.0000	      0.0000	      0.0000	      0.0000
      0.0000	      0.0000	      0.0000	      0.0000
      0.0000	      0.0000	      0.0000	      0.0000
     32.4748	     11.9108	     -4.8130	     16.6963
      0.0000	      0.0000	      0.0000	      0.0000
      0.0000	      0.0000	      0.0000	      0.0000
      0.0000	      0.0000	      0.0000	      0.0000
     -1.0517	     -3.1041	    -10.4497	     13.6175
      0.0000	      0.0000	      0.0000	      0.0000
      0.0000	      0.0000	      0.0000	      0.0000
      0.0000	      0.0000	      0.0000	      0.0000
    -49.7565	    -50.7826	    -64.8981	     -8.5925
      0.0000	      0.0000	      0.0000	      0.0000
      0.0000	      0.0000	      0.0000	      0.0000
      0.0000	      0.0000	      0.0000	      0.0000
   -121.1599	   -114.0569	   -127.0577	   -119.7999
      0.0000	      0.0000	      0.0000	      0.0000
      0.0000	      0.0000	      0.0000	      0.0000
      0.0000	      0.0000	      0.0000	      0.0000
    -18.9481	     -9.7480	    -34.7639	    -20.0093
      0.0000	      0.0000	      0.0000	      0.0000
      0.0000	      0.0000	      0.0000	      0.0000
      0.0000	      0.0000	      0.0000	      0.0000
     15.7655	     -1.3159	     -3.9745	     -1.4565
      0.0000	      0.0000	      0.0000	      0.0000
      0.0000	      0.0000	      0.0000	      0.0000
      0.0000	      0.0000	      0.0000	      0.0000
    -87.8378	    -79.4759	    -96.8180	    -80.6781
      0.0000	      0.0000	      0.0000	      0.0000
      0.0000	      0.0000	      0.0000	      0.0000
      0.0000	      0.0000	      0.0000	      0.0000
    -21.0913	    -27.5755	    -26.7358	    -34.1777
      0.0000	      0.0000	      0.0000	      0.0000
      0.0000	      0.0000	      0.0000	      0.0000
      0.0000	      0.0000	      0.0000	      0.0000
    -18.9523	    -32.7741	    -31.6179	    -26.7255
      0.0000	      0.0000	      0.0000	      0.0000
      0.0000	      0.0000	      0.0000	      0.0000
      0.0000	      0.0000	      0.0000	      0.0000
    -57.9472	    -76.1665	    -67.9420	    -65.2882
      0.0000	      0.0000	      0.0000	      0.0000
      0.0000	      0.0000	      0.0000	      0.0000
      0.0000	      0.0000	      0.0000	      0.0000
    -16.5379	    -30.2139	    -24.6303	    -25.6700
      0.0000	      0.0000	      0.0000	      0.0000
      0.0000	      0.0000	      0.0000	      0.0000
      0.0000	      0.0000	      0.0000	      0.0000
    -60.1615	    -65.7445	    -61.5108	    -53.7909
      0.0000	      0.0000	      0.0000	      0.0000
      0.0000	      0.0000	      0.0000	      0.0000
      0.0000	      0.0000	      0.0000	      0.0000
    -23.9846	    -14.1250	    -33.0244	    -20.6634
      0.0000	      0.0000	      0.0000	      0.0000
      0.0000	      0.0000	      0.0000	      0.0000
      0.0000	      0.0000	      0.0000	      0.0000
      3.0672	    -21.7320	    -24.5348	    -15.0413
      0.0000	      0.0000	      0.0000	      0.0000
      0.0000	      0.0000	      0.0000	      0.0000
      0.0000	      0.0000	      0.0000	      0.0000
    -77.4547	    -79.7797	    -88.2604	    -60.7307
      0.0000	      0.0000	      0.0000	      0.0000
      0.0000	      0.0000	      0.0000	      0.0000
      0.0000	      0.0000	      0.0000	      0.0000
     18.2789	      5.8676	    -10.6874	     33.6183
      0.0000	      0.0000	      0.0000	      0.0000
      0.0000	      0.0000	      0.0000	      0.0000
      0.0000	      0.0000	      0.0000	      0.0000
     -9.4280	    -30.8097	    -41.9965	     20.7941
      0.0000	      0.0000	      0.0000	      0.0000
      0.0000	      0.0000	      0.0000	      0.0000
      0.0000	      0.0000	      0.0000	      0.0000
   -108.0794	   -102.4461	   -113.1686	    -58.4032
      0.0000	      0.0000	      0.0000	      0.0000
      0.0000	      0.0000	      0.0000	      0.0000
      0.0000	      0.0000	      0.0000	      0.0000
   -130.7526	    -28.8606	   -133.0623	   -130.3731
      0.0000	      0.0000	      0.0000	      0.0000
      0.0000	      0.0000	      0.0000	      0.0000
      0.0000	      0.0000	      0.0000	      0.0000
     -3.6416	     14.0971	     -4.4956	    -27.7344
      0.0000	      0.0000	      0.0000	      0.0000
      0.0000	      0.0000	      0.0000	      0.0000
      0.0000	      0.0000	      0.0000	      0.0000
      0.0000	      7.1601	      0.0000	      8.5713
      0.0000	      0.0000	      0.0000	      0.0000
      0.0000	      0.0000	      0.0000	      0.0000
      0.0000	      0.0000	      0.0000	      0.0000
    -24.6369	    -12.4984	    -25.7967	    -28.4033
      0.0000	      0.0000	      0.0000	      0.0000
      0.0000	      0.0000	      0.0000	      0.0000
      0.0000	      0.0000	      0.0000	      0.0000
     -7.5703	     -1.3716	     -7.7283	    -13.0910
      0.0000	      0.0000	      0.0000	      0.0000
      0.0000	      0.0000	      0.0000	      0.0000
      0.0000	      0.0000	      0.0000	      0.0000
      2.0076	     12.5269	      0.0000	      0.0000
      0.0000	      0.0000	      0.0000	      0.0000
      0.0000	      0.0000	      0.0000	      0.0000
      0.0000	      0.0000	      0.0000	      0.0000
    -12.9533	    -23.3107	     -6.9344	    -14.0615
      0.0000	      0.0000	      0.0000	      0.0000
      0.0000	      0.0000	      0.0000	      0.0000
      0.0000	      0.0000	      0.0000	      0.0000
    -15.4253	    -15.8119	    -15.3285	    -15.8107
      0.0000	      0.0000	      0.0000	      0.0000
      0.0000	      0.0000	      0.0000	      0.0000
      0.0000	      0.0000	      0.0000	      0.0000
    -25.7462	    -25.3571	    -22.3296	    -25.4559
      0.0000	      0.0000	      0.0000	      0.0000
      0.0000	      0.0000	      0.0000	      0.0000
      0.0000	      0.0000	      0.0000	      0.0000
     11.6755	      0.0000	      5.0133	      5.9861
      0.0000	      0.0000	      0.0000	      0.0000
      0.0000	      0.0000	      0.0000	      0.0000
      0.0000	      0.0000	      0.0000	      0.0000
    -13.8231	    -14.4744	      2.5709	    -13.3516
      0.0000	      0.0000	      0.0000	      0.0000
      0.0000	      0.0000	      0.0000	      0.0000
      0.0000	      0.0000	      0.0000	      0.0000
    -37.6304	    -36.7847	    -26.3963	    -36.7094
      0.0000	      0.0000	      0.0000	      0.0000
      0.0000	      0.0000	      0.0000	      0.0000
      0.0000	      0.0000	      0.0000	      0.0000
     26.6100	      2.3679	      0.0000	     12.1541
      0.0000	      0.0000	      0.0000	      0.0000
      0.0000	      0.0000	      0.0000	      0.0000
      0.0000	      0.0000	      0.0000	      0.0000
     -4.0051	    -14.2371	     -2.5328	     14.8473
      0.0000	      0.0000	      0.0000	      0.0000
      0.0000	      0.0000	      0.0000	      0.0000
      0.0000	      0.0000	      0.0000	      0.0000
    -89.5721	    -81.6478	    -29.8515	    -90.1313
      0.0000	      0.0000	      0.0000	      0.0000
      0.0000	      0.0000	      0.0000	      0.0000
      0.0000	      0.0000	      0.0000	      0.0000
   -109.1450	     -9.5709	   -131.4262	   -110.6079
      0.0000	      0.0000	      0.0000	      0.0000
      0.0000	      0.0000	      0.0000	      0.0000
      0.0000	      0.0000	      0.0000	      0.0000
    -14.5901	      2.4457	    -30.5751	    -15.0960
      0.0000	      0.0000	      0.0000	      0.0000
      0.0000	      0.0000	      0.0000	      0.0000
      0.0000	      0.0000	      0.0000	      0.0000
      5.1276	    -13.5117	      0.0000	     -1.4339
      0.0000	      0.0000	      0.0000	      0.0000
      0.0000	      0.0000	      0.0000	      0.0000
      0.0000	      0.0000	      0.0000	      0.0000
    -60.8169	    -18.9986	    -69.0841	    -52.8617
      0.0000	      0.0000	      0.0000	      0.0000
      0.0000	      0.0000	      0.0000	      0.0000
      0.0000	      0.0000	      0.0000	      0.0000
    -32.4940	    -14.8707	    -49.4877	    -30.2759
      0.0000	      0.0000	      0.0000	      0.0000
      0.0000	      0.0000	      0.0000	      0.0000
      0.0000	      0.0000	      0.0000	      0.0000
    -22.4712	    -17.5739	    -27.7228	    -26.2518
      0.0000	      0.0000	      0.0000	      0.0000
      0.0000	      0.0000	      0.0000	      0.0000
      0.0000	      0.0000	      0.0000	      0.0000
    -39.5517	    -15.3947	    -52.8855	    -39.9188
      0.0000	      0.0000	      0.0000	      0.0000
      0.0000	      0.0000	      0.0000	      0.0000
      0.0000	      0.0000	      0.0000	      0.0000
    -21.7212	    -35.4123	    -36.9451	    -33.0440
      0.0000	      0.0000	      0.0000	      0.0000
      0.0000	      0.0000	      0.0000	      0.0000
      0.0000	      0.0000	      0.0000	      0.0000
    -49.9680	    -58.0076	    -64.6253	    -38.9082
      0.0000	      0.0000	      0.0000	      0.0000
      0.0000	      0.0000	      0.0000	      0.0000
      0.0000	      0.0000	      0.0000	      0.0000
    -29.0388	    -12.1572	    -26.0468	    -22.0566
      0.0000	      0.0000	      0.0000	      0.0000
      0.0000	      0.0000	      0.0000	      0.0000
      0.0000	      0.0000	      0.0000	      0.0000
    -17.7584	    -30.7240	    -26.1636	    -26.9957
      0.0000	      0.0000	      0.0000	      0.0000
      0.0000	      0.0000	      0.0000	      0.0000
      0.0000	      0.0000	      0.0000	      0.0000
    -61.8664	    -63.0763	    -55.8748	    -37.5322
      0.0000	      0.0000	      0.0000	      0.0000
      0.0000	      0.0000	      0.0000	      0.0000
      0.0000	      0.0000	      0.0000	      0.0000
      9.1666	      5.4972	     -0.6003	      7.5649
      0.0000	      0.0000	      0.0000	      0.0000
      0.0000	      0.0000	      0.0000	      0.0000
      0.0000	      0.0000	      0.0000	      0.0000
    -26.0850	    -24.0422	     -6.3008	    -25.5287
      0.0000	      0.0000	      0.0000	      0.0000
      0.0000	      0.0000	      0.0000	      0.0000
      0.0000	      0.0000	      0.0000	      0.0000
    -62.4939	    -70.4602	    -78.5349	    -33.8714
      0.0000	      0.0000	      0.0000	      0.0000
      0.0000	      0.0000	      0.0000	      0.0000
      0.0000	      0.0000	      0.0000	      0.0000
   -167.4674	   -174.1319	   -137.6339	   -173.7409
      0.0000	      0.0000	      0.0000	      0.0000
      0.0000	      0.0000	      0.0000	      0.0000
      0.0000	      0.0000	      0.0000	      0.0000
    -31.9233	    -33.7151	    -54.3345	    -35.3721
      0.0000	      0.0000	      0.0000	      0.0000
      0.0000	      0.0000	      0.0000	      0.0000
      0.0000	      0.0000	      0.0000	      0.0000
    -25.8719	    -22.8634	    -30.0008	    -25.7826
      0.0000	      0.0000	      0.0000	      0.0000
      0.0000	      0.0000	      0.0000	      0.0000
      0.0000	      0.0000	      0.0000	      0.0000
   -121.5662	   -120.2908	   -124.7528	   -113.5799
      0.0000	      0.0000	      0.0000	      0.0000
      0.0000	      0.0000	      0.0000	      0.0000
      0.0000	      0.0000	      0.0000	      0.0000
    -63.3974	    -51.6235	    -67.4083	    -65.6917
      0.0000	      0.0000	      0.0000	      0.0000
      0.0000	      0.0000	      0.0000	      0.0000
      0.0000	      0.0000	      0.0000	      0.0000
    -63.8886	    -53.5119	    -70.7800	    -60.3613
      0.0000	      0.0000	      0.0000	      0.0000
      0.0000	      0.0000	      0.0000	      0.0000
      0.0000	      0.0000	      0.0000	      0.0000
    -87.8042	    -38.3740	    -77.0117	    -80.7510
      0.0000	      0.0000	      0.0000	      0.0000
      0.0000	      0.0000	      0.0000	      0.0000
      0.0000	      0.0000	      0.0000	      0.0000
    -62.7995	    -57.2063	    -62.9536	    -70.7761
      0.0000	      0.0000	      0.0000	      0.0000
      0.0000	      0.0000	      0.0000	      0.0000
      0.0000	      0.0000	      0.0000	      0.0000
    -89.8992	    -62.0803	   -105.3973	    -89.7213
      0.0000	      0.0000	      0.0000	      0.0000
      0.0000	      0.0000	      0.0000	      0.0000
      0.0000	      0.0000	      0.0000	      0.0000
    -47.6013	    -24.9695	    -52.3947	    -41.8870
      0.0000	      0.0000	      0.0000	      0.0000
      0.0000	      0.0000	      0.0000	      0.0000
      0.0000	      0.0000	      0.0000	      0.0000
    -43.1001	    -57.0863	    -53.7216	    -23.2520
      0.0000	      0.0000	      0.0000	      0.0000
      0.0000	      0.0000	      0.0000	      0.0000
      0.0000	      0.0000	      0.0000	      0.0000
    -83.7443	    -96.9477	   -109.2365	    -45.4393
      0.0000	      0.0000	      0.0000	      0.0000
      0.0000	      0.0000	      0.0000	      0.0000
      0.0000	      0.0000	      0.0000	      0.0000
     -8.1237	    -24.7628	    -35.4717	    -24.1085
      0.0000	      0.0000	      0.0000	      0.0000
      0.0000	      0.0000	      0.0000	      0.0000
      0.0000	      0.0000	      0.0000	      0.0000
    -36.8841	    -48.9221	    -37.4356	    -19.3683
      0.0000	      0.0000	      0.0000	      0.0000
      0.0000	      0.0000	      0.0000	      0.0000
      0.0000	      0.0000	      0.0000	      0.0000
   -134.6883	   -136.8821	   -117.5442	   -136.5394
      0.0000	      0.0000	      0.0000	      0.0000
      0.0000	      0.0000	      0.0000	      0.0000
      0.0000	      0.0000	      0.0000	      0.0000
   -191.2643	    -29.4377	   -203.9178	   -183.7291
      0.0000	      0.0000	      0.0000	      0.0000
      0.0000	      0.0000	      0.0000	      0.0000
      0.0000	      0.0000	      0.0000	      0.0000
    -26.6828	      3.1602	    -42.3318	    -60.6726
      0.0000	      0.0000	      0.0000	      0.0000
      0.0000	      0.0000	      0.0000	      0.0000
      0.0000	      0.0000	      0.0000	      0.0000
    -10.5807	      7.8716	      0.5559	      3.0011
      0.0000	      0.0000	      0.0000	      0.0000
      0.0000	      0.0000	      0.0000	      0.0000
      0.0000	      0.0000	      0.0000	      0.0000
    -45.6534	    -25.8547	    -66.1843	    -52.8062
      0.0000	      0.0000	      0.0000	      0.0000
      0.0000	      0.0000	      0.0000	      0.0000
      0.0000	      0.0000	      0.0000	      0.0000
    -49.4356	    -47.2279	    -42.2855	    -41.1473
      0.0000	      0.0000	      0.0000	      0.0000
      0.0000	      0.0000	      0.0000	      0.0000
      0.0000	      0.0000	      0.0000	      0.0000
    -48.1367	    -22.3996	    -41.8515	    -33.2566
      0.0000	      0.0000	      0.0000	      0.0000
      0.0000	      0.0000	      0.0000	      0.0000
      0.0000	      0.0000	      0.0000	      0.0000
    -55.7078	    -50.2449	    -68.4443	    -61.4268
      0.0000	      0.0000	      0.0000	      0.0000
      0.0000	      0.0000	      0.0000	      0.0000
      0.0000	      0.0000	      0.0000	      0.0000
    -56.0294	    -58.5669	    -56.2997	    -65.0407
      0.0000	      0.0000	      0.0000	      0.0000
      0.0000	      0.0000	      0.0000	      0.0000
      0.0000	      0.0000	      0.0000	      0.0000
    -54.6216	    -55.6104	    -54.3273	    -58.6974
      0.0000	      0.0000	      0.0000	      0.0000
      0.0000	      0.0000	      0.0000	      0.0000
      0.0000	      0.0000	      0.0000	      0.0000
    -14.5708	    -19.5895	     -8.9762	    -29.6353
      0.0000	      0.0000	      0.0000	      0.0000
      0.0000	      0.0000	      0.0000	      0.0000
      0.0000	      0.0000	      0.0000	      0.0000
    -50.1976	    -55.0582	    -43.2419	    -30.2713
      0.0000	      0.0000	      0.0000	      0.0000
      0.0000	      0.0000	      0.0000	      0.0000
      0.0000	      0.0000	      0.0000	      0.0000
    -69.5741	    -58.1024	    -58.1713	    -52.9662
      0.0000	      0.0000	      0.0000	      0.0000
      0.0000	      0.0000	      0.0000	      0.0000
      0.0000	      0.0000	      0.0000	      0.0000
      2.2340	      0.1468	     20.1192	     -4.4876
      0.0000	      0.0000	      0.0000	      0.0000
      0.0000	      0.0000	      0.0000	      0.0000
      0.0000	      0.0000	      0.0000	      0.0000
    -48.5595	    -34.6734	    -29.5980	    -15.3135
      0.0000	      0.0000	      0.0000	      0.0000
      0.0000	      0.0000	      0.0000	      0.0000
      0.0000	      0.0000	      0.0000	      0.0000
   -204.1634	   -146.8174	   -186.7462	    -22.1556
      0.0000	      0.0000	      0.0000	      0.0000
      0.0000	      0.0000	      0.0000	      0.0000
      0.0000	      0.0000	      0.0000	      0.0000
    -83.9898	    -24.9671	    -91.8714	    -84.4553
      0.0000	      0.0000	      0.0000	      0.0000
      0.0000	      0.0000	      0.0000	      0.0000
      0.0000	      0.0000	      0.0000	      0.0000
    -49.4423	    -32.7090	    -34.8828	    -35.0768
      0.0000	      0.0000	      0.0000	      0.0000
      0.0000	      0.0000	      0.0000	      0.0000
      0.0000	      0.0000	      0.0000	      0.0000
     -8.4531	    -15.2934	    -18.7864	    -15.7795
      0.0000	      0.0000	      0.0000	      0.0000
      0.0000	      0.0000	      0.0000	      0.0000
      0.0000	      0.0000	      0.0000	      0.0000
    -66.5125	    -40.8092	    -84.0234	    -52.2531
      0.0000	      0.0000	      0.0000	      0.0000
      0.0000	      0.0000	      0.0000	      0.0000
      0.0000	      0.0000	      0.0000	      0.0000
    -67.0387	    -75.9821	    -67.0098	    -50.0005
      0.0000	      0.0000	      0.0000	      0.0000
      0.0000	      0.0000	      0.0000	      0.0000
      0.0000	      0.0000	      0.0000	      0.0000
    -35.4234	    -66.5645	    -53.2856	    -62.8671
      0.0000	      0.0000	      0.0000	      0.0000
      0.0000	      0.0000	      0.0000	      0.0000
      0.0000	      0.0000	      0.0000	      0.0000
    -52.1476	    -42.6139	    -62.6417	    -53.6043
      0.0000	      0.0000	      0.0000	      0.0000
      0.0000	      0.0000	      0.0000	      0.0000
      0.0000	      0.0000	      0.0000	      0.0000
    -71.3758	    -53.0557	    -70.9509	    -68.1544
      0.0000	      0.0000	      0.0000	      0.0000
      0.0000	      0.0000	      0.0000	      0.0000
      0.0000	      0.0000	      0.0000	      0.0000
    -61.2988	    -86.3222	    -87.6292	    -77.1031
      0.0000	      0.0000	      0.0000	      0.0000
      0.0000	      0.0000	      0.0000	      0.0000
      0.0000	      0.0000	      0.0000	      0.0000
    -58.1839	    -50.9293	    -56.6950	    -35.7509
      0.0000	      0.0000	      0.0000	      0.0000
      0.0000	      0.0000	      0.0000	      0.0000
      0.0000	      0.0000	      0.0000	      0.0000
    -57.8916	    -78.1187	    -78.9137	    -46.3620
      0.0000	      0.0000	      0.0000	      0.0000
      0.0000	      0.0000	      0.0000	      0.0000
      0.0000	      0.0000	      0.0000	      0.0000
    -87.6348	    -81.3497	    -86.3149	    -57.4767
      0.0000	      0.0000	      0.0000	      0.0000
      0.0000	      0.0000	      0.0000	      0.0000
      0.0000	      0.0000	      0.0000	      0.0000
     -9.7020	    -11.6113	      6.5960	     -9.4897
      0.0000	      0.0000	      0.0000	      0.0000
      0.0000	      0.0000	      0.0000	      0.0000
      0.0000	      0.0000	      0.0000	      0.0000
    -23.8796	    -37.8904	    -12.9176	    -36.6063
      0.0000	      0.0000	      0.0000	      0.0000
      0.0000	      0.0000	      0.0000	      0.0000
      0.0000	      0.0000	      0.0000	      0.0000
    -87.9417	   -107.9737	   -103.9545	   -119.3017
      0.0000	      0.0000	      0.0000	      0.0000
      0.0000	      0.0000	      0.0000	      0.0000
      0.0000	      0.0000	      0.0000	      0.0000
   -141.8318	   -107.0416	   -146.5554	   -140.0080
      0.0000	      0.0000	      0.0000	      0.0000
      0.0000	      0.0000	      0.0000	      0.0000
      0.0000	      0.0000	      0.0000	      0.0000
    -69.8496	    -47.8119	    -83.6813	    -87.0096
      0.0000	      0.0000	      0.0000	      0.0000
      0.0000	      0.0000	      0.0000	      0.0000
      0.0000	      0.0000	      0.0000	      0.0000
    -70.8793	    -41.7019	    -63.9537	    -69.4482
      0.0000	      0.0000	      0.0000	      0.0000
      0.0000	      0.0000	      0.0000	      0.0000
      0.0000	      0.0000	      0.0000	      0.0000
    -97.1082	   -111.4090	   -104.4887	    -97.7511
      0.0000	      0.0000	      0.0000	      0.0000
      0.0000	      0.0000	      0.0000	      0.0000
      0.0000	      0.0000	      0.0000	      0.0000
   -103.4269	   -107.9515	   -110.0876	    -86.7876
      0.0000	      0.0000	      0.0000	      0.0000
      0.0000	      0.0000	      0.0000	      0.0000
      0.0000	      0.0000	      0.0000	      0.0000
    -79.3074	    -97.0021	   -119.4333	    -98.6354
      0.0000	      0.0000	      0.0000	      0.0000
      0.0000	      0.0000	      0.0000	      0.0000
      0.0000	      0.0000	      0.0000	      0.0000
   -108.7898	    -54.1331	   -104.4081	    -91.6763
      0.0000	      0.0000	      0.0000	      0.0000
      0.0000	      0.0000	      0.0000	      0.0000
      0.0000	      0.0000	      0.0000	      0.0000
   -110.5627	    -92.8027	   -104.9445	   -114.0863
      0.0000	      0.0000	      0.0000	      0.0000
      0.0000	      0.0000	      0.0000	      0.0000
      0.0000	      0.0000	      0.0000	      0.0000
   -125.4136	   -123.1495	   -131.3481	    -93.3078
      0.0000	      0.0000	      0.0000	      0.0000
      0.0000	      0.0000	      0.0000	      0.0000
      0.0000	      0.0000	      0.0000	      0.0000
    -72.8328	    -35.6345	    -66.9169	    -69.6441
      0.0000	      0.0000	      0.0000	      0.0000
      0.0000	      0.0000	      0.0000	      0.0000
      0.0000	      0.0000	      0.0000	      0.0000
    -51.1281	    -98.9830	    -89.0768	    -89.1597
      0.0000	      0.0000	      0.0000	      0.0000
      0.0000	      0.0000	      0.0000	      0.0000
      0.0000	      0.0000	      0.0000	      0.0000
   -121.6568	   -124.7191	   -121.5043	   -123.3971
      0.0000	      0.0000	      0.0000	      0.0000
      0.0000	      0.0000	      0.0000	      0.0000
      0.0000	      0.0000	      0.0000	      0.0000
    -44.2950	    -24.9154	    -70.6181	    -45.0440
      0.0000	      0.0000	      0.0000	      0.0000
      0.0000	      0.0000	      0.0000	      0.0000
      0.0000	      0.0000	      0.0000	      0.0000
    -67.5069	    -87.1643	    -45.8950	    -70.1743
      0.0000	      0.0000	      0.0000	      0.0000
      0.0000	      0.0000	      0.0000	      0.0000
      0.0000	      0.0000	      0.0000	      0.0000
   -192.6243	   -150.0817	   -139.3154	   -138.9075
      0.0000	      0.0000	      0.0000	      0.0000
      0.0000	      0.0000	      0.0000	      0.0000
      0.0000	      0.0000	      0.0000	      0.0000
