# a0	a1	a2	a3
    -20.8434	     -6.3209	     -6.2169	     -6.8933
    -10.7349	     -5.3701	      1.9547	      0.0000
    -10.0914	    -12.2345	      0.0000	      0.0000
    -11.9031	     -9.0819	     -7.8176	    -13.5569
     -4.2958	      5.1905	      0.0000	      0.0000
    -20.3937	    -25.0456	    -25.1442	    -27.8825
    -18.7059	    -18.2556	    -21.8780	    -20.9052
    -12.0998	     -0.0319	     -3.0367	      0.0000
     -9.0947	    -15.9939	    -10.4610	     -7.5954
     -3.9958	    -10.7990	     -4.5460	     -5.3841
    -24.6927	    -22.4116	    -23.8614	    -32.1390
    -20.1916	    -22.4278	    -25.9301	    -20.2533
    -10.1905	     -7.4958	    -12.5857	    -11.3282
    -12.3408	    -12.1285	     -6.1264	    -12.3443
      0.0000	      0.4001	      0.0000	     -0.9950
    -21.7796	    -31.3536	    -20.1325	    -22.4799
    -21.4539	      3.3027	    -22.4347	    -21.9482
     -9.7667	     -7.8067	    -11.0484	     -8.9300
    -19.2680	    -14.5481	    -13.9017	    -19.2475
     -2.6846	      0.0000	      0.0000	      0.0000
   -162.1216	    -66.3867	   -151.5662	   -172.6622
    -85.3655	    -55.5229	    -86.2647	    -82.8662
    -39.0900	    -33.2527	    -32.4092	    -35.2306
    -62.8144	    -56.5722	    -63.7747	    -62.7044
     -8.5525	     -8.6254	    -15.0089	     -9.3314
    -18.8210	    -13.0105	    -20.5713	    -15.1404
    -12.6246	    -12.0134	    -16.6398	     -8.2658
     -4.6077	     -1.8285	      0.0000	      0.0000
    -16.6104	     -8.1716	    -13.6675	    -13.9989
     -2.9254	     -2.6001	     -6.2807	      0.0000
    -23.6210	    -28.0256	    -28.8499	    -29.1008
    -30.1706	    -30.0952	    -35.2877	    -29.7015
    -16.2792	     -9.2387	    -14.0186	    -12.8916
    -23.7090	    -24.0065	    -23.1229	    -21.0082
     -8.1165	    -12.4491	    -12.6613	     -7.5456
    -19.6151	    -10.3112	    -17.7519	    -17.6718
    -21.0775	     -0.6769	    -28.6327	    -23.2201
    -14.2860	    -14.6089	    -12.6626	    -12.7535
    -33.8277	    -31.1417	    -33.5828	    -39.6873
    -18.6470	    -19.6420	    -19.4776	    -22.3125
    -14.2786	     -4.3677	    -13.1792	    -12.9623
    -12.5982	    -11.8202	      9.6238	    -11.7214
     -6.0833	      2.0320	     -6.7740	     -5.9304
    -27.5115	    -11.7086	    -26.2925	    -24.7866
     -2.8132	     -1.9178	    -10.2502	     -4.0308
    -43.4979	    -46.9477	    -51.2719	    -46.6953
    -31.3355	    -20.6934	    -34.3256	    -39.2002
    -12.2040	    -12.5415	    -13.8865	    -14.7355
    -59.0455	    -31.7594	    -58.0053	    -58.4153
    -20.6403	     -4.8083	    -26.0000	    -21.8533
    -17.5244	    -19.9628	    -20.1294	    -16.6753
    -26.3487	    -21.2966	    -28.0351	    -22.6854
    -20.7874	    -13.1711	    -14.7460	    -13.8205
    -20.5060	    -15.3304	    -22.1168	    -21.3613
    -41.4216	    -42.5395	    -33.5846	    -42.0902
    -11.8443	    -20.2107	    -18.6654	    -14.8172
    -26.5696	    -24.1552	    -34.6413	    -26.0937
    -17.9747	    -17.1443	    -22.2509	    -19.3070
    -34.7398	    -29.0525	    -39.0152	    -36.3118
    -41.7479	    -33.4834	    -40.2675	    -36.7206
    -17.9882	    -18.4354	    -19.9563	    -18.6603
    -32.3685	    -33.5638	    -32.7137	    -31.2900
    -19.3385	    -15.3741	    -19.4782	    -19.8184
    -26.0532	    -13.5814	    -24.4035	    -25.1886
    -41.9594	    -48.2200	    -36.1340	    -45.3608
    -10.2380	     -8.6572	     -9.4444	     -8.2866
    -21.1991	    -24.7283	    -21.7445	    -24.0387
    -15.5903	    -13.3018	    -14.7415	    -14.9453
    -20.7011	     -5.0977	    -18.3427	    -18.6206
    -32.1209	    -10.7181	    -32.8350	    -40.9050
    -22.5478	    -21.6139	    -22.0112	    -19.4324
    -37.8480	    -37.2889	    -38.3345	    -37.0246
    -16.2174	    -16.0624	    -22.7217	    -19.4851
    -47.4015	    -40.4258	    -51.8633	    -48.2568
    -56.3847	    -46.6550	    -46.4661	    -56.9380
    -19.1359	    -19.2017	    -10.4842	    -15.9295
     -1.3937	     -1.2896	      0.0000	     -1.2159
     -1.6752	     -0.1012	      0.3589	      0.0000
     -2.1153	     -1.8192	      4.0795	      0.0000
      0.0000	      0.0000	      5.2413	      0.0000
    -16.2828	    -26.7837	     -9.6423	    -16.7498
     -1.2719	     -1.9020	      0.9900	     -2.8266
    -17.1742	    -20.3232	    -15.5801	    -17.1572
    -21.0681	    -13.8608	    -25.5465	    -22.7655
      0.0000	      0.0000	      0.0000	      0.0000
    -35.9759	    -37.8376	    -38.8525	    -41.9543
    -24.8989	    -23.0442	    -24.5318	    -25.1278
     -5.8024	     -6.0996	     -0.5121	     -4.3709
    -14.5574	    -13.3086	    -12.5566	    -14.0768
      0.0000	     -2.6287	      0.2267	      0.0000
    -40.8877	    -43.7448	    -36.3091	    -39.6960
    -15.0975	      7.6405	    -10.8149	    -23.0914
     -3.8350	     -1.7916	     -1.0382	      0.0000
    -12.7634	     -6.6300	    -12.5037	    -11.5560
     -1.3185	      0.0000	      0.0000	      0.0000
    -84.5307	    -41.4796	    -76.1071	    -81.1153
    -46.7882	      0.6993	    -59.2381	    -36.5323
    -53.4447	    -45.2351	    -47.8705	    -23.7828
    -68.5851	    -66.5735	    -65.0136	    -69.8061
    -23.2871	    -17.6443	    -19.1345	    -17.7533
    -23.2075	    -21.9682	    -19.0198	    -18.0334
     -2.7618	      6.3947	    -13.6550	     -5.7745
    -20.4044	    -16.6565	     -3.7122	     -8.0842
     -1.1378	     10.5423	     -5.8588	     -1.8178
    -10.5609	    -10.1115	    -13.1724	    -10.0409
    -27.4433	    -24.2758	    -18.9805	    -31.6042
    -14.3521	      5.6211	    -16.7911	    -15.5867
    -12.1078	    -11.9213	    -14.9524	    -12.9427
    -20.8254	    -15.0157	    -25.0646	    -20.6284
    -17.3407	    -15.9160	    -17.6589	    -16.7761
    -43.8236	    -13.6520	    -49.0326	    -48.8418
    -16.4589	     10.0300	    -18.0287	    -22.1506
    -17.2652	     -3.4623	    -17.6134	    -18.5512
    -45.8840	     -6.3196	    -46.1722	    -47.9779
    -15.7367	    -10.1796	    -20.8440	    -15.6913
    -29.5885	     -3.3841	    -33.1496	    -28.7852
    -29.9823	      8.2660	    -27.4917	    -30.0728
     -5.9298	      6.6078	     -6.2575	     -9.4275
    -14.0762	     -4.1949	    -17.6281	    -14.2924
    -17.0388	     -4.3886	    -23.9399	    -24.6971
    -34.8304	    -19.3543	    -49.9260	    -31.6710
    -26.2261	      3.3207	    -66.3643	    -28.9058
    -43.0635	      3.5366	    -44.1557	    -45.0210
    -62.4933	    -23.5137	    -68.5802	    -58.9797
    -41.7743	    -11.4385	    -46.5666	    -38.1103
    -16.2665	    -12.4220	    -19.3028	    -15.3940
     -6.1422	    -21.1336	    -21.7953	    -16.3929
    -13.4637	     -0.6806	    -11.7615	     -8.2501
    -23.8524	    -28.5779	    -27.0479	    -25.0215
    -34.6726	    -21.2725	    -31.3035	    -26.8017
    -11.6136	    -11.6789	    -11.8987	    -12.5309
    -14.2153	      3.7477	    -17.9022	    -14.0308
    -15.6408	    -11.6667	    -15.0447	    -16.2278
    -24.3921	    -15.9933	    -24.6962	    -24.7022
    -33.3374	    -17.8663	    -37.1444	    -33.6269
    -24.5548	    -16.7908	    -29.5148	    -25.1963
    -25.4131	      1.3667	    -27.8229	    -25.9077
    -19.9357	     -8.4335	    -24.9262	    -19.3769
    -21.6873	      1.2071	    -21.8750	    -21.6506
    -48.8950	    -16.5208	    -51.6978	    -54.9333
    -31.4429	    -16.8379	    -33.2959	    -31.4068
    -19.8552	     -1.6782	    -20.2615	    -20.9236
    -17.2981	     -3.7130	    -30.9211	    -19.8381
    -21.5255	     10.9788	    -38.4992	    -25.5755
    -51.7741	     -8.3285	    -51.9152	    -49.1472
    -11.3749	     -1.4907	    -31.8393	     -8.8712
    -31.2809	     -6.4701	    -31.8027	    -31.7491
    -26.5144	     -7.5333	    -44.5501	    -26.3504
    -44.7856	      8.5814	    -51.0934	    -38.8317
    -47.8532	     -4.8684	    -79.1330	    -59.0729
    -13.0852	    -12.0312	    -12.4367	    -11.7024
     -0.1958	     -2.2460	     -2.1242	      0.0000
     -1.8048	     -1.1494	      0.0000	     -2.1765
     -2.9146	     -3.1587	     -1.5838	     -1.8745
      0.0000	      0.0000	      0.0000	      0.0000
    -43.1302	    -30.2187	    -28.6627	    -30.8830
    -12.6732	    -12.1096	    -12.2995	    -12.2036
     -4.7841	     -4.5760	     -5.3285	     -5.6343
    -17.7488	    -17.7710	    -16.9036	    -17.2122
     -5.5794	     -4.1683	     -4.7809	     -3.8773
    -63.0940	    -69.9367	    -54.5671	    -63.6815
    -17.1944	    -15.6089	    -17.9928	    -16.6626
    -13.6427	    -14.7788	    -15.4675	    -13.7213
    -34.4793	    -33.8246	    -34.0444	    -35.4102
    -11.9192	    -12.1902	    -12.9518	    -12.1097
    -63.5387	    -64.3343	    -61.8149	    -64.7088
    -48.4951	    -17.0658	    -45.5220	    -46.8341
    -31.1826	    -29.2537	    -31.4822	    -31.2671
    -24.5008	    -22.1491	    -24.9289	    -24.0563
    -11.2959	    -11.5664	    -14.3006	    -15.1987
   -140.8419	    -63.6372	   -158.6488	   -148.8891
    -74.6635	    -25.1242	   -110.2768	    -79.2344
   -103.4847	    -29.7604	   -101.1403	   -104.1597
   -151.3766	    -69.8717	   -136.0099	   -132.9446
   -126.8925	   -125.0345	   -116.5525	   -125.8454
    -16.5899	     -1.8241	    -19.5319	    -17.2788
     -6.6471	      5.7876	    -15.1186	     -6.5218
     -1.0753	     -1.2920	     -4.6457	     -2.1402
     -5.6850	      0.7616	     -9.6142	     -6.8905
    -19.0843	      0.4605	    -16.7771	    -12.9325
    -28.1324	     -3.0632	    -34.7551	    -31.0890
    -16.1420	      3.7293	    -22.8690	    -16.9661
    -13.6566	    -11.0196	    -16.7219	    -13.2475
    -20.5587	     -2.4342	    -27.3305	    -22.2741
    -27.6269	    -27.7339	    -31.3478	    -31.5195
    -50.1617	    -11.1865	    -56.5207	    -45.9079
    -23.7815	     -3.5367	    -27.7108	    -22.8764
    -20.6505	     -1.3359	    -26.0327	    -21.7840
    -32.5598	    -13.3255	    -38.1045	    -38.1317
    -33.7220	    -15.4557	    -38.6980	    -32.7903
    -64.2097	    -34.5591	    -68.9860	    -68.0927
    -41.3755	    -10.8160	    -45.6983	    -44.8415
    -26.9287	    -20.5649	    -24.4867	    -26.0922
    -42.8309	    -20.6845	    -46.9807	    -44.5149
    -32.1860	    -14.9015	    -37.3749	    -38.7016
    -99.7734	    -57.6999	   -110.9462	    -98.3811
    -80.3119	    -28.9074	    -99.2796	    -91.9344
    -81.2294	    -20.1706	   -102.8724	    -88.0052
   -124.8144	    -29.3667	   -135.3907	   -121.1528
   -103.3077	    -52.2245	   -125.9881	    -93.6024
     -5.4191	     -3.8765	    -13.2579	     -4.2691
     -5.2472	      2.6567	    -14.6699	     -6.1514
     -4.0603	     -2.7363	     -7.4546	     -5.4167
     -9.6451	     -7.8949	    -10.1333	    -11.2023
    -19.4504	    -10.5860	    -23.2062	    -17.4063
    -12.2722	     -0.6460	    -21.0133	    -12.8190
    -13.9085	      3.3503	    -16.6197	    -14.3611
    -13.5777	     -5.7063	    -14.3893	    -12.9644
    -19.6055	     -4.5445	    -25.4160	    -20.3361
    -37.1963	    -10.0250	    -38.8320	    -38.8221
    -28.6403	    -13.4547	    -34.6772	    -27.5305
    -15.3274	     -2.4477	    -18.9774	    -17.1515
    -10.0904	     -2.3061	    -19.8307	    -15.5035
    -29.5568	    -11.6376	    -28.9853	    -27.6129
    -66.4813	    -16.7790	    -59.6755	    -64.4387
    -37.9563	    -32.0234	    -40.4287	    -41.8520
    -32.9818	    -23.1472	    -37.6135	    -31.8088
    -20.6325	    -15.5242	    -35.2080	    -22.2505
    -47.9384	    -34.4437	    -49.2674	    -49.5936
    -54.0662	    -24.0249	    -72.5029	    -52.2192
   -112.6736	    -44.0557	   -116.2648	   -113.8736
    -96.5443	    -58.4761	   -112.2595	   -100.5186
    -81.2720	    -54.1413	    -97.8414	    -85.4651
    -87.7455	    -14.5887	   -103.7705	    -82.3121
   -115.7684	    -48.0686	   -144.6132	   -126.9585
     -9.2965	     -1.5323	      0.0000	      0.0000
      0.0000	      0.0000	      0.0000	    -10.3700
      0.8435	      0.0000	      3.3500	      0.0000
      0.0000	      0.0000	      0.0000	      0.0000
      0.0000	      0.0000	      0.0000	      0.0000
     -3.8160	     -2.6059	      3.9980	      0.0000
     -4.3506	     -1.4212	      0.1344	      0.0000
     -2.6244	      0.0000	      0.0000	      0.0000
      0.0000	      0.0000	      0.0000	      0.0000
     -0.5731	     -0.8671	      0.0000	      0.0000
     -2.5288	    -10.0204	     -0.9174	     -1.2383
      0.6927	     -3.7293	      5.9330	     -0.8121
      0.0000	      0.0000	      0.0000	      0.0000
      0.0000	      0.0000	      0.0000	      0.0000
      1.3649	      0.0000	      0.0000	      0.0000
     -8.9053	     -3.8722	     -9.3974	     -7.1824
     -1.2118	     -0.1435	     11.2021	      1.9329
     -1.3072	     -0.4536	      0.0000	      0.0000
      0.0000	      0.0000	      0.0000	      0.0000
      0.0000	      0.0000	      0.0000	      0.0000
    -19.2663	     -7.4221	     -7.5444	    -10.6184
     -8.9289	     -9.2914	     -2.3043	    -11.3838
    -10.1985	     -5.5805	     -4.9937	     -9.4124
     -6.3091	      2.8046	      0.0000	      0.0000
      0.0000	      0.0000	      0.0000	      0.0000
      0.0000	      0.0000	      0.0000	      0.0000
      0.0000	      0.0000	      0.0000	      0.0000
      0.0000	      0.0000	      0.0000	      0.0000
     -6.7023	      1.3672	      0.0000	      0.0000
     -0.3459	      0.0000	      0.0000	      0.0000
     -0.5875	     -0.9628	      4.3057	     -1.9680
     -0.7088	     -0.0096	     20.0617	      0.0000
     -2.7695	      4.7523	      0.0000	      0.0000
      2.0670	     10.8308	      0.0000	      0.0000
      0.7459	      0.0000	      4.2136	      0.0000
     -3.4932	     -0.6287	     -5.3539	     -4.1132
      0.0000	      1.2535	     31.2204	      3.5928
     -3.1038	     12.2365	      0.0000	      0.0000
      1.1934	     -2.3806	     23.6095	      0.0000
     -9.7478	      5.9500	      0.0000	      0.0000
     -3.6564	     10.6312	     -1.1600	      0.0000
     -1.0371	     -0.1850	     18.2322	      0.0000
     -0.5224	      0.0000	     16.8092	     -1.3091
     -0.0597	      6.9243	      0.0000	     -3.5214
     -0.4269	     -0.7834	      1.9705	      0.0000
     -0.6915	     19.0244	      5.3693	     -1.9797
     -2.4933	      1.2532	     32.5503	      0.9610
      0.4183	     23.8787	      0.0000	      1.4321
     -6.4202	     20.8831	     -1.5187	      3.8258
     -3.7326	     -2.4881	     21.8536	      1.0179
      0.0000	      0.0000	      0.0000	      0.0000
      0.0000	      0.0000	      0.0000	      0.0000
      0.0000	      0.0000	      0.0000	      0.0000
     -0.9942	      5.3672	      0.0000	      0.0000
     -0.5332	      0.0000	      0.0000	     -5.3171
      0.0000	      0.0000	      0.0000	      0.0000
      0.3947	      6.1937	      0.0000	      1.4635
      0.0000	      0.0000	      0.0000	      0.0000
     -3.2765	      3.9312	      0.0000	      0.0000
     -0.9908	      8.1455	     -2.0147	      0.0000
      0.0000	      0.0000	      0.0000	      0.0000
     -3.1347	      0.0000	      0.0000	      0.0000
      0.8022	      6.1090	      0.0000	      0.0000
      1.1759	     24.1811	      6.1172	     -3.3262
     -8.7590	     -2.5608	      3.1074	     -4.9963
     -2.8664	      0.0000	      0.0000	      0.0000
     -2.9981	      0.0000	      0.0000	      0.0000
      3.7234	      0.0000	      0.0000	      0.0000
      2.8685	     31.9444	     -1.6358	      2.1390
     -1.2902	      3.1420	     -3.0085	      0.0000
     -2.3833	      2.0816	      0.0000	      0.0000
      0.0000	      0.0000	      0.0000	      0.0000
      0.0000	     17.2214	     -0.3148	     -5.5490
     -0.4689	     24.5406	      1.7468	     -5.1009
     -6.0993	      7.9018	     -2.6218	     -3.8617
     -4.3324	     -0.2029	      0.0000	      0.0000
     -0.0218	     -2.3569	      2.0060	      0.0000
     -0.5879	      0.7383	      0.0000	      0.0000
     -1.6301	     -0.0239	      0.6575	      0.0000
      0.0000	      0.0000	      0.0000	      0.0000
    -13.9242	    -14.0378	    -10.0796	    -10.5785
     -1.1290	     -0.7554	     -0.7612	     -1.3011
     -6.0860	     -0.9157	     -0.5657	      0.0000
     -1.4716	     -0.4765	      0.0000	      0.0000
     -0.5137	     -0.7282	      0.0000	      0.0000
    -23.6903	    -24.3699	    -23.0900	    -24.0860
     -6.0253	     -4.3588	     -5.0988	     -5.1899
     -3.1861	     -2.0951	     -0.5046	     -1.5140
     -8.2769	     -5.8088	     -6.0053	     -6.6638
     -0.2600	     -1.0495	      4.9477	      0.0000
    -38.7191	    -34.8192	    -33.7337	    -40.2182
     -6.7930	      3.0221	     -5.0546	     -7.2238
     -0.6237	     -1.2260	     -0.7052	      0.0000
     -2.7657	     -3.8047	     -1.2017	     -1.6033
     -0.0758	     -0.1243	      1.8586	      0.0000
    -36.7397	    -28.4305	    -41.6612	    -40.4985
    -15.4983	     -1.8373	    -45.7438	     -8.4001
    -14.7011	     -2.4399	    -17.1303	    -25.5611
    -10.5927	     -3.0809	     -9.0989	    -10.8354
     -7.2202	     -1.2881	     -7.8194	     -3.7409
     -3.9074	     -1.4371	      4.4079	     -2.0583
     -2.3084	      1.5423	      7.2256	     -2.7303
      1.0761	     21.9837	      0.0000	      0.0000
     -2.3432	     12.9864	     -1.4855	      2.8941
     -8.8203	     -3.4876	     -4.0188	    -10.4884
    -17.7148	    -19.8336	    -12.6406	    -19.5390
     -1.8132	     -3.3641	      9.2472	     -1.8330
      0.7342	     19.4262	      0.0000	     -2.1969
      8.0511	      0.4441	     15.7311	      3.8239
    -13.0852	    -12.1959	    -13.4974	    -13.8842
    -17.8889	    -18.4099	    -10.1915	    -18.7940
     -1.8871	      8.5200	     -0.0058	     -1.5845
      5.0875	     16.3444	     10.3243	     -1.1717
      1.1170	      4.9685	     -3.6584	     -2.8833
    -11.4737	     -6.0432	    -12.7598	    -11.0024
    -19.1548	    -12.0979	    -25.3826	    -23.2397
     -5.2439	      4.7130	      0.4267	     -2.8405
      3.0431	     20.6091	      3.6165	      8.4970
     -4.7517	     10.2175	     -6.9513	     -1.9574
    -13.9533	    -10.4747	    -14.3754	    -13.1784
    -16.3628	     -7.1521	    -23.3172	    -13.2252
     -0.3113	      4.9746	    -15.1130	      3.1818
      2.8683	     14.8410	    -13.3489	     -1.7073
     -1.8053	     15.5069	    -19.1435	    -12.3320
     -9.3074	     -0.9419	    -28.2769	    -10.8804
     -2.6632	     -2.1923	     -1.9835	     -1.5407
     -2.1920	      4.9674	     -1.7850	     -2.1125
     -2.1124	      4.9545	      0.0000	      0.0000
     -1.5533	      5.5236	     -0.6123	     -2.8944
     -9.4724	    -10.0903	     -3.2532	     -3.1122
     -1.5782	     -2.0013	     -0.5789	     -4.3565
     -2.1950	     11.8220	     -0.8193	     -3.3209
      0.0000	     16.4018	      0.0000	     -2.8219
     -3.6889	      7.5565	     -1.9434	     -1.0208
     -6.7833	     -7.2157	     -6.9634	     -7.7760
     -4.9656	      0.5487	     -4.3416	     -5.6877
      0.1301	     11.6353	     -0.5452	      0.0000
     -3.0248	     14.7970	     -2.0286	     -7.7776
      3.8630	      9.4093	      1.7660	      0.2648
    -28.7134	    -11.8143	    -30.1051	    -28.2317
     -3.1893	     -3.1079	     -3.4454	     -3.4811
     -0.9453	      8.3837	      1.4026	      0.6309
     -1.6336	      0.0000	     11.0279	     -2.8595
      2.9407	     15.3404	      9.8625	      2.0085
    -39.2884	    -19.0940	    -24.5344	    -26.6514
     -1.2356	     -0.3919	     -3.9904	     -2.1918
     -0.9151	      9.6803	      0.0000	      0.0000
     -6.3124	     16.1161	    -21.9113	     -6.6938
     12.4024	     14.8577	    -23.3432	     -0.1606
    -28.0017	    -24.5183	    -40.8928	    -27.4092
     -3.0717	     -3.9308	     -3.4130	     -1.4720
     -2.9515	     -2.9221	     -2.6855	     -2.8570
     -0.9171	     -0.6188	      0.0000	      0.0000
      0.2236	      0.2814	      0.0000	      0.0000
     -0.2726	     -0.9218	     -1.3338	      1.3116
    -16.3111	    -16.8471	    -15.7865	    -26.2681
     -5.4173	     -7.3901	     -6.9129	     -6.2864
     -2.1847	     -3.3705	     -4.4656	     -3.9730
     -9.8566	     -9.7766	    -12.4607	    -10.8451
     -2.6895	      0.7144	     -4.2953	     -1.7470
    -41.9655	    -34.6810	    -40.2582	    -41.0694
    -14.0018	    -13.2902	    -14.5886	    -12.0120
     -6.7994	     -3.6709	     -5.5731	     -5.9788
    -16.9406	    -13.1934	    -16.9495	    -16.3990
     -3.3652	     -3.4169	     -3.3904	     -3.6155
    -52.4780	    -52.7111	    -56.1758	    -59.1664
    -22.1158	    -10.6154	    -28.6150	    -16.7917
     -9.2063	     -7.5713	    -11.0700	    -10.5090
     -8.8986	     -6.0209	     -9.1680	     -8.6414
     -2.4157	     -0.8998	     -2.9927	     -2.5074
    -95.5396	    -60.3634	   -113.7789	    -92.5872
    -59.4907	    -29.3605	    -71.7449	    -61.8379
    -62.1934	    -31.2374	    -79.5254	    -69.9818
   -106.9907	    -50.8099	   -110.8575	    -93.5805
    -55.4533	    -59.2188	    -70.7551	    -67.7507
    -15.4290	     -4.5142	    -11.0279	     -8.2172
     -3.2375	     12.5634	     -9.4054	     -4.9921
     -1.2079	     33.3656	     -3.4513	     -1.2360
     -2.6171	     16.4333	     -1.3279	     -2.3684
     -7.3253	      3.6534	    -10.4974	     -9.3744
    -24.7755	    -16.6419	    -28.6672	    -25.5884
     -5.7484	      0.9834	    -17.1971	     -7.7339
     -2.6435	      6.9631	     -5.7214	     -4.0997
     -4.7061	      3.8297	    -11.5329	     -7.4570
    -22.0520	    -21.4179	    -22.5267	    -23.0534
    -29.7061	    -15.7760	    -37.0393	    -25.8807
     -8.2512	     -8.3304	    -15.3474	    -11.8310
     -6.9253	      7.3206	    -13.7061	     -5.0014
     -7.6440	      0.2853	    -15.6217	     -3.3877
    -18.0500	    -13.4071	    -25.5032	    -20.0206
    -34.6656	    -40.3581	    -42.3124	    -39.9448
    -17.8598	     -4.2982	    -32.2434	    -25.2226
     -6.5860	      2.1412	    -20.4811	     -3.7356
    -17.1049	      1.3310	    -29.2749	    -24.0567
    -33.9479	    -13.1580	    -37.8487	    -34.6006
    -56.3824	    -36.7314	    -81.8466	    -66.2961
    -46.1801	    -15.7609	    -51.0781	    -59.0575
    -39.0761	    -17.1482	    -65.6165	    -60.7416
    -64.1230	     -8.1322	    -81.9377	    -47.1259
    -48.7060	    -17.5646	    -74.1064	    -47.9817
     -1.2936	     -0.5810	      0.0000	     -1.9707
      6.3013	     -1.2915	     -1.2916	     -1.8073
     -1.2700	     -0.4140	     -2.0424	     -1.9473
     -2.9873	      5.5431	     -3.0146	     -1.8451
     -1.4018	      3.5465	     -3.8475	     -3.0537
     -4.3023	      1.3747	     -4.1860	     -4.0972
     -4.3143	      8.3720	     -3.6957	     -5.7111
      0.0000	     12.9692	      0.5424	      0.0000
     -7.0193	      9.6107	     -8.6607	     -7.2304
    -15.9211	    -10.9076	    -15.2473	    -15.1194
    -12.5648	    -11.8734	    -14.8566	    -14.1118
      0.7150	     11.2009	     -1.6317	     -2.6027
     -1.1519	     11.5534	      0.0000	      0.0000
     -1.7412	      6.0673	     -5.2048	     -6.4877
    -24.1535	    -46.9836	    -43.4733	    -53.9421
    -11.2617	    -10.7270	    -13.3010	    -11.7557
     -5.6336	      2.4546	     -5.9409	     -4.7399
     -4.8939	      4.0271	     -4.1545	     -2.3635
    -13.2832	      0.2986	    -26.1320	    -21.9838
    -36.2082	    -35.1667	    -39.1757	    -39.3195
    -54.9135	    -40.7601	    -58.8241	    -54.3910
    -52.9044	     -7.6659	    -58.9699	    -68.8448
    -69.1302	    -14.2766	    -76.6600	    -68.1682
    -25.9403	    -20.5501	    -39.2290	    -29.0986
    -60.3748	    -51.4138	   -110.4392	    -71.5759
     -9.2881	    -15.6661	     -7.2338	    -14.3667
     -0.0719	    -10.6114	      2.6738	      0.0000
    -10.0494	    -10.0509	    -10.4229	     -9.8824
     -7.1199	    -19.7245	    -10.7099	    -12.0025
      0.0000	      0.0000	      0.0000	      0.0000
      5.2806	      0.8744	      0.0000	      0.0000
      1.9767	      8.7355	     -1.2022	     37.4531
     30.1144	      6.2906	      0.0000	      0.0000
     17.0965	      1.0273	      0.0197	      0.7424
      2.0608	      0.0000	      0.0000	      0.0000
     -0.7598	      9.1485	      3.3703	     -6.6514
     38.0373	      0.3930	      2.1475	      0.0000
     18.7175	      5.4217	      2.3673	      5.3706
     28.5773	      2.0946	      0.0000	      6.6885
     20.4619	      0.3146	     -1.4800	      0.0000
     15.6745	      0.4679	     -1.6254	      4.6556
      0.0000	      0.0000	      3.2114	     20.3293
     12.2257	      0.0000	      0.0000	      2.2834
      3.7267	      0.0000	      0.1963	     11.5460
      0.0000	      0.0000	      0.0000	      0.0000
      2.9003	     -5.0090	     -0.3367	     -1.8912
     17.5861	     29.6955	     12.4176	     52.6708
     16.6766	      1.4953	      0.0000	     46.1687
      1.0739	      1.3305	     -1.7978	      7.0814
      0.0000	      0.0000	     25.8827	      0.0000
      0.0000	      0.0000	      0.0000	      0.0000
      0.0000	     -7.0181	      0.0000	      0.0000
      0.0000	      0.0000	      0.0000	      0.0000
    -10.0033	     -9.3573	      4.1332	      0.0000
    -10.0068	     -0.2019	      0.1795	      0.0000
     -7.8212	      0.0000	      0.0000	      0.0000
     -4.0711	      0.0000	     17.7840	      0.0000
      2.6139	      0.0000	      3.3538	      0.0000
     11.1293	      0.0000	      0.0000	      2.0393
      1.7236	      0.0000	     11.0431	      0.0000
      1.8757	      1.3867	      0.0000	      7.1135
     31.2536	      0.7752	      0.0000	      0.0000
      0.0000	      0.0000	      9.0964	      0.0000
     12.5553	      0.0000	      0.0000	      0.0000
      5.8449	      0.3806	      0.0000	      0.0000
      6.9600	      0.0000	      0.0000	      0.0000
      6.9779	      0.0000	      0.0000	      0.0000
      0.0000	      0.0000	      0.0000	      0.0000
      3.6977	      0.0000	      0.0000	      0.0000
      0.0000	      3.9389	      0.0000	      0.0000
     37.4334	     13.8322	     13.3078	     18.3400
     25.4211	      0.0000	     -0.2218	      4.3217
      0.0000	      0.0000	      9.1065	      3.7494
     11.9357	     10.1729	     -0.3853	     51.2858
     23.0782	     21.1122	     12.8123	     41.7442
      0.0000	    -10.4735	      0.0000	      0.0000
      0.0000	      0.0000	      0.0000	      0.0000
    -10.0812	      0.0000	      0.0000	      0.0000
     -9.9547	      1.3421	      0.0000	      0.0000
    -10.0578	      0.0000	     -0.2211	    -10.0685
      0.0000	      0.0000	      0.0000	      0.0000
      1.0577	      0.0000	      0.0000	      0.0000
      0.0000	      0.0000	      0.0000	      0.0000
      7.9409	      0.0000	      0.0000	      0.0000
     -0.5991	      5.5541	      0.0000	     -7.9259
      0.0000	      0.0000	      0.0000	      0.0000
      2.8427	      0.0000	      0.0000	      0.0000
      4.0554	      0.0000	      0.0000	      0.0000
     25.8662	      3.2831	      3.0870	      0.0000
     15.0919	      1.8392	      1.8501	      0.0000
      0.0000	      0.0000	      0.0000	      0.0000
      0.0000	      0.0000	      0.0000	      0.0000
     15.8470	      0.0000	      0.0000	      0.0000
     31.8969	      0.0000	      3.9594	      0.0000
     -6.9429	      0.0000	      1.2865	      9.3951
      5.1152	      0.0000	      4.2406	     15.9110
      1.3632	      1.1168	      0.0000	      0.0000
     22.6028	      3.8259	      1.0746	      4.5194
     45.6380	     17.9835	     12.5180	     11.7067
     40.4343	      2.9197	     -4.6956	      8.9669
     -1.7645	     -0.0023	      0.0000	      0.0000
      7.9576	      0.0000	      0.0000	      0.0000
      9.9860	      0.0000	      0.0000	      0.0000
      6.2961	      0.0000	      0.0000	      0.0000
     -0.0141	     -0.4971	     -1.3553	      4.2269
      6.8231	      0.0000	      0.0000	      0.0000
     24.8359	      0.0000	      0.2115	      2.5359
      0.0000	      1.5686	      1.1358	     34.0377
     28.2285	      8.8623	     -1.2389	      7.7034
     15.5973	      0.0000	      0.0000	      0.0000
     -8.3011	      3.4748	      5.9326	     14.6564
     21.1901	      0.6949	     -1.1019	      0.0000
     30.3811	      0.2843	      0.0000	      4.7751
     10.9203	      4.5029	      5.0318	     58.6648
     25.5277	      1.3025	     -0.5288	      2.5676
     -0.6463	     -4.8821	    -26.7769	     -4.8235
     12.4744	     10.5522	      3.0996	     13.9333
     27.0107	      3.5638	      1.4867	      5.0981
      8.3936	      9.4120	      3.4943	     59.0505
     51.1719	      0.0000	     -1.2824	      3.0346
      5.8357	     -0.5936	    -35.8058	      7.6287
     23.2816	     17.7629	     -0.3484	     24.0708
     17.1280	     14.4136	      8.9042	     49.5519
     38.6218	     11.6030	     -6.8998	      4.7068
     19.2348	     19.7594	      6.9196	     79.8427
      0.0000	     -5.3350	      5.5129	      0.0000
     17.1377	      0.0000	      0.0000	      0.0000
      2.4053	      0.0000	      0.0000	      0.0000
     -1.8567	     20.7366	      1.5214	      0.0000
      2.4541	      0.0000	      0.0000	      4.4090
     -4.3910	     -0.9292	     -3.9893	      8.0199
     -3.8656	      3.6723	     19.6126	      0.0000
      1.4483	      0.6095	     16.2702	      0.9734
     23.7027	      6.1592	      3.8676	      2.5761
     11.1335	      0.2304	      4.5970	     11.2474
      2.3919	     -0.4510	     -2.1321	     -1.8063
     21.2441	      0.0000	      6.1099	      0.0000
      3.9122	      0.0000	      0.0000	     27.1831
      5.6152	      3.4597	     20.9311	      2.8261
      1.8952	      3.6787	     17.6914	      2.9575
      2.3776	      1.9681	      2.8335	      4.7528
      2.1820	      0.0000	     18.0317	      2.3491
      4.2303	      2.3892	     26.0181	      5.5537
      6.8168	      9.4360	      6.0813	     25.6801
     10.6804	      1.0916	      7.3419	      2.0842
     11.0006	      6.3556	      0.9042	      5.9024
     21.0041	      8.4795	     13.0424	      6.7133
     22.8478	      0.0000	      5.2438	      0.0000
      5.9397	     10.9244	      8.3998	     25.1053
     11.5750	     12.4503	     -7.2906	     21.1862
     -9.0565	    -10.0962	      1.5302	      0.0000
      0.0000	      0.0000	     10.7312	      0.0000
      7.2187	      0.0000	      0.0000	      0.0000
      7.0135	      0.0000	      8.7842	      0.0000
     -2.4271	      2.3263	    -10.0511	      0.0000
      6.2036	      0.0000	     -0.5946	      0.0000
      6.7059	      2.9840	     -7.0913	     17.4804
      7.6163	      0.0000	      0.0000	      0.0000
     10.6251	      1.6798	      1.0277	      0.6944
     -7.1967	     11.1967	      1.9326	      0.0000
      1.3752	      1.2212	     10.1901	      0.0000
      8.6392	      0.0000	      4.1041	      0.0000
      3.4608	     10.9513	      0.0000	      0.0000
     15.1382	      3.5208	      0.0000	      0.0000
     -5.2863	      1.3089	      4.4903	      3.8225
      5.4372	      0.9418	      0.0000	      0.0000
     12.2775	      0.0000	      0.0000	      0.0000
      6.4166	      0.0000	      0.0000	      0.0000
     25.4039	      8.7229	     13.5208	     10.8019
     -2.1335	     -1.5721	     -4.1461	     -2.9037
      4.0688	      0.0000	      3.2916	      0.0000
      0.0000	      0.0000	      3.9063	      0.0000
      9.8084	      0.0000	      0.0000	      1.4668
      2.4633	      7.6459	      0.7593	     25.5738
      2.2826	    -16.6623	    -29.1284	     -4.8512
     -6.5722	      0.0000	     -0.6540	     19.5869
      9.6704	      0.3433	     -1.3212	      2.6534
      8.1896	      0.0000	      0.0000	      0.0000
     21.5863	      1.1151	      0.4361	      0.0000
      0.0000	      5.5620	      0.0000	      0.0000
     -0.2253	     -1.0143	     -1.5585	     28.7349
     22.8066	     -0.4864	     -4.7246	      0.8588
     13.5191	      0.0000	      0.0000	      0.0000
     10.3195	     11.9828	      3.2427	     53.9142
      2.1860	      0.0000	     -0.0404	     22.3664
     -6.3280	      0.0803	    -23.1482	      7.0652
     22.7424	      8.4338	     -2.5300	     11.4165
      3.0674	     34.2049	     -4.4581	      0.0000
     19.0256	     19.5885	      7.3431	     46.2314
     22.9298	      0.0000	      0.0000	      0.0000
     -2.7150	     -6.6084	    -21.6921	     -0.8000
     15.0977	      2.8651	     -5.7155	     13.9240
      1.6039	      1.6493	     -5.0727	     14.7702
     33.1604	      3.8497	      2.4762	     10.0920
     31.9169	      0.0000	     -2.7732	      1.5462
    -86.2576	    -81.8287	   -103.7717	    -53.4015
    -27.9957	    -38.1057	    -60.9326	     -5.9335
      1.7333	    -25.9708	    -41.6550	    -14.7469
      5.5857	    -34.9258	    -49.9153	    -38.5088
    -10.6744	    -16.1895	    -20.7733	     -4.3432
     -3.2525	      6.1523	     -1.1395	      0.0000
     23.9419	      0.0000	      0.0000	      0.0000
     15.3698	      0.0000	      0.0000	      0.0000
     32.4165	      1.4216	      0.0000	      3.3071
      2.5674	      9.3949	     -0.0617	      3.3702
     -7.6492	     -0.7827	     -1.4800	      9.4849
      9.3732	      2.3299	     -2.1029	      1.6479
     17.0345	      1.2384	     -0.8772	      0.0000
      2.6976	     14.2992	      0.3703	      1.3981
      1.6358	      4.0240	      0.9422	     11.0369
     -2.4357	      2.9426	     -7.2006	     -1.4041
     13.7090	      4.1226	      0.5520	      2.3954
     21.5304	      3.0391	     -1.2759	      1.6521
     15.8576	     12.0318	      1.1226	      9.0993
      7.3508	      1.0403	     -0.5632	      1.0907
     -3.4913	     -7.1915	     -5.3826	     -7.0848
      8.0538	      7.7406	      0.7510	     24.5099
     20.4218	      0.2309	     -2.4808	      4.8502
     15.9822	      9.8224	     -1.6301	     12.0446
      0.6136	     -7.6409	    -12.6207	     -6.7955
    -51.2735	    -46.2615	    -63.7204	    -28.6193
    -31.9888	    -34.3603	    -47.4400	      2.4249
    -30.5451	    -24.7524	    -32.2434	     -8.8496
     12.8979	    -33.9187	    -40.3912	    -35.2162
    -35.5587	    -15.7487	    -60.3658	    -30.6168
      0.0000	      4.7823	      0.0000	      1.6289
      0.0000	      0.0000	      0.0000	      8.4724
      0.0000	      0.0000	      0.0000	      0.0000
      5.4932	      0.0000	      0.0000	      0.0000
      4.3161	      0.0000	      1.0355	      0.0000
      4.6724	      0.0000	      0.0000	      0.0000
     20.3200	      0.0000	     -0.6138	      0.0000
     19.0001	      0.0000	      0.0000	      0.0000
     14.8566	      0.0000	     -1.7467	      2.7879
     -7.5155	      0.6881	     -8.5812	     -0.7003
      8.9756	      0.0000	      0.0000	      0.0000
     22.1064	      0.0000	      1.7727	      0.0000
     10.6104	      1.1154	      0.0000	      0.0000
      7.6604	      2.6410	      4.7577	      3.1037
    -13.2450	    -15.5475	     -9.7999	    -13.6313
      7.9792	     -1.3295	     -0.2294	      0.0000
     17.9436	      0.0000	      1.0515	      2.3492
      2.3897	      0.0000	      0.0000	      0.0000
      1.4314	      3.5614	      3.2189	      1.0659
    -22.6548	    -15.2206	    -15.7835	    -13.9777
     -9.9655	     -8.2438	     -9.0171	    -10.9712
      2.7509	    -20.8521	    -19.3931	    -26.5765
     -4.4720	    -29.1197	    -28.4952	    -29.3535
     -6.5314	    -26.5431	    -32.9278	    -14.7622
    -17.4839	    -50.0633	    -55.7343	    -74.7621
     -1.0939	     -1.1412	      5.1420	      0.0000
      0.0000	      0.2186	      5.5512	    -10.3851
      3.8236	      0.0000	      0.0000	      0.0000
     -0.1872	      2.3244	      0.0000	      0.0000
      0.0000	      0.0000	      0.0000	      0.0000
     -9.1250	     -9.6828	     -5.8072	     -0.8127
     -1.4115	      0.9529	     -2.2137	     -2.3306
     -0.4283	      3.1921	      0.0000	      0.5123
     -0.5290	     -0.4606	      0.0000	      0.0000
      0.0000	      0.0000	     -7.8697	      0.0000
     -0.3045	      0.5521	     11.5197	     -8.3448
     -0.9040	     13.0886	      0.1456	     -1.2623
     -0.1659	     -0.0898	      5.9545	      0.0000
      0.0000	      2.3688	      0.0000	      0.0000
      0.8423	      0.0000	      0.0000	      0.0000
    -15.7603	     -2.1109	      0.1025	    -10.2278
      5.6123	     18.9464	      5.2609	      3.7161
      0.9453	      2.1813	     18.1829	     -0.5209
      0.0000	      2.1186	     -4.2762	      0.0000
      0.8763	      0.0000	      0.0000	      0.0000
     -6.3839	     -7.8308	     16.5644	    -18.3172
     -0.5510	     11.8391	      2.4015	     -6.8570
      3.5022	      0.0000	      0.0000	      0.0000
      1.3443	     15.9789	     -5.2402	     -0.2539
      3.8352	     13.9790	      1.8376	      1.6598
      6.0131	      0.0000	      0.0000	      0.0000
     -0.4019	      2.7011	    -20.4243	      0.0000
     24.2938	      3.8482	    -10.0878	      0.0000
      0.0000	     10.6710	      0.0000	     -1.8244
      0.0000	      0.0000	      0.0000	      0.0000
     -0.3912	     -0.0504	      9.2415	      0.0000
     -8.5775	      7.5160	      0.0000	      0.0000
      0.0000	     20.0899	      0.0000	      0.8407
      3.3374	     14.9740	      0.0000	     -2.6043
      2.2738	      0.0000	      0.0000	      0.0000
     -0.0550	      7.3976	     -0.2841	      0.0616
     -0.8597	      1.1644	     32.1287	     -6.6686
      2.9173	      0.0000	     19.7123	     -0.6911
     14.5858	      0.5612	      0.0000	      0.1495
      1.1039	      9.7134	      6.4349	     -0.0731
     -1.0313	     -0.7873	     17.0851	     -1.5320
      0.7974	     14.3090	     -1.2128	     -2.6091
      7.0556	      2.2819	     23.2911	     -4.5839
      3.2977	      0.0000	     25.9420	     -1.5915
     -0.3850	      8.9589	      0.0000	     -0.6902
     -1.2053	     22.5169	      9.4226	     -1.2595
     -0.9511	      4.4171	     27.9938	      0.0000
      0.8878	      0.0000	     28.1811	      0.2985
      1.4962	     29.7994	      5.2103	     -4.9792
      3.7095	     28.9357	      2.1417	      0.3850
    -10.0549	     -0.3115	      0.0000	      0.0000
    -10.5369	    -10.5573	     -2.1030	    -10.4020
      0.0000	      0.0000	      0.0000	      0.0000
    -11.3699	    -10.4050	    -15.1141	    -14.3339
    -16.4197	    -20.1268	    -19.6666	    -19.9405
      0.0000	      0.0000	      0.0000	     -1.3457
     -1.8200	     -9.6911	      0.3604	     -2.4266
     -0.1730	     -0.4684	     -4.0135	     -0.4099
    -10.0490	    -18.5575	     -9.7529	    -19.6774
    -11.1988	     -6.9653	    -13.3774	    -11.4640
     -0.7045	      2.3635	     -2.1713	     -0.6526
     -0.4909	      4.0304	     -0.6482	     -0.8785
     -0.3329	      1.5987	     -3.0483	     -1.2237
      0.6696	     21.4536	    -10.6782	     -6.1513
    -13.6466	     13.2062	     -8.6486	     -1.7078
      0.0000	      6.1136	      0.0000	      0.0000
     -0.5949	      1.2289	     -2.9523	     -2.2793
     -0.2639	      0.0000	      0.0000	     -0.9881
      5.0868	     26.7082	      1.0589	     -4.3277
      1.0368	     -9.4945	     -2.5404	     -8.6384
     -0.6092	      4.8779	     -3.4200	     -0.7727
     -0.1289	     -0.1397	     -1.8761	     -3.1407
     13.6113	     -0.2333	     -6.1260	      1.0505
     38.0083	     27.0023	     -6.5915	      6.6415
     -5.3746	     32.8057	    -19.0153	     -4.7218
     -0.4956	     -9.5189	      6.4637	      0.0000
     -0.7369	     -0.2603	      4.7052	      0.0000
     -9.4877	     -0.4150	      1.8115	      0.0000
     -0.4517	     -0.3219	      7.8675	      0.0000
      2.2996	      0.0000	      0.0000	      0.0707
     -7.9610	    -10.4812	      5.7612	    -13.6359
     -0.2370	     -0.6676	     14.2065	      0.0000
     -0.0554	     -0.4337	     15.5036	      0.0000
      0.6064	      1.6809	     16.6719	      0.7926
      3.6364	     -0.6128	     11.1941	      0.0000
     -9.9154	     -7.0651	     -2.2932	    -13.8656
      3.3815	      9.6480	     19.6188	      2.7782
      2.2363	      0.1857	      0.0000	     -1.5630
      0.7393	     -0.3940	     18.8839	      1.6386
     -0.4896	     -0.4367	      7.8266	      0.0000
    -15.3782	    -17.4747	     -5.3162	    -22.7750
     11.4975	      6.2744	     23.7385	     -2.8028
      0.0000	      0.3087	     26.0868	     -0.5911
      2.7329	      0.0000	     -0.4278	      1.3042
      1.9476	      0.0000	     -0.7197	      0.3964
    -29.9858	    -25.2289	    -32.4006	    -27.0637
      6.5204	     11.1426	     -4.3377	      1.6634
     -0.5989	     12.7017	      0.5122	     -5.3312
      2.1491	     16.6026	      0.2675	     -8.3032
     -0.6117	     15.5305	     -1.1079	     -2.7140
     -1.5566	      8.4914	      1.5831	     -4.4011
      1.1256	     11.4527	     -1.0035	     -1.1488
     36.7017	      0.0000	      0.9236	      0.0000
     -0.6758	     -0.7654	     15.7246	     -0.8970
     -0.3924	      8.1702	     -2.3215	      2.0900
     -5.8283	     -5.5908	      6.3302	    -11.3527
      5.0594	     13.4919	      1.2494	     -1.5458
      1.0781	     24.3440	     -0.9515	      1.4845
      4.2443	     12.1767	      2.6724	     -2.2595
     -1.3499	      7.1453	     -2.5111	     -2.0083
     -3.1597	     -3.1240	     -2.0227	     -6.8848
     10.4519	     15.2595	     12.3160	     -0.9525
      2.0479	      6.4770	     13.7708	     -2.5768
      6.7659	     17.1765	      6.2224	     -3.3844
     -3.3747	      2.3330	     -8.7200	     -5.1111
     -3.7676	      2.1321	     -0.0255	    -13.6946
      8.8103	     14.7176	      9.5062	      4.8248
      9.8443	     25.2582	     10.4181	      4.4799
      6.5320	     18.1566	      4.1228	     -4.3197
     -4.4005	    -10.7989	     -5.1713	     -7.3676
     -8.5811	     -6.2847	    -17.5023	    -15.7451
      9.8242	      9.8589	      2.0534	      5.6182
     14.3117	     21.8567	      1.8103	      2.7825
     13.6224	     21.9979	      2.4027	     -4.0000
      1.5719	      3.3691	    -14.9414	     -1.7243
     -0.7865	      0.0000	      0.0000	      0.0000
     -0.0077	      8.4757	      0.0000	      0.0000
     -0.5621	      5.0953	      0.0000	     -9.4050
     -0.8050	     -0.2333	     -5.2386	      0.4753
     -0.2060	     -6.4611	     -2.1259	     -0.8858
     -0.7579	      6.0736	     -5.1777	      0.0000
      0.7803	     13.6051	     -3.5730	      0.0000
     -0.0986	      8.5174	     -1.5197	      0.0000
      0.0000	      7.4169	      0.0000	     -3.7373
     -3.2311	     -5.4171	     -3.4731	     -5.6762
      0.0963	     15.1706	      2.0309	     -1.2832
     -0.7941	     19.3581	     -7.3127	     -1.4089
      0.0000	     18.3758	     -4.8450	      0.0000
      2.3256	     16.9845	    -10.7198	     -2.4988
    -19.3533	      7.3130	    -20.2279	    -24.0761
     -0.0462	     12.4062	     -1.6712	     -0.7582
     -1.3831	     10.2914	    -11.4955	     -3.2394
      1.1701	     17.8869	     -1.8711	     -0.4353
     13.2024	     22.5324	      4.7057	     -2.9357
    -18.1804	     -4.3023	    -21.4474	    -20.1546
     -0.1173	     12.3177	      0.0000	      0.0000
     -0.6577	     21.4564	    -12.4212	     -5.1403
      5.1568	     21.7134	    -12.4132	     -0.4616
     14.1879	     21.2031	    -14.6968	      0.0367
    -20.2385	     -6.3943	    -68.8379	    -33.5685
     -0.0044	     -0.1362	     -0.9095	     -0.2041
     -0.5830	     -0.6282	     -0.9339	      5.0377
     -0.3904	     -0.5846	      2.5488	     -0.6533
      0.6544	      0.0000	      1.9172	      0.0000
     -0.2009	     -0.4976	      6.7534	      0.0000
    -14.7279	    -12.9054	     -7.0457	    -18.5750
     -3.5029	     -4.2882	     -2.0040	     -3.5562
      7.4468	      1.0790	     -0.8378	     -1.3847
      6.4103	      0.4437	      0.3328	      1.0946
     -0.2480	     -1.1964	      1.1753	     -0.9804
    -34.7429	    -20.9065	    -38.0736	    -33.9244
      1.3574	     -4.7159	     -4.9275	     -4.7141
     -1.0664	      1.8792	     -0.8858	      0.6878
      1.7690	     -2.5055	     -0.4521	     -2.4830
     -3.3100	     -1.7419	     -3.1352	     -4.6900
    -42.0500	    -34.3344	    -41.9562	    -48.9896
    -10.6549	      1.2241	    -10.5198	     -7.6042
     -1.2732	     -6.8458	     -6.1354	     -5.5972
     -4.9317	      3.3604	     -9.1332	     -6.8550
     -2.6086	     -0.4498	     -1.2201	     -0.7417
    -75.5455	    -49.7058	    -69.3735	    -76.2567
    -20.8748	    -11.4451	    -31.0434	    -23.7058
    -37.5089	    -16.3431	    -48.2533	    -45.4732
    -56.2806	    -20.7552	    -51.6596	    -62.5883
    -39.8580	    -31.6629	    -45.5530	    -43.8758
     -5.0993	      3.4756	     -9.8955	     -3.0787
      0.4926	     11.8618	     -8.9198	      2.2628
      8.1594	      0.7880	     -7.3760	     -0.5526
      4.6284	     16.9244	     -1.4771	      1.4831
     -2.4583	      6.6304	     -4.8114	     -5.2186
      0.8611	      8.6142	    -16.9675	     -7.3058
      0.6345	      5.4030	     -7.3022	     -6.5942
      1.9137	      9.7815	     -7.5237	     -3.0721
      1.3601	      7.2153	     -7.2559	     -1.8779
     -5.1014	      6.3286	    -14.4095	     -7.8075
    -11.4666	      0.0019	    -21.3846	    -14.2434
     -1.8660	      1.1147	    -10.7299	     -3.3321
      5.0893	     10.4656	     -8.6437	     -1.2668
      0.4641	      5.0697	    -14.3272	     -8.4162
    -14.0672	     -0.8562	    -25.0255	    -22.8158
    -24.4653	    -23.4624	    -29.8068	    -36.6618
     -3.8998	      6.9619	    -10.9851	    -11.1003
    -10.3991	      4.7148	    -16.9338	    -15.6107
     -4.8892	      8.9195	    -17.8778	    -13.6703
    -21.3035	     -3.8299	    -24.5627	    -18.8760
    -50.5424	    -32.0142	    -59.9394	    -48.2582
    -23.9600	    -13.4469	    -42.6347	    -37.1362
    -19.7522	    -12.6697	    -40.2018	    -29.6337
    -14.7971	     -6.8464	    -41.4275	    -36.4201
    -50.0842	    -18.3027	    -66.6241	    -56.1399
     -0.5748	      9.5338	     -1.9217	     -1.2595
      6.9158	      2.3567	     -2.7519	     -0.2716
      4.5450	      0.9713	     -3.0842	      0.0000
     -0.5820	     15.8882	     -2.8223	     -0.4919
     -1.5971	     -1.6055	     -5.4117	     -1.8259
      1.7378	     15.8441	     -2.6531	      0.3564
      2.6027	     14.2816	     -6.9692	      0.5707
     -1.0847	     11.1586	     -6.9525	     -1.7077
     -2.3402	      9.7910	     -7.9570	     -9.4878
     -6.8140	    -11.8521	     -7.6360	     -6.6507
      1.3550	     12.4389	     -7.2536	     -0.8802
      3.6480	     16.8886	     -5.7132	      0.6412
      0.8564	     19.8941	     -8.1357	     -6.5245
      1.5558	      9.9197	     -7.7485	     -4.7143
    -28.3958	      3.9387	    -32.7894	    -21.9545
     -2.0936	     14.1430	    -11.2387	     -4.0519
      2.2848	     14.8394	    -20.4575	    -12.3517
     -4.1049	      7.6285	    -15.2250	     -3.3275
      4.6657	     11.2427	    -13.7182	    -14.7082
    -24.3431	    -12.3405	    -35.4437	    -31.0478
    -35.5552	    -28.3435	    -59.2307	    -52.1394
    -45.1414	    -19.5633	    -72.3792	    -59.6785
    -37.9237	    -16.1008	    -68.4354	    -62.8872
    -27.2295	     -7.2491	    -53.0154	    -45.1269
    -71.6787	    -42.6935	    -94.1101	    -78.1675
     -0.1073	     -0.7454	      1.9419	      0.0000
      0.0000	      0.0000	      5.6144	      0.0000
     -0.5358	      2.5207	      0.0000	      0.0000
      0.0000	      0.0000	      0.0000	      0.0000
      0.0000	      0.0000	      0.0000	      0.0000
    -10.0183	      0.0000	      0.0000	      3.0322
     -0.6069	     -0.0361	      6.9169	      0.0000
      0.0000	      0.0000	      0.0000	      0.0000
     -0.4723	     -0.0559	      3.9443	      0.0000
      0.0000	      0.0000	      0.0000	      0.0000
      0.8090	     -0.4604	      2.2311	     -0.7801
      2.9068	     -2.6904	     17.7772	     -0.5810
     -0.3101	     -2.6366	      0.0000	      0.0000
     -0.1653	     -0.8534	      4.6147	      0.0000
      0.0000	      0.0000	      0.0000	      0.0000
     -7.2208	    -11.1675	     -4.1401	    -14.8403
     10.9818	      6.2392	     19.7118	      4.4390
      1.8624	      0.6402	     21.8218	     -0.0587
     -0.4180	     -0.4643	      3.8972	      0.0000
     -0.2365	      0.6038	      0.0000	      0.0000
     -7.2349	      0.0350	     10.5767	     -9.2211
     22.6088	      0.8583	      4.8400	      0.6001
     14.5318	      1.5104	     20.3269	     14.0865
     -0.2350	     -0.2934	     31.2718	      0.8095
     -0.4664	     -0.3336	      2.9749	      0.0000
     -0.5867	     -1.0097	      4.6465	      0.0000
     14.2398	      0.0000	      0.0000	      0.0000
     -0.8043	      7.5843	     57.8392	      0.0000
     15.5286	      0.0000	      0.0000	      1.4382
     -0.1637	      1.1438	      0.0000	      0.0000
     -0.1213	      0.6282	     13.7266	      0.0431
     -0.2979	     -0.7991	     19.8549	      1.7720
     34.2642	      1.3359	      2.8149	     -1.4769
     -0.2672	      3.1745	     23.4468	      2.0947
     -0.4029	     -1.7493	     12.1613	      0.0000
      0.6005	      1.8546	      9.3941	     -0.0205
      6.1503	      5.2915	     23.0645	      0.9649
      5.3363	      5.7192	     33.2470	     10.4100
      6.4409	      3.2277	     25.0571	      6.0447
      1.1910	      0.0000	     10.6967	      0.0000
      3.1844	      1.7379	      7.8565	      2.1068
      8.0481	      3.3203	     26.7273	      5.9585
     22.6386	     14.1102	     39.3571	     12.3056
     11.2225	      1.2854	     28.4724	      2.6015
      2.4856	     -0.3098	      6.7711	      0.0000
     12.7656	      8.0046	      9.7676	      8.1887
     13.0350	     -0.9965	     28.6418	      7.1662
     24.6131	     21.2583	     36.0242	     19.1952
      1.8918	      6.0451	     31.3850	      8.7513
      5.1248	      2.7201	     12.8633	      8.8105
     -0.7880	      0.0000	      0.0000	      0.0000
      0.0000	      0.0000	      0.0000	      0.0000
      0.0000	      0.0000	      0.0000	      0.0000
      0.0000	      0.0000	      0.0000	      0.0000
      0.0000	      0.0000	      0.0000	      0.0000
     -0.7474	      1.7476	      0.0000	      0.0000
      0.0000	      0.0000	      0.0000	      0.0000
      0.9655	      2.6095	      0.0000	      0.0000
     -0.5246	     -0.2905	      5.5962	      0.0000
     -0.2037	      0.7283	      7.8845	     -0.0048
      0.2907	      0.0000	      0.0000	      0.0000
     -0.2964	      4.7544	      0.0000	      0.0000
      0.0000	      0.0000	      0.0000	      0.0000
     -0.1024	      3.3107	     17.3447	      3.9063
     -9.9435	     -8.9066	     -6.1415	    -16.9079
      0.0000	      0.0000	      0.0000	      0.0000
      0.1109	      0.0000	      6.4835	      0.0000
      0.6645	      3.0170	     25.7374	      0.7959
     12.9290	     11.5243	     22.7995	      9.3711
     -5.5704	     -8.8687	     -1.9167	     -7.9708
     -0.2192	      7.1857	      0.0000	      0.0000
     -0.0150	     -0.1207	     29.3446	      0.0000
     15.7873	     19.5941	     15.7982	      5.1587
      2.4882	      6.7603	     20.3287	      0.8862
      0.2460	      0.4798	      2.0321	     -7.4528
     -9.8887	     -2.0988	      1.7221	     -0.4370
      0.1418	      0.0000	      0.0000	      4.5357
     -0.4863	     -0.5208	      8.3023	      0.0000
     12.1066	      0.0000	      0.0000	      0.0000
      0.2489	      0.0000	      4.3273	      0.0000
     -5.5621	     -9.3821	     -7.6429	    -11.9989
     -0.0214	     -3.5084	      3.9597	      0.0000
      2.3486	      0.0000	      1.6884	      2.7426
      1.4939	     -1.3009	      5.3053	      0.4928
     -0.7166	     -2.3364	     -1.4945	     -0.8043
    -24.2998	    -30.6268	    -24.6932	    -18.4972
     -3.4962	     -8.4584	      0.9841	     -3.4735
      0.3191	      0.0000	      0.2900	      6.3784
      8.5424	      0.7461	      7.9262	      0.8032
      0.1982	     -1.2088	     -1.0438	     -2.9127
    -12.8363	    -32.3416	    -31.1830	    -31.3835
      1.1800	      0.4956	      0.1135	      5.3529
      4.0026	      0.5374	     -1.0382	     18.5300
      7.1618	     -3.0965	      1.0262	      1.1372
     -0.4698	     -3.1140	     -0.0274	     -1.0791
    -33.3797	    -37.7401	    -43.6479	    -16.4135
      3.3521	      3.9336	    -14.0387	      3.8032
     11.2477	      2.7080	    -10.3670	      5.3230
     11.4067	      4.4322	     -4.7542	     -1.9518
      2.4664	     -1.6186	     -6.5549	     10.4329
     -5.1981	     -5.7821	     -1.8735	     -8.7531
     -0.4528	     -3.9833	     10.6810	      0.1727
     47.1131	      4.2796	     18.6482	     24.3740
     15.5554	      2.5153	      8.8260	      5.9370
    -10.0491	     -3.6241	     -1.0677	     -4.6668
    -20.2050	    -17.4940	    -20.0085	    -15.6062
     -3.2623	     -6.5334	      0.7770	     -4.4320
     21.4752	     11.6952	      6.6061	     11.2379
     -4.6166	      0.3463	     -3.3916	     -3.0155
    -20.2692	    -14.9841	    -12.7341	    -15.2345
    -11.2219	    -18.0783	    -16.0950	    -17.6717
      5.0131	     -0.2082	      0.0137	     -0.3062
     12.9488	      5.9582	      5.8587	      2.5713
      4.5010	     -0.0296	     -0.9176	     -1.2410
    -16.1919	    -10.4140	    -16.0128	    -14.9302
    -15.5576	    -17.8707	    -19.4406	    -12.3473
      0.6325	      4.2968	     -0.5921	      0.6984
     14.5896	     12.5753	     12.9366	     14.3361
      6.6004	      2.7111	      2.3744	      2.5566
    -20.7886	    -18.5167	    -19.9188	    -18.2879
      0.4443	    -10.6017	    -20.0657	     -8.3635
      7.5190	      4.9476	      2.7290	      4.6402
     16.4041	      7.2307	     -2.2958	      5.3468
     12.1966	      7.0650	      5.1762	      5.6630
    -23.8152	    -15.7165	    -20.0178	    -18.5286
      0.8310	      0.0000	      0.5382	      0.0000
     12.4208	      2.7179	      7.6385	     -1.2905
     14.2053	      0.0000	     -0.2969	      0.0000
      6.6826	      0.0000	      0.0000	      0.0000
     -8.1306	     -1.3618	      2.1488	     -1.1127
     -1.0042	     -1.3791	      1.6211	     -1.9691
      0.2135	      8.6393	      1.9575	      2.0704
     -0.5741	     -0.5119	     11.3660	     -0.6027
     -0.5331	     -0.9087	      7.5319	     -3.8859
    -16.5114	    -17.5361	    -16.0494	    -14.1609
      3.0171	     -0.2532	      0.0887	     -1.0827
      1.3654	      5.5609	      0.4540	     -1.0956
     -0.3245	      3.1812	      7.8649	     -3.5898
     -1.6421	     -1.1047	      5.2303	     -1.4308
    -26.7739	    -16.5722	    -29.4566	    -27.2311
      1.4894	     -1.1000	     -0.8688	     -0.9927
      1.2322	     -0.6439	      1.3349	     -0.3341
      3.8060	     15.3924	      1.4048	     -2.2859
      2.2509	      7.6045	     -5.3883	     -1.1711
    -36.5132	    -15.2676	    -26.6943	    -24.3834
      1.2779	      4.6824	     -4.4519	     -1.1494
     16.7379	      6.8353	     -6.0969	      0.2599
      1.4750	      7.4164	    -14.1913	      1.7040
      1.4772	      1.4342	    -15.0426	      6.6361
    -44.9705	    -45.0025	    -44.6023	    -33.3157
     -1.9062	     -1.7116	     -2.8929	     -1.9805
     -0.8113	     -0.0513	     -2.7097	      7.9863
     -0.0458	     -0.2738	     -0.9242	     12.1794
     -0.4644	     -0.8415	     -1.1924	     15.6803
     -0.4880	     -1.2536	     -0.1855	      4.8055
    -11.6700	    -13.8649	    -13.9210	     -9.2060
     -0.6028	     -2.0460	     -3.9254	      2.9287
      0.0944	     -0.6419	     -1.2586	      9.0981
      7.5678	     -1.5910	     -3.2721	      3.3038
      4.5010	     -1.6938	     -3.3603	     -3.2864
    -22.6783	    -41.3033	    -42.8579	    -37.9102
    -10.4964	    -12.0890	    -11.9673	     -2.1150
     -2.0420	     -1.9801	     -3.2424	      6.4201
      2.8275	     -2.5963	     -8.2420	     -0.4669
      1.9698	     -4.2511	     -5.4847	     -6.0670
    -49.1686	    -43.7035	    -56.0758	    -27.5579
     -9.5951	     -6.6932	    -20.5042	      2.9693
     -0.7603	     -6.5495	    -16.9738	     -6.0820
     -6.8992	     -2.7375	     -6.1795	      3.5897
     -3.2671	     -5.2648	     -6.6112	     -9.2147
    -68.9994	    -76.0468	    -76.4394	    -43.5434
    -26.4022	    -27.0620	    -37.1659	    -18.6026
    -28.3678	    -29.2805	    -39.0398	    -27.4527
    -12.5918	    -36.8151	    -48.6496	    -39.1653
    -31.2465	    -51.6313	    -64.1153	    -56.2627
     -8.2589	    -13.3592	    -19.7549	     -9.0689
     14.6754	      2.7327	    -15.0286	     -0.1116
     24.1783	     12.2528	     -0.0455	     14.2956
     15.2608	     10.3901	     -0.8978	     10.0356
     -7.4692	     -8.9181	    -15.3810	    -10.3672
    -19.1584	    -19.7979	    -24.7387	    -19.9498
     -3.3858	     -5.0799	    -21.4355	     -7.8427
     14.7976	     -2.3451	    -12.0748	      0.6380
      2.5610	     -1.5649	    -12.5911	     -6.2043
    -18.4618	    -14.0591	    -23.3736	    -21.3824
    -23.8072	    -24.2270	    -32.5201	    -19.7066
     -4.0681	     -8.9143	    -21.2569	     -7.2906
      1.4496	      0.5783	    -11.7575	     -2.7770
     -2.3618	     -5.3242	    -16.8839	     -7.8761
    -25.9705	    -15.7403	    -32.0414	    -20.3490
    -22.7160	    -27.2090	    -35.8805	    -28.5766
     -0.1699	     -9.0151	    -22.5611	     -5.7672
      4.1512	     -6.6554	    -20.5876	     -6.6150
     -3.4870	     -9.8782	    -21.4254	     -9.7242
    -30.0167	    -32.0365	    -42.1097	    -27.3527
    -31.7631	    -55.8823	    -57.2238	    -43.2003
     -6.1920	    -15.3911	    -25.6126	    -15.9178
     -9.0908	    -21.2955	    -35.6005	    -19.8931
    -10.7831	    -18.7605	    -30.9499	    -19.4957
    -24.3447	    -37.6868	    -59.3977	    -43.2041
      6.4780	      0.0000	      0.0000	     -0.3586
     16.1411	      1.0063	     -1.6331	      0.2628
     -0.0205	     17.0614	      0.0000	     -0.6407
     -0.2968	      5.5019	     -2.3608	     -1.0140
     -1.6853	     -2.6807	    -12.5288	     -2.4104
      6.1265	     -0.4473	     -4.5662	     -2.8486
      8.6703	      1.2811	     -8.3970	     -3.0436
      0.6243	      8.9595	     -2.8974	     -1.7863
     -3.3546	      3.3122	     -7.5240	     -4.6584
    -24.6127	    -25.1321	    -24.2928	    -31.7811
      1.7451	     -2.3905	     -7.5636	     -3.2168
      3.7706	     -0.4250	     -7.3115	     -3.5008
      0.8594	     -0.2224	     -7.5380	     -0.4388
     -5.5143	     -3.9959	    -13.9021	     -8.6987
    -28.1808	    -45.9746	    -43.1192	    -39.9843
     -5.9081	     -7.7162	     -9.1773	     -7.6109
    -10.5367	     -3.2487	     -8.8578	    -11.3092
     -0.8229	     -3.8687	     -5.0192	    -12.4153
     -5.2556	    -21.0031	    -20.7332	    -22.9105
    -44.9929	    -37.2316	    -45.3792	    -48.5934
    -26.0200	    -48.7775	    -55.5707	    -48.1908
    -42.5238	    -11.7172	    -63.5517	    -55.3832
    -34.4311	    -26.5639	    -46.6691	    -35.6916
    -30.1865	    -31.5380	    -36.4938	    -31.9877
    -67.9285	    -72.2164	    -78.8800	    -54.6237
    -19.9058	    -19.9626	     -2.3060	    -19.8753
    -10.2463	     -9.6618	    -11.2939	      1.1031
    -10.2576	      0.0000	     -5.2402	      0.0000
     -0.3961	      3.7124	    -12.8393	     -7.9097
    -10.3586	      2.3550	    -12.6237	     -0.8606
    -15.7513	     -1.4098	     -8.6318	      4.8905
      1.9740	     -4.2684	    -20.8560	     -7.4658
     -0.3467	     -1.0140	     -1.4029	      5.8598
      0.6471	      0.0785	     -1.0859	      5.7900
     -1.4773	     -3.0923	     -6.4967	    -10.1078
     -6.3230	    -25.1211	    -13.4624	     16.2340
      0.2464	     -6.0108	     -6.9505	     11.1748
     -0.5773	      1.1841	     -4.9359	     10.3583
      0.5413	      0.0000	     -0.8751	      9.7635
     -1.0180	     -2.0118	     -2.7778	      5.3927
     -3.6498	     -9.1616	     -0.1867	     -3.8556
      4.5954	     -4.3046	      2.1393	     25.6388
      0.2105	      0.1035	     -4.4410	      5.6077
      0.3728	     -1.2673	     -1.4598	     -1.0915
     -1.4230	     -0.9139	     -2.6248	      2.5483
     -6.2401	    -22.8016	    -14.9868	      0.7786
      2.9866	      4.9361	      6.5965	     25.4649
      0.1765	     -2.0556	     -2.2667	      2.2629
     -1.0369	     -5.2682	      2.2978	     -0.5371
      2.0804	     -4.3208	     -2.5512	     -0.3634
     -7.4208	      0.5741	      0.0000	      0.0000
      9.6769	      0.0000	      0.0000	      0.0000
     -9.6991	      9.7837	      0.0000	    -10.0909
      7.5847	      0.0000	      0.0000	      0.0000
     -9.9243	     -2.1990	     -2.9293	     11.7157
      0.0000	     -0.0896	      1.8600	      0.0000
     -1.4374	     -2.4279	     -0.7688	     13.4788
     -8.5749	      0.0000	      0.0000	      7.4992
      0.0000	      0.0000	     25.7027	      3.2037
     -0.0265	     -0.8052	     -0.4612	     -0.4117
     -0.3006	     -1.4133	     10.5557	      0.0000
     -0.9387	     -0.8665	     -0.4153	     31.4748
     -0.0675	     -0.9291	      2.3102	     10.1736
     -0.3782	      0.7965	      3.9327	     16.2857
     -4.0557	     -4.3264	      8.2516	     -5.3905
      4.0926	     -5.7290	      0.0000	      0.0000
     -0.9366	     -1.4429	     22.5277	     -0.0288
     -0.1869	      3.6219	     36.2703	      0.1571
      1.1538	     -0.6947	      0.3673	     14.3432
      2.1720	     -1.2035	      9.6870	     -1.7673
      8.1919	      0.1976	     15.6062	     29.4200
     -0.7164	     -3.7268	    -10.6350	     26.0047
      6.4037	     -0.9185	     -0.3135	     21.3826
      1.7550	      1.0137	     -0.0229	     28.5824
      5.2410	      4.4491	     -4.4778	     29.1177
      0.0000	      0.0000	      0.0000	      0.0000
     -0.3580	    -10.2591	      0.0000	      0.0000
     -9.9114	      0.0000	      7.2200	      0.0000
      0.0000	      0.0000	      0.0000	      0.0000
     -4.7189	     -2.9889	     -9.6744	     -0.4724
      0.0000	      0.0000	      0.0000	      0.0000
      4.7414	     -0.0972	      0.0000	      0.6689
      2.1059	      0.0000	      0.0000	      0.0000
    -18.0801	      0.2783	      7.5561	     -0.2860
     -2.1692	    -11.0238	      8.7074	     -1.0313
      0.0000	      0.0000	      0.0000	      0.0000
     -0.5614	     -1.1935	     -5.4321	      3.0366
      0.0000	      0.0000	      0.0000	      0.0000
      0.0073	     -5.8149	      8.2268	     16.2804
     -1.8794	     -1.6941	     -2.1048	      7.8104
      0.0000	      0.0000	      0.0000	      0.0000
      1.5595	      0.0000	      6.9771	      0.0000
      0.0000	      2.9515	      0.0000	     13.8395
      9.1688	      5.7949	      0.8958	     19.9399
      1.2418	     -4.3793	     -2.3907	     -6.7809
      0.7193	      0.0000	      0.0000	      8.6232
     15.1894	     -9.3867	     -5.4684	      2.9741
      1.0553	      0.3712	     -3.3209	     17.5283
      1.6339	     -1.2745	     -6.9181	     28.9881
    -14.7595	    -13.0691	      9.1954	    -20.6253
     -9.8576	     -7.7212	    -12.4332	    -12.2841
     -0.8766	     -2.7086	     -4.3455	      2.6311
     -0.8021	     -2.4371	      0.0000	      0.0000
     -9.9732	      0.0000	      0.0000	      0.0000
     -0.2136	     -0.5730	     -4.0008	      0.3771
    -18.7029	    -27.7357	    -23.4471	      3.0953
     -0.5116	     -2.6802	     -5.0103	      9.3366
     -0.1439	     -0.4325	     -0.8666	      3.9341
     -0.5802	     -0.1199	     -6.8019	     16.0859
     -0.1583	     -0.9856	     -3.7732	      9.2567
    -11.0266	    -11.3464	    -27.9652	      2.9781
      2.9881	    -12.2145	    -16.3453	     17.9985
     -0.1599	     -0.8780	     -3.4497	      3.4226
      1.6326	     -1.3757	     -1.9113	     22.7901
     -0.9381	     -1.5900	     -4.7127	      9.6303
     -4.9341	    -10.1668	    -14.6026	     -2.1256
     14.6897	      2.2353	      4.7578	     17.7734
      2.5932	      0.0532	     -7.3907	     19.3258
     -0.8639	     -0.8948	     -6.6940	     22.0234
      1.1243	     -3.1903	     -3.6142	     21.0585
    -12.8230	    -13.0517	    -51.4482	      3.1231
     11.8501	      1.8662	    -20.5683	     23.8717
     -1.8398	    -13.1639	    -11.2798	     22.8413
      7.3346	     -8.5418	    -21.8427	     22.0279
      5.6428	     -1.2897	    -12.1402	     21.9278
    -11.6687	     -7.5459	     -5.7530	      6.2015
     -2.4182	     -2.6690	     -6.1943	      1.6632
     33.4374	      2.4781	      0.0000	      0.1889
     23.0451	      1.6506	      3.4992	      6.3953
     -7.7290	     -1.9706	     11.4328	     -1.2672
     -4.1743	     -5.9180	     -9.6567	      4.0550
      3.1002	     -9.6287	      0.5422	     11.5994
      0.1367	      1.6286	      4.6775	     16.9018
      5.9932	     -2.6010	     10.1031	     16.9733
     -4.5686	    -10.5185	      2.5912	     -6.3513
     -4.6702	     -7.1823	     -5.7987	      1.1604
      9.8210	      1.1566	      2.4842	     16.3881
      4.6328	     -1.8433	      3.2676	     14.1261
      9.3433	     -0.9150	      9.3374	     13.4925
     -4.3997	    -16.2423	     -4.5734	      3.9966
     -2.9224	    -11.6908	     -6.1491	      1.0327
      6.5516	     -0.7866	      6.8485	     17.0941
     13.7920	      3.9994	     14.4378	     23.6751
      8.3906	     -0.2925	      5.2344	     13.1300
    -15.7805	    -14.4303	    -13.7799	    -13.7962
      5.8672	      2.2206	    -19.6582	      8.4384
     11.6034	      1.0318	     -3.4387	     18.8938
     10.3994	      2.9285	     -1.9959	     16.6973
      8.1079	      6.2508	     -8.6043	     15.8915
    -19.4965	    -15.5042	    -15.1999	    -15.6040
     -0.3154	      1.6146	      0.0000	      0.0000
     -0.3344	     -0.7373	    -10.2213	      0.9529
      0.0000	      9.9261	      0.0000	      0.0000
     -7.6653	     -0.8188	     -0.4269	      0.6217
     -2.6610	    -11.4688	      2.3090	     -9.3373
     -0.4036	     -1.0879	      8.0075	      0.0000
      1.4956	      0.0000	      0.0000	      9.7593
     -0.1260	     -0.6451	     16.0776	      0.7767
      1.5084	     -0.0883	     18.9305	      1.7515
     -3.2299	     -3.8192	     -5.1328	     -2.0759
     -0.4020	     -1.5940	     -0.4376	      3.9548
     -0.3430	     -0.1109	     15.3032	      0.3711
      0.9080	     -0.1251	      0.0000	     10.5009
      3.7530	      0.2180	     17.6601	      6.3442
    -24.0272	    -23.7653	      7.1298	    -18.3667
     -0.6923	     -2.4594	      2.0011	      0.0000
      0.4966	      0.0000	     13.1896	      0.2282
      0.2071	      0.0000	     25.0866	      0.6424
      7.6824	     -4.1519	      6.3132	     15.4912
    -28.4151	    -23.9222	    -13.1046	    -22.6505
      2.5057	      1.1231	      0.0000	      0.4443
      5.2275	     -0.5221	      3.1760	      0.8574
      0.8744	     -1.2083	      3.4392	     10.6391
      0.9310	     -1.2814	    -10.7605	      9.7523
    -32.8818	    -34.0660	    -19.7160	    -31.3517
    -14.4058	     -9.4733	     -9.3041	      7.4313
     -0.8171	     -1.9904	     -5.8071	     13.6704
     -0.7478	     -1.9163	      0.0000	      1.8761
     -0.2756	     -0.8315	     -3.8388	     21.0329
     -0.0416	     -0.8234	     -4.8367	     12.7527
    -19.9615	    -17.3778	    -21.1590	      2.6191
     -2.4545	     -7.6816	    -10.5303	      8.7006
     -2.3340	     -4.9528	     -5.1413	      7.6003
      2.0985	     -2.5442	     -4.4028	     19.3435
      3.2703	      0.6290	    -11.8183	     15.5037
    -11.2482	    -10.4141	    -17.5861	     -0.4075
      0.7662	    -10.7699	    -14.9642	      6.9672
      0.1053	      0.0000	    -13.6111	     14.3783
      9.9457	     -1.1036	     -8.7200	     12.2319
      0.3680	     -8.8566	    -12.7079	      7.8896
    -31.6906	    -27.9246	    -41.0731	     -3.1638
      1.0952	    -12.3333	    -22.1354	      9.3961
     -1.2665	     -5.7441	    -10.8295	      4.0347
     -1.5302	     -6.0315	    -18.6879	      9.6336
     -8.0996	     -8.7105	    -17.7422	      3.5683
    -64.6890	    -87.2827	    -80.8125	    -54.2998
    -26.0598	    -23.6938	    -62.5850	     -2.0934
    -39.4352	    -47.4525	    -63.3017	    -12.9018
    -47.9140	    -59.5304	    -73.4867	     -9.7743
    -36.0133	    -48.8621	    -53.6149	    -21.5336
     -6.5746	     -4.2702	     -9.6274	      4.1499
      4.3777	     -1.5605	     -5.3431	     14.5790
     -0.6350	     -1.2934	     -2.4044	     17.4284
     -0.0464	      0.5145	     -3.0856	     21.5536
     -0.3439	     -2.4985	     -6.1416	      8.9205
    -10.8413	    -12.0829	    -17.2747	     -3.5506
      1.0288	     -9.6415	    -14.5799	      4.8702
      2.5744	     -3.3811	    -11.7372	      8.9438
      1.5821	     -4.5567	    -13.4223	     12.2432
    -13.8866	    -14.7344	    -16.4871	    -11.5463
     -9.4313	    -14.3196	    -20.0867	     -0.8183
     -0.4150	     -4.9462	    -16.3777	      6.0717
     -1.1028	     -5.5991	     -5.9726	      6.5751
      0.6791	     -6.2640	    -14.1118	      2.2859
    -18.8512	    -18.8575	    -24.1901	    -17.6404
    -17.7548	    -20.0616	    -27.6833	     -9.6642
     -1.2159	     -7.1410	    -13.9850	      4.3483
     -6.9786	    -11.9864	    -20.9075	      3.7444
     -9.6073	    -14.2642	    -18.2090	     -2.2255
    -29.0860	    -30.6498	    -30.6100	    -15.5379
    -39.0379	    -50.5881	    -63.6070	    -31.2779
    -13.0960	    -30.8894	    -37.9875	     -0.8937
    -24.6917	    -37.2325	    -44.3085	    -18.3208
    -24.9767	    -30.4889	    -42.5493	    -12.1200
    -46.5693	    -52.3976	    -58.1219	    -36.4982
     -0.2997	     -0.7892	     -7.0658	     -0.8176
     -0.0026	     13.0022	      0.0000	      0.0000
      0.2892	      0.0000	      0.0000	     -0.5824
     -2.4873	     -2.6983	      5.9737	     -2.9222
     -2.6027	     -3.0477	     -0.9831	     -2.4050
     -0.9958	     -1.2661	     -2.1514	      2.1481
      0.6250	     -0.3876	     -0.4654	      9.1389
     -1.7759	     -1.0113	     -5.3886	      9.4042
     -2.0609	     -2.3538	     -5.7866	     -2.3682
    -16.6193	    -16.5296	     -3.1835	    -25.9532
      0.6325	     -1.6097	     -2.0912	     -0.8790
     -3.6009	     -4.6684	     -6.9424	     10.8981
     -2.2962	     -2.2394	     -3.9567	      1.0029
     -2.8334	     -9.3533	     -5.2181	      1.1720
    -33.6142	    -34.5526	    -36.0756	    -17.0198
     -1.6797	     -4.7692	     -6.3211	     -3.5715
     -2.0567	     -7.9867	     -2.4668	      8.2302
     -5.1500	     -0.8299	    -18.0762	     -7.2015
    -20.1568	    -20.5089	    -18.5426	    -12.0533
    -48.6672	    -49.6009	    -43.5664	    -29.2578
    -17.1938	    -30.1190	    -38.1556	    -19.7293
    -35.6317	    -52.6397	    -41.4401	    -13.6378
    -41.7265	    -32.8613	    -42.4280	    -24.8415
    -28.3658	    -29.1099	    -29.8169	    -22.2245
    -76.9047	    -57.3636	    -69.7155	    -40.0068
    -10.2493	      0.0000	      0.0000	      0.0000
     -9.0543	     -6.0995	      0.0000	      0.0000
      0.0000	      0.0000	      0.0000	      4.4060
      0.0000	      0.0000	      0.0000	      0.0000
    -10.1087	      0.0000	      0.0000	      0.0000
      0.0603	      0.0000	     -3.7153	    -10.4284
      4.1153	      0.0000	      0.0000	      0.0000
      0.0000	      0.0000	      0.0000	      2.5524
      1.2768	      0.0000	      0.0000	      0.0000
      0.0000	      0.0000	      0.0000	      0.0000
      5.0048	      0.7728	      3.2881	      0.2133
      0.9473	     16.5497	      0.7927	      0.0000
      0.0000	      0.0000	      0.0000	      0.0000
      1.5606	      0.0000	      0.0000	      0.0000
      1.2590	      0.0000	      0.0000	      0.0000
      4.4137	      1.3104	      0.0000	      0.5962
      1.0597	      0.0000	     28.3245	      0.0000
      0.0000	      0.0000	      0.0000	      0.0000
      0.0000	      0.0000	      0.0000	      0.0000
      0.0000	      0.0000	      0.0000	      0.0000
     -7.5967	    -15.9605	     20.7921	     -2.0517
     11.2159	     11.1790	     24.3433	      0.0000
     14.3298	     22.6515	     -0.3246	      3.0116
     13.4493	     29.5740	      9.8182	      3.7986
     16.5931	      5.7990	      4.6402	      9.7654
     -7.4591	     -9.4208	      0.0000	      0.0000
      6.0936	      0.0000	      0.0000	      0.0000
      4.3947	      2.7346	      0.0000	      0.0000
      4.5189	      0.0000	      0.0000	      0.0000
     -4.9193	      4.7083	      0.0000	    -10.0995
      0.0000	     13.2679	      0.0000	      0.0000
      1.4044	      0.0000	     21.5288	      0.0000
      6.1351	      0.0000	      0.0000	      0.0000
     12.4851	      0.0000	      0.0000	      0.0000
      1.0615	      3.0433	      0.0000	      0.0000
      0.0000	      0.0000	     16.2610	      0.0000
      0.0000	     12.8919	      0.0000	      3.0632
      0.0000	      0.0000	      0.0000	      0.0000
      6.6698	      0.0000	      0.0000	      0.0000
      6.1041	      0.0000	      2.7086	      1.2761
      2.8222	      0.0000	      0.0000	      1.2798
      2.5232	      0.0000	      0.0000	      0.0000
      2.8594	      0.0000	      0.0000	      0.0000
      2.2194	      0.0000	      0.0000	      0.0000
      6.2743	      0.0000	      0.0000	      0.0000
     33.9789	     15.7168	     13.4915	      5.1808
      4.3862	      0.0000	     21.8619	      0.8878
      8.3674	     36.7611	      4.6031	      0.0000
      4.6196	      0.0000	     19.2314	      0.0000
     23.4503	     37.5280	      8.5885	     16.0383
     -9.5055	     -8.8374	      0.0000	      0.0000
    -10.0547	      1.5941	     -1.5069	      0.0000
      0.0000	      0.0000	     -6.1318	      0.0000
      0.0000	      0.0000	      0.0000	     -0.8366
     -8.7202	     -9.8375	      0.0000	      0.0000
     20.5029	      5.7001	     -1.8879	      1.4161
      0.0000	     13.6513	      0.0000	      0.0000
     10.9597	      1.7139	      0.0000	      0.0000
     14.3385	      3.8718	      3.5701	     -0.2998
    -29.5803	    -11.3355	    -20.2850	    -21.5355
     20.9133	      0.0000	      0.0000	      0.0000
     10.9189	      3.0148	      0.9827	      2.3709
      1.0005	      0.0000	      0.0000	      0.0000
     20.0210	      7.6405	      1.1455	      3.4717
      1.3038	      6.3585	      0.8457	     -2.5498
      0.0000	     16.4702	     -2.0016	      0.0000
      1.8198	      0.0000	      0.0000	      0.0000
      0.0000	      0.0000	      0.0000	      0.0000
     18.7297	      9.0331	     -0.9360	      1.1349
     -0.8446	     49.6219	     10.9918	      5.8643
     13.3901	      5.0407	      0.0000	      2.6257
     66.2576	     29.4053	     16.1793	      5.2757
     59.7762	     10.3400	      5.7623	     21.1483
      8.8731	     20.9121	      3.4001	     39.2238
     37.8410	    108.8674	      6.0136	      8.9048
      2.0957	     -5.0503	      0.0000	    -18.4755
     -9.2606	      0.0000	      0.0000	      3.6882
      0.0000	      0.0000	     -1.6776	      2.9162
      0.0000	      0.0000	      0.0000	      0.0000
      0.0000	      0.0000	      0.0000	      0.0000
     -8.6891	    -10.0321	     -2.4821	      5.1252
      6.0924	      0.0000	      0.0000	      0.0000
      3.4874	      0.0000	      0.0000	      0.0000
      8.8667	      1.2824	      0.0000	      0.0000
     11.9157	      0.0000	      0.0000	      0.0000
      1.1557	      0.0000	     18.7114	      0.0000
      6.7067	      4.0095	     31.6100	      2.3277
      1.9020	      0.0000	      0.0000	      0.0000
     12.4789	      0.0000	      0.0000	      0.0000
      5.7191	      0.0000	      0.0000	      0.0000
     -2.8179	     -1.2181	      8.5347	     -5.5553
      7.5254	     15.3810	     10.4663	      1.5921
      2.9340	      0.0000	      0.0000	      0.0000
      4.9612	      0.0000	     13.5594	      0.0000
      0.0000	      0.0000	      7.8730	      0.0000
     -7.6897	     -2.5901	    -10.0965	     -2.1269
      9.7923	     27.2857	      1.9033	     14.4772
      0.0000	     17.2643	      0.4632	      0.1543
     28.1283	      1.7478	     -1.2091	      4.4661
     31.0894	      0.0000	     -2.6838	      2.4019
      5.4922	      0.0000	     12.0527	      0.0000
     14.0915	      0.0000	      0.0000	      0.0000
     10.5875	      0.0000	      0.0000	      0.0000
      3.8261	      0.0000	      0.0000	      0.0000
      8.8130	      0.0000	      0.0000	      0.2729
      8.5829	      6.5028	     -0.2388	      1.2911
     20.2026	      1.9791	      0.0000	      0.4956
     19.9415	      0.0000	      0.0000	      1.7217
     15.9300	      6.6595	      6.0130	      3.1929
      8.7147	      9.8369	      6.1667	      3.9537
      9.1939	      8.6981	      9.6973	      4.1468
     24.8573	     11.4043	      7.5127	      2.2274
     19.8042	      0.0000	      2.3797	      3.6200
      9.1758	     28.4728	      2.6819	      5.5312
      1.6053	      5.4850	     -2.4071	     -1.0003
      7.4592	      0.5430	     12.0891	      1.1301
      7.0334	      9.2891	     36.3243	      5.6586
     23.2857	      1.8824	      2.9039	      0.0000
     20.8869	     11.9665	      8.3947	      3.2348
      3.8862	      1.0019	      0.3983	      1.5650
     19.4235	      4.8192	     -3.3657	      7.6690
     26.0809	     19.3063	     -6.8925	      9.5861
     31.1050	     31.6121	     10.9280	     10.3668
      9.3070	     28.2653	    -18.6494	      5.1859
     -0.0348	     12.2647	    -18.4034	      1.9376
      1.3181	      0.0000	      0.0000	      0.0000
     11.0663	     -6.2916	      0.0000	      0.0000
      0.0000	      0.0000	      0.0000	      0.0000
      6.8995	      0.0000	      0.0000	      0.0000
     -5.8953	      0.0000	      0.0000	      2.4298
      0.0000	      6.9364	     -1.4127	      2.5729
     31.3121	      3.0572	      2.1445	      0.0000
     10.8316	      0.0000	     -1.5943	      0.9771
      1.7547	     25.1906	     -3.2804	      0.0000
      2.7379	     24.9882	     -5.5491	      6.3418
     41.3252	      2.1077	      0.0596	      0.0000
     29.8625	      0.0000	      7.4724	      2.6468
      1.6129	     32.4706	     -2.9966	      2.4517
     24.9807	     14.4049	      4.7358	      4.2740
     -0.9419	      4.1451	     -4.0468	      6.6740
     42.9073	      0.0000	      1.4193	      0.6493
     11.7561	      4.6239	      6.9043	      1.7530
     24.5732	      0.0000	      0.8178	      3.4059
      3.7313	     27.2048	      3.2853	      1.7120
     -6.0909	     -6.2419	    -12.3216	     -4.4239
     26.0828	      4.6484	     -2.6067	      8.6247
     19.3799	     53.3781	     -6.8260	      0.5878
     38.4232	     11.5619	      1.4385	      6.7588
      7.1087	     15.0731	     -3.1405	     11.9660
    -19.1989	     -4.3524	    -14.3311	     -7.8227
      0.0000	      0.0000	      3.2648	      0.0000
      9.5417	      0.0000	      0.0000	      0.0000
      8.4007	      1.2095	      0.0000	      0.0000
      2.6247	      0.0000	      4.6800	      6.1393
     21.9414	      0.0000	      0.0000	      0.0000
      2.6681	      1.2342	      0.0000	      7.0834
     13.9775	      0.0000	      0.0000	      0.0000
      6.9983	      0.0000	     -1.0436	      0.0000
      0.0000	      9.4642	      0.4440	      0.0000
      0.0000	      0.0000	      0.0000	      8.5034
     -4.5896	     -1.5007	     -1.5731	     -1.3783
     13.1776	      2.3830	      4.6904	      0.6317
      0.0000	      0.0000	      0.0000	      7.8961
     14.0719	      0.0000	      5.9427	      0.0000
      8.8274	      0.0000	      0.0000	      0.0000
    -16.9888	    -16.9012	    -16.4056	    -15.6832
     -2.5338	      4.4150	      3.5590	     12.0217
      7.2000	      0.0000	      0.0000	      1.3198
     17.8133	      0.0000	      0.0000	      2.0366
      8.6921	      0.0000	      0.0000	     -0.4498
    -61.5368	    -66.0243	    -37.3540	    -66.9484
    -39.1999	    -14.4699	    -33.5249	     -1.9170
    -18.7675	     -8.3116	    -20.5937	    -20.0155
    -27.1146	    -27.3115	    -27.6666	     -7.5641
    -12.6001	    -11.1985	    -16.8587	    -10.8435
     -0.5502	      3.6958	     -4.3023	      0.5997
     18.5126	      3.2714	     -0.1389	      2.4865
      0.0000	     14.2809	     -1.4387	      0.0000
     28.0752	      3.5802	      0.0000	      3.3534
     17.5841	      2.6986	      0.0000	      5.3293
      4.1088	     16.8752	     -2.5676	      2.6252
      7.7332	     14.4620	     -0.6840	      3.8021
     17.3856	      0.0000	     -1.5186	      1.9345
     20.9554	      7.1837	      1.9057	      0.5416
      1.5697	     17.9938	      0.8713	      0.5734
      4.5536	      2.7598	     -6.0116	      1.3860
      8.7746	     17.7417	      8.3087	      5.6318
     18.5620	      0.6554	      2.1265	      4.7359
     18.8156	      2.5588	      2.5456	      3.7355
     -2.8339	      5.2740	     -1.6569	     -2.0286
      1.9093	      7.8505	     -7.4491	     -7.4721
     21.6418	     10.4790	      4.9442	      6.1349
      1.1050	     24.2770	      1.0090	      1.2271
     15.8178	      5.9404	    -11.9925	      5.5813
     -6.1557	     -8.7560	    -13.2531	     -9.1413
     -7.3971	    -31.8708	    -42.5651	    -34.9139
    -36.7293	    -24.8233	    -48.1395	      0.9621
      1.0111	    -27.4805	    -48.2035	    -32.9259
    -39.1165	    -43.8082	    -59.9227	     -3.5211
    -44.1260	    -18.3469	    -65.9998	    -45.8640
      8.1437	      0.0000	      0.0000	      0.0000
      5.5488	      0.0000	      0.2375	      0.0000
      0.0000	     12.5674	      0.0000	      0.0000
      5.3239	      0.0000	     -1.4163	      0.8136
     -8.9367	     -5.6481	     -2.4008	     -5.2561
     28.6825	      0.0000	      0.2489	      2.2752
     27.3895	      0.0000	      0.8067	      0.0000
      0.8850	      0.0000	      0.0000	      0.0000
      6.3609	     38.5641	     -0.0513	     -0.2954
      2.8916	     22.1740	      0.5358	      0.0000
     46.5030	      6.4667	      1.1151	      2.8611
     23.0430	     52.2449	     10.9471	      6.2068
     27.3635	      1.2250	     -0.8739	      1.6738
     31.3098	     16.1351	     -0.2451	      1.0279
     -3.1947	     -1.4705	     -2.8218	     -1.3306
     38.8301	      8.5682	     -0.8552	      2.5553
     25.8225	     15.9863	     -1.3256	      5.3774
     20.5467	      0.0000	     -3.4549	      0.9439
     10.1864	     29.6184	      6.3014	     13.0011
      2.3003	     -4.7041	    -10.8772	    -17.5845
     12.6062	     -0.1544	    -17.5814	     -5.8244
     -8.2502	     -0.5228	    -26.1879	    -16.0691
    -29.7843	    -10.1619	    -41.2697	    -27.8093
    -52.0154	    -63.7294	    -69.1705	    -24.5624
    -88.6818	    -86.9175	   -109.5099	    -43.1510
      0.0000	      0.0000	      0.0000	      0.0000
      0.0000	      0.0000	      0.0000	      0.0000
      0.0000	      0.0000	      0.0000	     -0.0054
      2.7229	      0.0000	      0.0000	      0.0000
      0.0000	      0.0000	      0.0000	      0.0000
     -0.0476	     -6.6689	     -3.9696	      0.0000
     -7.5471	      0.0000	     14.5510	      0.0000
      0.0000	      0.0000	      0.0000	      0.0000
     -1.7228	     -0.5397	     -3.3608	     -0.1571
      0.0000	      0.0000	      0.0000	      0.0000
     -6.9525	     -6.7614	     -4.9119	      7.6931
     -0.2995	     -0.6628	     -3.1349	     22.9287
      0.0000	      0.0000	      0.0000	      0.0000
     -0.0624	      0.0000	      0.0000	      1.8821
     -2.9754	      0.0000	      0.0000	      0.0000
     -3.3827	     -5.1151	    -10.5241	      0.9331
     -3.0099	     -1.1999	     26.6898	      0.0000
     -2.4362	      0.0000	      0.0000	      0.0000
     -0.7919	     -3.1881	      0.4137	      0.0000
     -0.1909	      0.0000	      3.0248	     -0.3627
     -2.4075	     -5.1365	      1.8038	     -3.0469
     -8.7691	     -7.1009	     20.7181	     -5.8970
     -2.8338	     -2.6629	     -0.2718	      9.4546
     -3.4135	     -5.3080	     25.0575	      5.1730
     -4.4100	     -3.6119	      4.9093	     -0.0737
     -1.6246	      0.0000	      0.0000	      0.0000
      1.5221	      0.0000	      0.0000	      0.0000
      2.6438	      0.0000	     23.8332	      0.0000
     -0.3661	      4.8961	      0.0000	      0.0000
     -0.3419	     -7.4289	      0.0000	      0.0000
     -1.1449	     -2.7119	     -2.0241	      2.9919
     -1.1701	     -4.4364	     13.9422	     -1.8734
      7.6010	     -0.4310	      0.0000	      0.0000
     -2.0844	     -1.5558	     20.2101	     -0.0839
     -0.6688	     -4.0881	     12.7302	      0.0000
     -2.2301	      0.0000	      0.0000	      2.3101
     -0.5969	     -4.6073	     -0.2410	     14.1628
     -0.1344	     -1.2818	      5.1835	      0.0000
     -3.2211	     -1.3458	     23.1332	      1.5646
     -0.6439	     -2.6247	      6.6438	      0.7748
     -1.5438	     -1.9990	     -0.4640	      4.0037
      2.5154	      0.0000	      0.0000	      0.0000
     -0.5785	     -0.8411	     26.8345	      0.3885
     -0.4844	     -2.8559	     18.6200	      3.5587
     -1.6591	      0.0000	      2.7798	      0.1337
      3.6696	      0.0000	     -0.0418	     24.9760
     -0.7030	     -5.1083	     15.3284	     -0.1156
     -1.1870	     -1.9266	     13.9177	     -4.9712
     -3.4028	     -3.3446	     28.1883	      0.0000
     -5.1678	      1.4460	     21.0124	      4.7313
     -1.2612	      0.0000	      0.0000	      0.0000
      0.0000	      0.0000	      0.0000	      0.0000
      0.0000	      0.0000	      0.0000	      0.0000
      1.7088	      0.0000	      0.0000	      0.0000
      1.3099	      0.0000	      1.5446	      0.0000
      0.0000	      0.0000	      0.0000	      0.0000
     -2.3226	     -1.7462	      1.3026	      0.0000
     -0.5718	     -0.8017	      0.0000	      0.0000
     -0.5747	     -4.4763	      6.3634	      0.0000
     -7.5769	    -14.2117	     -8.9163	    -10.1505
      0.0000	      0.0000	      0.0000	      0.0000
     -0.5838	      1.2445	      0.0000	      0.0000
      2.0890	      0.0000	      0.0000	      0.0000
     -1.5884	     -0.9646	      5.2152	      0.4169
    -18.6779	    -24.7410	    -16.0009	     -8.5172
     -3.4709	      0.0000	      0.0000	      0.0000
      0.0000	      0.0000	      0.0000	      0.0000
     -3.9222	     -2.2535	      0.0000	      5.0693
      2.1851	     -0.0484	     15.4568	      0.0698
     -9.2350	     -3.3573	     -4.1374	     -3.4174
      0.0000	      0.0000	      5.2584	     -0.7699
     -0.9768	     -0.6322	     -1.9094	      0.0000
     -2.7136	     -0.8820	     -2.7961	      8.7103
     -1.9442	     -5.8456	      3.0594	     -4.9393
     -8.2268	     -5.8537	      2.3409	     -8.2117
    -11.3551	    -10.0571	     -8.9813	    -10.5900
     -0.8872	     -4.8019	     -4.8191	      4.8954
      4.4732	      0.0000	      0.0000	      0.0000
     -0.2989	     -4.1167	     -1.3049	      5.9454
     -2.6537	      0.5909	      0.0000	      0.0000
    -17.0885	    -11.0053	    -10.5518	     -9.6728
     -4.1050	     -9.3906	     -1.1725	      5.8815
     -0.7676	     -1.9024	      5.8780	      0.0000
     -6.3329	     -5.6538	     -5.0834	      5.3551
     -1.1819	     -1.5873	     -1.2076	     -0.0217
    -23.2848	    -13.2989	    -17.2263	     -7.8265
     -3.9563	     -8.3466	     -3.5247	      8.6606
     -0.3725	     -4.7019	     -1.0721	      4.0738
     -3.9293	     -0.4637	      1.5194	     10.1077
     -6.8202	     -9.1781	     -8.2403	     -4.6149
    -29.8401	    -23.9171	    -12.2775	    -21.6025
      1.6009	     -8.9230	     -1.7005	     10.5854
     -5.8740	      0.8998	     -4.5223	     10.8615
     -2.8870	     -3.4813	     -0.4936	      4.4239
     -0.7960	     -2.3097	      0.1448	      0.0000
    -19.5563	    -24.3923	    -41.6656	    -22.4281
     10.2526	      1.2583	    -23.1541	     17.4763
     -8.7348	    -12.5868	    -25.1502	     19.6189
      2.1028	     -2.1333	     -9.4141	     20.0060
     -0.6111	      0.4072	      0.1395	     15.6076
     -0.0965	     -1.2857	     -1.7619	      1.7789
      0.1407	     -6.4433	      1.0447	     10.0661
     31.3178	      5.6402	      0.0000	      0.0000
     -1.2832	     -5.5592	     -0.1377	     11.5038
      0.7428	     -4.3606	     -1.9683	     -1.5414
    -11.5028	    -12.9476	    -13.1861	    -11.7769
      4.7797	     -0.6497	     11.0087	     -0.6606
      1.0320	     -2.1809	     17.7078	      0.0000
     -2.4504	     -1.8128	      3.7780	     -0.1632
    -15.7292	    -13.3851	    -10.1914	    -15.5272
    -22.0314	    -20.1860	    -19.5862	    -10.3272
      5.9251	      1.7343	     12.9215	      7.1449
      1.7981	     -3.0984	      0.1805	     10.1549
     -4.4517	     -3.5741	     -0.1340	      6.3887
    -21.1161	    -19.8259	    -17.5145	    -11.7522
    -18.9720	    -13.5954	    -15.7428	    -18.4304
     -0.8758	     -3.7748	      0.5691	      6.5385
     -3.3276	      8.7850	      6.4880	     20.9773
     -0.5898	     -7.6512	     -0.4435	      7.6985
    -16.2193	    -16.5691	    -16.2965	    -11.6579
    -10.8044	    -15.7193	    -18.8138	     -1.4548
      1.7528	     -8.7612	    -27.9701	     12.1995
     -4.8020	     -2.4160	    -19.8486	     19.3955
     -3.8082	     -7.3917	    -10.5044	     10.4909
    -19.4537	    -19.9687	    -23.1163	    -19.0855
      0.0000	      0.0000	      0.0000	      0.0000
     -0.8123	     -1.2882	      3.1850	      0.0000
      1.9058	      0.0000	      0.0000	      0.0000
     -3.1632	      0.0000	      0.0000	      0.0000
     -3.8446	      2.1285	     -3.3149	     -2.7036
     -0.3907	     -3.0173	     -1.3219	      0.0000
     -1.7203	     -1.5007	      0.1921	     -1.1843
      0.0490	      0.0000	      1.2612	      0.0000
     -1.6774	     -3.9320	     -1.5070	     -4.7446
    -26.7585	    -19.1173	    -21.3860	    -17.8405
     -0.5468	     -0.3284	      2.0060	      0.0000
     -1.6594	     -2.1468	      0.0125	     -2.0028
     -7.8242	      0.8834	     -0.9182	      0.0000
     -9.1440	     -9.1454	     -9.6753	     -7.1301
    -38.2645	    -32.5425	    -38.1033	    -38.4014
     -0.4600	      0.1413	     -0.8702	      0.0000
     -0.3795	     -0.8930	     -3.7616	     -0.4239
     -0.7429	     -1.7845	      0.0000	      0.0000
     -8.0479	     -3.7075	     -8.0152	      3.7545
    -29.0858	    -29.8355	    -31.5623	    -30.4114
     -2.2575	     -5.6290	     -4.0908	     -0.1271
     -3.7696	     -6.2816	    -12.4348	     -0.6472
    -13.4604	    -13.6840	    -28.3152	     -2.5977
     -8.2526	    -16.2255	    -32.0946	     -1.5141
    -44.9422	    -44.0750	    -44.1736	    -37.5602
     -5.3248	     -3.7586	     -1.8308	      0.7932
      0.0000	      0.0000	     -2.8533	      9.0296
      0.3123	      0.0000	      0.0000	      0.0000
     -2.1962	     -3.2647	     -2.6998	     10.4917
     -2.0857	     -2.5303	     -4.5557	      2.2959
    -22.5796	    -24.7811	    -23.5710	    -16.7398
     -5.1643	     -6.5079	     -8.1549	      6.5668
     -2.1827	     -1.2286	     -6.0069	      6.9518
     -2.5682	     -4.1392	     -4.0221	      2.8897
    -10.2311	    -10.9824	    -12.3611	     -9.8224
    -25.4618	    -26.9249	    -33.2218	     -9.8524
     -6.6924	     -8.8924	     -5.8502	      4.7483
     -1.9590	     -3.0731	     -5.6602	      5.9562
     -3.0415	     -2.2418	     -4.2553	      5.6077
     -9.8012	    -12.4443	    -10.9307	     -6.9822
    -46.8854	    -49.8613	    -49.5209	    -14.7188
     -4.2632	     -5.5535	    -20.1132	      8.5492
     -6.3556	     -6.5439	     -6.6696	      1.0717
     -4.5408	     -3.5544	     -7.7237	      6.6638
    -13.2616	    -16.8246	    -15.9835	    -11.8156
    -74.4625	    -61.6039	    -80.0956	    -39.0446
    -32.2777	    -32.0018	    -59.5153	     -8.5837
    -65.5366	    -51.4526	    -69.0515	     -8.9036
    -71.2616	    -70.1082	    -70.9277	    -19.8136
    -52.2503	    -53.3535	    -52.3194	    -32.2661
     -5.2995	     -5.9009	    -10.2693	     -5.7212
     -1.2956	     -2.6247	     -2.6345	      8.1705
      2.1936	     18.9747	     -4.7384	     -1.7085
     -2.1954	     -3.9349	     -4.8090	     11.1492
     -5.5924	     -6.4227	    -13.2468	      0.4348
    -19.0173	    -17.0184	    -20.6131	    -13.8120
     -7.4594	     -8.7003	    -24.2547	      1.6940
     -6.4795	     -6.0223	     -5.8177	      7.0581
     -8.3962	     -9.4238	    -19.7497	     -3.2857
    -22.8221	    -23.0551	    -33.7390	    -15.8980
    -35.9944	    -25.4765	    -24.1821	    -11.0341
     -8.8375	     -9.1323	    -18.4562	     -1.9681
     -1.6532	     -5.4289	    -12.0384	      6.2376
     -8.8945	    -12.0433	    -21.7402	     -4.4608
    -24.1881	    -27.9460	    -31.5225	    -22.0151
    -26.0210	    -34.9078	    -35.2739	    -17.8649
     -5.6821	     -7.1691	    -18.1640	      6.2936
     -5.0881	     -6.3302	     -9.2016	     -0.4110
    -12.8041	    -15.4840	    -31.5259	     -3.4563
    -44.5685	    -50.1190	    -46.2732	    -33.9044
    -44.0501	    -61.4756	    -80.8918	    -25.1070
    -53.2084	    -71.3436	    -80.1654	     -9.5554
    -39.7633	    -43.0553	    -67.1824	    -19.1760
    -41.5621	    -36.2377	    -72.2592	     -9.9366
    -51.7481	    -57.2036	    -79.9413	    -38.2788
      2.6454	      0.0000	      0.0000	      0.0000
     -0.8651	     -0.4711	     -1.1851	      1.3765
     -0.7546	      1.6424	     -2.6069	     -1.0785
     -3.4724	     -0.2410	     -3.1674	     -3.0732
     -3.3968	     -3.7222	     -5.8802	     -4.4811
     -0.2685	     -0.3954	      0.0000	      0.0000
     -1.4759	     -1.4603	     -1.3758	      2.0840
     -1.0944	     -2.0856	     -1.5662	     -1.2188
     -4.6741	     -4.3338	     -5.3650	     -4.9796
    -21.2485	    -20.5627	    -21.5443	    -24.1755
     -2.4960	     -1.8049	     -2.5367	     -2.1506
     -8.3612	     -7.6758	     -9.7569	     -4.2856
     -6.6996	     -6.9189	     -7.0925	     -6.2847
    -17.4345	    -17.5002	    -18.3077	    -13.7434
    -46.7382	    -42.0685	    -46.8225	    -48.7550
     -7.7726	     -8.0753	     -8.3816	     -8.1123
     -9.8531	    -10.5664	     -9.4560	     -8.4174
     -5.0039	     -3.9428	     -5.0769	     -4.2883
    -26.9883	    -29.5601	    -31.8047	    -22.3031
    -63.8341	    -56.1817	    -68.8003	    -66.3731
    -52.7157	    -57.8943	    -53.3132	    -38.5232
   -121.4349	    -66.5220	   -121.3465	   -117.1936
    -86.4529	    -92.0745	    -83.2759	    -35.7750
    -54.5439	    -47.6157	    -76.1283	    -33.8100
   -102.9540	    -80.6285	   -127.9457	   -121.9398
    -40.7416	    -37.9073	    -40.4843	    -38.5568
    -28.7993	    -21.7119	    -22.0744	    -22.4021
    -11.1051	    -20.0484	    -12.5815	    -15.3070
    -10.8747	    -14.2796	    -21.3338	    -19.3183
     -9.6657	    -18.3088	    -16.8668	    -15.9195
    -65.6730	    -57.9242	    -59.2151	    -64.6230
    -32.6842	    -35.2275	    -38.6497	    -23.4546
    -20.9366	    -18.1933	    -16.4209	    -14.8999
    -29.9505	    -27.4664	    -20.4743	    -28.1786
    -26.7468	    -25.8023	    -26.0105	    -25.1915
    -64.2650	    -64.9985	    -71.2550	    -36.9651
    -42.0783	    -41.6565	    -43.5567	    -29.2415
    -23.9950	    -24.4225	    -25.4626	    -15.1501
    -31.2928	    -31.5836	    -35.6948	    -31.1207
    -19.2201	    -20.3295	    -25.1017	    -19.9525
    -52.5687	    -42.5391	    -46.4882	    -21.4942
    -31.1855	    -31.4766	    -31.2440	     -3.9079
    -19.7454	    -18.3692	    -18.6976	    -17.9459
    -20.5721	    -21.1756	    -22.3672	    -19.4898
    -12.5067	    -11.6537	    -14.1783	     -9.2172
    -32.3827	    -31.7894	    -27.0857	    -30.0119
    -77.5097	    -83.1218	    -81.3871	    -44.8197
    -34.1002	    -21.0118	    -21.5036	    -22.0969
    -42.0286	    -42.7934	    -42.4854	    -35.7015
    -31.0227	    -27.1620	    -26.9807	    -18.5465
    -10.6711	    -10.9399	     -4.0292	     -2.4031
    -10.3437	    -14.0348	    -10.5795	      0.9363
    -10.1690	    -10.2805	     -5.0603	      4.8525
      8.0319	     -4.6920	    -13.0856	     -4.2938
    -33.0534	    -31.1948	    -37.6776	    -32.5866
    -13.5008	    -14.6218	    -19.5095	     -8.9939
    -24.6322	    -29.0316	    -29.5830	    -16.6744
     -4.9433	     -5.7842	     -5.0380	     -1.8974
    -15.7980	    -24.1715	    -23.6239	    -24.3877
    -38.0359	    -38.0863	    -42.0245	    -34.9901
    -16.7612	    -21.3579	    -16.9067	    -11.8240
     -8.2242	    -14.7589	    -18.1680	      0.8690
     -9.1013	     -9.0883	    -11.2067	     -9.7163
    -25.9090	    -27.6612	    -26.2458	    -17.1563
    -27.1078	    -27.6536	    -18.0506	    -26.5534
    -22.2059	    -23.3080	    -18.2669	    -23.6224
     -4.4314	     -5.1613	     -5.0237	    -13.0194
     -7.5817	     -8.0882	     -8.0802	     -8.8035
    -18.8182	    -22.5148	    -15.3446	    -11.9996
    -16.5462	    -20.8883	    -14.8307	    -16.3902
    -32.3914	    -32.0831	    -33.4984	     -8.7365
    -48.9955	    -55.9466	    -45.2283	    -24.9948
    -65.5311	    -66.7465	    -66.1956	    -42.2315
    -23.2273	    -26.0140	    -33.6839	     -8.5865
    -18.3393	    -20.9732	    -23.9349	     -3.0574
     -9.0175	      0.0000	    -10.2908	      0.0000
     -1.7230	     -2.1654	     -8.9961	      0.4575
     -6.8274	    -10.0649	      0.0000	      0.0000
     -1.3799	     -1.1953	     -0.9183	      0.0000
    -14.9067	    -15.8047	    -14.3330	    -24.0878
     -4.6856	     -3.0280	     -4.9828	     -3.1223
     -6.7277	     -5.7134	     -7.0965	     -5.5980
     -4.9351	     -6.9062	     -5.5003	     -2.5740
    -35.1106	    -36.1866	    -35.9896	    -35.4740
    -30.6022	    -30.3385	    -33.8156	    -20.0644
    -19.2994	     -5.5401	     -4.5545	     -7.5297
     -6.8905	     -7.8324	     -6.0357	     -5.9248
    -12.3728	     -4.2557	     -4.0807	     -3.4028
    -23.4364	    -23.7785	    -27.3157	    -11.8534
    -51.6111	    -49.3880	    -56.2502	    -27.0543
      0.0000	     -6.8302	     -5.1029	     -7.2193
     -4.6234	      0.0000	     -1.4146	     -4.6713
     -1.9979	     -7.5078	      3.3348	    -14.7354
    -23.9826	    -28.0706	    -22.8718	      7.5603
    -29.9861	    -30.9936	    -20.3938	    -30.2057
     -6.5954	     -9.4457	     -7.0250	     -5.7860
    -14.0476	    -14.0794	    -35.4445	    -20.7286
    -42.4558	    -44.9144	    -38.1195	    -48.7097
    -58.3354	    -56.3271	    -42.2105	    -57.9327
    -64.8713	    -55.7794	    -67.2763	    -37.8779
    -47.2800	    -48.5957	    -57.4672	    -49.5200
    -28.8403	    -21.8335	    -38.2136	    -31.4932
    -26.9531	    -22.2011	    -28.9610	    -15.3519
    -33.1714	    -28.7569	    -32.6214	    -37.8596
    -26.1481	    -21.3782	    -29.1863	    -31.8911
    -44.1599	    -43.4796	    -44.5487	    -32.8186
    -35.9157	    -28.7973	    -31.6862	    -19.7692
    -13.9150	    -15.6287	    -15.9902	    -15.8492
    -25.9099	    -29.6714	    -27.1459	      2.2140
    -24.2146	    -21.8766	    -23.0734	    -16.8987
    -44.7935	    -48.7710	    -46.8109	    -12.8593
    -34.6068	    -37.5482	    -42.5460	     -3.6028
     -8.1700	    -11.3210	    -11.1808	     -3.9914
    -28.5393	    -28.9495	    -29.8431	     -6.0656
    -33.3552	    -33.4992	    -32.0510	    -16.2596
    -33.0054	    -42.5668	    -45.6519	    -21.7507
    -34.9382	    -36.5697	    -47.5191	      5.5813
    -26.5129	    -26.1190	    -25.0971	     -8.6850
    -45.6241	    -46.7745	    -45.5011	    -30.4073
    -22.3923	    -23.8536	    -24.6198	    -17.2744
    -35.4120	    -46.9108	    -82.9421	     -7.8745
    -51.4515	    -50.2183	    -78.0253	     16.1455
    -38.3772	    -38.3587	    -39.8100	    -17.9208
    -30.4410	    -28.7725	    -29.3280	     -1.3333
    -11.9393	    -14.4200	    -29.9427	      6.3038
    -16.3882	     -3.9238	    -18.8487	     -6.5552
     -9.8166	    -11.7985	     -8.4532	     -3.8334
      5.1070	    -11.7548	     -1.9695	     -2.0749
     -7.4976	      0.5404	    -14.6157	    -12.1942
    -14.3789	    -11.0712	    -13.2673	     -3.6502
    -22.5136	    -22.3388	    -30.1539	    -19.1058
    -29.8552	    -29.7506	    -27.4731	     -4.5058
    -14.7745	    -15.0313	    -16.3776	     -4.7806
    -27.7412	    -20.1175	    -21.3301	      7.9261
    -42.5631	    -45.4876	    -43.4828	     -8.3483
    -22.9052	    -23.7982	    -27.4210	    -14.4970
    -25.5823	    -28.0819	    -24.8506	     -0.8592
     -8.3184	     -7.7130	    -10.7705	      2.9283
    -21.6127	    -20.7947	    -19.6310	      1.2055
    -30.6552	    -32.6877	    -35.4473	    -13.9073
    -28.0042	    -30.2140	    -33.6661	     -8.1504
    -27.7594	    -27.2534	    -28.0398	     -6.0635
    -12.0633	    -19.5817	    -16.7769	     12.6293
    -32.3692	    -35.0886	    -42.6832	      0.6100
    -31.8791	    -31.3138	    -34.1771	    -21.4692
    -46.8930	    -50.4707	    -48.8236	      1.7113
    -50.2124	    -46.9579	    -60.5468	      7.6759
    -44.9297	    -43.2321	    -42.5315	      1.2126
    -31.0012	    -30.3660	    -62.7395	     -0.4124
    -38.1390	    -42.4856	    -38.7760	    -32.2000
      0.0000	      0.0000	      0.0000	      0.0000
     -0.6730	      0.0000	      0.0000	      0.0000
     -3.6516	     -2.0074	     -3.4357	      0.0000
     -4.0890	     -4.0775	     -3.6805	     -4.2370
    -10.8313	    -10.3142	    -10.2854	     -6.8558
      0.0000	      0.0000	      0.0000	      0.0000
    -12.5787	    -11.2153	    -12.8683	     -9.6980
     -6.9303	     -4.8498	     -4.0320	     -3.4239
    -14.4511	    -13.0699	    -11.1554	    -13.3083
    -28.7198	    -29.2942	    -27.7155	    -24.8409
     -2.9931	     -2.2804	     -1.1720	     -0.7755
    -10.3435	    -13.0986	     -8.3802	    -11.6164
     -5.8749	     -3.3521	     -2.1271	     -3.2512
    -18.8135	    -15.9357	      0.9567	    -14.4407
    -48.4085	    -50.6817	    -53.2632	    -20.2956
    -11.8653	    -11.4476	    -13.0092	    -10.4081
     -8.3115	     -8.3717	     -7.8099	     -8.4451
     -9.4375	     -7.0033	     -6.8474	     -8.2358
    -24.6479	    -21.5141	    -30.3997	      2.8351
    -48.1725	    -49.2706	    -41.8510	    -28.5696
    -11.8944	    -13.3094	     -9.4295	    -14.9711
    -31.1952	    -36.6464	    -31.4263	    -35.7456
    -32.0151	    -35.2618	    -21.9465	    -32.1734
    -54.4528	    -52.1002	    -63.0030	     -3.5150
    -66.9584	    -74.0230	    -78.7112	    -45.7102
    -40.3115	    -40.1212	    -42.5297	    -23.9415
    -13.8911	    -15.4270	    -14.2975	     -5.2395
     -7.1371	     -7.3062	     -5.3271	     -6.7654
    -19.7277	    -18.3306	    -29.7791	    -10.7836
    -13.2138	    -12.3887	    -19.8805	     -7.7960
    -43.2733	    -43.1516	    -51.3690	    -18.1040
    -29.6071	    -31.0898	    -30.2876	     -9.9272
    -11.2674	     -9.7124	    -12.1334	     -5.9195
    -19.8874	    -17.9646	    -22.6392	     -0.8127
    -11.3692	    -12.1141	    -10.7518	     -1.1541
    -43.7470	    -45.6759	    -40.4357	    -19.7302
    -33.9338	    -33.4345	    -36.7369	    -16.8545
    -18.7996	    -19.6274	    -18.6569	    -12.4488
     -7.9605	     -9.1987	    -17.0363	      1.4800
    -26.8831	    -27.3076	    -33.3585	    -16.3132
    -46.5853	    -52.0483	    -58.1048	    -16.9605
    -41.1634	    -36.2748	    -43.1114	     -8.1009
    -27.0661	    -29.7507	    -32.7290	    -28.0408
    -33.4118	    -33.5245	    -35.6983	    -22.9699
    -48.1840	    -47.3959	    -49.1723	    -40.1246
   -118.8386	   -116.4756	   -145.0573	    -48.0462
   -110.6936	   -126.7020	   -127.0015	     -6.0613
    -90.7745	    -96.8101	   -104.7563	    -42.1160
    -95.6146	   -101.6027	   -116.5921	    -36.3240
    -89.0926	    -89.1555	    -99.4433	    -41.4640
     -9.6255	    -10.5936	    -21.3635	     -6.1646
     -2.0638	     -3.9385	     -8.6700	      1.7305
     -4.2668	     -4.9337	     -6.1086	     -5.9933
    -11.6105	     -8.6418	    -13.6026	    -11.5035
    -18.6884	    -18.8282	    -24.0889	     -4.7154
    -17.2781	    -19.6240	    -21.2026	    -15.2476
    -23.4302	    -22.7823	    -28.1200	     -5.3711
     -9.8843	     -9.3313	    -17.0107	     -7.6270
    -20.4302	    -23.7625	    -24.5511	      2.5142
    -29.7075	    -30.3276	    -40.4975	    -14.7816
    -27.0611	    -29.5017	    -33.7635	    -17.9206
    -28.4749	    -34.8241	    -38.5139	     -9.3293
    -13.2273	    -13.7238	    -18.8521	     -9.7229
    -25.4343	    -24.1771	    -28.8178	     -8.1443
    -45.3410	    -47.1740	    -53.5577	    -15.5509
    -50.3127	    -61.2414	    -56.3423	    -20.6624
    -36.9369	    -35.7110	    -38.6487	    -11.0933
    -25.3037	    -26.6567	    -28.2451	    -18.3458
    -54.5126	    -52.6953	    -62.1710	    -19.6025
    -72.5382	    -73.5840	    -74.0440	    -50.8520
   -120.6126	   -116.6394	   -122.7107	    -42.3018
    -96.0713	   -122.7070	   -116.0209	    -26.1751
   -101.1313	   -109.6210	   -117.1406	    -28.7997
    -93.6046	    -86.8974	   -100.9012	    -24.7834
    -78.8587	    -75.9113	   -102.1412	    -69.5401
      0.0000	      0.0000	      0.0000	      0.0000
     -0.9214	      0.0000	      0.0000	      0.0000
     -2.3852	     -2.3936	      0.0000	      0.0000
    -12.0065	    -11.6900	    -12.8862	    -11.0432
    -18.3129	    -11.7500	    -10.9502	    -12.9219
     -0.7240	     -0.8718	     -1.6827	     -1.1424
     -5.0301	     -4.5913	     -3.8068	     -3.5787
     -5.8116	     -6.2300	     -5.5757	     -4.7322
    -14.3932	    -11.8777	    -12.1908	    -13.7146
    -42.9957	    -41.6437	    -41.9102	    -39.2258
     -4.1452	     -3.8501	     -6.0616	     -4.2539
    -21.0764	    -19.9942	    -15.7070	    -21.0120
    -16.1262	    -16.4607	    -16.8993	    -14.0576
    -26.1326	    -25.9747	    -24.1858	    -26.8280
    -67.7428	    -60.9149	    -64.8955	    -47.4931
    -14.7043	    -17.4935	    -16.9476	    -14.0574
    -34.3632	    -32.9686	    -34.3287	    -29.9909
    -24.8852	    -22.5431	    -23.5764	    -24.2895
    -55.0578	    -57.3597	    -55.6874	    -32.0818
    -92.8720	    -92.7260	    -80.0549	    -94.7471
    -78.7111	    -59.4737	    -84.1574	    -76.7478
   -155.6097	   -152.1607	   -135.4554	    -72.6731
   -164.9296	   -166.0944	    -56.4304	   -168.4595
   -102.9318	    -79.6803	   -118.7028	    -35.4034
   -115.2638	   -104.7381	    -95.5259	    -73.5200
      0.3782	      0.0000	      0.0000	      0.0000
    -10.1620	      0.0000	      0.0000	      0.0000
      0.0000	      0.0000	      0.0000	     -0.2826
      0.0000	      0.0000	      0.0000	      0.0000
      0.0000	      0.0000	      0.0000	      0.0000
     -5.4785	      0.0000	      0.0000	      0.0000
      0.0000	      0.0000	      0.0000	      0.0000
      0.0000	      0.0000	      0.0000	      0.0000
      0.0000	      0.0000	      0.0000	      0.0000
      0.0000	      0.0000	      0.0000	      0.0000
      0.0000	      0.0000	      0.0000	      0.0000
      0.0000	      0.0000	      0.0000	      0.0000
      0.0000	      0.0000	      0.0000	      0.0000
      0.0000	      0.0000	      0.0000	      0.0000
      0.0000	      0.0000	      0.0000	      0.0000
      0.0000	      0.0000	      0.0000	      0.0000
      0.0000	      0.0000	      0.0000	      0.0000
      0.0000	      0.0000	      0.0000	      0.0000
      0.0000	      0.0000	      0.0000	      0.0000
      0.0000	      0.0000	      0.0000	      0.0000
      0.0000	      0.0000	      0.0000	      0.0000
      0.0000	      0.0000	      0.0000	      0.0000
      0.0000	      0.0000	      0.0000	      0.0000
      0.0000	      0.0000	      0.0000	      0.0000
      0.0000	      0.0000	      0.0000	      0.0000
      0.9872	      0.0000	      0.0000	      0.0000
      0.0000	      0.0000	      0.0000	      0.0000
      0.0000	      0.0000	      0.0000	      0.0000
    -10.3827	      0.0000	      0.0000	      0.0000
      0.0000	      0.0000	      0.0000	      0.0000
      0.0000	      0.0000	      0.0000	      0.0000
      0.0000	      0.0000	      0.0000	      0.0000
      0.0000	      0.0000	      0.0000	      0.0000
      0.0000	      0.0000	      0.0000	      0.0000
      0.0000	      0.0000	      0.0000	      0.0000
      0.0000	      0.0000	      0.0000	      0.0000
      0.0000	      0.0000	      0.0000	      0.0000
      0.0000	      0.0000	      0.0000	      0.0000
      0.0000	      0.0000	      0.0000	      0.0000
      0.0000	      0.0000	      0.0000	      0.0000
      0.0000	      0.0000	      0.0000	      0.0000
      0.0000	      0.0000	      0.0000	      0.0000
      0.0000	      0.0000	      0.0000	      0.0000
      0.0000	      0.0000	      0.0000	      0.0000
      0.0000	      0.0000	      0.0000	      0.0000
      0.0000	      0.0000	      0.0000	      0.0000
      0.0000	      0.0000	      0.0000	      0.0000
      0.0000	      0.0000	      0.0000	      0.0000
      0.0000	      0.0000	      0.0000	      0.0000
      0.0000	      0.0000	      0.0000	      0.0000
      0.0000	      0.0000	      0.0000	      0.0000
      2.8964	      0.0000	      0.0000	      0.0000
      0.0000	      0.0000	      0.0000	      0.0000
      0.0000	      0.0000	      0.0000	    -10.1646
      0.0000	      0.0000	      0.0000	      0.0000
      0.0000	      0.0000	      0.0000	      0.0000
      0.0000	    -10.1631	      0.0000	      0.0000
      0.0000	      0.0000	      0.0000	      0.0000
      0.0000	      0.0000	      0.0000	      0.0000
      0.0000	      0.0000	      0.0000	      0.0000
      0.0000	      0.0000	      0.0000	      0.0000
      0.0000	      0.0000	      0.0000	      0.0000
      0.0000	      0.0000	      0.0000	      0.0000
      0.0000	      0.0000	      0.0000	      0.0000
      0.0000	      0.0000	      0.0000	      0.0000
      0.0000	      0.0000	      0.0000	      0.0000
      0.0000	      0.0000	      0.0000	      0.0000
      0.0000	      0.0000	      0.0000	      0.0000
      0.0000	      0.0000	      0.0000	      0.0000
      0.0000	      0.0000	      0.0000	      0.0000
      0.0000	      0.0000	      0.0000	      0.0000
      0.0000	      0.0000	      0.0000	      0.0000
      0.0000	      0.0000	      0.0000	      0.0000
      0.0000	      0.0000	      0.0000	      0.0000
      0.0000	      0.0000	      0.0000	      0.0000
      0.0000	      0.0000	      0.0000	      0.0000
     -0.6998	      0.0000	      0.0000	      0.0000
      0.0000	      0.0000	      0.0000	      0.0000
      0.0000	      0.0000	      0.0000	      0.0000
      0.0000	      0.0000	      0.0000	      0.0000
    -10.5449	     -4.9452	      0.0000	      0.0000
      1.5672	      0.0000	      0.0000	      0.0000
      0.0000	      0.0000	      0.0000	      0.0000
      0.0000	      0.0000	      0.0000	      0.0000
      0.0000	      0.0000	      0.0000	      0.0000
      0.0000	      0.0000	      0.0000	      0.0000
      0.0000	      0.0000	      0.0000	      0.0000
      0.0000	      0.0000	      0.0000	      0.0000
      0.0000	      0.0000	      0.0000	      0.0000
      0.0000	      0.0000	      0.0000	      0.0000
      0.0000	      0.0000	      0.0000	      0.0000
      0.0000	      0.0000	      0.0000	      0.0000
      0.0000	      0.0000	      0.0000	      0.0000
      0.0000	      0.0000	      0.0000	      0.0000
      0.0000	      0.0000	      0.0000	      0.0000
      0.0000	      0.0000	      0.0000	      0.0000
      0.0000	      0.0000	      0.0000	      0.0000
      0.0000	      0.0000	      0.0000	      0.0000
      0.0000	      0.0000	      0.0000	      0.0000
      0.0000	      0.0000	      0.0000	      0.0000
      0.9603	      0.0000	      0.0000	      0.0000
     -7.9910	      6.2352	     -0.4246	      0.0000
      0.0000	      0.0000	      0.0000	      0.0000
     -6.8535	      2.7187	     -1.9222	      0.0000
     -0.6886	      1.2494	      0.0000	      0.0000
    -10.7173	      7.0476	      0.0000	      0.0000
      2.1160	      0.0000	      0.0000	      0.0000
      0.0000	      0.0000	      0.0000	      0.0000
      0.0000	      0.0000	      0.0000	      0.0000
     -3.0108	      0.0000	      0.0000	      0.0000
      0.0000	      0.0000	      0.0000	      0.0000
      0.0000	      0.0000	      0.0000	      0.0000
      0.0000	      0.0000	      0.0000	      0.0000
      0.0000	      0.0000	      0.0000	      0.0000
      0.0000	      0.0000	      0.0000	      0.0000
      0.0000	      0.0000	      0.0000	      0.0000
      0.0000	      0.0000	      0.0000	      0.0000
      0.0000	      0.0000	      0.0000	      0.0000
      0.0000	      0.0000	      0.0000	      0.0000
      0.0000	      0.0000	      0.0000	      0.0000
      0.0000	      0.0000	      0.0000	      0.0000
      0.0000	      0.0000	      0.0000	      0.0000
      0.0000	      0.0000	      0.0000	      0.0000
      0.0000	      0.0000	      0.0000	      0.0000
      0.0000	      0.0000	      0.0000	      0.0000
     -4.4066	      0.0000	      0.0000	      0.0000
     -0.8589	    -10.9272	    -10.5748	    -14.0138
    -13.1497	      0.0000	      0.0000	      0.0000
    -14.4644	    -10.9405	    -16.9106	    -21.0886
     -6.1423	     -4.7237	      0.0000	      0.0000
      0.1234	      0.0000	      0.0000	      0.0000
     -4.5168	      0.0000	      0.0000	      0.0000
      0.0000	      0.0000	      0.0000	      0.0000
      0.0000	      0.0000	      0.0000	      0.0000
    -11.3983	     -0.5669	     -8.4620	     -8.2696
      0.0000	      0.0000	      0.0000	      0.0000
      0.0000	      0.0000	      0.0000	      0.0000
      0.0000	      0.0000	      0.0000	      0.0000
      0.0000	      0.0000	      0.0000	      0.0000
      0.0000	      0.0000	      0.0000	      0.0000
      0.0000	      0.0000	      0.0000	      0.0000
      0.0000	      0.0000	      0.0000	      0.0000
      0.0000	      0.0000	      0.0000	      0.0000
      0.0000	      0.0000	      0.0000	      0.0000
      0.0000	      0.0000	      0.0000	      0.0000
      0.0000	      0.0000	      0.0000	      0.0000
      0.0000	      0.0000	      0.0000	      0.0000
      0.0000	      0.0000	      0.0000	      0.0000
      0.0000	      0.0000	      0.0000	      0.0000
      0.0000	      0.0000	      0.0000	      0.0000
     -4.7000	      0.0000	      0.0000	      0.0000
      0.9238	      0.0000	      0.0000	      0.0000
      0.0000	     -3.0713	      0.0000	      0.0000
     -1.7409	     -1.8775	      0.0000	      0.0000
      0.0000	      0.0000	      0.0000	      0.0000
      0.0000	      0.0000	      0.0000	      0.0000
      0.9373	      0.0000	      0.0000	      0.0000
      0.0000	      0.0000	      0.0000	      0.0000
      0.0000	      0.0000	      0.0000	      0.0000
      0.0000	      0.0000	      0.0000	      0.0000
      0.0000	      0.0000	      0.0000	      0.0000
      0.0000	      0.0000	      0.0000	      0.0000
      0.0000	      0.0000	      0.0000	      0.0000
      0.0000	      0.0000	      0.0000	      0.0000
      0.0000	      0.0000	      0.0000	      0.0000
      0.0000	      0.0000	      0.0000	      0.0000
      0.0000	      0.0000	      0.0000	      0.0000
      0.0000	      0.0000	      0.0000	      0.0000
      0.0000	      0.0000	      0.0000	      0.0000
      0.0000	      0.0000	      0.0000	      0.0000
      0.0000	      0.0000	      0.0000	      0.0000
      0.0000	      0.0000	      0.0000	      0.0000
      0.0000	      0.0000	      0.0000	      0.0000
      0.0000	      0.0000	      0.0000	      0.0000
      0.0000	      0.0000	      0.0000	      0.0000
      0.8226	      0.0000	      0.0000	      0.0000
     -6.6042	      0.0700	      0.0000	      0.0000
      0.0000	      0.0000	      0.0000	      0.0000
     -2.5342	     -8.8034	     -2.5610	      5.4568
     -1.4681	    -10.3326	     -1.6606	     -2.7523
     -0.0722	     -2.4439	      0.0000	      0.0000
      0.0000	      0.0000	      0.0000	      0.0000
      0.0000	      0.0000	      0.0000	      0.0000
      0.0000	      0.0000	      0.0000	      0.0000
     -3.3258	     -0.9496	      0.0000	      0.0000
      0.0000	      0.0000	      0.0000	      0.0000
      0.0000	      0.0000	      0.0000	      0.0000
      0.0000	      0.0000	      0.0000	      0.0000
      0.0000	      0.0000	      0.0000	      0.0000
      0.0000	      0.0000	      0.0000	      0.0000
      0.0000	      0.0000	      0.0000	      0.0000
      0.0000	      0.0000	      0.0000	      0.0000
      0.0000	      0.0000	      0.0000	      0.0000
      0.0000	      0.0000	      0.0000	      0.0000
      0.0000	      0.0000	      0.0000	      0.0000
      0.0000	      0.0000	      0.0000	      0.0000
      0.0000	      0.0000	      0.0000	      0.0000
      0.0000	      0.0000	      0.0000	      0.0000
      0.0000	      0.0000	      0.0000	      0.0000
      0.0000	      0.0000	      0.0000	      0.0000
     -2.1787	      0.0000	      0.0000	      0.0000
     -3.1699	     -2.7696	     -4.2661	     -4.9690
    -11.9664	      0.0000	      0.0000	      0.0000
     -1.3906	      0.0000	      0.0000	      0.0000
     -5.8119	     -4.2822	     -4.7486	     -4.0504
     -0.1405	      0.7839	      0.0000	      0.0000
      0.0000	      0.0000	      0.0000	      0.0000
      0.0000	      0.0000	      0.0000	      0.0000
      0.0000	      0.0000	      0.0000	      0.0000
     -1.2167	     -0.6949	     -9.7964	      0.0000
      0.0000	      0.0000	      0.0000	      0.0000
      0.0000	      0.0000	      0.0000	      0.0000
      0.0000	      0.0000	      0.0000	      0.0000
      0.0000	      0.0000	      0.0000	      0.0000
      0.0000	      0.0000	      0.0000	      0.0000
      0.0000	      0.0000	      0.0000	      0.0000
      0.0000	      0.0000	      0.0000	      0.0000
      0.0000	      0.0000	      0.0000	      0.0000
      0.0000	      0.0000	      0.0000	      0.0000
      0.0000	      0.0000	      0.0000	      0.0000
      0.0000	      0.0000	      0.0000	      0.0000
      0.0000	      0.0000	      0.0000	      0.0000
      0.0000	      0.0000	      0.0000	      0.0000
      0.0000	      0.0000	      0.0000	      0.0000
      0.0000	      0.0000	      0.0000	      0.0000
      0.0000	      0.0000	      0.0000	      0.0000
      0.0000	      0.0000	      0.0000	      0.0000
      0.0000	      0.0000	      0.0000	      0.0000
      0.0000	      0.0000	      0.0000	      0.0000
      0.0000	      0.0000	      0.0000	      0.0000
      0.0000	      0.0000	      0.0000	      0.0000
      0.0000	      0.0000	      0.0000	      0.0000
      0.0000	      0.0000	      0.0000	      0.0000
      0.0000	      0.0000	      0.0000	      0.0000
      0.0000	      0.0000	      0.0000	      0.0000
      0.0000	      0.0000	      0.0000	      0.0000
      0.0000	      0.0000	      0.0000	      0.0000
      0.0000	      0.0000	      0.0000	      0.0000
      0.0000	      0.0000	      0.0000	      0.0000
      0.0000	      0.0000	      0.0000	      0.0000
      0.0000	      0.0000	      0.0000	      0.0000
      0.0000	      0.0000	      0.0000	      0.0000
      0.0000	      0.0000	      0.0000	      0.0000
      0.0000	      0.0000	      0.0000	      0.0000
      0.0000	      0.0000	      0.0000	      0.0000
      0.0000	      0.0000	      0.0000	      0.0000
      0.0000	      0.0000	      0.0000	      0.0000
      0.0000	      0.0000	      0.0000	      0.0000
      0.0000	      0.0000	      0.0000	      0.0000
      0.0000	      0.0000	      0.0000	      0.0000
      0.0000	      0.0000	      0.0000	      0.0000
      0.0000	      0.0000	      0.0000	      0.0000
      0.0000	      0.0000	      0.0000	      0.0000
      0.0000	      0.0000	      0.0000	      0.0000
      0.0000	      0.0000	      0.0000	      0.0000
      0.0000	      0.0000	      0.0000	    -10.8538
      0.0000	      0.0000	      0.0000	      0.0000
      0.0000	      0.0000	      0.0000	      0.0000
      0.0000	      0.0000	      0.0000	      0.0000
      0.0000	      0.0000	      0.0000	      0.0000
      0.0000	      0.0000	      0.0000	      0.0000
      0.0000	      0.0000	      0.0000	      0.0000
      0.0000	      0.0000	      0.0000	      0.0000
      0.0000	      0.0000	      0.0000	      0.0000
      0.0000	      0.0000	      0.0000	      0.0000
      0.0000	      0.0000	      0.0000	      0.0000
      0.0000	      0.0000	      0.0000	      0.0000
      0.0000	      0.0000	      0.0000	      0.0000
      0.0000	      0.0000	      0.0000	      0.0000
      0.0000	      0.0000	      0.0000	      0.0000
      0.0000	      0.0000	      0.0000	      0.0000
      0.0000	      0.0000	      0.0000	      0.0000
      0.0000	      0.0000	      0.0000	      0.0000
      0.0000	      0.0000	      0.0000	      0.0000
      0.0000	      0.0000	      0.0000	      0.0000
      0.0000	      0.0000	      0.0000	      0.0000
      0.0000	      0.0000	      0.0000	      0.0000
      0.0000	      0.0000	      0.0000	      0.0000
      0.0000	      0.0000	      0.0000	      0.0000
      0.0000	      0.0000	      0.0000	      0.0000
      0.0000	      0.0000	      0.0000	      0.0000
      0.0000	      0.0000	      0.0000	      0.0000
      0.0000	      0.0000	      0.0000	      0.0000
      0.0000	      0.0000	      0.0000	      0.0000
      0.0000	      0.0000	      0.0000	      0.0000
      0.0000	      0.0000	      0.0000	      0.0000
      0.0000	      0.0000	      0.0000	      0.0000
      0.0000	      0.0000	      0.0000	      0.0000
      0.0000	      0.0000	      0.0000	      0.0000
      0.0000	      0.0000	      0.0000	      0.0000
      0.0000	      0.0000	      0.0000	      0.0000
      0.0000	      0.0000	      0.0000	      0.0000
      0.0000	      0.0000	      0.0000	      0.0000
      0.0000	      0.0000	      0.0000	      0.0000
      0.0000	      0.0000	      0.0000	      0.0000
      0.0000	      0.0000	      0.0000	      0.0000
      0.0000	      0.0000	      0.0000	      0.0000
      0.0000	      0.0000	      0.0000	      0.0000
      0.0000	      0.0000	      0.0000	      0.0000
      0.0000	      0.0000	      0.0000	      0.0000
     -1.0407	      0.0000	      0.0000	      0.0000
      0.0000	      0.0000	      0.0000	      0.0000
     -0.3541	      0.0000	      0.0000	      0.0000
      6.2361	      0.0000	      0.0000	      0.0000
      0.0000	      0.0000	      0.0000	      0.0000
     -9.4113	      0.0000	      0.0000	      0.0000
      0.0000	      0.0000	      0.0000	      0.0000
      0.0000	      0.0000	      0.0000	      0.0000
      0.0000	      0.0000	      0.0000	      0.0000
      0.0000	      0.0000	      0.0000	      0.0000
      0.0000	      0.0000	      0.0000	      0.0000
      0.0000	      0.0000	      0.0000	      0.0000
      0.0000	      0.0000	      0.0000	      0.0000
      0.0000	      0.0000	      0.0000	      0.0000
      0.0000	      0.0000	      0.0000	      0.0000
      0.0000	      0.0000	      0.0000	      0.0000
      0.0000	      0.0000	      0.0000	      0.0000
      0.0000	      0.0000	      0.0000	      0.0000
      0.0000	      0.0000	      0.0000	      0.0000
      0.0000	      0.0000	      0.0000	      0.0000
      0.0000	      0.0000	      0.0000	      0.0000
      0.0000	      0.0000	      0.0000	      0.0000
      0.0000	      0.0000	      0.0000	      0.0000
      0.0000	      0.0000	      0.0000	      0.0000
      0.0000	      0.0000	      0.0000	      0.0000
      8.7373	      0.0000	      0.0000	      0.0000
     -6.3887	      3.1016	      0.0000	      0.0000
     -9.8452	     25.5359	      6.9940	      0.0000
    -10.0049	     -3.1418	      9.6966	      0.0000
      5.3083	      0.0000	      0.0000	      0.0000
      0.3787	      0.0000	      0.0000	      0.0000
      0.0000	      0.0000	      0.0000	      0.0000
      0.0000	      0.0000	      0.0000	      0.0000
      2.2277	      0.0000	      0.0000	      0.0000
      2.4182	      0.0000	      0.0000	      0.0000
      0.0000	      0.0000	      0.0000	      0.0000
      0.0000	      0.0000	      0.0000	      0.0000
      0.0000	      0.0000	      0.0000	      0.0000
      0.0000	      0.0000	      0.0000	      0.0000
      0.0000	      0.0000	      0.0000	      0.0000
      0.0000	      0.0000	      0.0000	      0.0000
      0.0000	      0.0000	      0.0000	      0.0000
      0.0000	      0.0000	      0.0000	      0.0000
      0.0000	      0.0000	      0.0000	      0.0000
      0.0000	      0.0000	      0.0000	      0.0000
      0.0000	      0.0000	      0.0000	      0.0000
      0.0000	      0.0000	      0.0000	      0.0000
      0.0000	      0.0000	      0.0000	      0.0000
      0.0000	      0.0000	      0.0000	      0.0000
      0.0000	      0.0000	      0.0000	      0.0000
      0.0000	      0.0000	      0.0000	      0.0000
      4.2670	      0.0000	      0.0000	      0.0000
     17.5547	      0.0000	      0.0000	      0.0000
      5.6327	      0.0000	      0.0000	      0.0000
    -10.0806	      0.0000	      0.0000	     -9.5488
      0.0000	      0.0000	      0.0000	      0.0000
      0.0000	      0.0000	      0.0000	      0.0000
      0.0000	      0.0000	      0.0000	      0.0000
      0.0000	      0.0000	      0.0000	      0.0000
      0.0000	      0.0000	      0.0000	      0.0000
      0.0000	      0.0000	      0.0000	      0.0000
      0.0000	      0.0000	      0.0000	      0.0000
      0.0000	      0.0000	      0.0000	      0.0000
      0.0000	      0.0000	      0.0000	      0.0000
      0.0000	      0.0000	      0.0000	      0.0000
      0.0000	      0.0000	      0.0000	      0.0000
      0.0000	      0.0000	      0.0000	      0.0000
      0.0000	      0.0000	      0.0000	      0.0000
      0.0000	      0.0000	      0.0000	      0.0000
      0.0000	      0.0000	      0.0000	      0.0000
      0.0000	      0.0000	      0.0000	      0.0000
      0.0000	      0.0000	      0.0000	      0.0000
      0.0000	      0.0000	      0.0000	      0.0000
      0.0000	      0.0000	      0.0000	      0.0000
      0.0000	      0.0000	      0.0000	      0.0000
     -0.2173	     -1.4206	      0.0000	      0.0000
     -0.0549	     -0.3533	      0.0000	      0.0000
      0.0000	      0.0000	      0.0000	      0.0000
      0.0000	      0.0000	      0.0000	      0.0000
      0.0000	      0.0000	      0.0000	      0.0000
      0.0000	      0.0000	      0.0000	      0.0000
      0.0000	      0.0000	      0.0000	      0.0000
      0.0000	      0.0000	      0.0000	      0.0000
      0.0000	      0.0000	      0.0000	      0.0000
      0.0000	      0.0000	      0.0000	      0.0000
      0.0000	      0.0000	      0.0000	      0.0000
      0.0000	      0.0000	      0.0000	      0.0000
      0.0000	      0.0000	      0.0000	      0.0000
      0.0000	      0.0000	      0.0000	      0.0000
      0.0000	      0.0000	      0.0000	      0.0000
      0.0000	      0.0000	      0.0000	      0.0000
      0.0000	      0.0000	      0.0000	      0.0000
      0.0000	      0.0000	      0.0000	      0.0000
      0.0000	      0.0000	      0.0000	      0.0000
      0.0000	      0.0000	      0.0000	      0.0000
      0.0000	      0.0000	      0.0000	      0.0000
      0.0000	      0.0000	      0.0000	      0.0000
      0.0000	      0.0000	      0.0000	      0.0000
      0.0000	      0.0000	      0.0000	      0.0000
      0.0000	      0.0000	      0.0000	      0.0000
      0.6421	      0.0000	      0.0000	      0.0000
      0.0000	      0.0000	      0.0000	      0.0000
      0.0000	      0.0000	      0.0000	      0.0000
      8.5665	      0.0000	      0.0000	      0.0000
      0.0908	      0.0000	      0.0000	      0.0000
     -0.8616	      0.0000	      0.0000	      0.0000
      0.0000	      0.0000	      0.0000	      0.0000
      0.0000	      0.0000	      0.0000	      0.0000
      0.0000	      0.0000	      0.0000	      0.0000
     -0.3133	      0.0000	      0.0000	      0.0000
      0.0000	      0.0000	      0.0000	      0.0000
      0.0000	      0.0000	      0.0000	      0.0000
      0.0000	      0.0000	      0.0000	      0.0000
      0.0000	      0.0000	      0.0000	      0.0000
      0.0000	      0.0000	      0.0000	      0.0000
      0.0000	      0.0000	      0.0000	      0.0000
      0.0000	      0.0000	      0.0000	      0.0000
      0.0000	      0.0000	      0.0000	      0.0000
      0.0000	      0.0000	      0.0000	      0.0000
      0.0000	      0.0000	      0.0000	      0.0000
      0.0000	      0.0000	      0.0000	      0.0000
      0.0000	      0.0000	      0.0000	      0.0000
      0.0000	      0.0000	      0.0000	      0.0000
      0.0000	      0.0000	      0.0000	      0.0000
      0.0000	      0.0000	      0.0000	      0.0000
      0.0000	      0.0000	      0.0000	      0.0000
      0.0000	      0.0000	      0.0000	      0.0000
      0.0000	      0.0000	      0.0000	      0.0000
      0.0000	      0.0000	      0.0000	      0.0000
      0.0000	      0.0000	      0.0000	      0.0000
     -0.5784	      0.0000	      0.0000	      0.0000
      0.0000	      0.0000	      0.0000	      0.0000
      0.0000	      0.0000	      0.0000	      0.0000
      0.0000	      0.0000	      0.0000	      0.0000
      0.0000	      0.0000	      0.0000	      0.0000
      0.0000	      0.0000	      0.0000	      0.0000
      0.0000	      0.0000	      0.0000	      0.0000
      0.0000	      0.0000	      0.0000	      0.0000
      0.0000	      0.0000	      0.0000	      0.0000
      0.0000	      0.0000	      0.0000	      0.0000
      0.0000	      0.0000	      0.0000	      0.0000
      0.0000	      0.0000	      0.0000	      0.0000
      0.0000	      0.0000	      0.0000	      0.0000
      0.0000	      0.0000	      0.0000	      0.0000
      0.0000	      0.0000	      0.0000	      0.0000
      0.0000	      0.0000	      0.0000	      0.0000
      0.0000	      0.0000	      0.0000	      0.0000
      0.0000	      0.0000	      0.0000	      0.0000
      0.0000	      0.0000	      0.0000	      0.0000
      0.0000	      0.0000	      0.0000	      0.0000
      0.0000	      0.0000	      0.0000	      0.0000
      0.0000	      0.0000	      0.0000	      0.0000
      0.0000	      0.0000	      0.0000	      0.0000
    -13.7761	      0.0000	      0.0000	      0.0000
      0.0000	      0.0000	      0.0000	      0.0000
      0.0000	      0.0000	      0.0000	      0.0000
      0.0000	      0.0000	      0.0000	      0.0000
      0.0000	      0.0000	      0.0000	      0.0000
      0.0000	      0.0000	      0.0000	      0.0000
      0.0000	      0.0000	      0.0000	      0.0000
      0.0000	      0.0000	      0.0000	      0.0000
      0.0000	      0.0000	      0.0000	      0.0000
      0.0000	      0.0000	      0.0000	      0.0000
      0.0000	      0.0000	      0.0000	      0.0000
      0.0000	      0.0000	      0.0000	      0.0000
      0.0000	      0.0000	      0.0000	      0.0000
      0.0000	      0.0000	      0.0000	      0.0000
      0.0000	      0.0000	      0.0000	      0.0000
      0.0000	      0.0000	      0.0000	      0.0000
      0.0000	      0.0000	      0.0000	      0.0000
      0.0000	      0.0000	      0.0000	      0.0000
      0.0000	      0.0000	      0.0000	      0.0000
      0.0000	      0.0000	      0.0000	      0.0000
      0.0000	      0.0000	      0.0000	      0.0000
      0.0000	      0.0000	      0.0000	      0.0000
      0.0000	      0.0000	      0.0000	      0.0000
      0.0000	    -10.3298	      0.0000	      0.0000
      0.0000	      0.0000	      0.0000	      0.0000
    -10.0755	      5.0749	      0.0000	      0.0000
     -6.6929	     -6.3488	      0.0000	      0.0000
      0.0000	      0.0000	      1.6670	      0.0000
      0.0000	      0.0000	      0.0000	      0.0000
      0.0000	      0.0000	      0.0000	      0.0000
      0.0000	      0.0000	      0.0000	      0.0000
      0.0000	      0.0000	      0.0000	      0.0000
      0.0000	      0.0000	      0.0000	      0.0000
      0.0000	      0.0000	      0.0000	      0.0000
      0.0000	      0.0000	      0.0000	      0.0000
      0.0000	      0.0000	      0.0000	      0.0000
      0.0000	      0.0000	      0.0000	      0.0000
      0.0000	      0.0000	      0.0000	      0.0000
      0.0000	      0.0000	      0.0000	      0.0000
      0.0000	      0.0000	      0.0000	      0.0000
      0.0000	      0.0000	      0.0000	      0.0000
      0.0000	      0.0000	      0.0000	      0.0000
      0.0000	      0.0000	      0.0000	      0.0000
      0.0000	      0.0000	      0.0000	      0.0000
      0.0000	      0.0000	      0.0000	      0.0000
      0.0000	      0.0000	      0.0000	      0.0000
      0.0000	      0.0000	      0.0000	      0.0000
    -10.2234	      0.0000	      0.0000	      0.0000
     -7.1010	      0.0000	      0.0000	      0.0000
      0.0000	      0.0000	      0.0000	      0.0000
      0.0000	      0.0000	      0.0000	     -7.3446
    -18.0524	      0.0000	      0.0000	     -8.1876
      0.0000	      0.0000	      0.0000	      0.0000
      0.0000	      0.0000	      0.0000	      0.0000
      0.0000	      0.0000	      0.0000	      0.0000
      0.0000	      0.0000	      0.0000	      0.0000
     -5.5211	      0.0000	      0.0000	      0.0000
      0.0000	      0.0000	      0.0000	      0.0000
      0.0000	      0.0000	      0.0000	      0.0000
      0.0000	      0.0000	      0.0000	      0.0000
      0.0000	      0.0000	      0.0000	      0.0000
      0.0000	      0.0000	      0.0000	      0.0000
      0.0000	      0.0000	      0.0000	      0.0000
      0.0000	      0.0000	      0.0000	      0.0000
      0.0000	      0.0000	      0.0000	      0.0000
      0.0000	      0.0000	      0.0000	      0.0000
      0.0000	      0.0000	      0.0000	      0.0000
      0.0000	      0.0000	      0.0000	      0.0000
      0.0000	      0.0000	      0.0000	      0.0000
      0.0000	      0.0000	      0.0000	      0.0000
      0.0000	      0.0000	      0.0000	      0.0000
      0.0000	      0.0000	      0.0000	      0.0000
      0.0000	      0.0000	      0.0000	      0.0000
      0.0000	     -6.7834	      0.0000	      0.0000
      0.0000	      0.0000	      0.0000	      0.0000
      0.0000	      0.0000	      0.0000	      0.0000
     -7.0503	      0.0000	      0.0000	      0.0000
      0.0000	      0.0000	      0.0000	      0.0000
      0.0000	      0.0000	      0.0000	      0.0000
      0.0000	      0.0000	      0.0000	      0.0000
      0.0000	      0.0000	      0.0000	      0.0000
      0.0000	      0.0000	      0.0000	      0.0000
      0.0000	      0.0000	      0.0000	      0.0000
      0.0000	      0.0000	      0.0000	      0.0000
      0.0000	      0.0000	      0.0000	      0.0000
      0.0000	      0.0000	      0.0000	      0.0000
      0.0000	      0.0000	      0.0000	      0.0000
      0.0000	      0.0000	      0.0000	      0.0000
      0.0000	      0.0000	      0.0000	      0.0000
      0.0000	      0.0000	      0.0000	      0.0000
      0.0000	      0.0000	      0.0000	      0.0000
      0.0000	      0.0000	      0.0000	      0.0000
      0.0000	      0.0000	      0.0000	      0.0000
      0.0000	      0.0000	      0.0000	      0.0000
      0.0000	      0.0000	      0.0000	      0.0000
      0.0000	      0.0000	      0.0000	      0.0000
      0.0000	      0.0000	      0.0000	      0.0000
      1.0356	      0.0000	      0.7393	      0.0000
      0.0000	      0.0000	      0.0000	      0.0000
      0.0000	      0.0000	      0.0000	      0.0000
      4.6151	      0.0000	      0.0000	     -8.7233
      0.0000	      0.0000	     -1.4617	      0.0000
      0.0000	      0.0000	      0.0000	      0.0000
      0.0000	      0.0000	      0.0000	      3.4433
      0.0000	      0.0000	      0.0000	      0.0000
      0.0000	      0.0000	      0.0000	      0.0000
      0.0000	      0.0000	      0.0000	      0.0000
      0.0000	      0.0000	      0.0000	      0.0000
      0.0000	      0.0000	      0.0000	      0.0000
      0.0000	      0.0000	      0.0000	      0.0000
      0.0000	      0.0000	      0.0000	      0.0000
      0.0000	      0.0000	      0.0000	      0.0000
      0.0000	      0.0000	      0.0000	      0.0000
      0.0000	      0.0000	      0.0000	      0.0000
      0.0000	      0.0000	      0.0000	      0.0000
      0.0000	      0.0000	      0.0000	      0.0000
      0.0000	      0.0000	      0.0000	      0.0000
      0.0000	      0.0000	      0.0000	      0.0000
      0.0000	      0.0000	      0.0000	      0.0000
      0.0000	      0.0000	      0.0000	      0.0000
      0.0000	      0.0000	      0.0000	      0.0000
      0.0000	      0.0000	      0.0000	      0.0000
      0.0000	      0.0000	      0.0000	      0.0000
      0.0000	      0.0000	      0.0000	      0.0000
      0.0000	      0.0000	      0.0000	      0.0000
     -6.5241	     -1.8507	     -2.3196	      0.0000
      0.0000	      0.0000	      0.0000	      0.0000
      0.0000	      0.0000	      0.0000	      1.7681
     -7.1472	      0.0000	      0.0000	      0.0000
      0.0000	      0.0000	      0.0000	      0.0000
     -9.3151	      0.0000	      0.0000	      0.0000
      4.2865	      0.0000	      0.0000	      0.0000
      0.0000	      0.0000	      0.0000	      0.0000
      0.0000	      0.0000	      0.0000	      0.0000
      0.0000	      0.0000	      0.0000	      0.0000
      0.0000	      0.0000	      0.0000	      0.0000
      0.0000	      0.0000	      0.0000	      0.0000
      0.0000	      0.0000	      0.0000	      0.0000
      0.0000	      0.0000	      0.0000	      0.0000
      0.0000	      0.0000	      0.0000	      0.0000
      0.0000	      0.0000	      0.0000	      0.0000
      0.0000	      0.0000	      0.0000	      0.0000
      0.0000	      0.0000	      0.0000	      0.0000
      0.0000	      0.0000	      0.0000	      0.0000
      0.0000	      0.0000	      0.0000	      0.0000
      0.0000	      0.0000	      0.0000	      0.0000
      0.0000	      0.0000	      0.0000	      0.0000
      0.0000	      0.0000	      0.0000	      0.0000
      0.0000	      0.0000	      0.0000	      0.0000
      0.0000	      0.0000	      0.0000	      0.0000
      0.0000	      0.0000	      0.0000	      0.0000
      0.0000	      0.0000	      0.0000	      0.0000
      0.0000	      0.0000	      0.0000	      0.0000
      0.0000	      0.0000	      0.0000	      0.0000
      0.0000	      0.0000	      0.0000	      0.0000
      0.0000	      0.0000	      0.0000	      0.0000
      0.0000	      0.0000	      0.0000	      0.0000
      0.0000	      0.0000	      0.0000	      0.0000
      0.0000	      0.0000	      0.0000	      0.0000
      0.0000	      0.0000	      0.0000	      0.0000
      0.0000	      0.0000	      0.0000	      0.0000
      0.0000	      0.0000	      0.0000	      0.0000
      0.0000	      0.0000	      0.0000	      0.0000
      0.0000	      0.0000	      0.0000	      0.0000
      0.0000	      0.0000	      0.0000	      0.0000
      0.0000	      0.0000	      0.0000	      0.0000
      0.0000	      0.0000	      0.0000	      0.0000
      0.0000	      0.0000	      0.0000	      0.0000
      0.0000	      0.0000	      0.0000	      0.0000
      0.0000	      0.0000	      0.0000	      0.0000
      0.0000	      0.0000	      0.0000	      0.0000
      0.0000	      0.0000	      0.0000	      0.0000
      0.0000	      0.0000	      0.0000	      2.0382
      0.0000	      0.0000	      0.0000	      0.0000
      0.0000	      0.0000	      0.0000	      0.0000
      1.7341	      0.0000	      0.0000	      0.0000
     -1.2801	      0.0000	      0.0000	      0.0000
      0.0000	      0.0000	      0.0000	      0.0000
      0.0000	      0.0000	      0.0000	      0.0000
      0.0000	      0.0000	      0.0000	      0.0000
      0.0000	      0.0000	      0.0000	      0.0000
     -0.4253	      0.0000	      0.0000	      0.0000
      0.0000	      0.0000	      0.0000	      0.0000
      0.0000	      0.0000	      0.0000	      0.0000
      0.0000	      0.0000	      0.0000	      0.0000
      0.0000	      0.0000	      0.0000	      0.0000
      0.0000	      0.0000	      0.0000	      0.0000
      0.0000	      0.0000	      0.0000	      0.0000
      0.0000	      0.0000	      0.0000	      0.0000
      0.0000	      0.0000	      0.0000	      0.0000
      0.0000	      0.0000	      0.0000	      0.0000
      0.0000	      0.0000	      0.0000	      0.0000
      0.0000	      0.0000	      0.0000	      0.0000
      0.0000	      0.0000	      0.0000	      0.0000
      0.0000	      0.0000	      0.0000	      0.0000
      0.0000	      0.0000	      0.0000	      0.0000
      0.0000	      0.0000	      0.0000	      0.0000
      0.0000	      0.0000	     -2.9980	      0.0000
      0.0000	      0.0000	      0.0000	      0.0000
      0.0000	      0.0000	      0.0000	      0.0000
     -0.3701	      0.0000	      0.0000	      0.0000
      0.0000	      0.0000	      0.0000	      0.0000
      0.0000	      0.0000	      0.0000	      0.0000
      0.0000	      0.0000	      0.0000	      0.0000
      0.0000	      0.0000	      0.0000	      0.0000
      0.0000	      0.0000	      0.0000	      0.0000
      0.0000	      0.0000	      0.0000	      0.0000
      0.0000	      0.0000	      0.0000	      0.0000
      0.0000	      0.0000	      0.0000	      0.0000
      0.0000	      0.0000	      0.0000	      0.0000
      0.0000	      0.0000	      0.0000	      0.0000
      0.0000	      0.0000	      0.0000	      0.0000
      0.0000	      0.0000	      0.0000	      0.0000
      0.0000	      0.0000	      0.0000	      0.0000
      0.0000	      0.0000	      0.0000	      0.0000
      0.0000	      0.0000	      0.0000	      0.0000
      0.0000	      0.0000	      0.0000	      0.0000
      0.0000	      0.0000	      0.0000	      0.0000
      0.0000	      0.0000	      0.0000	      0.0000
      0.0000	      0.0000	      0.0000	      0.0000
      0.0000	      0.0000	      0.0000	      0.0000
      0.0000	      0.0000	      0.0000	      0.0000
      0.0000	      0.0000	      0.0000	      0.0000
      4.1015	      0.0000	      0.0000	      0.0000
      0.0000	      0.0000	      0.0000	      0.0000
      0.0000	      0.0000	      0.0000	      0.0000
      0.0000	      0.0000	      0.0000	      0.0000
      0.0000	      0.0000	      0.0000	      0.0000
      0.0000	      0.0000	      0.0000	      0.0000
      0.0000	      0.0000	      0.0000	      0.0000
      0.0000	      0.0000	      0.0000	      0.0000
      0.0000	      0.0000	      0.0000	      0.0000
      0.0000	      0.0000	      0.0000	      0.0000
      0.0000	      0.0000	      0.0000	      0.0000
      0.0000	      0.0000	      0.0000	      0.0000
      0.0000	      0.0000	      0.0000	      0.0000
      0.0000	      0.0000	      0.0000	      0.0000
      0.0000	      0.0000	      0.0000	      0.0000
      0.0000	      0.0000	      0.0000	      0.0000
      0.0000	      0.0000	      0.0000	      0.0000
      0.0000	      0.0000	      0.0000	      0.0000
      0.0000	      0.0000	      0.0000	      0.0000
      0.0000	      0.0000	      0.0000	      0.0000
      0.0000	      0.0000	      0.0000	      0.0000
      0.0000	      0.0000	      0.0000	      0.0000
      0.0000	      0.0000	      0.0000	      0.0000
      0.0000	      0.0000	      0.0000	      0.0000
      0.0000	      0.0000	      0.0000	      0.0000
      0.0000	      0.0000	      0.0000	      0.0000
      5.5319	      0.0000	      0.0000	      0.0000
     -8.8563	      0.0000	      0.0000	      0.0000
      4.2994	      0.0000	      0.0000	      0.0000
      0.0000	      0.0000	      0.0000	      0.0000
      0.0000	      0.0000	      0.0000	      0.0000
      0.0000	      0.0000	      0.0000	      0.0000
      0.0000	      0.0000	      0.0000	      0.0000
      0.0000	      0.0000	      0.0000	      0.0000
      0.0000	      0.0000	      0.0000	      0.0000
      0.0000	      0.0000	      0.0000	      0.0000
      0.0000	      0.0000	      0.0000	      0.0000
      0.0000	      0.0000	      0.0000	      0.0000
      0.0000	      0.0000	      0.0000	      0.0000
      0.0000	      0.0000	      0.0000	      0.0000
      0.0000	      0.0000	      0.0000	      0.0000
      0.0000	      0.0000	      0.0000	      0.0000
      0.0000	      0.0000	      0.0000	      0.0000
      0.0000	      0.0000	      0.0000	      0.0000
      0.0000	      0.0000	      0.0000	      0.0000
      0.0000	      0.0000	      0.0000	      0.0000
      0.0000	      0.0000	      0.0000	      0.0000
      0.0000	      0.0000	      0.0000	      0.0000
      0.0000	      0.0000	      0.0000	      0.0000
      3.8966	      0.0000	      0.0000	      0.0000
     -8.1095	      0.0000	      0.0000	      0.0000
      0.0000	      0.0000	      0.0000	      0.0000
      0.0000	      0.0000	      0.0000	      0.0000
     -2.1091	      0.0000	      0.0000	      0.0000
      0.0000	      0.0000	      0.0000	      0.0000
      0.0000	      0.0000	      0.0000	      0.0000
      0.0000	      0.0000	      0.0000	      0.0000
      0.0000	      0.0000	      0.0000	      0.0000
      0.0000	      0.0000	      0.0000	      0.0000
      0.0000	      0.0000	      0.0000	      0.0000
      0.0000	      0.0000	      0.0000	      0.0000
      0.0000	      0.0000	      0.0000	      0.0000
      0.0000	      0.0000	      0.0000	      0.0000
      0.0000	      0.0000	      0.0000	      0.0000
      0.0000	      0.0000	      0.0000	      0.0000
      0.0000	      0.0000	      0.0000	      0.0000
      0.0000	      0.0000	      0.0000	      0.0000
      0.0000	      0.0000	      0.0000	      0.0000
      0.0000	      0.0000	      0.0000	      0.0000
      0.0000	      0.0000	      0.0000	      0.0000
      0.0000	      0.0000	      0.0000	      0.0000
      0.0000	      0.0000	      0.0000	      0.0000
      0.0000	      0.0000	      0.0000	      0.0000
      0.0000	      0.0000	      0.0000	      0.0000
      0.0000	      0.0000	      0.0000	      0.0000
      2.7312	      0.0000	      0.0000	      0.0000
      0.0000	      0.0000	      0.0000	      0.0000
      0.0000	      0.0000	      0.0000	      0.0000
     -0.1958	      0.0000	      0.0000	      0.0000
      2.4217	      0.0000	      0.0000	      0.0000
      0.0000	      0.0000	      0.0000	      0.0000
      0.0000	      0.0000	      0.0000	      0.0000
      0.0000	      0.0000	      0.0000	      0.0000
      0.0000	      0.0000	      0.0000	      0.0000
      0.0000	      0.0000	      0.0000	      0.0000
      0.0000	      0.0000	      0.0000	      0.0000
      0.0000	      0.0000	      0.0000	      0.0000
      0.0000	      0.0000	      0.0000	      0.0000
      0.0000	      0.0000	      0.0000	      0.0000
      0.0000	      0.0000	      0.0000	      0.0000
      0.0000	      0.0000	      0.0000	      0.0000
      0.0000	      0.0000	      0.0000	      0.0000
      0.0000	      0.0000	      0.0000	      0.0000
      0.0000	      0.0000	      0.0000	      0.0000
      0.0000	      0.0000	      0.0000	      0.0000
      0.0000	      0.0000	      0.0000	      0.0000
      0.0000	      0.0000	      0.0000	      0.0000
      0.0000	      0.0000	      0.0000	      0.0000
      0.0000	      0.0000	      0.0000	      0.0000
      5.9522	      0.0000	      0.0000	      0.0000
     13.7840	      0.0000	      0.0000	      2.1870
     46.0128	      0.0000	      0.0000	      0.0000
     -3.2056	     -0.2359	      0.0000	      0.0000
      4.6745	      0.0000	      0.0000	      0.0000
      0.0000	      6.7726	      0.0000	      0.0000
      1.3690	      0.0000	      0.0000	      0.0000
      0.0000	      0.0000	      0.0000	      0.0000
      2.1245	      0.0000	      0.0000	      0.0000
      2.1352	      0.0000	      0.0000	      0.0000
      0.0000	      0.0000	      0.0000	      0.0000
      0.0000	      0.0000	      0.0000	      0.0000
      0.0000	      0.0000	      0.0000	      0.0000
      0.0000	      0.0000	      0.0000	      0.0000
      0.0000	      0.0000	      0.0000	      0.0000
      0.0000	      0.0000	      0.0000	      0.0000
      0.0000	      0.0000	      0.0000	      0.0000
      0.0000	      0.0000	      0.0000	      0.0000
      0.0000	      0.0000	      0.0000	      0.0000
      0.0000	      0.0000	      0.0000	      0.0000
      0.0000	      0.0000	      0.0000	      0.0000
      0.0000	      0.0000	      0.0000	      0.0000
      0.0000	      0.0000	      0.0000	      0.0000
      0.0000	      0.0000	      0.0000	      0.0000
      0.0000	      0.0000	      0.0000	      0.0000
      1.4984	      0.0000	      0.0000	      0.0000
      4.1644	      0.0000	      0.0000	      0.0000
      0.0000	      0.0000	      0.0000	      0.0000
     -0.3828	     11.4315	      0.0000	      0.0000
     -2.1783	      0.2913	     -3.9004	    -11.3380
      0.0000	      0.0000	      0.0000	      0.0000
      0.0000	      0.0000	      0.0000	      0.0000
      0.0000	      0.0000	      0.0000	      0.0000
     -4.7856	      0.0000	      0.0000	      0.0000
      1.1715	      0.0000	      0.0000	      0.0000
      0.0000	      0.0000	      0.0000	      0.0000
      0.0000	      0.0000	      0.0000	      0.0000
      0.0000	      0.0000	      0.0000	      0.0000
      0.0000	      0.0000	      0.0000	      0.0000
      0.0000	      0.0000	      0.0000	      0.0000
      0.0000	      0.0000	      0.0000	      0.0000
      0.0000	      0.0000	      0.0000	      0.0000
      0.0000	      0.0000	      0.0000	      0.0000
      0.0000	      0.0000	      0.0000	      0.0000
      0.0000	      0.0000	      0.0000	      0.0000
      0.0000	      0.0000	      0.0000	      0.0000
      0.0000	      0.0000	      0.0000	      0.0000
      0.0000	      0.0000	      0.0000	      0.0000
      0.0000	      0.0000	      0.0000	      0.0000
      0.0000	      0.0000	      0.0000	      0.0000
      0.0000	      0.0000	      0.0000	      0.9772
     -1.5530	     -1.5623	     -0.0463	      2.6987
     -1.1450	      0.0000	      0.0000	      0.0000
      2.3880	      0.0000	      0.0000	      0.0000
      0.0000	      0.0000	      0.0000	      0.0000
     -1.4618	     -0.2147	     -2.0105	      1.6656
      0.8417	      0.0000	      0.0000	      0.0000
      0.0000	      0.0000	      0.0000	      0.0000
      0.0000	      0.0000	      0.0000	      0.0000
      0.0000	      0.0000	      0.0000	      0.0000
      0.0000	      0.0000	      0.0000	      0.0000
      0.0000	      0.0000	      0.0000	      0.0000
      0.0000	      0.0000	      0.0000	      0.0000
      0.0000	      0.0000	      0.0000	      0.0000
      0.0000	      0.0000	      0.0000	      0.0000
      0.0000	      0.0000	      0.0000	      0.0000
      0.0000	      0.0000	      0.0000	      0.0000
      0.0000	      0.0000	      0.0000	      0.0000
      0.0000	      0.0000	      0.0000	      0.0000
      0.0000	      0.0000	      0.0000	      0.0000
      0.0000	      0.0000	      0.0000	      0.0000
      0.0000	      0.0000	      0.0000	      0.0000
      0.0000	      0.0000	      0.0000	      0.0000
      0.0000	      0.0000	      0.0000	      0.0000
      0.0000	      0.0000	      0.0000	      0.0000
      2.9713	     -5.2411	     -7.0733	     -2.2243
      0.2048	     10.9585	     -1.7203	      0.0000
      4.3779	     -0.7966	     -4.8305	     11.7187
      9.5225	     -1.0422	     -5.0197	      0.3048
      5.5751	     -1.5321	     -6.7350	     -1.4316
      3.1490	     -0.8813	     -7.2827	     -0.9960
      4.1075	      0.0000	     -2.2986	      0.0000
      0.0000	      0.0000	      0.0000	      0.0000
      0.9524	      0.0000	      0.0000	      0.0000
     -0.4998	     -1.3812	     -6.1239	     -1.1965
      0.0000	      0.0000	      0.0000	      0.0000
      0.0000	      0.0000	      0.0000	      0.0000
      0.0000	      0.0000	      0.0000	      0.0000
      0.0000	      0.0000	      0.0000	      0.0000
      0.0000	      0.0000	      0.0000	      0.0000
      0.0000	      0.0000	      0.0000	      0.0000
      0.0000	      0.0000	      0.0000	      0.0000
      0.0000	      0.0000	      0.0000	      0.0000
      0.0000	      0.0000	      0.0000	      0.0000
      0.0000	      0.0000	      0.0000	      0.0000
      0.0000	      0.0000	      0.0000	      0.0000
      0.0000	      0.0000	      0.0000	      0.0000
      0.0000	      0.0000	      0.0000	      0.0000
      0.0000	      0.0000	      0.0000	      0.0000
      0.0000	      0.0000	      0.0000	      0.0000
     -0.4829	      2.0376	     -2.6767	     -1.3973
     -0.5656	      3.6653	     -4.1448	     -2.2331
     -0.7677	      3.9106	      0.0000	      0.0000
     -0.2670	      0.1978	     -2.2529	      0.0000
     -2.1411	     -0.3810	     -2.0300	     -0.9980
     -0.4781	     -1.2063	     -1.6123	      0.0000
      0.3339	      0.0000	      0.0000	      0.0000
      0.0000	      0.0000	      0.0000	      0.0000
      0.0000	      0.0000	      0.0000	      0.0000
      0.0000	      0.0000	      0.0000	      0.0000
      0.0000	      0.0000	      0.0000	      0.0000
      0.0000	      0.0000	      0.0000	      0.0000
      0.0000	      0.0000	      0.0000	      0.0000
      0.0000	      0.0000	      0.0000	      0.0000
      0.0000	      0.0000	      0.0000	      0.0000
      0.0000	      0.0000	      0.0000	      0.0000
      0.0000	      0.0000	      0.0000	      0.0000
      0.0000	      0.0000	      0.0000	      0.0000
      0.0000	      0.0000	      0.0000	      0.0000
      0.0000	      0.0000	      0.0000	      0.0000
      0.0000	      0.0000	      0.0000	      0.0000
      0.0000	      0.0000	      0.0000	      0.0000
      0.0000	      0.0000	      0.0000	      0.0000
      0.0000	      0.0000	      0.0000	      0.0000
      0.0000	      0.0000	      0.0000	      0.0000
      0.0000	      0.0000	      0.0000	      0.0000
      0.0000	      0.0000	      0.0000	      0.0000
      0.0000	      0.0000	      0.0000	      0.0000
      0.0000	      0.0000	      0.0000	      0.0000
      0.0000	      0.0000	      0.0000	      0.0000
      0.0000	      0.0000	      0.0000	      0.0000
      0.0000	      0.0000	      0.0000	      0.0000
      0.0000	      0.0000	      0.0000	      0.0000
      0.0000	      0.0000	      0.0000	      0.0000
      0.0000	      0.0000	      0.0000	      0.0000
      0.0000	      0.0000	      0.0000	      0.0000
      0.0000	      0.0000	      0.0000	      0.0000
      0.0000	      0.0000	      0.0000	      0.0000
      0.0000	      0.0000	      0.0000	      0.0000
      0.0000	      0.0000	      0.0000	      0.0000
      0.0000	      0.0000	      0.0000	      0.0000
      0.0000	      0.0000	      0.0000	      0.0000
      0.0000	      0.0000	      0.0000	      0.0000
      0.0000	      0.0000	      0.0000	      0.0000
      0.0000	      0.0000	      0.0000	      0.0000
      0.0000	      0.0000	      0.0000	      0.0000
      0.0000	      0.0000	      0.0000	      0.0000
      0.0000	      0.0000	      0.0000	      0.0000
      0.0000	      0.0000	      0.0000	      0.0000
      0.0000	      0.0000	      0.0000	      0.0000
      0.0000	      0.0000	      0.0000	      0.0000
      0.0000	      0.0000	      0.0000	      0.0000
     10.8362	      0.0000	      0.0000	      0.0000
      0.0000	      0.0000	      0.0000	      0.0000
      0.0000	      0.0000	      0.0000	      0.0000
      0.0000	      0.0000	      0.0000	      0.0000
      0.0000	      0.0000	      0.0000	      0.0000
      0.0000	      0.0000	      0.0000	      0.0000
      0.0000	      0.0000	      0.0000	      0.0000
      0.0000	      0.0000	      0.0000	      0.0000
      0.0000	      0.0000	      0.0000	      0.0000
      0.0000	      0.0000	      0.0000	      0.0000
      0.0000	      0.0000	      0.0000	      0.0000
      0.0000	      0.0000	      0.0000	      0.0000
      0.0000	      0.0000	      0.0000	      0.0000
      0.0000	      0.0000	      0.0000	      0.0000
      0.0000	      0.0000	      0.0000	      0.0000
      0.0000	      0.0000	      0.0000	      0.0000
      0.0000	      0.0000	      0.0000	      0.0000
      0.0000	      0.0000	      0.0000	      0.0000
      0.0000	      0.0000	      0.0000	      0.0000
      0.0000	      0.0000	      0.0000	      0.0000
      0.0000	      0.0000	      0.0000	      0.0000
      0.0000	      0.0000	      0.0000	      0.0000
      0.0000	      0.0000	      0.0000	      0.0000
      0.0000	      0.0000	      0.0000	      0.0000
      4.0189	      0.0000	      0.0000	      0.0000
      0.0000	      0.0000	      0.0000	      0.0000
      0.0000	      0.0000	      0.0000	      0.0000
      0.0000	      0.0000	      0.0000	      0.0000
      0.0000	      0.0000	      0.0000	      0.0000
      0.0000	      0.0000	      0.0000	      0.0000
      0.0000	      0.0000	      0.0000	      0.0000
      0.0000	      0.0000	      0.0000	      0.0000
      0.0000	      0.0000	      0.0000	      0.0000
      0.0000	      0.0000	      0.0000	      0.0000
      0.0000	      0.0000	      0.0000	      0.0000
      0.0000	      0.0000	      0.0000	      0.0000
      0.0000	      0.0000	      0.0000	      0.0000
      0.0000	      0.0000	      0.0000	      0.0000
      0.0000	      0.0000	      0.0000	      0.0000
      0.0000	      0.0000	      0.0000	      0.0000
      0.0000	      0.0000	      0.0000	      0.0000
      0.0000	      0.0000	      0.0000	      0.0000
      0.0000	      0.0000	      0.0000	      0.0000
      0.0000	      0.0000	      0.0000	      0.0000
      0.0000	      0.0000	      0.0000	      0.0000
      0.0000	      0.0000	      0.0000	      0.0000
      0.0000	      0.0000	      0.0000	      0.0000
      0.0000	      0.0000	      0.0000	      0.0000
      0.0000	      0.0000	      0.0000	      0.0000
      0.3271	      0.0000	      0.0000	      0.0000
      1.2394	      0.0000	      0.0000	      0.0000
      1.4278	      0.0000	      0.0000	      0.0000
      0.0000	      0.0000	      0.0000	      0.0000
      0.0000	      0.0000	      0.0000	      0.0000
      0.0000	      0.0000	      0.0000	      0.0000
      0.0000	      0.0000	      0.0000	      0.0000
      0.0000	      0.0000	      0.0000	      0.0000
      0.0000	      0.0000	      0.0000	      0.0000
      0.0000	      0.0000	      0.0000	      0.0000
      0.0000	      0.0000	      0.0000	      0.0000
      0.0000	      0.0000	      0.0000	      0.0000
      0.0000	      0.0000	      0.0000	      0.0000
      0.0000	      0.0000	      0.0000	      0.0000
      0.0000	      0.0000	      0.0000	      0.0000
      0.0000	      0.0000	      0.0000	      0.0000
      0.0000	      0.0000	      0.0000	      0.0000
      0.0000	      0.0000	      0.0000	      0.0000
      0.0000	      0.0000	      0.0000	      0.0000
      0.0000	      0.0000	      0.0000	      0.0000
      0.0000	      0.0000	      0.0000	      0.0000
      0.0000	      0.0000	      0.0000	      0.0000
      0.0000	      0.0000	      0.0000	      0.0000
      0.0000	      0.0000	      0.0000	      0.0000
     -2.6254	     -9.2725	     -0.1940	     -0.2340
     -2.9848	     -1.8827	     -2.8426	     -1.5513
     39.6426	      0.0000	      7.6796	      0.0000
     20.2638	      5.0064	      0.0000	      0.0000
     -0.4632	      1.9401	      0.0000	      0.0000
      0.0000	      0.0000	      0.0000	     -0.4814
     -9.5282	      0.0000	      0.0000	      0.0000
      0.0000	      0.0000	      0.0000	      0.0000
      1.2506	      0.0000	      0.0000	      0.0000
      1.1269	      0.0000	      0.0000	      0.0000
      0.0000	      0.0000	      0.0000	      0.0000
      0.0000	      0.0000	      0.0000	      0.0000
      0.0000	      0.0000	      0.0000	      0.0000
      0.0000	      0.0000	      0.0000	      0.0000
      0.0000	      0.0000	      0.0000	      0.0000
      0.0000	      0.0000	      0.0000	      0.0000
      0.0000	      0.0000	      0.0000	      0.0000
      0.0000	      0.0000	      0.0000	      0.0000
      0.0000	      0.0000	      0.0000	      0.0000
      0.0000	      0.0000	      0.0000	      0.0000
      0.0000	      0.0000	      0.0000	      0.0000
      0.0000	      0.0000	      0.0000	      0.0000
      0.0000	      0.0000	      0.0000	      0.0000
      0.0000	      0.0000	      0.0000	      0.0000
      0.0000	      0.0000	      0.0000	      0.0000
      0.0000	      0.0000	      0.0000	      0.0000
     -0.8471	     -0.4615	      0.6602	      0.0000
      4.9165	      0.0000	      0.0000	      0.0000
      0.0000	      0.0000	      0.0000	      0.0000
      0.0000	      0.0000	      0.0000	      0.0000
      0.0000	      0.0000	      0.0000	      0.0000
      0.0000	      0.0000	      0.0000	      0.0000
      0.0000	      0.0000	      0.0000	      0.0000
      0.0000	      0.0000	      0.0000	      0.0000
      0.0000	      0.0000	      0.0000	      0.0000
      0.0000	      0.0000	      0.0000	      0.0000
      0.0000	      0.0000	      0.0000	      0.0000
      0.0000	      0.0000	      0.0000	      0.0000
      0.0000	      0.0000	      0.0000	      0.0000
      0.0000	      0.0000	      0.0000	      0.0000
      0.0000	      0.0000	      0.0000	      0.0000
      0.0000	      0.0000	      0.0000	      0.0000
      0.0000	      0.0000	      0.0000	      0.0000
      0.0000	      0.0000	      0.0000	      0.0000
      0.0000	      0.0000	      0.0000	      0.0000
      0.0000	      0.0000	      0.0000	      0.0000
      0.0000	      0.0000	      0.0000	      0.0000
      0.0000	      0.0000	      0.0000	      0.0000
      0.0000	      0.0000	      0.0000	      0.0000
      0.0000	      0.0000	      0.0000	      0.0000
     -0.3671	     -2.6119	     -0.9994	      0.6148
     -0.5087	     -0.4268	     -2.4617	      0.0000
      1.7873	      0.0000	      0.0000	      0.0000
      0.2667	      0.0000	     -0.3695	      0.0000
      0.0000	      0.0000	      0.0000	      0.0000
     -1.6158	      0.0000	      0.0000	      0.0000
      0.0000	      0.0000	      0.0000	      0.0000
      0.0000	      0.0000	      0.0000	      0.0000
      0.0000	      0.0000	      0.0000	      0.0000
      0.0000	      0.0000	      0.0000	      0.0000
      0.0000	      0.0000	      0.0000	      0.0000
      0.0000	      0.0000	      0.0000	      0.0000
      0.0000	      0.0000	      0.0000	      0.0000
      0.0000	      0.0000	      0.0000	      0.0000
      0.0000	      0.0000	      0.0000	      0.0000
      0.0000	      0.0000	      0.0000	      0.0000
      0.0000	      0.0000	      0.0000	      0.0000
      0.0000	      0.0000	      0.0000	      0.0000
      0.0000	      0.0000	      0.0000	      0.0000
      0.0000	      0.0000	      0.0000	      0.0000
      0.0000	      0.0000	      0.0000	      0.0000
      0.0000	      0.0000	      0.0000	      0.0000
      0.0000	      0.0000	      0.0000	      0.0000
      0.0000	      0.0000	      0.0000	      0.0000
      0.0000	      0.0000	      0.0000	      0.0000
      6.6538	     -3.6449	    -10.4681	     -2.6176
     29.5851	     -0.0512	     -8.5610	     14.2411
     33.1359	     23.9129	     -1.8030	     16.2915
     35.2275	     13.9027	     -9.3292	     12.0230
     -8.0618	      0.5573	     -6.3584	     -4.4989
     -3.6203	     -3.9174	     -8.8285	     -3.6840
      1.2138	     -0.0947	      0.0000	     -0.3928
      0.0000	      0.0000	      0.0000	      0.0000
     -2.4613	     -2.3182	     -4.7673	     -1.9526
     -0.1179	     -5.3328	     -9.4366	     -4.6644
      0.0000	      0.0000	      0.0000	      0.0000
      0.0000	      0.0000	      0.0000	      0.0000
      0.0000	      0.0000	      0.0000	      0.0000
      0.0000	      0.0000	      0.0000	      0.0000
      0.0000	      0.0000	      0.0000	      0.0000
      0.0000	      0.0000	      0.0000	      0.0000
      0.0000	      0.0000	      0.0000	      0.0000
      0.0000	      0.0000	      0.0000	      0.0000
      0.0000	      0.0000	      0.0000	      0.0000
      0.0000	      0.0000	      0.0000	      0.0000
      0.0000	      0.0000	      0.0000	      0.0000
      0.0000	      0.0000	      0.0000	      0.0000
      0.0000	      0.0000	      0.0000	      0.0000
      0.0000	      0.0000	      0.0000	      0.0000
      0.0000	      0.0000	      0.0000	      0.0000
      2.3397	     -1.3703	     -2.0542	     -0.3026
      7.3244	      1.1667	      0.0000	      0.0000
     -0.2616	      2.7960	      0.0000	      0.0000
      1.2937	      3.6599	      0.0000	     -0.5460
      0.8740	     -0.6664	     -2.8034	     -0.4914
    -10.0002	     -0.1137	     -1.9966	      0.0000
      0.0000	      0.0000	      0.0000	      0.0000
      0.0000	      0.0000	      0.0000	      0.0000
     -0.7280	     -1.7226	      0.0000	      0.0000
     -0.1738	     -1.8727	     -5.4352	     -1.5487
      0.0000	      0.0000	      0.0000	      0.0000
      0.0000	      0.0000	      0.0000	      0.0000
      0.0000	      0.0000	      0.0000	      0.0000
      0.0000	      0.0000	      0.0000	      0.0000
      0.0000	      0.0000	      0.0000	      0.0000
      0.0000	      0.0000	      0.0000	      0.0000
      0.0000	      0.0000	      0.0000	      0.0000
      0.0000	      0.0000	      0.0000	      0.0000
      0.0000	      0.0000	      0.0000	      0.0000
      0.0000	      0.0000	      0.0000	      0.0000
      0.0000	      0.0000	      0.0000	      0.0000
      0.0000	      0.0000	      0.0000	      0.0000
      0.0000	      0.0000	      0.0000	      0.0000
      0.0000	      0.0000	      0.0000	      0.0000
      0.0000	      0.0000	      0.0000	      0.0000
    -10.2267	      0.0000	      0.0000	      0.0000
      0.0000	      0.0000	      0.0000	      0.0000
      0.0000	      0.0000	      0.0000	      0.0000
      0.0000	      0.0000	      0.0000	      0.0000
      0.0000	      0.0000	      0.0000	      0.0000
      0.0000	      0.0000	      0.0000	      0.0000
      0.0000	      0.0000	      0.0000	      0.0000
      0.0000	      0.0000	      0.0000	      0.0000
      0.0000	      0.0000	      0.0000	      0.0000
      0.0000	      0.0000	      0.0000	      0.0000
      0.0000	      0.0000	      0.0000	      0.0000
      0.0000	      0.0000	      0.0000	      0.0000
      0.0000	      0.0000	      0.0000	      0.0000
      0.0000	      0.0000	      0.0000	      0.0000
      0.0000	      0.0000	      0.0000	      0.0000
      0.0000	      0.0000	      0.0000	      0.0000
      0.0000	      0.0000	      0.0000	      0.0000
      0.0000	      0.0000	      0.0000	      0.0000
      0.0000	      0.0000	      0.0000	      0.0000
      0.0000	      0.0000	      0.0000	      0.0000
      0.0000	      0.0000	      0.0000	      0.0000
      0.0000	      0.0000	      0.0000	      0.0000
      0.0000	      0.0000	      0.0000	      0.0000
      0.0000	      0.0000	      0.0000	      0.0000
      0.0000	      0.0000	      0.0000	      0.0000
      0.0000	      0.0000	      0.0000	      0.0000
      0.0000	      0.0000	      0.0000	      0.0000
      0.0000	      0.0000	      0.0000	      0.0000
      0.0000	      0.0000	      0.0000	      0.0000
      0.0000	      0.0000	      0.0000	      0.0000
      0.0000	      0.0000	      0.0000	      0.0000
      0.0000	      0.0000	      0.0000	      0.0000
      0.0000	      0.0000	      0.0000	      0.0000
      0.0000	      0.0000	      0.0000	      0.0000
      0.0000	      0.0000	      0.0000	      0.0000
      0.0000	      0.0000	      0.0000	      0.0000
      0.0000	      0.0000	      0.0000	      0.0000
      0.0000	      0.0000	      0.0000	      0.0000
      0.0000	      0.0000	      0.0000	      0.0000
      0.0000	      0.0000	      0.0000	      0.0000
      0.0000	      0.0000	      0.0000	      0.0000
      0.0000	      0.0000	      0.0000	      0.0000
      0.0000	      0.0000	      0.0000	      0.0000
      0.0000	      0.0000	      0.0000	      0.0000
      0.0000	      0.0000	      0.0000	      0.0000
      0.0000	      0.0000	      0.0000	      0.0000
      0.0000	      0.0000	      0.0000	      0.0000
      0.0000	      0.0000	      0.0000	      0.0000
      0.0000	      0.0000	      0.0000	      0.0000
      0.0000	      0.0000	      0.0000	      0.0000
      0.0000	      0.0000	      0.0000	      0.0000
      0.0000	      0.0000	      0.0000	      0.0000
      0.0000	      0.0000	      0.0000	      0.0000
     -7.9570	      0.0000	      0.0000	      0.0000
      0.0000	      0.0000	      0.0000	      0.0000
      0.0000	      0.0000	      0.0000	      0.0000
      0.0000	      0.0000	      0.0000	      0.0000
      0.0000	      0.0000	      0.0000	      0.0000
      0.0000	      0.0000	      0.0000	      0.0000
      0.0000	      0.0000	      0.0000	      0.0000
      0.0000	      0.0000	      0.0000	      0.0000
      0.0000	      0.0000	      0.0000	      0.0000
      0.0000	      0.0000	      0.0000	      0.0000
      0.0000	      0.0000	      0.0000	      0.0000
      0.0000	      0.0000	      0.0000	      0.0000
      0.0000	      0.0000	      0.0000	      0.0000
      0.0000	      0.0000	      0.0000	      0.0000
      0.0000	      0.0000	      0.0000	      0.0000
      0.0000	      0.0000	      0.0000	      0.0000
      0.0000	      0.0000	      0.0000	      0.0000
      0.0000	      0.0000	      0.0000	      0.0000
      0.0000	      0.0000	      0.0000	      0.0000
      0.0000	      0.0000	      0.0000	      0.0000
      0.0000	      0.0000	      0.0000	      0.0000
      0.0000	      0.0000	      0.0000	      0.0000
      0.0000	      0.0000	      0.0000	      0.0000
      0.0000	      0.0000	      0.0000	      0.0000
      0.0000	      0.0000	      0.0000	      0.0000
      0.0000	      0.0000	      0.0000	      0.0000
      0.0000	      0.0000	      0.0000	      0.0000
     -2.5670	     -2.9494	      0.0000	     -0.6408
      0.0000	      0.0000	      0.0000	      0.0000
      0.0000	      0.0000	      0.0000	      0.0000
      0.0000	      0.0000	      0.0000	      0.0000
      0.0000	      0.0000	      0.0000	      0.0000
      0.0000	      0.0000	      0.0000	      0.0000
      0.0000	      0.0000	      0.0000	      0.0000
      0.0000	      0.0000	      0.0000	      0.0000
      0.0000	      0.0000	      0.0000	      0.0000
      0.0000	      0.0000	      0.0000	      0.0000
      0.0000	      0.0000	      0.0000	      0.0000
      0.0000	      0.0000	      0.0000	      0.0000
      0.0000	      0.0000	      0.0000	      0.0000
      0.0000	      0.0000	      0.0000	      0.0000
      0.0000	      0.0000	      0.0000	      0.0000
      0.0000	      0.0000	      0.0000	      0.0000
      0.0000	      0.0000	      0.0000	      0.0000
      0.0000	      0.0000	      0.0000	      0.0000
      0.0000	      0.0000	      0.0000	      0.0000
      0.0000	      0.0000	      0.0000	      0.0000
     -0.8715	     -1.7845	     -0.6916	     -1.6683
     -1.1231	      0.0000	      0.0000	      0.0000
      0.0000	      0.0000	      0.0000	      0.0000
      1.4704	      0.0000	      0.0000	      0.0000
      0.0000	      0.0000	      0.0000	      0.0000
      0.0000	      0.0000	      0.0000	      0.0000
      0.0000	      0.0000	      0.0000	      0.0000
      0.0000	      0.0000	      0.0000	      0.0000
      0.0000	      0.0000	      0.0000	      0.0000
      0.0000	      0.0000	      0.0000	      0.0000
      0.0000	      0.0000	      0.0000	      0.0000
      0.0000	      0.0000	      0.0000	      0.0000
      0.0000	      0.0000	      0.0000	      0.0000
      0.0000	      0.0000	      0.0000	      0.0000
      0.0000	      0.0000	      0.0000	      0.0000
      0.0000	      0.0000	      0.0000	      0.0000
      0.0000	      0.0000	      0.0000	      0.0000
      0.0000	      0.0000	      0.0000	      0.0000
      0.0000	      0.0000	      0.0000	      0.0000
      0.0000	      0.0000	      0.0000	      0.0000
      0.0000	      0.0000	      0.0000	      0.0000
      0.0000	      0.0000	      0.0000	      0.0000
      0.0000	      0.0000	      0.0000	      0.0000
      0.0000	      0.0000	      0.0000	      0.0000
      0.0000	      0.0000	      0.0000	      0.0000
      0.0000	      0.0000	      0.0000	      0.0000
      0.0000	      0.0000	      0.0000	      0.0000
      0.0000	      0.0000	      0.0000	      0.0000
      0.0000	      0.0000	      0.0000	      0.0000
      0.0000	      0.0000	      0.0000	      0.0000
      0.0000	      0.0000	      0.0000	      0.0000
      0.0000	      0.0000	      0.0000	      0.0000
      0.0000	      0.0000	      0.0000	      0.0000
      0.0000	      0.0000	      0.0000	      0.0000
      0.1939	      0.0000	      0.0000	      0.0000
      0.0000	      0.0000	      0.0000	      0.0000
      0.0000	      0.0000	      0.0000	      0.0000
      0.0000	      0.0000	      0.0000	      0.0000
      0.0000	      0.0000	      0.0000	      0.0000
      0.0000	      0.0000	      0.0000	      0.0000
      0.0000	      0.0000	      0.0000	      0.0000
      0.0000	      0.0000	      0.0000	      0.0000
      0.0000	      0.0000	      0.0000	      0.0000
      0.0000	      0.0000	      0.0000	      0.0000
      0.0000	      0.0000	      0.0000	      0.0000
      0.0000	      0.0000	      0.0000	      0.0000
      0.0000	      0.0000	      0.0000	      0.0000
      0.0000	      0.0000	      0.0000	      0.0000
      0.0000	      0.0000	      0.0000	      0.0000
      0.0000	      0.0000	      0.0000	      0.0000
     -1.0494	     -3.0090	      0.0000	      0.0000
      0.0000	     -2.0878	      0.0000	      0.0000
      0.0000	      0.0000	      0.0000	     -0.0900
      0.0000	      0.0000	      0.0000	      0.0000
      0.0000	      0.0000	      0.0000	      0.0000
      0.0000	      0.0000	      0.0000	      0.0000
      0.0000	      0.0000	      0.0000	      0.0000
      0.0000	      0.0000	      0.0000	      0.0000
      0.0000	      0.0000	      0.0000	      0.0000
      0.0000	      0.0000	      0.0000	      0.0000
      0.0000	      0.0000	      0.0000	      0.0000
      0.0000	      0.0000	      0.0000	      0.0000
      0.0000	      0.0000	      0.0000	      0.0000
      0.0000	      0.0000	      0.0000	      0.0000
      0.0000	      0.0000	      0.0000	      0.0000
      0.0000	      0.0000	      0.0000	      0.0000
      0.0000	      0.0000	      0.0000	      0.0000
      0.0000	      0.0000	      0.0000	      0.0000
      0.0000	      0.0000	      0.0000	      0.0000
      0.0000	      0.0000	      0.0000	      0.0000
      0.0000	      0.0000	      0.0000	      0.0000
      0.0000	      0.0000	      0.0000	      0.0000
      0.0000	      0.0000	      0.0000	      0.0000
      0.0000	      0.0000	      0.0000	      0.0000
      0.0000	      0.0000	      0.0000	      0.0000
     -1.5265	     -2.3735	     -7.6593	     -0.5857
     -1.5987	     -2.7483	     -4.0509	      5.5100
      0.0000	      0.0000	      0.0000	      0.0000
     21.6172	      0.8502	     -4.2103	      9.8639
     -3.5077	     -3.6578	     -5.3393	     -3.5966
     -9.4556	      1.0132	     -3.7379	     -0.9316
      0.0000	      0.0000	      0.0000	      0.0000
      0.0000	      0.0000	      0.0000	      0.0000
      3.2800	      0.0000	      0.0000	     -0.7265
     -1.7170	     -4.8007	     -2.4993	     -2.7358
      0.0000	      0.0000	      0.0000	      0.0000
      0.0000	      0.0000	      0.0000	      0.0000
      0.0000	      0.0000	      0.0000	      0.0000
      0.0000	      0.0000	      0.0000	      0.0000
      0.0000	      0.0000	      0.0000	      0.0000
      0.0000	      0.0000	      0.0000	      0.0000
      0.0000	      0.0000	      0.0000	      0.0000
      0.0000	      0.0000	      0.0000	      0.0000
      0.0000	      0.0000	      0.0000	      0.0000
      0.0000	      0.0000	      0.0000	      0.0000
      0.0000	      0.0000	      0.0000	      0.0000
      0.0000	      0.0000	      0.0000	      0.0000
      0.0000	      0.0000	      0.0000	      0.0000
      0.0000	      0.0000	      0.0000	      0.0000
      0.0000	      0.0000	      0.0000	      0.0000
      0.1868	     -1.7430	     -1.5575	     -0.3559
      6.8878	      0.0000	     -0.2731	      0.0000
      0.0000	      0.0000	      0.0000	      0.0000
      0.6344	      0.0000	      0.0000	      0.0000
      0.0000	      0.0000	      0.0000	      0.0000
      0.0000	      0.0000	      0.0000	      0.0000
      0.0000	      0.0000	      0.0000	      0.0000
      0.0000	      0.0000	      0.0000	      0.0000
      0.0000	      0.0000	      0.0000	      0.0000
     -2.1653	      0.0000	      0.0000	      0.0000
      0.0000	      0.0000	      0.0000	      0.0000
      0.0000	      0.0000	      0.0000	      0.0000
      0.0000	      0.0000	      0.0000	      0.0000
      0.0000	      0.0000	      0.0000	      0.0000
      0.0000	      0.0000	      0.0000	      0.0000
      0.0000	      0.0000	      0.0000	      0.0000
      0.0000	      0.0000	      0.0000	      0.0000
      0.0000	      0.0000	      0.0000	      0.0000
      0.0000	      0.0000	      0.0000	      0.0000
      0.0000	      0.0000	      0.0000	      0.0000
      0.0000	      0.0000	      0.0000	      0.0000
      0.0000	      0.0000	      0.0000	      0.0000
      0.0000	      0.0000	      0.0000	      0.0000
      0.0000	      0.0000	      0.0000	      0.0000
      0.0000	      0.0000	      0.0000	      0.0000
      0.0000	      0.0000	      0.0000	      0.0000
      0.0000	      0.0000	      0.0000	      0.0000
      0.0000	      0.0000	      0.0000	      5.1285
      0.0000	      0.0000	      0.0000	      0.0000
      0.0000	      0.0000	      0.0000	      0.0000
      0.0000	      0.0000	      0.0000	      0.0000
      0.0000	      0.0000	      0.0000	      0.0000
      0.0000	      0.0000	      0.0000	      0.0000
      0.0000	      0.0000	      0.0000	      0.0000
      0.0000	      0.0000	      0.0000	      0.0000
      0.0000	      0.0000	      0.0000	      0.0000
      0.0000	      0.0000	      0.0000	      0.0000
      0.0000	      0.0000	      0.0000	      0.0000
      0.0000	      0.0000	      0.0000	      0.0000
      0.0000	      0.0000	      0.0000	      0.0000
      0.0000	      0.0000	      0.0000	      0.0000
      0.0000	      0.0000	      0.0000	      0.0000
      0.0000	      0.0000	      0.0000	      0.0000
      0.0000	      0.0000	      0.0000	      0.0000
      0.0000	      0.0000	      0.0000	      0.0000
      0.0000	      0.0000	      0.0000	      0.0000
      0.0000	      0.0000	      0.0000	      0.0000
      0.0000	      0.0000	      0.0000	      0.0000
      0.0000	      0.0000	      0.0000	      0.0000
      0.0000	      0.0000	      0.0000	      0.0000
      0.0000	      0.0000	      0.0000	      0.0000
     -6.0648	      0.0000	      0.0000	      0.0000
     -5.2438	      7.0888	      0.0000	      0.0000
     -8.0516	      0.0000	      0.0000	      0.0000
      0.0000	      0.0000	      0.0000	      0.0000
     -9.5289	      0.0000	      0.0000	      0.0000
      0.0000	      0.0000	      0.0000	      0.0000
      0.0000	      0.0000	      0.0000	      0.0000
      0.0000	      0.0000	      0.0000	      0.0000
      0.0000	      0.0000	      0.0000	      0.0000
      0.0000	      0.0000	      0.0000	      0.0000
      0.0000	      0.0000	      0.0000	      0.0000
      0.0000	      0.0000	      0.0000	      0.0000
      0.0000	      0.0000	      0.0000	      0.0000
      0.0000	      0.0000	      0.0000	      0.0000
      0.0000	      0.0000	      0.0000	      0.0000
      0.0000	      0.0000	      0.0000	      0.0000
      0.0000	      0.0000	      0.0000	      0.0000
      0.0000	      0.0000	      0.0000	      0.0000
      0.0000	      0.0000	      0.0000	      0.0000
      0.0000	      0.0000	      0.0000	      0.0000
      0.0000	      0.0000	      0.0000	      0.0000
      0.0000	      0.0000	      0.0000	      0.0000
      0.0000	      0.0000	      0.0000	      0.0000
      0.0000	      0.0000	      0.0000	      0.0000
      0.0000	      0.0000	      0.0000	      0.0000
      0.0000	      0.0000	      0.0000	      0.0000
      0.0000	      0.0000	      0.0000	      0.0000
      0.0000	      0.0000	      0.0000	      0.0000
      0.0000	      0.0000	      0.0000	      0.0000
      0.0000	      0.0000	      0.0000	      0.0000
      0.0000	      0.0000	      0.0000	      0.0000
      0.0000	      0.0000	      0.0000	      0.0000
      0.0000	      0.0000	      0.0000	      0.0000
      0.0000	      0.0000	      0.0000	      0.0000
      0.0000	      0.0000	      0.0000	      0.0000
      0.0000	      0.0000	      0.0000	      0.0000
      0.0000	      0.0000	      0.0000	      0.0000
      0.0000	      0.0000	      0.0000	      0.0000
      0.0000	      0.0000	      0.0000	      0.0000
      0.0000	      0.0000	      0.0000	      0.0000
      0.0000	      0.0000	      0.0000	      0.0000
      0.0000	      0.0000	      0.0000	      0.0000
      0.0000	      0.0000	      0.0000	      0.0000
      0.0000	      0.0000	      0.0000	      0.0000
      0.0000	      0.0000	      0.0000	      0.0000
      0.0000	      0.0000	      0.0000	      0.0000
      0.0000	      0.0000	      0.0000	      0.0000
      0.0000	      0.0000	      0.0000	      0.0000
      0.0000	      0.0000	      0.0000	      0.0000
      1.7287	      0.0000	      0.0000	      0.0000
      0.0000	      0.0000	      0.0000	      0.0000
      1.5140	      0.0000	      0.0000	      0.0000
      0.0000	      0.7875	      0.0000	      0.0000
      0.0000	      0.0000	      0.0000	      0.0000
     -9.1638	     -9.3149	      0.6863	      0.0000
      0.0000	      0.0000	      0.0000	      0.0000
      0.0000	      0.0000	      0.0000	      0.0000
      0.6591	      0.0000	      0.0000	      0.0000
      0.0000	      0.0000	      0.0000	      0.0000
      0.0000	      0.0000	      0.0000	      0.0000
      0.0000	      0.0000	      0.0000	      0.0000
      0.0000	      0.0000	      0.0000	      0.0000
      0.0000	      0.0000	      0.0000	      0.0000
      0.0000	      0.0000	      0.0000	      0.0000
      0.0000	      0.0000	      0.0000	      0.0000
      0.0000	      0.0000	      0.0000	      0.0000
      0.0000	      0.0000	      0.0000	      0.0000
      0.0000	      0.0000	      0.0000	      0.0000
      0.0000	      0.0000	      0.0000	      0.0000
      0.0000	      0.0000	      0.0000	      0.0000
      0.0000	      0.0000	      0.0000	      0.0000
      0.0000	      0.0000	      0.0000	      0.0000
      0.0000	      0.0000	      0.0000	      0.0000
      0.0000	      0.0000	      0.0000	      0.0000
      4.2304	      0.0000	      0.0000	      0.0000
     11.3779	      0.0000	      0.0000	      0.0000
     18.0047	      0.0000	      0.0000	      2.9047
     -8.3380	      4.5500	      0.0000	      0.0000
      5.7370	      0.0000	      0.0000	      0.0000
     -8.3625	      2.0597	      0.0000	      0.0000
      0.0000	      0.0000	      0.0000	      0.0000
      0.0000	      0.0000	      0.0000	      0.0000
      0.0000	      0.0000	      0.0000	      0.0000
      0.0000	      0.0000	      2.9938	      0.0000
      0.0000	      0.0000	      0.8624	      0.0000
      0.0000	      0.0000	      0.0000	      0.0000
      0.0000	      0.0000	      0.0000	      0.0000
      0.0000	      0.0000	      0.0000	      0.0000
      0.0000	      0.0000	      0.0000	      0.0000
      0.0000	      0.0000	      0.0000	      0.0000
      0.0000	      0.0000	      0.0000	      0.0000
      0.0000	      0.0000	      0.0000	      0.0000
      0.0000	      0.0000	      0.0000	      0.0000
      0.0000	      0.0000	      0.0000	      0.0000
      0.0000	      0.0000	      0.0000	      0.0000
      0.0000	      0.0000	      0.0000	      0.0000
      0.0000	      0.0000	      0.0000	      0.0000
      0.0000	      0.0000	      0.0000	      0.0000
      0.0000	      0.0000	      0.0000	      0.0000
      2.1738	      0.0000	      0.0000	      0.0000
      5.5134	      0.0000	      0.0000	      0.0000
      5.0127	      0.0000	      0.0000	      0.0000
      2.5605	      0.0000	      0.0000	      0.0000
      0.0000	      0.3789	      0.0000	      0.0000
      0.0000	      0.0000	      0.0000	      0.0000
      0.0000	      0.0000	      0.0000	      0.0000
      0.0000	      0.0000	      0.0000	      0.0000
      0.0000	      0.0000	      0.0000	      0.0000
      2.0185	      0.0000	      0.0000	      0.0000
      0.0000	      0.0000	      0.0000	      0.0000
      0.0000	      0.0000	      0.0000	      0.0000
      0.0000	      0.0000	      0.0000	      0.0000
      0.0000	      0.0000	      0.0000	      0.0000
      0.0000	      0.0000	      0.0000	      0.0000
      0.0000	      0.0000	      0.0000	      0.0000
      0.0000	      0.0000	      0.0000	      0.0000
      0.0000	      0.0000	      0.0000	      0.0000
      0.0000	      0.0000	      0.0000	      0.0000
      0.0000	      0.0000	      0.0000	      0.0000
      0.0000	      0.0000	      0.0000	      0.0000
      0.0000	      0.0000	      0.0000	      0.0000
      0.0000	      0.0000	      0.0000	      0.0000
      0.0000	      0.0000	      0.0000	      0.0000
      0.0000	      0.0000	      0.0000	      0.0000
      0.8870	      0.0000	     -9.3769	      0.0000
      0.7277	      0.0000	      0.0000	      0.0000
      0.0000	      0.0000	      0.0000	      0.0000
      0.5027	      0.0000	      0.0000	      0.0000
      1.7313	      0.0000	      0.0000	      0.3255
      1.1672	      0.0000	      0.0000	      0.0000
      1.2131	      0.0000	      0.0000	      0.0000
      0.0000	      0.0000	      0.0000	      0.0000
      3.1486	      0.0000	      0.0000	      0.0000
      0.0000	      0.0000	      0.0000	      0.0000
      0.0000	      0.0000	      0.0000	      0.0000
      0.0000	      0.0000	      0.0000	      0.0000
      0.0000	      0.0000	      0.0000	      0.0000
      0.0000	      0.0000	      0.0000	      0.0000
      0.0000	      0.0000	      0.0000	      0.0000
      0.0000	      0.0000	      0.0000	      0.0000
      0.0000	      0.0000	      0.0000	      0.0000
      0.0000	      0.0000	      0.0000	      0.0000
      0.0000	      0.0000	      0.0000	      0.0000
      0.0000	      0.0000	      0.0000	      0.0000
      0.0000	      0.0000	      0.0000	      0.0000
      0.0000	      0.0000	      0.0000	      0.0000
      0.0000	      0.0000	      0.0000	      0.0000
      0.0000	      0.0000	      0.0000	      0.0000
      0.0000	      0.0000	      0.0000	      0.0000
      9.8072	      0.0000	      0.0000	      0.1196
     10.9857	      0.0000	      0.0000	     -0.2345
      8.0720	      0.0000	      0.0000	      0.0000
     11.3141	      0.0000	      0.0000	      0.0000
      5.4030	      0.0000	      0.0000	      0.0000
      2.2729	      0.0000	      0.0000	      0.0000
      2.3825	      0.0000	      0.0000	      0.0000
      0.0000	      0.0000	      0.0000	      0.0000
      1.8751	      0.0000	      0.0000	      0.0000
     -6.6111	      1.4628	      0.0000	      0.0000
      0.0000	      0.0000	      0.0000	      0.0000
      0.0000	      0.0000	      0.0000	      0.0000
      0.0000	      0.0000	      0.0000	      0.0000
      0.0000	      0.0000	      0.0000	      0.0000
      0.0000	      0.0000	      0.0000	      0.0000
      0.0000	      0.0000	      0.0000	      0.0000
      0.0000	      0.0000	      0.0000	      0.0000
      0.0000	      0.0000	      0.0000	      0.0000
      0.0000	      0.0000	      0.0000	      0.0000
      0.0000	      0.0000	      0.0000	      0.0000
      0.0000	      0.0000	      0.0000	      0.0000
      0.0000	      0.0000	      0.0000	      0.0000
      0.0000	      0.0000	      0.0000	      0.0000
      0.0000	      0.0000	      0.0000	      0.0000
      0.0000	      0.0000	      0.0000	      0.0000
      0.0000	      0.0000	      0.0000	      0.0000
     -0.4861	      1.4253	      0.0000	      0.0000
      1.5816	      0.0000	      0.0000	      0.0000
      0.1634	      0.0000	      0.0000	      0.0000
      0.0000	      0.0000	     -1.5765	      0.0000
      0.0000	      0.0000	      0.0000	      0.0000
      0.0000	      0.0000	      0.0000	      0.0000
      0.0000	      0.0000	      0.0000	      0.0000
      0.0000	      0.0000	      0.0000	      0.0000
      0.0000	      0.0000	      0.0000	      0.0000
      0.0000	      0.0000	      0.0000	      0.0000
      0.0000	      0.0000	      0.0000	      0.0000
      0.0000	      0.0000	      0.0000	      0.0000
      0.0000	      0.0000	      0.0000	      0.0000
      0.0000	      0.0000	      0.0000	      0.0000
      0.0000	      0.0000	      0.0000	      0.0000
      0.0000	      0.0000	      0.0000	      0.0000
      0.0000	      0.0000	      0.0000	      0.0000
      0.0000	      0.0000	      0.0000	      0.0000
      0.0000	      0.0000	      0.0000	      0.0000
      0.0000	      0.0000	      0.0000	      0.0000
      0.0000	      0.0000	      0.0000	      0.0000
      0.0000	      0.0000	      0.0000	      0.0000
      0.0000	      0.0000	      0.0000	      0.0000
      0.0000	      0.0000	      0.0000	      0.0000
      0.0000	      0.0000	      0.0000	      0.0000
     -1.0554	      0.0000	      0.0000	      0.0000
      2.5809	      0.0000	      0.0000	      0.0000
      0.0000	      0.0000	      0.0000	      0.0000
      0.0000	      0.0000	      0.0000	      0.0000
      0.0000	      0.0000	      0.0000	      0.0000
      0.0000	      0.0000	      0.0000	      0.0000
      0.0000	      0.0000	      0.0000	      0.0000
      0.0000	      0.0000	      0.0000	      0.0000
      0.0000	      0.0000	      0.0000	      0.0000
      0.0000	      0.0000	      0.0000	      0.0000
      0.0000	      0.0000	      0.0000	      0.0000
      0.0000	      0.0000	      0.0000	      0.0000
      0.0000	      0.0000	      0.0000	      0.0000
      0.0000	      0.0000	      0.0000	      0.0000
      0.0000	      0.0000	      0.0000	      0.0000
      0.0000	      0.0000	      0.0000	      0.0000
      0.0000	      0.0000	      0.0000	      0.0000
      0.0000	      0.0000	      0.0000	      0.0000
      0.0000	      0.0000	      0.0000	      0.0000
      0.0000	      0.0000	      0.0000	      0.0000
      0.0000	      0.0000	      0.0000	      0.0000
      0.0000	      0.0000	      0.0000	      0.0000
      0.0000	      0.0000	      0.0000	      0.0000
      0.0000	      0.0000	      0.0000	      0.0000
      0.0000	      0.0000	      0.0000	      0.0000
     -3.5345	      0.0000	      0.0000	      0.0000
     -8.6943	     -6.3571	     13.9862	      0.0000
     -0.8456	    -10.9589	      0.0000	      0.0000
     -1.3052	      0.0000	      0.0000	      0.0000
      0.0000	      0.0000	      0.0000	      0.0000
      0.0000	      0.0000	      0.0000	      0.0000
      0.0000	      0.0000	      0.0000	      0.0000
      0.0000	      0.0000	      0.0000	      0.0000
      0.0000	      0.0000	      0.0000	      0.0000
      0.0000	      0.0000	      0.0000	      0.0000
      0.0000	      0.0000	      0.0000	      0.0000
      0.0000	      0.0000	      0.0000	      0.0000
      0.0000	      0.0000	      0.0000	      0.0000
      0.0000	      0.0000	      0.0000	      0.0000
      0.0000	      0.0000	      0.0000	      0.0000
      0.0000	      0.0000	      0.0000	      0.0000
      0.0000	      0.0000	      0.0000	      0.0000
      0.0000	      0.0000	      0.0000	      0.0000
      0.0000	      0.0000	      0.0000	      0.0000
      0.0000	      0.0000	      0.0000	      0.0000
      0.0000	      0.0000	      0.0000	      0.0000
      0.0000	      0.0000	      0.0000	      0.0000
      0.0000	      0.0000	      0.0000	      0.0000
      0.0000	      0.0000	      0.0000	      0.0000
      0.0000	      0.0000	      0.0000	      0.0000
      0.0000	      0.0000	      0.0000	      0.0000
      0.0000	      0.0000	      0.0000	      0.0000
     -7.4676	      0.0000	      0.0000	      0.0000
      0.0000	      0.0000	      0.0000	      0.0000
      0.0000	      0.0000	      0.0000	      0.0000
      0.0000	      0.0000	      0.0000	      0.0000
      0.0000	      0.0000	      0.0000	      0.0000
      0.0000	      0.0000	      0.0000	      0.0000
      0.0000	      0.0000	      0.0000	      0.0000
      0.0000	      0.0000	      0.0000	      0.0000
      0.0000	      0.0000	      0.0000	      0.0000
      0.0000	      0.0000	      0.0000	      0.0000
      0.0000	      0.0000	      0.0000	      0.0000
      0.0000	      0.0000	      0.0000	      0.0000
      0.0000	      0.0000	      0.0000	      0.0000
      0.0000	      0.0000	      0.0000	      0.0000
      0.0000	      0.0000	      0.0000	      0.0000
      0.0000	      0.0000	      0.0000	      0.0000
      0.0000	      0.0000	      0.0000	      0.0000
      0.0000	      0.0000	      0.0000	      0.0000
      0.0000	      0.0000	      0.0000	      0.0000
      0.0000	      0.0000	      0.0000	      0.0000
      0.0000	      0.0000	      0.0000	      0.0000
      0.0000	      0.0000	      0.0000	      0.0000
     -5.3580	      3.0633	      0.0000	      0.0000
     -0.3229	     -1.2056	      3.4837	      0.0000
      0.0000	      0.0000	      0.0000	      0.0000
     -2.7968	      0.0000	      0.0000	      6.0015
     -3.7748	      0.0000	      0.0000	      0.0000
     -7.0047	     -8.5099	    -10.2836	      0.0000
      0.0000	      0.0000	      0.0000	      0.0000
      0.0000	      0.0000	      0.0000	      0.0000
     -5.7251	      0.0000	      0.0000	      0.0000
     -4.8350	     -4.9719	      0.0000	      0.0000
      0.0000	      0.0000	      0.0000	      0.0000
      0.0000	      0.0000	      0.0000	      0.0000
      0.0000	      0.0000	      0.0000	      0.0000
      0.0000	      0.0000	      0.0000	      0.0000
      0.0000	      0.0000	      0.0000	      0.0000
      0.0000	      0.0000	      0.0000	      0.0000
      0.0000	      0.0000	      0.0000	      0.0000
      0.0000	      0.0000	      0.0000	      0.0000
      0.0000	      0.0000	      0.0000	      0.0000
      0.0000	      0.0000	      0.0000	      0.0000
      0.0000	      0.0000	      0.0000	      0.0000
      0.0000	      0.0000	      0.0000	      0.0000
      0.0000	      0.0000	      0.0000	      0.0000
      0.0000	      0.0000	      0.0000	      0.0000
      0.0000	      0.0000	      0.0000	      0.0000
     -7.3448	     -0.2475	     -0.0553	     -1.2347
     -7.2645	      4.7925	     -2.2275	     -2.5320
    -10.4058	      5.0653	     39.3257	      4.2886
     -7.6230	     -8.4603	     -5.4025	     -5.1728
     -1.0132	     -2.1082	     -1.1495	      2.1416
     -8.6098	     -5.7270	     -1.9185	     -0.9906
      0.0000	      0.0000	      0.0000	      0.0000
      0.0000	      0.0000	      0.0000	      0.0000
     -3.1002	     -0.7795	     -5.5814	      1.1528
    -10.5759	    -10.4846	    -10.1420	     -8.2307
      0.0000	      0.0000	      0.0000	      0.0000
      0.0000	      0.0000	      0.0000	      0.0000
      0.0000	      0.0000	      0.0000	      0.0000
      0.0000	      0.0000	      0.0000	      0.0000
      0.0000	      0.0000	      0.0000	      0.0000
      0.0000	      0.0000	      0.0000	      0.0000
      0.0000	      0.0000	      0.0000	      0.0000
      0.0000	      0.0000	      0.0000	      0.0000
      0.0000	      0.0000	      0.0000	      0.0000
      0.0000	      0.0000	      0.0000	      0.0000
      0.0000	      0.0000	      0.0000	      0.0000
      0.0000	      0.0000	      0.0000	      0.0000
      0.0000	      0.0000	      0.0000	      0.0000
      0.0000	      0.0000	      0.0000	      0.0000
      0.0000	      0.0000	      0.0000	      0.0000
     -0.9201	      2.3309	      0.0000	      0.0000
     -9.1747	     -0.6321	     -0.2537	      0.0000
      0.0000	      0.0000	      0.0000	      0.0000
      3.2651	      0.0000	      0.0000	      0.0000
     -0.0639	      0.0000	      0.0000	      0.0000
      0.0000	      0.0000	      0.0000	      0.0000
      0.0000	      0.0000	      0.0000	      0.0000
      0.0000	      0.0000	      0.0000	      0.0000
      0.0000	      0.0000	      0.0000	      0.0000
    -10.9519	     -9.8275	     -1.6852	      0.0000
      0.0000	      0.0000	      0.0000	      0.0000
      0.0000	      0.0000	      0.0000	      0.0000
      0.0000	      0.0000	      0.0000	      0.0000
      0.0000	      0.0000	      0.0000	      0.0000
      0.0000	      0.0000	      0.0000	      0.0000
      0.0000	      0.0000	      0.0000	      0.0000
      0.0000	      0.0000	      0.0000	      0.0000
      0.0000	      0.0000	      0.0000	      0.0000
      0.0000	      0.0000	      0.0000	      0.0000
      0.0000	      0.0000	      0.0000	      0.0000
      0.0000	      0.0000	      0.0000	      0.0000
      0.0000	      0.0000	      0.0000	      0.0000
      0.0000	      0.0000	      0.0000	      0.0000
      0.0000	      0.0000	      0.0000	      0.0000
      0.0000	      0.0000	      0.0000	      0.0000
      0.0000	      0.0000	      0.0000	      0.0000
     -2.0130	     -0.1166	      0.0000	      0.0000
      0.0000	      0.0000	      0.0000	      0.0000
      0.3410	      0.0000	      0.0000	      0.0000
      0.0000	      0.0000	      0.0000	      0.0000
      2.3847	      0.0000	      0.0000	      0.0000
      0.0000	      0.0000	      0.0000	      0.0000
      0.0000	      0.0000	      0.0000	      0.0000
      0.0000	      0.0000	      0.0000	      0.0000
      0.0000	      0.0000	      0.0000	      0.0000
      0.0000	      0.0000	      0.0000	      0.0000
      0.0000	      0.0000	      0.0000	      0.0000
      0.0000	      0.0000	      0.0000	      0.0000
      0.0000	      0.0000	      0.0000	      0.0000
      0.0000	      0.0000	      0.0000	      0.0000
      0.0000	      0.0000	      0.0000	      0.0000
      0.0000	      0.0000	      0.0000	      0.0000
      0.0000	      0.0000	      0.0000	      0.0000
      0.0000	      0.0000	      0.0000	      0.0000
      0.0000	      0.0000	      0.0000	      0.0000
      0.0000	      0.0000	      0.0000	      0.0000
      0.0000	      0.0000	      0.0000	      0.0000
      0.0000	      0.0000	      0.0000	      0.0000
      0.0000	      0.0000	      0.0000	      0.0000
      0.0000	      0.0000	      0.0000	      0.0000
     -5.6027	     -5.5689	     -5.8698	     -5.3943
     -3.3911	     -3.7246	     -4.2503	      4.8627
     30.7826	      0.0000	      0.0000	      0.0000
     -0.4028	     -0.4670	     -2.3206	     14.4282
      0.1666	     -0.2850	     -2.2946	     -1.7765
     -1.0241	     -4.1739	     -2.0882	     -1.4354
      0.3641	      0.0000	      0.0000	      0.0000
      0.0000	      0.0000	      0.0000	      0.0000
     -4.1883	     -4.8191	     -5.4180	     -1.8356
     -7.2872	     -6.7522	     -6.4444	     -4.3730
      0.0000	      0.0000	      0.0000	      0.0000
      0.0000	      0.0000	      0.0000	      0.0000
      0.0000	      0.0000	      0.0000	      0.0000
      0.0000	      0.0000	      0.0000	      0.0000
      0.0000	      0.0000	      0.0000	      0.0000
      0.0000	      0.0000	      0.0000	      0.0000
      0.0000	      0.0000	      0.0000	      0.0000
      0.0000	      0.0000	      0.0000	      0.0000
      0.0000	      0.0000	      0.0000	      0.0000
      0.0000	      0.0000	      0.0000	      0.0000
      0.0000	      0.0000	      0.0000	      0.0000
      0.0000	      0.0000	      0.0000	      0.0000
      0.0000	      0.0000	      0.0000	      0.0000
      0.0000	      0.0000	      0.0000	      0.0000
      0.0000	      0.0000	      0.0000	      0.0000
     -1.6409	      2.1025	      0.0000	      0.0000
     -0.2860	      0.8094	      0.0000	      0.0000
      0.0000	      0.0000	      0.0000	      0.0000
      0.0000	      0.0000	      0.0000	      0.0000
     -0.4815	      0.0000	      0.0000	      0.0000
      0.0000	      0.0000	      0.0000	      0.0000
      0.0000	      0.0000	      0.0000	      0.0000
      0.0000	      0.0000	      0.0000	      0.0000
      0.0000	      0.0000	      0.0000	      0.0000
     -3.1207	      0.0000	      0.0000	      0.0000
      0.0000	      0.0000	      0.0000	      0.0000
      0.0000	      0.0000	      0.0000	      0.0000
      0.0000	      0.0000	      0.0000	      0.0000
      0.0000	      0.0000	      0.0000	      0.0000
      0.0000	      0.0000	      0.0000	      0.0000
      0.0000	      0.0000	      0.0000	      0.0000
      0.0000	      0.0000	      0.0000	      0.0000
      0.0000	      0.0000	      0.0000	      0.0000
      0.0000	      0.0000	      0.0000	      0.0000
      0.0000	      0.0000	      0.0000	      0.0000
      0.0000	      0.0000	      0.0000	      0.0000
      0.0000	      0.0000	      0.0000	      0.0000
      0.0000	      0.0000	      0.0000	      0.0000
      0.0000	      0.0000	      0.0000	      0.0000
      0.0000	      0.0000	      0.0000	      0.0000
      0.0000	      0.0000	    -10.7299	      0.0000
      0.0000	      0.0000	      0.0000	      0.0000
      0.0000	      0.0000	     11.7958	      0.0000
    -10.0799	     -0.2481	      0.0000	      0.0000
      0.0000	      0.0000	      0.0000	      0.0000
      0.0000	      0.0000	      0.0000	      0.0000
      0.0000	      0.0000	      0.0000	      0.0000
      0.0000	      0.0000	      0.0000	      0.0000
      0.0000	      0.0000	      0.0000	      0.0000
      0.0000	      0.0000	      0.0000	      0.0000
      0.0000	      0.0000	      0.0000	      0.0000
      0.0000	      0.0000	      0.0000	      0.0000
      0.0000	      0.0000	      0.0000	      0.0000
      0.0000	      0.0000	      0.0000	      0.0000
      0.0000	      0.0000	      0.0000	      0.0000
      0.0000	      0.0000	      0.0000	      0.0000
      0.0000	      0.0000	      0.0000	      0.0000
      0.0000	      0.0000	      0.0000	      0.0000
      0.0000	      0.0000	      0.0000	      0.0000
      0.0000	      0.0000	      0.0000	      0.0000
      0.0000	      0.0000	      0.0000	      0.0000
      0.0000	      0.0000	      0.0000	      0.0000
      0.0000	      0.0000	      0.0000	      0.0000
      0.0000	      0.0000	      0.0000	      0.0000
      0.0000	      0.0000	      0.0000	      0.0000
      0.0000	      0.0000	      0.0000	      0.0000
     -9.3145	      0.0000	      0.0000	      0.0000
     -3.9022	      0.0000	      0.0000	      0.0000
     -4.5997	      0.0000	      0.0000	      0.0000
      0.0000	      0.0000	      0.0000	      0.0000
      0.0000	      0.0000	      0.0000	      0.0000
      0.0000	      0.0000	      0.0000	      0.0000
      0.0000	      0.0000	      0.0000	      0.0000
      0.0000	      0.0000	      0.0000	      0.0000
    -10.3832	      0.0000	      0.0000	      0.0000
      0.0000	      0.0000	      0.0000	      0.0000
      0.0000	      0.0000	      0.0000	      0.0000
      0.0000	      0.0000	      0.0000	      0.0000
      0.0000	      0.0000	      0.0000	      0.0000
      0.0000	      0.0000	      0.0000	      0.0000
      0.0000	      0.0000	      0.0000	      0.0000
      0.0000	      0.0000	      0.0000	      0.0000
      0.0000	      0.0000	      0.0000	      0.0000
      0.0000	      0.0000	      0.0000	      0.0000
      0.0000	      0.0000	      0.0000	      0.0000
      0.0000	      0.0000	      0.0000	      0.0000
      0.0000	      0.0000	      0.0000	      0.0000
      0.0000	      0.0000	      0.0000	      0.0000
      0.0000	      0.0000	      0.0000	      0.0000
      0.0000	      0.0000	      0.0000	      0.0000
      0.0000	      0.0000	      0.0000	    -10.2640
      0.0000	      0.0000	      0.0000	      0.0000
      0.0000	      0.0000	    -10.9961	      0.0000
      0.0000	      0.0000	      0.0000	      0.0000
      0.0000	    -10.0845	     -7.4146	      0.0000
      0.0000	      0.0000	      0.0000	      0.0000
      9.0707	      0.0000	      0.0000	      0.0000
      0.0000	      0.0000	      0.0000	      0.0000
      0.0000	      0.0000	      3.3472	      0.0000
      0.0000	      0.0000	      0.0000	      0.0000
      0.0000	      0.0000	      0.0000	      0.0000
      0.0000	      0.0000	      0.0000	      0.0000
      0.0000	      0.0000	      0.0000	      0.0000
      0.0000	      0.0000	      0.0000	      0.0000
      0.0000	      0.0000	      0.0000	      0.0000
      0.0000	      0.0000	      0.0000	      0.0000
      0.0000	      0.0000	      0.0000	      0.0000
      0.0000	      0.0000	      0.0000	      0.0000
      0.0000	      0.0000	      0.0000	      0.0000
      0.0000	      0.0000	      0.0000	      0.0000
      0.0000	      0.0000	      0.0000	      0.0000
      0.0000	      0.0000	      0.0000	      0.0000
      0.0000	      0.0000	      0.0000	      0.0000
      0.0000	      0.0000	      0.0000	      0.0000
      0.0000	      0.0000	      0.0000	      0.0000
     -1.1085	    -12.4289	     -3.2884	      0.0000
    -11.6403	      0.0000	      0.0000	      0.0000
      0.0000	      0.0000	      0.0000	      0.0000
      0.0000	      0.0000	     -4.2974	      0.0000
      0.0000	      0.0000	      0.0000	      0.0000
      0.0000	      0.0000	      0.0000	      0.0000
      0.0000	      0.0000	      0.0000	      0.0000
      0.0000	      0.0000	      0.0000	      0.0000
      0.0000	      0.0000	      0.0000	      0.0000
      0.0000	      0.0000	      0.0000	      0.0000
      0.0000	      0.0000	      0.0000	      0.0000
      0.0000	      0.0000	      0.0000	      0.0000
      0.0000	      0.0000	      0.0000	      0.0000
      0.0000	      0.0000	      0.0000	      0.0000
      0.0000	      0.0000	      0.0000	      0.0000
      0.0000	      0.0000	      0.0000	      0.0000
      0.0000	      0.0000	      0.0000	      0.0000
      0.0000	      0.0000	      0.0000	      0.0000
      0.0000	      0.0000	      0.0000	      0.0000
      0.0000	      0.0000	      0.0000	      0.0000
      0.0000	      0.0000	      0.0000	      0.0000
      0.0000	      0.0000	      0.0000	      0.0000
      0.0000	      0.0000	      0.0000	      0.0000
      0.0000	      0.0000	      0.0000	      0.0000
      0.0000	      0.0000	      0.0000	      0.0000
     -9.1864	    -10.0829	     -2.6038	      0.0050
      1.4169	      0.0000	      0.0000	      0.0000
      0.0000	      0.0000	      0.0000	      0.0000
     -1.6774	      0.0000	      0.0000	      0.0000
     -3.2749	      0.0000	      0.0000	      0.0000
    -10.4486	     -4.5006	      0.0000	      0.0000
      0.0000	      0.0000	      0.0000	      0.0000
      0.0000	      0.0000	      0.0000	      0.0000
      0.0000	      0.0000	      0.0000	      0.0000
      0.0000	      1.1677	      0.0000	      0.0000
      0.0000	      0.0000	      0.0000	      0.0000
      0.0000	      0.0000	      0.0000	      0.0000
      0.0000	      0.0000	      0.0000	      0.0000
      0.0000	      0.0000	      0.0000	      0.0000
      0.0000	      0.0000	      0.0000	      0.0000
      0.0000	      0.0000	      0.0000	      0.0000
      0.0000	      0.0000	      0.0000	      0.0000
      0.0000	      0.0000	      0.0000	      0.0000
      0.0000	      0.0000	      0.0000	      0.0000
      0.0000	      0.0000	      0.0000	      0.0000
      0.0000	      0.0000	      0.0000	      0.0000
      0.0000	      0.0000	      0.0000	      0.0000
      0.0000	      0.0000	      0.0000	      0.0000
      0.0000	      0.0000	      0.0000	      0.0000
      0.0000	      0.0000	      0.0000	      0.0000
      0.0000	      0.0000	      0.0000	      0.0000
      0.2904	      0.0000	      0.0000	      0.0000
      0.0000	      0.0000	      0.0000	      0.0000
      0.0000	      0.0000	      0.0000	      0.0000
      0.0000	      0.0000	      0.0000	      0.0000
      0.0000	      0.0000	      0.0000	      0.0000
      0.0000	      0.0000	      0.0000	      0.0000
      0.0000	      0.0000	      0.0000	      0.0000
      0.0000	      0.0000	      0.0000	      0.0000
      0.0000	      0.0000	      0.0000	      0.0000
      0.0000	      0.0000	      0.0000	      0.0000
      0.0000	      0.0000	      0.0000	      0.0000
      0.0000	      0.0000	      0.0000	      0.0000
      0.0000	      0.0000	      0.0000	      0.0000
      0.0000	      0.0000	      0.0000	      0.0000
      0.0000	      0.0000	      0.0000	      0.0000
      0.0000	      0.0000	      0.0000	      0.0000
      0.0000	      0.0000	      0.0000	      0.0000
      0.0000	      0.0000	      0.0000	      0.0000
      0.0000	      0.0000	      0.0000	      0.0000
      0.0000	      0.0000	      0.0000	      0.0000
      0.0000	      0.0000	      0.0000	      0.0000
      0.0000	      0.0000	      0.0000	      0.0000
      0.0000	      0.0000	      0.0000	      0.0000
      0.0000	      0.0000	      0.0000	      0.0000
     -3.2955	     -4.0256	      0.0000	      0.0000
      0.0000	      0.0000	      0.0000	      0.0000
     -2.6644	      0.0000	      0.0000	      0.0000
      0.0000	      0.0000	      0.0000	      0.0000
      0.0000	      0.0000	      0.0000	      0.0000
      0.0000	      0.0000	      0.0000	      0.0000
      0.0000	      0.0000	      0.0000	      0.0000
      0.0000	      0.0000	      0.0000	      0.0000
      0.0000	      0.0000	      0.0000	      0.0000
      0.0000	      0.0000	      0.0000	      0.0000
      0.0000	      0.0000	      0.0000	      0.0000
      0.0000	      0.0000	      0.0000	      0.0000
      0.0000	      0.0000	      0.0000	      0.0000
      0.0000	      0.0000	      0.0000	      0.0000
      0.0000	      0.0000	      0.0000	      0.0000
      0.0000	      0.0000	      0.0000	      0.0000
      0.0000	      0.0000	      0.0000	      0.0000
      0.0000	      0.0000	      0.0000	      0.0000
      0.0000	      0.0000	      0.0000	      0.0000
      0.0000	      0.0000	      0.0000	      0.0000
      0.0000	      0.0000	      0.0000	      0.0000
      0.0000	      0.0000	      0.0000	      0.0000
      0.0000	      0.0000	      0.0000	      0.0000
      0.0000	      0.0000	      0.0000	      0.0000
      0.0000	      0.0000	      0.0000	      0.0000
     -0.3532	      0.0000	      0.0000	      0.0000
     -0.2232	     -0.9279	     -2.5577	     -0.1010
      0.0000	      0.0000	      0.0000	      0.0000
     -2.7518	     -2.8351	     -1.9436	      8.0852
     -1.2745	      0.0000	      0.0000	      0.0000
     -3.5535	     -3.9485	      0.0000	      0.0000
      0.0000	      0.0000	      0.0000	      0.0000
      0.0000	      0.0000	      0.0000	      0.0000
     -0.8959	     -2.2366	      0.0000	      0.0000
     -0.6771	     -3.2988	     -1.9217	      0.0000
      0.0000	      0.0000	      0.0000	      0.0000
      0.0000	      0.0000	      0.0000	      0.0000
      0.0000	      0.0000	      0.0000	      0.0000
      0.0000	      0.0000	      0.0000	      0.0000
      0.0000	      0.0000	      0.0000	      0.0000
      0.0000	      0.0000	      0.0000	      0.0000
      0.0000	      0.0000	      0.0000	      0.0000
      0.0000	      0.0000	      0.0000	      0.0000
      0.0000	      0.0000	      0.0000	      0.0000
      0.0000	      0.0000	      0.0000	      0.0000
      0.0000	      0.0000	      0.0000	      0.0000
      0.0000	      0.0000	      0.0000	      0.0000
      0.0000	      0.0000	      0.0000	      0.0000
      0.0000	      0.0000	      0.0000	      0.0000
      0.0000	      0.0000	      0.0000	      0.0000
      0.0000	      0.0000	      0.0000	      0.0000
      0.0000	      0.0000	      0.0000	      0.0000
      0.0000	      0.0000	      0.0000	      0.0000
      0.0000	      0.0000	     -4.0614	     -2.6883
      0.0000	      0.0000	      0.0000	      0.0000
      0.0000	      0.0000	      0.0000	      0.0000
      0.0000	      0.0000	      0.0000	      0.0000
      0.0000	      0.0000	      0.0000	      0.0000
      0.0000	      0.0000	      0.0000	      0.0000
      0.0000	      0.0000	      0.0000	      0.0000
      0.0000	      0.0000	      0.0000	      0.0000
      0.0000	      0.0000	      0.0000	      0.0000
      0.0000	      0.0000	      0.0000	      0.0000
      0.0000	      0.0000	      0.0000	      0.0000
      0.0000	      0.0000	      0.0000	      0.0000
      0.0000	      0.0000	      0.0000	      0.0000
      0.0000	      0.0000	      0.0000	      0.0000
      0.0000	      0.0000	      0.0000	      0.0000
      0.0000	      0.0000	      0.0000	      0.0000
      0.0000	      0.0000	      0.0000	      0.0000
      0.0000	      0.0000	      0.0000	      0.0000
      0.0000	      0.0000	      0.0000	      0.0000
      0.0000	      0.0000	      0.0000	      0.0000
      0.0000	      0.0000	      0.0000	      0.0000
      0.0000	      0.0000	      0.0000	      0.0000
     -7.7535	     -4.7240	      0.0000	      0.0000
      0.0000	      0.0000	      0.0000	      0.0000
      0.0000	      0.0000	      0.0000	      0.0000
      0.0000	      0.0000	      0.0000	      0.0000
      0.0000	      0.0000	      0.0000	      0.0000
    -13.5062	      0.0000	      0.0000	      0.0000
      0.0000	      0.0000	      0.0000	      0.0000
      0.0000	      0.0000	      0.0000	      0.0000
      0.0000	      0.0000	      0.0000	      0.0000
      0.0000	      0.0000	      0.0000	      0.0000
      0.0000	      0.0000	      0.0000	      0.0000
      0.0000	      0.0000	      0.0000	      0.0000
      0.0000	      0.0000	      0.0000	      0.0000
      0.0000	      0.0000	      0.0000	      0.0000
      0.0000	      0.0000	      0.0000	      0.0000
      0.0000	      0.0000	      0.0000	      0.0000
      0.0000	      0.0000	      0.0000	      0.0000
      0.0000	      0.0000	      0.0000	      0.0000
      0.0000	      0.0000	      0.0000	      0.0000
      0.0000	      0.0000	      0.0000	      0.0000
      0.0000	      0.0000	      0.0000	      0.0000
      0.0000	      0.0000	      0.0000	      0.0000
      0.0000	      0.0000	      0.0000	      0.0000
      0.0000	      0.0000	      0.0000	      0.0000
      0.0000	      0.0000	      0.0000	      0.0000
      0.0000	      0.0000	      0.0000	      0.0000
      0.0000	      0.0000	      0.0000	      0.0000
      0.0000	      0.0000	      0.0000	      0.0000
      0.0000	      0.0000	      0.0000	      0.0000
      0.0000	      0.0000	     15.1796	      0.0000
      0.0000	      0.0000	      0.0000	      0.0000
     -0.4578	      0.0000	      0.0000	      0.0000
      0.0000	      0.0000	      0.0000	      0.0000
      0.0000	      0.0000	      0.0000	      0.0000
      0.0000	      0.0000	      0.0000	      0.0000
      0.0000	      0.0000	      0.0000	      0.0000
      0.0000	      0.0000	      0.0000	      0.0000
      0.0000	      0.0000	      0.0000	      0.0000
      0.0000	      0.0000	      0.0000	      0.0000
      0.0000	      0.0000	      0.0000	      0.0000
      0.0000	      0.0000	      0.0000	      0.0000
      0.0000	      0.0000	      0.0000	      0.0000
      0.0000	      0.0000	      0.0000	      0.0000
      0.0000	      0.0000	      0.0000	      0.0000
      0.0000	      0.0000	      0.0000	      0.0000
      0.0000	      0.0000	      0.0000	      0.0000
      0.0000	      0.0000	      0.0000	      0.0000
      0.0000	      0.0000	      0.0000	      0.0000
      0.0000	      0.0000	      0.0000	      0.0000
      0.0000	      0.0000	      0.0000	      0.0000
      0.0000	      0.0000	      0.0000	      0.0000
    -11.1018	      0.0000	      0.0000	      0.0000
      0.0000	      0.0000	      0.0000	      0.0000
      0.0000	      0.0000	      0.0000	      0.0000
      0.0000	      0.0000	      0.0000	      0.0000
      0.0000	      0.0000	      0.0000	      0.0000
      0.0000	      0.0000	      0.0000	      0.0000
      0.0000	      0.0000	      0.0000	      0.0000
      0.0000	      0.0000	      0.0000	      0.0000
      0.0000	      0.0000	      0.0000	      0.0000
      0.0000	      0.0000	      0.0000	      0.0000
      0.0000	      0.0000	      0.0000	      0.0000
      0.0000	      0.0000	      0.0000	      0.0000
      0.0000	      0.0000	      0.0000	      0.0000
      0.0000	      0.0000	      0.0000	      0.0000
      0.0000	      0.0000	      0.0000	      0.0000
      0.0000	      0.0000	      0.0000	      0.0000
      0.0000	      0.0000	      0.0000	      0.0000
      0.0000	      0.0000	      0.0000	      0.0000
      0.0000	      0.0000	      0.0000	      0.0000
      0.0000	      0.0000	      0.0000	      0.0000
      0.0000	      0.0000	      0.0000	      0.0000
      0.0000	      0.0000	      0.0000	      0.0000
      0.0000	      0.0000	      0.0000	      0.0000
      0.0000	      0.0000	      0.0000	      0.0000
      0.0000	      0.0000	      0.0000	      0.0000
      0.0000	      0.0000	      0.0000	      0.0000
      0.0000	      0.0000	      0.0000	      0.0000
      1.1939	      0.0000	      0.0000	      0.0000
      0.0000	      0.0000	      0.0000	      0.0000
      0.0000	      0.0000	      0.0000	      0.0000
      0.0000	      0.0000	      0.0000	      0.0000
      0.0000	      0.0000	      0.0000	      0.0000
      0.0000	      0.0000	      0.0000	      0.0000
      0.0000	      0.0000	      0.0000	      0.0000
      0.0000	      0.0000	      0.0000	      0.0000
      0.0000	      0.0000	      0.0000	      0.0000
      0.0000	      0.0000	      0.0000	      0.0000
      0.0000	      0.0000	      0.0000	      0.0000
      0.0000	      0.0000	      0.0000	      0.0000
      0.0000	      0.0000	      0.0000	      0.0000
      0.0000	      0.0000	      0.0000	      0.0000
      0.0000	      0.0000	      0.0000	      0.0000
      0.0000	      0.0000	      0.0000	      0.0000
      0.0000	      0.0000	      0.0000	      0.0000
      0.0000	      0.0000	      0.0000	      0.0000
      0.0000	      0.0000	      0.0000	      0.0000
      0.0000	      0.0000	      0.0000	      0.0000
      0.0000	      0.0000	      0.0000	      0.0000
      0.0000	      0.0000	      0.0000	      0.0000
     -1.3084	      0.3282	      0.0000	      0.0000
     -0.9976	      0.0000	      0.0000	      0.0000
      0.0000	      0.0000	      0.0000	      0.0000
      3.8629	      0.0000	      0.0000	      0.0000
     -0.1888	     -0.7194	     -4.2297	      1.3973
     -0.9771	     -0.7334	     -4.2943	      3.7659
     -3.6839	     -2.0773	      0.0000	      0.0000
      0.0000	      0.0000	      0.0000	      0.0000
      0.0000	      0.0000	      0.0000	      0.0000
     -1.0476	     -0.6618	     -4.5117	      0.0000
      0.0000	      0.0000	      0.0000	      0.0000
      0.0000	      0.0000	      0.0000	      0.0000
      0.0000	      0.0000	      0.0000	      0.0000
      0.0000	      0.0000	      0.0000	      0.0000
      0.0000	      0.0000	      0.0000	      0.0000
      0.0000	      0.0000	      0.0000	      0.0000
      0.0000	      0.0000	      0.0000	      0.0000
      0.0000	      0.0000	      0.0000	      0.0000
      0.0000	      0.0000	      0.0000	      0.0000
      0.0000	      0.0000	      0.0000	      0.0000
      0.0000	      0.0000	      0.0000	      0.0000
      0.0000	      0.0000	      0.0000	      0.0000
      0.0000	      0.0000	      0.0000	      0.0000
      0.0000	      0.0000	      0.0000	      0.0000
      0.0000	      0.0000	      0.0000	      0.0000
      0.0000	      0.0000	      0.0000	      0.0000
      0.0000	      0.0000	      0.0000	      0.0000
      0.0000	      0.0000	      0.0000	      0.0000
     -1.3099	      0.0000	      0.0000	      0.0000
      0.0000	      0.0000	      0.0000	      0.0000
      0.0000	      0.0000	      0.0000	      0.0000
      0.0000	      0.0000	      0.0000	      0.0000
      0.0000	      0.0000	      0.0000	      0.0000
      0.0000	      0.0000	      0.0000	      0.0000
     -0.6450	     -3.1213	      0.0000	      0.0000
      0.0000	      0.0000	      0.0000	      0.0000
      0.0000	      0.0000	      0.0000	      0.0000
      0.0000	      0.0000	      0.0000	      0.0000
      0.0000	      0.0000	      0.0000	      0.0000
      0.0000	      0.0000	      0.0000	      0.0000
      0.0000	      0.0000	      0.0000	      0.0000
      0.0000	      0.0000	      0.0000	      0.0000
      0.0000	      0.0000	      0.0000	      0.0000
      0.0000	      0.0000	      0.0000	      0.0000
      0.0000	      0.0000	      0.0000	      0.0000
      0.0000	      0.0000	      0.0000	      0.0000
      0.0000	      0.0000	      0.0000	      0.0000
      0.0000	      0.0000	      0.0000	      0.0000
      0.0000	      0.0000	      0.0000	      0.0000
      0.0000	      0.0000	      0.0000	      0.0000
     -0.2310	      0.0000	      0.0000	      0.0000
     -0.1456	      0.0000	      0.0000	      0.0000
      0.0000	      0.0000	      0.0000	      0.0000
      0.0000	      0.0000	      0.0000	      0.0000
      0.0000	      0.0000	      0.0000	      0.0000
      0.0000	      0.0000	      0.0000	      0.0000
      0.0000	      0.0000	      0.0000	      0.0000
      0.0000	      0.0000	      0.0000	      0.0000
      0.0000	      0.0000	      0.0000	      0.0000
      0.0000	      0.0000	      0.0000	      0.0000
      0.0000	      0.0000	      0.0000	      0.0000
      0.0000	      0.0000	      0.0000	      0.0000
      0.0000	      0.0000	      0.0000	      0.0000
      0.0000	      0.0000	      0.0000	      0.0000
      0.0000	      0.0000	      0.0000	      0.0000
      0.0000	      0.0000	      0.0000	      0.0000
      0.0000	      0.0000	      0.0000	      0.0000
      0.0000	      0.0000	      0.0000	      0.0000
      0.0000	      0.0000	      0.0000	      0.0000
      0.0000	      0.0000	      0.0000	      0.0000
      0.0000	      0.0000	      0.0000	      0.0000
      0.0000	      0.0000	      0.0000	      0.0000
      0.0000	      0.0000	      0.0000	      0.0000
      0.0000	      0.0000	      0.0000	      0.0000
      0.0000	      0.0000	      0.0000	      0.0000
      0.0810	     -0.3867	     -3.9720	     -1.0769
     -1.2627	      0.8736	      0.0000	      0.0000
     -1.4497	      1.2204	      0.0000	      0.0000
      2.1555	      0.0000	      0.0000	      0.0000
     -6.9092	     -0.8877	     -3.9166	      0.0000
     -3.0664	     -0.3697	     -7.1238	     -1.9043
     -4.0237	     -3.0513	     -1.1356	     -2.6434
      0.0000	      0.0000	      0.0000	      0.0000
      0.0000	      0.0000	      0.0000	      0.0000
      0.0000	      0.0000	      0.0000	      0.0000
      0.0000	      0.0000	      0.0000	      0.0000
      0.0000	      0.0000	      0.0000	      0.0000
      0.0000	      0.0000	      0.0000	      0.0000
      0.0000	      0.0000	      0.0000	      0.0000
      0.0000	      0.0000	      0.0000	      0.0000
      0.0000	      0.0000	      0.0000	      0.0000
      0.0000	      0.0000	      0.0000	      0.0000
      0.0000	      0.0000	      0.0000	      0.0000
      0.0000	      0.0000	      0.0000	      0.0000
      0.0000	      0.0000	      0.0000	      0.0000
      0.0000	      0.0000	      0.0000	      0.0000
      0.0000	      0.0000	      0.0000	      0.0000
      0.0000	      0.0000	      0.0000	      0.0000
      0.0000	      0.0000	      0.0000	      0.0000
      0.0000	      0.0000	      0.0000	      0.0000
      0.0000	      0.0000	      0.0000	      0.0000
      0.0000	      0.0000	      0.0000	      0.0000
      0.0000	      0.0000	      0.0000	      0.0000
      0.0000	      0.0000	      0.0000	      0.0000
      0.0000	      0.0000	      0.0000	      0.0000
      0.0000	      0.0000	      0.0000	      0.0000
      0.0000	      0.0000	      0.0000	      0.0000
      0.0000	      0.0000	      0.0000	      0.0000
      0.0000	      0.0000	      0.0000	      0.0000
     -1.1841	      0.8874	      0.0000	      0.0000
      0.0000	      0.0000	      0.0000	      0.0000
      0.0000	      0.0000	      0.0000	      0.0000
      0.0000	      0.0000	      0.0000	      0.0000
      0.0000	      0.0000	      0.0000	      0.0000
      0.0000	      0.0000	      0.0000	      0.0000
      0.0000	      0.0000	      0.0000	      0.0000
      0.0000	      0.0000	      0.0000	      0.0000
      0.0000	      0.0000	      0.0000	      0.0000
      0.0000	      0.0000	      0.0000	      0.0000
      0.0000	      0.0000	      0.0000	      0.0000
      0.0000	      0.0000	      0.0000	      0.0000
      0.0000	      0.0000	      0.0000	      0.0000
      0.0000	      0.0000	      0.0000	      0.0000
      0.0000	      0.0000	      0.0000	      0.0000
      0.0000	      0.0000	      0.0000	      0.0000
      0.0000	      0.0000	      0.0000	      0.0000
      0.0000	      0.0000	      0.0000	      0.0000
      0.0000	      0.0000	      0.0000	      0.0000
      0.0000	      0.0000	      0.0000	      0.0000
      0.0000	      0.0000	      0.0000	      0.0000
     -2.9257	      0.0000	      0.0000	      0.0000
      0.0000	      0.0000	      0.0000	      0.0000
      0.0000	      0.0000	      0.0000	      0.0000
      0.0000	      0.0000	      0.0000	      0.0000
      0.0000	      0.0000	      0.0000	      0.0000
      0.0000	      0.0000	      0.0000	      0.0000
      0.0000	      0.0000	      0.0000	      0.0000
      0.0000	      0.0000	      0.0000	      0.0000
      0.0000	      0.0000	      0.0000	      0.0000
      0.0000	      0.0000	      0.0000	      0.0000
      0.0000	      0.0000	      0.0000	      0.0000
      0.0000	      0.0000	      0.0000	      0.0000
      0.0000	      0.0000	      0.0000	      0.0000
      0.0000	      0.0000	      0.0000	      0.0000
      0.0000	      0.0000	      0.0000	      0.0000
      0.0000	      0.0000	      0.0000	      0.0000
      0.0000	      0.0000	      0.0000	      0.0000
      0.0000	      0.0000	      0.0000	      0.0000
      0.0000	      0.0000	      0.0000	      0.0000
      0.0000	      0.0000	      0.0000	      0.0000
     -7.0958	      0.0000	      0.0000	      0.0000
      2.8261	      0.0000	      0.0000	      0.0000
      3.6498	      0.0000	      0.0000	      0.0000
     -7.4815	      0.0000	      0.0000	      0.0000
      0.0000	      0.0000	      0.0000	      0.0000
      0.0000	      0.0000	      0.0000	      0.0000
      0.0000	      0.0000	      0.0000	      0.0000
      0.0000	      0.0000	      0.0000	      0.0000
      0.0000	      0.0000	      0.0000	      0.0000
      0.0000	      0.0000	      0.0000	      0.0000
      0.0000	      0.0000	      0.0000	      0.0000
      0.0000	      0.0000	      0.0000	      0.0000
      0.0000	      0.0000	      0.0000	      0.0000
      0.0000	      0.0000	      0.0000	      0.0000
      0.0000	      0.0000	      0.0000	      0.0000
      0.0000	      0.0000	      0.0000	      0.0000
      0.0000	      0.0000	      0.0000	      0.0000
      0.0000	      0.0000	      0.0000	      0.0000
      0.0000	      0.0000	      0.0000	      0.0000
      0.0000	      0.0000	      0.0000	      0.0000
      0.0000	      0.0000	      0.0000	      0.0000
      0.0000	      0.0000	      0.0000	      0.0000
      0.0000	      0.0000	      0.0000	      0.0000
      0.0000	      0.0000	      0.0000	      0.0000
      0.0000	      0.0000	      0.0000	      0.0000
      0.0000	      0.0000	      0.0000	      0.0000
      0.0000	      0.0000	      0.0000	      0.0000
      0.0000	      0.0000	      0.0000	      0.0000
    -10.8529	      0.0000	      0.0000	      0.0000
      0.0000	      0.0000	      0.0000	      0.0000
      0.0000	      0.0000	      0.0000	      0.0000
      0.0000	      0.0000	      0.0000	      0.0000
      0.0000	      0.0000	      0.0000	      0.0000
      0.0000	      0.0000	      0.0000	      0.0000
      0.0000	      0.0000	      0.0000	      0.0000
      0.0000	      0.0000	      0.0000	      0.0000
      0.0000	      0.0000	      0.0000	      0.0000
      0.0000	      0.0000	      0.0000	      0.0000
      0.0000	      0.0000	      0.0000	      0.0000
      0.0000	      0.0000	      0.0000	      0.0000
      0.0000	      0.0000	      0.0000	      0.0000
      0.0000	      0.0000	      0.0000	      0.0000
      0.0000	      0.0000	      0.0000	      0.0000
      0.0000	      0.0000	      0.0000	      0.0000
      0.0000	      0.0000	      0.0000	      0.0000
      0.0000	      0.0000	      0.0000	      0.0000
      0.0000	      0.0000	      0.0000	      0.0000
      0.0000	      0.0000	      0.0000	      0.0000
      0.0000	      0.0000	      0.0000	      0.0000
      0.0000	      0.0000	      0.0000	      0.0000
     -0.4969	      0.2903	      0.0000	      0.0000
      0.0000	      0.0000	      0.0000	      0.0000
      0.0000	      0.0000	      0.0000	      0.8030
    -10.3915	      0.0000	      0.0000	      0.0000
      0.0000	      0.0000	      0.0000	      0.0000
    -12.0450	      0.0000	      0.0000	    -10.2172
     -2.3761	      0.0000	      0.0000	      0.0000
      0.0000	      0.0000	      0.0000	      0.0000
      0.0000	      0.0000	      0.0000	      0.0000
      0.0000	      0.0000	     -0.2799	      0.0000
      0.0000	      0.0000	      0.0000	      0.0000
      0.0000	      0.0000	      0.0000	      0.0000
      0.0000	      0.0000	      0.0000	      0.0000
      0.0000	      0.0000	      0.0000	      0.0000
      0.0000	      0.0000	      0.0000	      0.0000
      0.0000	      0.0000	      0.0000	      0.0000
      0.0000	      0.0000	      0.0000	      0.0000
      0.0000	      0.0000	      0.0000	      0.0000
      0.0000	      0.0000	      0.0000	      0.0000
      0.0000	      0.0000	      0.0000	      0.0000
      0.0000	      0.0000	      0.0000	      0.0000
      0.0000	      0.0000	      0.0000	      0.0000
      0.0000	      0.0000	      0.0000	      0.0000
      0.0000	      0.0000	      0.0000	      0.0000
      0.0000	      0.0000	      0.0000	      0.0000
     -0.9710	     -0.7149	     -9.9936	     -4.5830
      1.8220	      0.0000	      0.0000	      0.0000
     45.8173	      0.0000	      5.8199	      0.0000
      0.3332	     -4.9866	     -5.2877	     -3.1663
    -11.3387	     -2.1905	     -1.8926	     -2.2155
     -8.6785	     -4.1433	     -3.4965	     -4.0343
     -2.1254	     -4.8947	     -3.8194	      0.0000
      0.0000	      0.0000	      0.0000	      0.0000
     -0.7850	     -2.4490	      0.0000	      0.0000
      0.3588	      0.0000	      0.0000	      0.0000
      0.0000	      0.0000	      0.0000	      0.0000
      0.0000	      0.0000	      0.0000	      0.0000
      0.0000	      0.0000	      0.0000	      0.0000
      0.0000	      0.0000	      0.0000	      0.0000
      0.0000	      0.0000	      0.0000	      0.0000
      0.0000	      0.0000	      0.0000	      0.0000
      0.0000	      0.0000	      0.0000	      0.0000
      0.0000	      0.0000	      0.0000	      0.0000
      0.0000	      0.0000	      0.0000	      0.0000
      0.0000	      0.0000	      0.0000	      0.0000
      0.0000	      0.0000	      0.0000	      0.0000
      0.0000	      0.0000	      0.0000	      0.0000
      0.0000	      0.0000	      0.0000	      0.0000
      0.0000	      0.0000	      0.0000	      0.0000
      0.0000	      0.0000	      0.0000	      0.0000
     -3.1108	      0.0898	      0.0000	      0.0000
     -0.9087	      1.8023	      0.0000	      0.0000
     10.5066	      0.0000	      4.2783	      0.0000
     -2.1859	     -1.0843	      4.4346	    -12.2057
     -5.5786	     -0.6443	      0.0000	      0.0000
      0.4667	      0.0000	      0.0000	      0.0000
      0.0000	      0.0000	      0.0000	      0.0000
      0.0000	      0.0000	      0.0000	      0.0000
      0.0000	      0.0000	      0.0000	      0.0000
     -2.1772	     -0.7374	     -8.6527	     -3.1987
      0.0000	      0.0000	      0.0000	      0.0000
      0.0000	      0.0000	      0.0000	      0.0000
      0.0000	      0.0000	      0.0000	      0.0000
      0.0000	      0.0000	      0.0000	      0.0000
      0.0000	      0.0000	      0.0000	      0.0000
      0.0000	      0.0000	      0.0000	      0.0000
      0.0000	      0.0000	      0.0000	      0.0000
      0.0000	      0.0000	      0.0000	      0.0000
      0.0000	      0.0000	      0.0000	      0.0000
      0.0000	      0.0000	      0.0000	      0.0000
      0.0000	      0.0000	      0.0000	      0.0000
      0.0000	      0.0000	      0.0000	      0.0000
      0.0000	      0.0000	      0.0000	      0.0000
      0.0000	      0.0000	      0.0000	      0.0000
      0.0000	      0.0000	      0.0000	      0.0000
     -1.0299	     -1.1385	      0.0000	      0.0000
     -2.5527	     -0.4721	      0.0000	      0.0000
      0.0000	      0.0000	      0.0000	      0.0000
     -0.2242	      0.0000	      0.0000	      0.0000
      0.0000	      0.0000	      0.0000	      0.0000
      0.0000	      0.0000	      0.0000	      0.0000
      0.0000	      0.0000	      0.0000	      0.0000
      0.0000	      0.0000	      0.0000	      0.0000
      0.0000	      0.0000	      0.0000	      0.0000
      0.0000	      0.0000	      0.0000	      0.0000
      0.0000	      0.0000	      0.0000	      0.0000
      0.0000	      0.0000	      0.0000	      0.0000
      0.0000	      0.0000	      0.0000	      0.0000
      0.0000	      0.0000	      0.0000	      0.0000
      0.0000	      0.0000	      0.0000	      0.0000
      0.0000	      0.0000	      0.0000	      0.0000
      0.0000	      0.0000	      0.0000	      0.0000
      0.0000	      0.0000	      0.0000	      0.0000
      0.0000	      0.0000	      0.0000	      0.0000
      0.0000	      0.0000	      0.0000	      0.0000
      0.0000	      0.0000	      0.0000	      0.0000
      0.0000	      0.0000	      0.0000	      0.0000
      0.0000	      0.0000	      0.0000	      0.0000
      0.0000	      0.0000	      0.0000	      0.0000
      0.0000	      0.0000	      0.0000	      0.0000
     -5.9097	     -7.1492	     -7.0377	     -5.4301
     -0.6877	     -0.4609	     -1.8341	     16.9484
     29.6217	      0.0000	      0.0000	      0.0000
     14.7133	     -3.5183	     -4.5114	     -7.4203
     -3.1437	     -3.3738	     -3.9902	     -3.0558
     -1.6678	     -4.6832	     -1.5346	     -1.5998
     -3.6822	     -4.4608	     -3.1156	     -4.1148
      0.0000	      0.0000	      0.0000	      0.0000
      0.0000	      0.0000	      0.0000	      0.0000
     -2.2441	     -9.2045	      0.0000	      0.0000
      0.0000	      0.0000	      0.0000	      0.0000
      0.0000	      0.0000	      0.0000	      0.0000
      0.0000	      0.0000	      0.0000	      0.0000
      0.0000	      0.0000	      0.0000	      0.0000
      0.0000	      0.0000	      0.0000	      0.0000
      0.0000	      0.0000	      0.0000	      0.0000
      0.0000	      0.0000	      0.0000	      0.0000
      0.0000	      0.0000	      0.0000	      0.0000
      0.0000	      0.0000	      0.0000	      0.0000
      0.0000	      0.0000	      0.0000	      0.0000
      0.0000	      0.0000	      0.0000	      0.0000
      0.0000	      0.0000	      0.0000	      0.0000
      0.0000	      0.0000	      0.0000	      0.0000
      0.0000	      0.0000	      0.0000	      0.0000
      0.0000	      0.0000	      0.0000	      0.0000
      0.0000	      0.0000	      0.0000	      0.0000
      7.3315	      0.0000	      0.0000	      0.0000
      0.0000	      0.0000	      0.0000	      0.0000
      0.0000	      0.0000	      0.0000	      0.0000
     -3.1972	      0.0000	      0.0000	     -5.0005
      0.0000	      0.0000	      0.0000	      0.0000
      0.0000	      0.0000	      0.0000	      0.0000
      0.0000	      0.0000	      0.0000	      0.0000
      0.0000	      0.0000	      0.0000	      0.0000
      0.0000	      0.0000	      0.0000	      0.0000
      0.0000	      0.0000	      0.0000	      0.0000
      0.0000	      0.0000	      0.0000	      0.0000
      0.0000	      0.0000	      0.0000	      0.0000
      0.0000	      0.0000	      0.0000	      0.0000
      0.0000	      0.0000	      0.0000	      0.0000
      0.0000	      0.0000	      0.0000	      0.0000
      0.0000	      0.0000	      0.0000	      0.0000
      0.0000	      0.0000	      0.0000	      0.0000
      0.0000	      0.0000	      0.0000	      0.0000
      0.0000	      0.0000	      0.0000	      0.0000
      0.0000	      0.0000	      0.0000	      0.0000
      0.0000	      0.0000	      0.0000	      0.0000
      0.0000	      0.0000	      0.0000	      0.0000
      0.0000	      0.0000	      0.0000	      0.0000
      0.0000	      0.0000	      0.0000	      0.0000
      0.0000	    -10.4092	      0.0000	      0.0000
     -7.1008	      0.0000	      0.0000	     -1.7902
      0.0000	      0.0000	      0.0000	      0.0000
     -6.6730	      0.0000	      0.0000	      0.0000
      0.0000	      0.0000	      0.0000	      0.0000
      3.7626	      0.0000	      0.0000	      0.0000
      0.0000	      0.0000	      0.0000	      0.0000
      0.0000	      0.0000	      0.0000	      0.0000
      0.0000	      0.0000	      0.0000	      0.0000
      0.0000	      0.0000	      0.0000	      0.0000
      0.0000	      0.0000	      0.0000	      0.0000
      0.0000	      0.0000	      0.0000	      0.0000
      0.0000	      0.0000	      0.0000	      0.0000
      0.0000	      0.0000	      0.0000	      0.0000
      0.0000	      0.0000	      0.0000	      0.0000
      0.0000	      0.0000	      0.0000	      0.0000
      0.0000	      0.0000	      0.0000	      0.0000
      0.0000	      0.0000	      0.0000	      0.0000
      0.0000	      0.0000	      0.0000	      0.0000
      0.0000	      0.0000	      0.0000	      0.0000
      0.0000	      0.0000	      0.0000	      0.0000
      0.0000	      0.0000	      0.0000	      0.0000
      0.0000	      0.0000	      0.0000	      0.0000
      0.0000	      0.0000	      0.0000	      0.0000
      0.0000	      0.0000	      0.0000	      0.0000
     -7.0065	      0.0000	      0.0000	      0.0000
      2.6059	      0.0000	      0.0000	      0.0000
      0.0000	      0.0000	      0.0000	      0.0000
     -9.4299	      0.0000	      0.0000	      0.0000
      0.0000	      0.0000	      0.0000	      0.0000
      0.0000	      0.0000	      0.0000	      0.0000
      0.0000	      0.0000	      0.0000	      0.0000
      0.0000	      0.0000	      0.0000	      0.0000
      0.0000	      0.0000	      0.0000	      0.0000
      1.8311	      0.0000	      0.0000	      0.0000
      0.0000	      0.0000	      0.0000	      0.0000
      0.0000	      0.0000	      0.0000	      0.0000
      0.0000	      0.0000	      0.0000	      0.0000
      0.0000	      0.0000	      0.0000	      0.0000
      0.0000	      0.0000	      0.0000	      0.0000
      0.0000	      0.0000	      0.0000	      0.0000
      0.0000	      0.0000	      0.0000	      0.0000
      0.0000	      0.0000	      0.0000	      0.0000
      0.0000	      0.0000	      0.0000	      0.0000
      0.0000	      0.0000	      0.0000	      0.0000
      0.0000	      0.0000	      0.0000	      0.0000
      0.0000	      0.0000	      0.0000	      0.0000
      0.0000	      0.0000	      0.0000	      0.0000
      0.0000	      0.0000	      0.0000	      0.0000
      0.0000	      0.0000	      0.0000	      0.0000
      0.0000	      0.0000	      0.0000	      0.0000
      0.0000	      0.0000	      0.0000	      0.0000
      0.0000	      0.0000	      0.0000	      0.0000
      0.0000	      0.0000	      0.0000	      0.0000
      0.0000	      0.0000	      0.0000	      0.0000
      0.0000	      0.0000	      0.0000	      0.0000
      0.0000	      0.0000	      0.0000	      0.0000
      0.0000	      0.0000	      0.0000	      0.0000
      0.0000	      0.0000	      0.0000	      0.0000
      0.0000	      0.0000	      0.0000	      0.0000
      0.0000	      0.0000	      0.0000	      0.0000
      0.0000	      0.0000	      0.0000	      0.0000
      0.0000	      0.0000	      0.0000	      0.0000
      0.0000	      0.0000	      0.0000	      0.0000
      0.0000	      0.0000	      0.0000	      0.0000
      0.0000	      0.0000	      0.0000	      0.0000
      0.0000	      0.0000	      0.0000	      0.0000
      0.0000	      0.0000	      0.0000	      0.0000
      0.0000	      0.0000	      0.0000	      0.0000
      0.0000	      0.0000	      0.0000	      0.0000
      0.0000	      0.0000	      0.0000	      0.0000
      0.0000	      0.0000	      0.0000	      0.0000
      0.0000	      0.0000	      0.0000	      0.0000
      0.0000	      0.0000	      0.0000	      0.0000
      0.0000	      0.0000	      0.0000	      0.0000
     -0.0242	      0.5950	     -2.2775	      0.0000
      2.5191	      0.0000	      0.0000	      0.0000
      0.0000	      0.0000	      0.0000	      0.0000
      0.0000	      0.0000	      0.0000	      0.0000
      0.0000	      0.0000	      0.0000	      0.0000
      0.2519	      0.0000	      0.0000	      0.0000
      0.0000	      0.0000	      0.0000	      0.0000
      0.0000	      0.0000	      0.0000	      0.0000
      0.0000	      0.0000	      0.0000	      0.0000
      0.0000	      0.0000	      0.0000	      0.0000
      0.0000	      0.0000	      0.0000	      0.0000
      0.0000	      0.0000	      0.0000	      0.0000
      0.0000	      0.0000	      0.0000	      0.0000
      0.0000	      0.0000	      0.0000	      0.0000
      0.0000	      0.0000	      0.0000	      0.0000
      0.0000	      0.0000	      0.0000	      0.0000
      0.0000	      0.0000	      0.0000	      0.0000
      0.0000	      0.0000	      0.0000	      0.0000
      0.0000	      0.0000	      0.0000	      0.0000
      0.0000	      0.0000	      0.0000	      0.0000
      0.0000	      0.0000	      0.0000	      0.0000
      0.0000	      0.0000	      0.0000	      0.0000
      0.0000	      0.0000	      0.0000	      0.0000
      0.0000	      0.0000	      0.0000	      0.0000
      0.0000	      0.0000	      0.0000	      0.0000
     -0.4804	      3.7991	      0.0000	      0.0000
      0.0000	      0.0000	      4.7348	      0.0000
     11.5643	      0.0000	      0.0000	      7.5136
     -2.7816	      0.0000	      3.9685	     22.4207
     -8.5312	    -10.0162	     -0.2521	      2.6391
      2.6299	      0.0000	      0.0000	      0.0000
      0.4830	      0.0000	      0.0000	      0.0000
      0.0000	      0.0000	      0.0000	      0.0000
      8.3447	      0.0000	      0.0000	      0.0000
      4.2131	      0.0000	      0.0000	      0.0000
      0.0000	      0.0000	      0.0000	      0.0000
      0.0000	      0.0000	      0.0000	      0.0000
      0.0000	      0.0000	      0.0000	      0.0000
      0.0000	      0.0000	      0.0000	      0.0000
      0.0000	      0.0000	      0.0000	      0.0000
      0.0000	      0.0000	      0.0000	      0.0000
      0.0000	      0.0000	      0.0000	      0.0000
      0.0000	      0.0000	      0.0000	      0.0000
      0.0000	      0.0000	      0.0000	      0.0000
      0.0000	      0.0000	      0.0000	      0.0000
      0.0000	      0.0000	      0.0000	      0.0000
      0.0000	      0.0000	      0.0000	      0.0000
      0.0000	      0.0000	      0.0000	      0.0000
      0.0000	      0.0000	      0.0000	      0.0000
      0.0000	      0.0000	      0.0000	      0.0000
      0.0000	      0.0000	      0.0000	      0.0000
     -8.4473	      0.0000	      0.0000	      0.0000
      5.0575	      0.0000	      0.0000	      0.0000
     -9.0966	      1.4863	      0.0000	      0.0000
      4.6706	     -7.0050	      0.0000	      2.3013
      0.0000	      0.0000	      0.0000	      0.0000
      0.0000	      0.0000	      0.0000	      0.0000
      0.0000	      0.0000	      0.0000	      0.0000
      0.0000	      0.0000	      0.0000	      0.0000
      3.8167	      0.0000	      0.0000	      0.0000
      0.0000	      0.0000	      0.0000	      0.0000
      0.0000	      0.0000	      0.0000	      0.0000
      0.0000	      0.0000	      0.0000	      0.0000
      0.0000	      0.0000	      0.0000	      0.0000
      0.0000	      0.0000	      0.0000	      0.0000
      0.0000	      0.0000	      0.0000	      0.0000
      0.0000	      0.0000	      0.0000	      0.0000
      0.0000	      0.0000	      0.0000	      0.0000
      0.0000	      0.0000	      0.0000	      0.0000
      0.0000	      0.0000	      0.0000	      0.0000
      0.0000	      0.0000	      0.0000	      0.0000
      0.0000	      0.0000	      0.0000	      0.0000
      0.0000	      0.0000	      0.0000	      0.0000
      0.0000	      0.0000	      0.0000	      0.0000
      0.0000	      0.0000	      0.0000	      0.0000
      1.2905	      0.0000	      0.0000	      0.0000
      0.0000	      0.0000	      0.0000	      0.0000
      0.0000	      0.0000	      0.0000	      0.0000
      1.4770	      0.0000	      0.0000	      0.0000
      0.9207	      0.0000	      0.0000	      0.0000
     -0.6430	      0.0000	      0.0000	      0.0000
      0.0000	      0.0000	      0.0000	      0.0000
      0.0000	      0.0000	      0.0000	      0.0000
      0.0000	      0.0000	      0.0000	      0.0000
      0.0000	      0.0000	      0.0000	      0.0000
      0.0000	      0.0000	      0.0000	      0.0000
      0.0000	      0.0000	      0.0000	      0.0000
      0.0000	      0.0000	      0.0000	      0.0000
      0.0000	      0.0000	      0.0000	      0.0000
      0.0000	      0.0000	      0.0000	      0.0000
      0.0000	      0.0000	      0.0000	      0.0000
      0.0000	      0.0000	      0.0000	      0.0000
      0.0000	      0.0000	      0.0000	      0.0000
      0.0000	      0.0000	      0.0000	      0.0000
      0.0000	      0.0000	      0.0000	      0.0000
      0.0000	      0.0000	      0.0000	      0.0000
      0.0000	      0.0000	      0.0000	      0.0000
      0.0000	      0.0000	      0.0000	      0.0000
      0.0000	      0.0000	      0.0000	      0.0000
      0.0000	      0.0000	      0.0000	      0.0000
      2.2576	      0.0000	      0.0000	      0.0000
     -5.1295	      7.5518	      0.0000	      0.0000
     11.3977	      0.0000	      0.0000	      0.0000
     -0.0495	      1.2592	     -1.1554	     18.3370
      9.8369	      0.0000	      0.0000	      0.0000
     -1.5008	      1.5830	      0.0000	     -0.4681
      0.0000	      0.0000	     -0.5129	      0.0000
      0.0000	      0.0000	      0.0000	      0.0000
      2.4681	      0.0000	      0.0000	      0.0000
      5.5694	      0.0000	      0.0000	      0.0000
      0.0000	      0.0000	      0.0000	      0.0000
      0.0000	      0.0000	      0.0000	      0.0000
      0.0000	      0.0000	      0.0000	      0.0000
      0.0000	      0.0000	      0.0000	      0.0000
      0.0000	      0.0000	      0.0000	      0.0000
      0.0000	      0.0000	      0.0000	      0.0000
      0.0000	      0.0000	      0.0000	      0.0000
      0.0000	      0.0000	      0.0000	      0.0000
      0.0000	      0.0000	      0.0000	      0.0000
      0.0000	      0.0000	      0.0000	      0.0000
      0.0000	      0.0000	      0.0000	      0.0000
      0.0000	      0.0000	      0.0000	      0.0000
      0.0000	      0.0000	      0.0000	      0.0000
      0.0000	      0.0000	      0.0000	      0.0000
      0.0000	      0.0000	      0.0000	      0.0000
      0.4472	      0.0000	      0.0000	      0.0000
      0.2382	      0.0000	      0.0000	      0.0000
     -1.1924	      0.0000	      0.0000	      0.0000
      0.3192	      0.0000	      0.0000	      0.0000
     -8.7857	      0.6254	      0.0000	      0.0000
      0.6308	      0.0000	      0.0000	      0.0000
      0.0000	      0.0000	      0.0000	      0.0000
      0.0000	      0.0000	      0.0000	      0.0000
      0.1721	      0.0000	      0.0000	      0.0000
      1.5448	      0.0000	      0.0000	      0.0000
      0.0000	      0.0000	      0.0000	      0.0000
      0.0000	      0.0000	      0.0000	      0.0000
      0.0000	      0.0000	      0.0000	      0.0000
      0.0000	      0.0000	      0.0000	      0.0000
      0.0000	      0.0000	      0.0000	      0.0000
      0.0000	      0.0000	      0.0000	      0.0000
      0.0000	      0.0000	      0.0000	      0.0000
      0.0000	      0.0000	      0.0000	      0.0000
      0.0000	      0.0000	      0.0000	      0.0000
      0.0000	      0.0000	      0.0000	      0.0000
      0.0000	      0.0000	      0.0000	      0.0000
      0.0000	      0.0000	      0.0000	      0.0000
      0.0000	      0.0000	      0.0000	      0.0000
      0.0000	      0.0000	      0.0000	      0.0000
      0.0000	      0.0000	      0.0000	      0.0000
      0.0000	      0.0000	      0.0000	      0.0000
      6.2787	      0.0000	      0.0000	      0.0000
      0.0000	      0.0000	      0.0000	      0.0000
      0.0000	      0.0000	      0.0000	      0.0000
      0.0000	      0.0000	      0.0000	      0.0000
      0.0000	      0.0000	      0.0000	      0.0000
      0.0000	      0.0000	      0.0000	      0.0000
      0.0000	      0.0000	      0.0000	      0.0000
      0.0000	      0.0000	      0.0000	      0.0000
      0.0000	      0.0000	      0.0000	      0.0000
      0.0000	      0.0000	      0.0000	      0.0000
      0.0000	      0.0000	      0.0000	      0.0000
      0.0000	      0.0000	      0.0000	      0.0000
      0.0000	      0.0000	      0.0000	      0.0000
      0.0000	      0.0000	      0.0000	      0.0000
      0.0000	      0.0000	      0.0000	      0.0000
      0.0000	      0.0000	      0.0000	      0.0000
      0.0000	      0.0000	      0.0000	      0.0000
      0.0000	      0.0000	      0.0000	      0.0000
      0.0000	      0.0000	      0.0000	      0.0000
      0.0000	      0.0000	      0.0000	      0.0000
      0.0000	      0.0000	      0.0000	      0.0000
      0.0000	      0.0000	      0.0000	      0.0000
      0.0000	      0.0000	      0.0000	      0.0000
      0.0000	      0.0000	      0.0000	      0.0000
      0.0000	      0.0000	      0.0000	      0.0000
     -5.8716	      0.0000	      0.0000	      0.0000
      0.0000	      0.0000	      0.0000	      0.0000
      0.0000	      0.0000	      0.0000	      0.0000
      0.0000	      0.0000	      0.0000	      0.0000
      0.0000	      0.0000	      0.0000	      0.0000
      0.0000	      0.0000	      0.0000	      0.0000
      0.0000	      0.0000	      0.0000	      0.0000
      0.0000	      0.0000	      0.0000	      0.0000
      0.0000	      0.0000	      0.0000	      0.0000
      0.0000	      0.0000	      0.0000	      0.0000
      0.0000	      0.0000	      0.0000	      0.0000
      0.0000	      0.0000	      0.0000	      0.0000
      0.0000	      0.0000	      0.0000	      0.0000
      0.0000	      0.0000	      0.0000	      0.0000
      0.0000	      0.0000	      0.0000	      0.0000
      0.0000	      0.0000	      0.0000	      0.0000
      0.0000	      0.0000	      0.0000	      0.0000
      0.0000	      0.0000	      0.0000	      0.0000
      0.0000	      0.0000	      0.0000	      0.0000
      0.0000	      0.0000	      0.0000	      0.0000
      0.0000	      0.0000	      0.0000	      0.0000
      0.0000	      0.0000	      0.0000	      0.0000
      0.0000	      0.0000	      0.0000	      0.0000
      0.0000	      0.0000	      0.0000	      0.0000
      0.0000	      0.0000	      0.0000	      0.0000
      0.0000	      0.0000	      0.0000	      0.0000
      0.0000	      0.0000	      0.0000	      0.0000
      0.0000	      0.0000	      0.0000	      0.0000
      0.0000	      0.0000	      0.0000	      0.0000
      0.0000	      0.0000	      0.0000	      0.0000
      0.0000	      0.0000	      0.0000	      0.0000
      0.0000	      0.0000	      0.0000	      0.0000
      0.0000	      0.0000	      0.0000	      0.0000
      0.0000	      0.0000	      0.0000	      0.0000
      0.0000	      0.0000	      0.0000	      0.0000
      0.0000	      0.0000	      0.0000	      0.0000
      0.0000	      0.0000	      0.0000	      0.0000
      0.0000	      0.0000	      0.0000	      0.0000
      0.0000	      0.0000	      0.0000	      0.0000
      0.0000	      0.0000	      0.0000	      0.0000
      0.0000	      0.0000	      0.0000	      0.0000
      0.0000	      0.0000	      0.0000	      0.0000
      0.0000	      0.0000	      0.0000	      0.0000
      0.0000	      0.0000	      0.0000	      0.0000
      0.0000	      0.0000	      0.0000	      0.0000
      0.0000	      0.0000	      0.0000	      0.0000
      0.0000	      0.0000	      0.0000	      0.0000
      0.0000	      0.0000	      0.0000	      0.0000
      0.0000	      0.0000	      0.0000	      0.0000
     -3.0803	     -0.4532	      0.0000	      0.0000
      0.0000	      0.0000	      0.0000	      0.0000
      0.0000	      0.0000	      0.0000	      0.0000
      0.0000	      0.0000	      0.0000	      0.0000
      0.0000	      0.0000	      0.0000	      0.0000
      0.0000	      0.0000	      0.0000	      0.0000
      0.0000	      0.0000	      0.0000	      0.0000
      0.0000	      0.0000	      0.0000	      0.0000
      0.0000	      0.0000	      0.0000	      0.0000
      0.0000	      0.0000	      0.0000	      0.0000
      0.0000	      0.0000	      0.0000	      0.0000
      0.0000	      0.0000	      0.0000	      0.0000
      0.0000	      0.0000	      0.0000	      0.0000
      0.0000	      0.0000	      0.0000	      0.0000
      0.0000	      0.0000	      0.0000	      0.0000
      0.0000	      0.0000	      0.0000	      0.0000
      0.0000	      0.0000	      0.0000	      0.0000
      0.0000	      0.0000	      0.0000	      0.0000
      0.0000	      0.0000	      0.0000	      0.0000
      0.0000	      0.0000	      0.0000	      0.0000
      0.0000	      0.0000	      0.0000	      0.0000
      0.0000	      0.0000	      0.0000	      0.0000
      0.0000	      0.0000	      0.0000	      0.0000
      0.0000	      0.0000	      0.0000	      0.0000
      0.0000	      0.0000	      0.0000	      0.0000
      0.0000	      0.0000	      0.0000	      0.0000
      0.0000	      0.0000	      0.0000	      0.0000
      0.0000	      0.0000	      0.0000	      0.0000
      0.0000	      0.0000	      0.0000	      0.0000
     -0.3512	    -10.4953	    -11.3311	      0.6184
      0.0000	      0.0000	      0.0000	      0.0000
      0.3763	      0.0000	      0.0000	      0.0000
      0.0000	      0.0000	      0.0000	      0.0000
      0.0000	      0.0000	      0.0000	      0.0000
      0.0000	      0.0000	      0.0000	      0.0000
      0.0000	      0.0000	      0.0000	      0.0000
      0.0000	      0.0000	      0.0000	      0.0000
      0.0000	      0.0000	      0.0000	      0.0000
      0.0000	      0.0000	      0.0000	      0.0000
      0.0000	      0.0000	      0.0000	      0.0000
      0.0000	      0.0000	      0.0000	      0.0000
      0.0000	      0.0000	      0.0000	      0.0000
      0.0000	      0.0000	      0.0000	      0.0000
      0.0000	      0.0000	      0.0000	      0.0000
      0.0000	      0.0000	      0.0000	      0.0000
      0.0000	      0.0000	      0.0000	      0.0000
      0.0000	      0.0000	      0.0000	      0.0000
      0.0000	      0.0000	      0.0000	      0.0000
      0.0000	      0.0000	      0.0000	      0.0000
      0.0000	      0.0000	      0.0000	      0.0000
      0.0000	      0.0000	      0.0000	      0.0000
      0.0000	      0.0000	      0.0000	      0.0000
      0.0000	      0.0000	      0.0000	      0.0000
     -0.2401	      0.0000	      0.0000	      0.0000
     -0.2046	      0.9537	      0.0000	      0.0000
      0.0000	      0.0000	      0.0000	      0.0000
      0.0000	      0.0000	      0.0000	      0.0000
      0.0000	      0.0000	      0.0000	      0.0000
      0.0000	      0.0000	      0.0000	      0.0000
     -0.5302	      0.0000	      0.0000	      0.0000
      0.0000	      0.0000	      0.0000	      0.0000
      0.0000	      0.0000	      0.0000	      0.0000
      0.0000	      0.0000	      0.0000	      0.0000
      0.0000	      0.0000	      0.0000	      0.0000
      0.0000	      0.0000	      0.0000	      0.0000
      0.0000	      0.0000	      0.0000	      0.0000
      0.0000	      0.0000	      0.0000	      0.0000
      0.0000	      0.0000	      0.0000	      0.0000
      0.0000	      0.0000	      0.0000	      0.0000
      0.0000	      0.0000	      0.0000	      0.0000
      0.0000	      0.0000	      0.0000	      0.0000
      0.0000	      0.0000	      0.0000	      0.0000
      0.0000	      0.0000	      0.0000	      0.0000
      0.0000	      0.0000	      0.0000	      0.0000
      0.0000	      0.0000	      0.0000	      0.0000
      0.0000	      0.0000	      0.0000	      0.0000
      0.2658	      0.0000	      0.0000	      0.0000
      0.0000	      0.0000	      0.0000	      0.0000
      0.0000	      0.0000	      0.0000	      0.0000
      0.0000	      0.0000	      0.0000	      0.0000
     -0.0525	     -0.6225	     -2.7226	      0.0000
     -1.1239	      0.0000	      0.0000	      0.0000
      0.0000	      0.0000	      0.0000	      0.0000
      0.0000	      0.0000	      0.0000	      0.0000
      0.0000	      0.0000	      0.0000	      0.0000
      0.0000	      0.0000	      0.0000	      0.0000
      0.0000	      0.0000	      0.0000	      0.0000
      0.0000	      0.0000	      0.0000	      0.0000
      0.0000	      0.0000	      0.0000	      0.0000
      0.0000	      0.0000	      0.0000	      0.0000
      0.0000	      0.0000	      0.0000	      0.0000
      0.0000	      0.0000	      0.0000	      0.0000
      0.0000	      0.0000	      0.0000	      0.0000
      0.0000	      0.0000	      0.0000	      0.0000
      0.0000	      0.0000	      0.0000	      0.0000
      0.0000	      0.0000	      0.0000	      0.0000
      0.0000	      0.0000	      0.0000	      0.0000
      0.0000	      0.0000	      0.0000	      0.0000
      0.0000	      0.0000	      0.0000	      0.0000
      0.0000	      0.0000	      0.0000	      0.0000
     -4.1161	     -4.2628	     -5.7451	     -5.0555
      8.2567	     -3.2887	     -6.2323	     -4.0443
     -1.1878	     -0.6372	     -3.3899	      0.0000
     19.2008	      0.4206	     -4.7627	      1.8404
     -1.4697	    -10.2599	     -4.2921	     -4.6835
      5.4944	      0.4403	      0.0000	      0.0000
     -0.4393	      1.7301	     -5.0243	     -0.2791
      0.0000	      0.0000	      0.0000	      0.0000
      0.0000	      0.0000	      0.0000	      0.0000
     -1.5359	    -10.0933	     -3.9635	     -3.2125
      0.0000	      0.0000	      0.0000	      0.0000
      0.0000	      0.0000	      0.0000	      0.0000
      0.0000	      0.0000	      0.0000	      0.0000
      0.0000	      0.0000	      0.0000	      0.0000
      0.0000	      0.0000	      0.0000	      0.0000
      0.0000	      0.0000	      0.0000	      0.0000
      0.0000	      0.0000	      0.0000	      0.0000
      0.0000	      0.0000	      0.0000	      0.0000
      0.0000	      0.0000	      0.0000	      0.0000
      0.0000	      0.0000	      0.0000	      0.0000
      0.0000	      0.0000	      0.0000	      0.0000
      0.0000	      0.0000	      0.0000	      0.0000
      0.0000	      0.0000	      0.0000	      0.0000
      0.0000	      0.0000	      0.0000	      0.0000
      0.0000	      0.0000	      0.0000	      0.0000
      0.3548	      0.0000	      0.0000	     -0.3015
      1.4372	      1.2757	      0.0000	     -0.5300
     -0.8949	     -0.5221	      0.0000	      0.0000
      0.3581	      0.0000	      0.0000	      0.0000
     -0.6754	      0.9837	      0.0000	      0.0000
      1.7257	      0.0000	      0.0000	      0.0000
      0.0000	      0.0000	      0.0000	      0.0000
      0.0000	      0.0000	      0.0000	      0.0000
      0.0000	      0.0000	      0.0000	      0.0000
     -0.4422	     -1.2525	      0.0000	      0.0000
      0.0000	      0.0000	      0.0000	      0.0000
      0.0000	      0.0000	      0.0000	      0.0000
      0.0000	      0.0000	      0.0000	      0.0000
      0.0000	      0.0000	      0.0000	      0.0000
      0.0000	      0.0000	      0.0000	      0.0000
      0.0000	      0.0000	      0.0000	      0.0000
      0.0000	      0.0000	      0.0000	      0.0000
      0.0000	      0.0000	      0.0000	      0.0000
      0.0000	      0.0000	      0.0000	      0.0000
      0.0000	      0.0000	      0.0000	      0.0000
      0.0000	      0.0000	      0.0000	      0.0000
      0.0000	      0.0000	      0.0000	      0.0000
      0.0000	      0.0000	      0.0000	      0.0000
      0.0000	      0.0000	      0.0000	      0.0000
      0.0000	      0.0000	      0.0000	      0.0000
      0.0000	      0.0000	      0.0000	      0.0000
      0.0000	      0.0000	      0.0000	      0.0000
      0.0000	      0.0000	      0.0000	      0.0000
      0.0000	      0.0000	      0.0000	      0.0000
      0.0000	      0.0000	      0.0000	      0.0000
      0.0000	      0.0000	      0.0000	      0.0000
      0.0000	      0.0000	      0.0000	      0.0000
      0.0000	      0.0000	      0.0000	      0.0000
      0.0000	      0.0000	      0.0000	      0.0000
      0.0000	      0.0000	      0.0000	      0.0000
      0.0000	      0.0000	      0.0000	      0.0000
      0.0000	      0.0000	      0.0000	      0.0000
      0.0000	      0.0000	      0.0000	      0.0000
      0.0000	      0.0000	      0.0000	      0.0000
      0.0000	      0.0000	      0.0000	      0.0000
      0.0000	      0.0000	      0.0000	      0.0000
      0.0000	      0.0000	      0.0000	      0.0000
      0.0000	      0.0000	      0.0000	      0.0000
      0.0000	      0.0000	      0.0000	      0.0000
      0.0000	      0.0000	      0.0000	      0.0000
      0.0000	      0.0000	      0.0000	      0.0000
      0.0000	      0.0000	      0.0000	      0.0000
      0.0000	      0.0000	      0.0000	      0.0000
      0.0000	      0.0000	      0.0000	      0.0000
      0.0000	      0.0000	      0.0000	      0.0000
      0.0000	      0.0000	      0.0000	      0.0000
     -5.9088	      0.0000	      0.0000	      0.0000
     -3.7515	      0.0000	      0.0000	      0.0000
     -0.2900	      0.0000	      0.0000	      0.0000
     -9.6520	      0.0000	      0.0000	      0.0000
      0.0000	      0.0000	      0.0000	      0.0000
      0.0000	      0.0000	      0.0000	      0.0000
      0.0000	      0.0000	      0.0000	      0.0000
      0.0000	      0.0000	      0.0000	      0.0000
      0.0000	      0.0000	      0.0000	      0.0000
      0.0000	      0.0000	      0.0000	      0.0000
      0.0000	      0.0000	      0.0000	      0.0000
      0.0000	      0.0000	      0.0000	      0.0000
      0.0000	      0.0000	      0.0000	      0.0000
      0.0000	      0.0000	      0.0000	      0.0000
      0.0000	      0.0000	      0.0000	      0.0000
      0.0000	      0.0000	      0.0000	      0.0000
      0.0000	      0.0000	      0.0000	      0.0000
      0.0000	      0.0000	      0.0000	      0.0000
      0.0000	      0.0000	      0.0000	      0.0000
      0.0000	      0.0000	      0.0000	      0.0000
      0.0000	      0.0000	      0.0000	      0.0000
      0.0000	      0.0000	      0.0000	      0.0000
      0.0000	      0.0000	      0.0000	      0.0000
      0.0000	      0.0000	      0.0000	      0.0000
      0.0000	      0.0000	      0.0000	      0.0000
      0.0000	      0.0000	      0.0000	      0.0000
      0.0000	      0.0000	      0.0000	      0.0000
     -1.3220	      0.0000	      0.0000	      0.0000
      0.0000	      0.0000	      0.0000	      0.0000
      0.0000	      0.0000	      0.0000	      0.0000
      0.0000	      0.0000	      0.0000	      0.0000
      0.0000	      0.0000	      0.0000	      0.0000
      0.0000	      0.0000	      0.0000	      0.0000
      0.0000	      0.0000	      0.0000	      0.0000
      0.0000	      0.0000	      0.0000	      0.0000
      0.0000	      0.0000	      0.0000	      0.0000
      0.0000	      0.0000	      0.0000	      0.0000
      0.0000	      0.0000	      0.0000	      0.0000
      0.0000	      0.0000	      0.0000	      0.0000
      0.0000	      0.0000	      0.0000	      0.0000
      0.0000	      0.0000	      0.0000	      0.0000
      0.0000	      0.0000	      0.0000	      0.0000
      0.0000	      0.0000	      0.0000	      0.0000
      0.0000	      0.0000	      0.0000	      0.0000
      0.0000	      0.0000	      0.0000	      0.0000
      0.0000	      0.0000	      0.0000	      0.0000
      0.0000	      0.0000	      0.0000	      0.0000
      0.0000	      0.0000	      0.0000	      0.0000
      0.0000	      0.0000	      0.0000	      0.0000
      0.0000	      0.0000	      0.0000	      0.0000
      0.0000	      0.0000	      0.0000	      0.0000
      3.1371	      0.0000	      0.0000	      0.0000
      0.0000	      0.0000	      0.0000	      0.0000
     -9.9295	      0.0000	      0.0000	      0.0000
      0.0734	      0.0000	      0.0000	      0.0000
      0.0000	      0.0000	      0.0000	      0.0000
      0.0000	      0.0000	      0.0000	      0.0000
      0.0000	      0.0000	      0.0000	      0.0000
      0.0000	      0.0000	      0.0000	      0.0000
      0.0000	      0.0000	      0.0000	      0.0000
      0.0000	      0.0000	      0.0000	      0.0000
      0.0000	      0.0000	      0.0000	      0.0000
      0.0000	      0.0000	      0.0000	      0.0000
      0.0000	      0.0000	      0.0000	      0.0000
      0.0000	      0.0000	      0.0000	      0.0000
      0.0000	      0.0000	      0.0000	      0.0000
      0.0000	      0.0000	      0.0000	      0.0000
      0.0000	      0.0000	      0.0000	      0.0000
      0.0000	      0.0000	      0.0000	      0.0000
      0.0000	      0.0000	      0.0000	      0.0000
      0.0000	      0.0000	      0.0000	      0.0000
      0.0000	      0.0000	      0.0000	      0.0000
      0.0000	      0.0000	      0.0000	      0.0000
      0.0000	      0.0000	      0.0000	      0.0000
      5.6784	      0.0000	      0.0000	      0.0000
      1.2497	      0.0000	      0.0000	      0.0000
     45.4790	      0.0000	      0.0000	      0.0000
     13.3982	      0.0000	      0.0000	      0.0000
      0.0000	      0.0000	      0.0000	      0.0000
      1.8237	     -0.3943	     -0.8304	     -4.8093
     -2.3247	      0.0000	      0.0000	      0.0000
      0.0000	      0.0000	      0.0000	      0.0000
      2.7130	      0.0000	      0.0000	      0.0000
     -0.2904	     -1.0361	      0.0000	      0.0000
      0.0000	      0.0000	      0.0000	      0.0000
      0.0000	      0.0000	      0.0000	      0.0000
      0.0000	      0.0000	      0.0000	      0.0000
      0.0000	      0.0000	      0.0000	      0.0000
      0.0000	      0.0000	      0.0000	      0.0000
      0.0000	      0.0000	      0.0000	      0.0000
      0.0000	      0.0000	      0.0000	      0.0000
      0.0000	      0.0000	      0.0000	      0.0000
      0.0000	      0.0000	      0.0000	      0.0000
      0.0000	      0.0000	      0.0000	      0.0000
      0.0000	      0.0000	      0.0000	      0.0000
      0.0000	      0.0000	      0.0000	      0.0000
      0.0000	      0.0000	      0.0000	      0.0000
      0.0000	      0.0000	      0.0000	      0.0000
      0.0000	      0.0000	      0.0000	      0.0000
     -1.2869	      0.0000	      0.0000	      0.0000
      9.8027	      0.0000	      0.0000	      0.0000
      0.0000	      0.0000	      0.0000	      0.0000
      0.0000	      0.0000	      0.0000	      0.0000
     -9.9987	      3.9064	      0.0000	      0.0000
      0.0000	      0.0000	      0.0000	      0.0000
      0.0000	      0.0000	      0.0000	      0.0000
      0.0000	      0.0000	      0.0000	      0.0000
      0.0000	      0.0000	      0.0000	      0.0000
      0.0000	      0.0000	     -1.3452	      0.0000
      0.0000	      0.0000	      0.0000	      0.0000
      0.0000	      0.0000	      0.0000	      0.0000
      0.0000	      0.0000	      0.0000	      0.0000
      0.0000	      0.0000	      0.0000	      0.0000
      0.0000	      0.0000	      0.0000	      0.0000
      0.0000	      0.0000	      0.0000	      0.0000
      0.0000	      0.0000	      0.0000	      0.0000
      0.0000	      0.0000	      0.0000	      0.0000
      0.0000	      0.0000	      0.0000	      0.0000
      0.0000	      0.0000	      0.0000	      0.0000
      0.0000	      0.0000	      0.0000	      0.0000
      0.0000	      0.0000	      0.0000	      0.0000
      0.0000	      0.0000	      0.0000	      0.0000
      0.0000	      0.0000	      0.0000	      0.0000
      0.0000	      0.0000	      0.0000	      0.0000
     -1.8462	     -3.0853	     -4.8133	     -1.7274
     -1.0121	     -1.6373	     -2.1408	      0.6035
     -0.0150	     -0.4358	     -0.9712	      0.0000
     10.6275	      0.0000	      0.0000	      2.0565
     -1.0612	     -0.6993	     -2.0631	      0.2302
     -1.9541	     -1.0436	     -2.7066	      0.0000
     -0.0958	     -0.5936	     -1.8070	     -1.8888
      0.0000	      0.0000	      0.0000	      0.0000
     -0.9631	      0.0000	      0.0000	      0.0000
     -0.3057	     -0.7833	      0.0000	      0.0000
      0.0000	      0.0000	      0.0000	      0.0000
      0.0000	      0.0000	      0.0000	      0.0000
      0.0000	      0.0000	      0.0000	      0.0000
      0.0000	      0.0000	      0.0000	      0.0000
      0.0000	      0.0000	      0.0000	      0.0000
      0.0000	      0.0000	      0.0000	      0.0000
      0.0000	      0.0000	      0.0000	      0.0000
      0.0000	      0.0000	      0.0000	      0.0000
      0.0000	      0.0000	      0.0000	      0.0000
      0.0000	      0.0000	      0.0000	      0.0000
      0.0000	      0.0000	      0.0000	      0.0000
      0.0000	      0.0000	      0.0000	      0.0000
      0.0000	      0.0000	      0.0000	      0.0000
      0.0000	      0.0000	      0.0000	      0.0000
      0.0000	      0.0000	      0.0000	      0.0000
     -8.3788	     -6.8598	     -9.3887	      3.6645
      0.7662	      2.2924	     -5.1612	      6.8590
     36.1222	     23.4042	     -2.0989	     15.4162
     47.9210	     10.6447	    -11.3497	      4.5165
     -2.3362	      6.8697	    -12.8523	     -2.9101
     -4.9531	     -4.3195	     -9.6572	     -4.5655
     -2.5112	     -0.8561	     -2.5878	     -3.1259
      0.0000	      0.0000	      0.0000	      0.0000
      1.0949	      0.0000	      0.0000	      0.0000
     -0.5389	     -5.7818	     -3.6768	     -3.3610
      0.0000	      0.0000	      0.0000	      0.0000
      0.0000	      0.0000	      0.0000	      0.0000
      0.0000	      0.0000	      0.0000	      0.0000
      0.0000	      0.0000	      0.0000	      0.0000
      0.0000	      0.0000	      0.0000	      0.0000
      0.0000	      0.0000	      0.0000	      0.0000
      0.0000	      0.0000	      0.0000	      0.0000
      0.0000	      0.0000	      0.0000	      0.0000
      0.0000	      0.0000	      0.0000	      0.0000
      0.0000	      0.0000	      0.0000	      0.0000
      0.0000	      0.0000	      0.0000	      0.0000
      0.0000	      0.0000	      0.0000	      0.0000
      0.0000	      0.0000	      0.0000	      0.0000
      0.0000	      0.0000	      0.0000	      0.0000
      0.0000	      0.0000	      0.0000	      0.0000
     -8.5468	     -0.3418	     -0.7092	      0.0000
     -1.3008	     11.6562	     -0.5302	      0.0000
      6.8233	      0.0000	      0.0000	      0.0000
     -0.8113	      8.5032	      0.0000	      0.0000
     -0.2473	      1.7209	      0.0000	      0.0000
      0.0000	      0.0000	      0.0000	      0.0000
      0.0000	      0.0000	      0.0000	      0.0000
      0.0000	      0.0000	      0.0000	      0.0000
      0.0000	      0.0000	      0.0000	      0.0000
      0.4427	      0.0000	      0.0000	      0.0000
      0.0000	      0.0000	      0.0000	      0.0000
      0.0000	      0.0000	      0.0000	      0.0000
      0.0000	      0.0000	      0.0000	      0.0000
      0.0000	      0.0000	      0.0000	      0.0000
      0.0000	      0.0000	      0.0000	      0.0000
      0.0000	      0.0000	      0.0000	      0.0000
      0.0000	      0.0000	      0.0000	      0.0000
      0.0000	      0.0000	      0.0000	      0.0000
      0.0000	      0.0000	      0.0000	      0.0000
      0.0000	      0.0000	      0.0000	      0.0000
      0.0000	      0.0000	      0.0000	      0.0000
      0.0000	      0.0000	      0.0000	      0.0000
      0.0000	      0.0000	      0.0000	      0.0000
      0.0000	      0.0000	      0.0000	      0.0000
      0.0000	      0.0000	      0.0000	      0.0000
      0.0000	      0.0000	      0.0000	      0.0000
      0.0000	      0.0000	      0.0000	      0.0000
      0.0000	      0.0000	      0.0000	      0.0000
      0.0000	      0.0000	      0.0000	      0.0000
      0.0000	      0.0000	      0.0000	      0.0000
     -0.1447	      0.0000	      0.0000	      0.0000
      3.7978	      0.0000	      0.0000	      0.0000
      0.0000	      0.0000	      0.0000	      0.0000
      0.0000	      0.0000	      0.0000	      0.0000
      0.0000	      0.0000	      0.0000	      0.0000
      0.0000	      0.0000	      0.0000	      0.0000
      0.0000	      0.0000	      0.0000	      0.0000
      0.0000	      0.0000	      0.0000	      0.0000
      0.0000	      0.0000	      0.0000	      0.0000
      0.0000	      0.0000	      0.0000	      0.0000
      0.0000	      0.0000	      0.0000	      0.0000
      0.0000	      0.0000	      0.0000	      0.0000
      0.0000	      0.0000	      0.0000	      0.0000
      0.0000	      0.0000	      0.0000	      0.0000
      0.0000	      0.0000	      0.0000	      0.0000
      0.0000	      0.0000	      0.0000	      0.0000
      0.0000	      0.0000	      0.0000	      0.0000
      0.0000	      0.0000	      0.0000	      0.0000
      0.0000	      0.0000	      0.0000	      0.0000
      0.0000	      0.0000	      0.0000	      0.0000
      0.0000	      0.0000	      0.0000	      0.0000
      0.0000	      0.0000	      0.0000	      0.0000
      0.0000	      0.0000	      0.0000	      0.0000
      0.0000	      0.0000	      0.0000	      0.0000
      0.0000	      0.0000	      0.0000	      0.0000
      0.0000	      0.0000	      0.0000	      0.0000
     -6.9913	      0.0000	      0.0000	      0.0000
      0.0000	      0.0000	      0.0000	      0.0000
      0.0000	      0.0000	      0.0000	      0.0000
     -7.6034	      0.0000	      0.0000	      0.0000
      0.0000	      0.0000	      0.0000	      0.0000
      0.0000	      0.0000	      0.0000	      0.0000
      0.0000	      0.0000	      0.0000	      0.0000
      0.0000	      0.0000	      0.0000	      0.0000
      0.0000	      0.0000	      0.0000	      0.0000
      0.0000	      0.0000	      0.0000	      0.0000
      0.0000	      0.0000	      0.0000	      0.0000
      0.0000	      0.0000	      0.0000	      0.0000
      0.0000	      0.0000	      0.0000	      0.0000
      0.0000	      0.0000	      0.0000	      0.0000
      0.0000	      0.0000	      0.0000	      0.0000
      0.0000	      0.0000	      0.0000	      0.0000
      0.0000	      0.0000	      0.0000	      0.0000
      0.0000	      0.0000	      0.0000	      0.0000
      0.0000	      0.0000	      0.0000	      0.0000
      0.0000	      0.0000	      0.0000	      0.0000
     -8.4227	      0.0000	      0.0000	      0.0000
      0.0000	      0.0000	      0.0000	      0.0000
      0.0000	      0.0000	      0.0000	      1.0180
      0.0000	      0.0000	      0.0000	      0.0000
      0.0000	      0.0000	      0.0000	      0.0000
      0.0000	      0.0000	      0.0000	      0.0000
      0.0000	      0.0000	      0.0000	      0.0000
      0.0000	      0.0000	      0.0000	      0.0000
      0.0000	      0.0000	      0.0000	      0.0000
      0.0000	      0.0000	      0.0000	      0.0000
      0.0000	      0.0000	      0.0000	      0.0000
      0.0000	      0.0000	      0.0000	      0.0000
      0.0000	      0.0000	      0.0000	      0.0000
      0.0000	      0.0000	      0.0000	      0.0000
      0.0000	      0.0000	      0.0000	      0.0000
      0.0000	      0.0000	      0.0000	      0.0000
      0.0000	      0.0000	      0.0000	      0.0000
      0.0000	      0.0000	      0.0000	      0.0000
      0.0000	      0.0000	      0.0000	      0.0000
      0.0000	      0.0000	      0.0000	      0.0000
      0.0000	      0.0000	      0.0000	      0.0000
      0.0000	      0.0000	      0.0000	      0.0000
      0.0000	      0.0000	      0.0000	      0.0000
      0.0000	      0.0000	      0.0000	      0.0000
      2.5928	      0.0000	      0.0000	      0.0000
      0.0000	      0.0000	     -3.5113	      0.0000
      0.0000	      0.0000	      0.0000	      0.0000
      1.2371	      0.0000	     -0.4207	      5.0620
      0.0000	      0.0000	      0.0000	      0.0000
      0.5671	      0.0000	     -1.3913	      0.0000
      0.0000	      0.0000	      0.0000	      0.0000
      0.0000	      0.0000	      0.0000	      0.0000
     -1.3515	     -0.5173	     -1.1635	      0.0000
     -9.8802	      0.0000	      0.0000	      0.0000
      0.0000	      0.0000	      0.0000	      0.0000
      0.0000	      0.0000	      0.0000	      0.0000
      0.0000	      0.0000	      0.0000	      0.0000
      0.0000	      0.0000	      0.0000	      0.0000
      0.0000	      0.0000	      0.0000	      0.0000
      0.0000	      0.0000	      0.0000	      0.0000
      0.0000	      0.0000	      0.0000	      0.0000
      0.0000	      0.0000	      0.0000	      0.0000
      0.0000	      0.0000	      0.0000	      0.0000
      0.0000	      0.0000	      0.0000	      0.0000
      0.0000	      0.0000	      0.0000	      0.0000
      0.0000	      0.0000	      0.0000	      0.0000
      0.0000	      0.0000	      0.0000	      0.0000
      0.0000	      0.0000	      0.0000	      0.0000
      0.0000	      0.0000	      0.0000	      0.0000
      6.2981	      0.0000	      0.0000	      0.0000
     -6.4375	      4.2356	      0.0000	      0.0000
     36.5670	      4.1702	      0.0000	      0.0000
     29.7814	      0.0000	      0.0000	      3.1742
      6.3838	      0.0000	      0.0000	      0.0000
      4.9603	      0.0000	      0.0000	      0.0000
      2.6073	      0.0000	      0.0000	      0.0000
      0.0000	      0.0000	      0.0000	      0.0000
      3.8564	      0.0000	      0.0000	      0.0000
     -7.6718	     -5.2481	     -0.0383	      0.0000
      0.0000	      0.0000	      0.0000	      0.0000
      0.0000	      0.0000	      0.0000	      0.0000
      0.0000	      0.0000	      0.0000	      0.0000
      0.0000	      0.0000	      0.0000	      0.0000
      0.0000	      0.0000	      0.0000	      0.0000
      0.0000	      0.0000	      0.0000	      0.0000
      0.0000	      0.0000	      0.0000	      0.0000
      0.0000	      0.0000	      0.0000	      0.0000
      0.0000	      0.0000	      0.0000	      0.0000
      0.0000	      0.0000	      0.0000	      0.0000
      0.0000	      0.0000	      0.0000	      0.0000
      0.0000	      0.0000	      0.0000	      0.0000
      0.0000	      0.0000	      0.0000	      0.0000
      0.0000	      0.0000	      0.0000	      0.0000
      0.0000	      0.0000	      0.0000	      0.0000
     -9.7036	      0.0000	      0.0000	      0.0000
     -0.1242	      1.9119	      0.0000	      0.0000
      0.0000	      0.0000	      0.0000	      0.0000
      1.1966	      0.0000	      0.0000	      0.0000
     -1.7397	      0.0000	      0.0000	      0.0000
      0.0000	      0.0000	      0.0000	      0.0000
     -0.4045	      0.0000	      0.0000	      0.0000
      0.0000	      0.0000	      0.0000	      0.0000
      0.0000	      0.0000	      0.0000	      0.0000
     -9.5196	      4.0758	      0.0000	      0.0000
      0.0000	      0.0000	      0.0000	      0.0000
      0.0000	      0.0000	      0.0000	      0.0000
      0.0000	      0.0000	      0.0000	      0.0000
      0.0000	      0.0000	      0.0000	      0.0000
      0.0000	      0.0000	      0.0000	      0.0000
      0.0000	      0.0000	      0.0000	      0.0000
      0.0000	      0.0000	      0.0000	      0.0000
      0.0000	      0.0000	      0.0000	      0.0000
      0.0000	      0.0000	      0.0000	      0.0000
      0.0000	      0.0000	      0.0000	      0.0000
      0.0000	      0.0000	      0.0000	      0.0000
      0.0000	      0.0000	      0.0000	      0.0000
      0.0000	      0.0000	      0.0000	      0.0000
      0.0000	      0.0000	      0.0000	      0.0000
      0.0000	      0.0000	      0.0000	      0.0000
     -1.0817	     -2.0774	     -6.7406	      0.0081
     -1.6284	     -4.4542	     -1.7887	     -1.4302
      1.0937	      0.0000	      0.0000	      0.0000
     -1.1781	     -0.2649	     -2.3029	      9.7353
     -0.0314	     -0.7220	     -3.8192	      1.1421
     -0.0013	     -1.0293	     -2.7772	      0.0000
      0.0000	      0.0000	      0.0000	      0.0000
      0.0000	      0.0000	      0.0000	      0.0000
      0.1260	      0.0000	      0.0000	      0.0000
     -0.2929	     -0.7393	     -2.6386	      1.4385
      0.0000	      0.0000	      0.0000	      0.0000
      0.0000	      0.0000	      0.0000	      0.0000
      0.0000	      0.0000	      0.0000	      0.0000
      0.0000	      0.0000	      0.0000	      0.0000
      0.0000	      0.0000	      0.0000	      0.0000
      0.0000	      0.0000	      0.0000	      0.0000
      0.0000	      0.0000	      0.0000	      0.0000
      0.0000	      0.0000	      0.0000	      0.0000
      0.0000	      0.0000	      0.0000	      0.0000
      0.0000	      0.0000	      0.0000	      0.0000
      0.0000	      0.0000	      0.0000	      0.0000
      0.0000	      0.0000	      0.0000	      0.0000
      0.0000	      0.0000	      0.0000	      0.0000
      0.0000	      0.0000	      0.0000	      0.0000
      0.0000	      0.0000	      0.0000	      0.0000
     -1.9156	     -1.9521	     -5.6403	     -8.2004
     -0.7452	     -1.1155	     -4.2860	      7.0890
     -0.3306	     -0.7169	     -2.9274	      4.9087
     -1.9819	     -0.0271	     -5.0420	     17.1216
      1.2461	     -0.5560	     -8.7514	     -0.0744
     -0.2177	     -3.4319	     -7.9479	     -4.1938
     -0.8669	     -0.0912	     -2.9871	      0.0000
      0.0000	      0.0000	      0.0000	      0.0000
     -0.5531	     -1.4780	      0.0350	      0.0000
     -4.5087	     -3.1668	     -3.6854	     -2.3193
      0.0000	      0.0000	      0.0000	      0.0000
      0.0000	      0.0000	      0.0000	      0.0000
      0.0000	      0.0000	      0.0000	      0.0000
      0.0000	      0.0000	      0.0000	      0.0000
      0.0000	      0.0000	      0.0000	      0.0000
      0.0000	      0.0000	      0.0000	      0.0000
      0.0000	      0.0000	      0.0000	      0.0000
      0.0000	      0.0000	      0.0000	      0.0000
      0.0000	      0.0000	      0.0000	      0.0000
      0.0000	      0.0000	      0.0000	      0.0000
      0.0000	      0.0000	      0.0000	      0.0000
      0.0000	      0.0000	      0.0000	      0.0000
      0.0000	      0.0000	      0.0000	      0.0000
      0.0000	      0.0000	      0.0000	      0.0000
      0.0000	      0.0000	      0.0000	      0.0000
      0.9900	      0.0000	      0.0000	      0.0000
      1.6768	      0.0000	      0.3494	      0.0000
      0.0000	      0.0000	      0.0000	      0.0000
     -0.2114	      0.0000	      0.0000	      0.0000
      1.6054	      0.0000	      0.0000	      0.0000
      0.0000	      0.0000	      0.0000	      0.0000
     -0.7808	      0.0000	      0.0000	      0.0000
      0.0000	      0.0000	      0.0000	      0.0000
      0.0000	      0.0000	      0.0000	      0.0000
     -0.7769	     -4.2304	     -0.9779	      0.0000
      0.0000	      0.0000	      0.0000	      0.0000
      0.0000	      0.0000	      0.0000	      0.0000
      0.0000	      0.0000	      0.0000	      0.0000
      0.0000	      0.0000	      0.0000	      0.0000
      0.0000	      0.0000	      0.0000	      0.0000
      0.0000	      0.0000	      0.0000	      0.0000
      0.0000	      0.0000	      0.0000	      0.0000
      0.0000	      0.0000	      0.0000	      0.0000
      0.0000	      0.0000	      0.0000	      0.0000
      0.0000	      0.0000	      0.0000	      0.0000
      0.0000	      0.0000	      0.0000	      0.0000
      0.0000	      0.0000	      0.0000	      0.0000
      0.0000	      0.0000	      0.0000	      0.0000
      0.0000	      0.0000	      0.0000	      0.0000
      0.0000	      0.0000	      0.0000	      0.0000
     -1.6906	     -5.7997	    -10.2184	      0.0000
      0.0000	      0.0000	      0.0000	      0.0000
      0.0000	     -9.8463	      0.0000	      0.0000
      0.0000	      0.0000	      0.0000	      0.0000
      0.0000	      0.0000	      0.0000	      0.0000
      0.0000	      0.0000	      0.0000	      0.0000
      0.0000	      0.0000	      0.0000	      0.0000
      0.0000	      0.0000	      0.0000	      0.0000
      0.0000	      0.0000	      0.0000	      0.0000
      0.0000	      0.0000	      0.0000	      0.0000
      0.0000	      0.0000	      0.0000	      0.0000
      0.0000	      0.0000	      0.0000	      0.0000
      0.0000	      0.0000	      0.0000	      0.0000
      0.0000	      0.0000	      0.0000	      0.0000
      0.0000	      0.0000	      0.0000	      0.0000
      0.0000	      0.0000	      0.0000	      0.0000
      0.0000	      0.0000	      0.0000	      0.0000
      0.0000	      0.0000	      0.0000	      0.0000
      0.0000	      0.0000	      0.0000	      0.0000
      0.0000	      0.0000	      0.0000	      0.0000
      0.0000	      0.0000	      0.0000	      0.0000
      0.0000	      0.0000	      0.0000	      0.0000
      0.0000	      0.0000	      0.0000	      0.0000
      0.0000	      0.0000	      0.0000	      0.0000
      0.0000	      0.0000	      0.0000	      0.0000
      0.0000	      0.0000	      0.0000	      0.0000
      0.0000	      0.0000	      0.0000	      0.0000
      0.0000	      0.0000	      0.0000	      0.0000
      0.0000	      0.0000	      0.0000	      0.0000
      0.0000	      0.0000	      0.0000	      0.0000
      0.0000	      0.0000	      0.0000	      0.0000
      0.0000	      0.0000	      0.0000	      0.0000
      0.0000	      0.0000	      0.0000	      0.0000
      0.0000	      0.0000	      0.0000	      0.0000
      0.0000	      0.0000	      0.0000	      0.0000
      0.0000	      0.0000	      0.0000	      0.0000
      0.0000	      0.0000	      0.0000	      0.0000
      0.0000	      0.0000	      0.0000	      0.0000
      0.0000	      0.0000	      0.0000	      0.0000
      0.0000	      0.0000	      0.0000	      0.0000
      0.0000	      0.0000	      0.0000	      0.0000
      0.0000	      0.0000	      0.0000	      0.0000
      0.0000	      0.0000	      0.0000	      0.0000
      0.0000	      0.0000	      0.0000	      0.0000
      0.0000	      0.0000	      0.0000	      0.0000
      0.0000	      0.0000	      0.0000	      0.0000
      0.0000	      0.0000	      0.0000	      0.0000
      0.0000	      0.0000	      0.0000	      0.0000
      0.0000	      0.0000	      0.0000	      0.0000
      0.0000	      0.0000	      0.0000	      0.0000
      0.0000	      0.0000	      0.0000	      0.0000
      0.0000	      0.0000	      0.0000	      0.0000
      0.0000	      0.0000	      0.0000	      0.0000
      0.0000	     -7.2510	      0.0000	      0.0000
      0.0000	      0.0000	      0.0000	      0.0000
      0.0000	      0.0000	      0.0000	      0.0000
      0.0000	      0.0000	      0.0000	      0.0000
      0.0000	      0.0000	      0.0000	      0.0000
      0.0000	     -9.2115	      0.0000	      0.0000
      0.0000	      0.0000	      0.0000	      0.0000
      0.0000	      0.0000	      0.0000	      0.0000
      0.0000	      0.0000	      0.0000	      0.0000
      0.0000	      0.0000	      0.0000	      0.0000
      0.0000	      0.0000	      0.0000	      0.0000
      0.0000	      0.0000	      0.0000	      0.0000
      0.0000	      0.0000	      0.0000	      0.0000
      0.0000	      0.0000	      0.0000	      0.0000
      0.0000	      0.0000	      0.0000	      0.0000
      0.0000	      0.0000	      0.0000	      0.0000
      0.0000	      0.0000	      0.0000	      0.0000
      0.0000	      0.0000	      0.0000	      0.0000
      0.0000	      0.0000	      0.0000	      0.0000
      0.0000	      0.0000	      0.0000	      0.0000
      0.0000	      0.0000	      0.0000	      0.0000
      0.0000	      0.0000	      0.0000	      0.0000
      0.0000	      0.0000	      0.0000	     -7.9126
     -8.2379	      2.7509	      0.0000	      0.0000
     -8.4553	      0.0000	      0.0000	      0.0000
      0.0000	      0.0000	      0.0000	     -8.1109
      0.0000	      0.0000	      0.0000	      0.0000
     -9.5576	     -8.9816	      0.0000	      0.0000
      0.0000	      0.0000	      0.0000	      0.0000
      0.0000	      0.0000	      0.0000	      0.0000
      0.0000	      0.0000	      0.0000	      0.0000
      0.0000	      0.0000	      0.0000	      0.0000
      0.0000	      0.0000	      0.0000	      0.0000
      0.0000	      0.0000	      0.0000	      0.0000
      0.0000	      0.0000	      0.0000	      0.0000
      0.0000	      0.0000	      0.0000	      0.0000
      0.0000	      0.0000	      0.0000	      0.0000
      0.0000	      0.0000	      0.0000	      0.0000
      0.0000	      0.0000	      0.0000	      0.0000
      0.0000	      0.0000	      0.0000	      0.0000
      0.0000	      0.0000	      0.0000	      0.0000
      0.0000	      0.0000	      0.0000	      0.0000
      0.0000	      0.0000	      0.0000	      0.0000
      0.0000	      0.0000	      0.0000	      0.0000
      0.0000	      0.0000	      0.0000	      0.0000
      0.0000	      0.0000	      0.0000	      0.0000
      0.0000	      0.0000	      0.0000	      0.0000
      0.0000	      0.0000	      0.0000	      0.0000
      2.8933	      0.0000	      0.0000	      0.0000
     -9.1388	      0.0000	      0.7231	      0.0000
      0.0000	      0.0000	      0.0000	      0.0000
      1.4424	      0.0000	      0.0000	      0.0000
      0.0000	      0.0000	      0.0000	      0.0000
      0.0000	      0.0000	      0.0000	      0.0000
      0.0000	      0.0000	      0.0000	      0.0000
    -10.0299	      0.0000	      0.0000	      0.0000
      0.0000	      0.0000	      0.0000	      0.0000
      0.0000	      0.0000	      0.0000	      0.0000
      0.0000	      0.0000	      0.0000	      0.0000
      0.0000	      0.0000	      0.0000	      0.0000
      0.0000	      0.0000	      0.0000	      0.0000
      0.0000	      0.0000	      0.0000	      0.0000
      0.0000	      0.0000	      0.0000	      0.0000
      0.0000	      0.0000	      0.0000	      0.0000
      0.0000	      0.0000	      0.0000	      0.0000
      0.0000	      0.0000	      0.0000	      0.0000
      0.0000	      0.0000	      0.0000	      0.0000
      0.0000	      0.0000	      0.0000	      0.0000
      0.0000	      0.0000	      0.0000	      0.0000
      0.0000	      0.0000	      0.0000	      0.0000
      0.0000	      0.0000	      0.0000	      0.0000
      0.0000	      0.0000	      0.0000	      0.0000
      0.0000	      0.0000	      0.0000	      0.0000
      0.0000	      0.0000	      0.0000	      0.0000
      0.0000	      0.0000	      0.0000	      0.0000
    -10.0780	      0.0000	      0.0000	      0.0000
      0.0000	      0.0000	      0.0000	      0.0000
      0.0000	      0.0000	      0.0000	      0.0000
      0.0000	      0.0000	      0.0000	      0.0000
      0.0000	      0.0000	      0.0000	      0.0000
      0.0000	      0.0000	      0.0000	      0.0000
      0.0000	      0.0000	      0.0000	      0.0000
      0.0000	      0.0000	      0.0000	      0.0000
      0.0000	      0.0000	      0.0000	      0.0000
      0.0000	      0.0000	      0.0000	      0.0000
      0.0000	      0.0000	      0.0000	      0.0000
      0.0000	      0.0000	      0.0000	      0.0000
      0.0000	      0.0000	      0.0000	      0.0000
      0.0000	      0.0000	      0.0000	      0.0000
      0.0000	      0.0000	      0.0000	      0.0000
      0.0000	      0.0000	      0.0000	      0.0000
      0.0000	      0.0000	      0.0000	      0.0000
      0.0000	      0.0000	      0.0000	      0.0000
      0.0000	      0.0000	      0.0000	      0.0000
      0.0000	      0.0000	      0.0000	      0.0000
      0.0000	      0.0000	      0.0000	      0.0000
      0.0000	      0.0000	      0.0000	      0.0000
      0.0000	      0.0000	      0.0000	      0.0000
      0.0000	      0.0000	      0.0000	      0.0000
      0.0000	      0.0000	      0.0000	      0.0000
      1.6964	      0.0000	      0.0000	      0.0000
      0.0000	      0.0000	      0.0000	      0.0000
      0.0000	      0.0000	      0.0000	      0.0000
      0.0000	      0.0000	      0.0000	      0.0000
      0.0000	      0.0000	      0.0000	      0.0000
      0.0000	      0.0000	      0.0000	      0.0000
      0.0000	      0.0000	      0.0000	      0.0000
      0.0000	      0.0000	      0.0000	      0.0000
      0.0000	      0.0000	      0.0000	      0.0000
      0.0000	      0.0000	      0.0000	      0.0000
      0.0000	      0.0000	      0.0000	      0.0000
      0.0000	      0.0000	      0.0000	      0.0000
      0.0000	      0.0000	      0.0000	      0.0000
      0.0000	      0.0000	      0.0000	      0.0000
      0.0000	      0.0000	      0.0000	      0.0000
      0.0000	      0.0000	      0.0000	      0.0000
      0.0000	      0.0000	      0.0000	      0.0000
      0.0000	      0.0000	      0.0000	      0.0000
      0.0000	      0.0000	      0.0000	      0.0000
      0.0000	      0.0000	      0.0000	      0.0000
      0.0000	      0.0000	      0.0000	      0.0000
      0.0000	      0.0000	      0.0000	      0.0000
     -0.2016	      0.0000	      0.0000	      0.0000
      0.0000	      0.0000	      0.0000	      0.0000
      0.0000	      0.0000	      0.0000	      0.9888
      0.0000	      0.0000	      0.0000	      0.0000
      0.6730	      0.0000	      0.0000	      0.0000
     -1.3717	      0.0000	      0.0000	      0.0000
      0.0000	      0.0000	      0.0000	      0.0000
      0.0000	      0.0000	      0.0000	      0.0000
      0.0000	      0.0000	      0.0000	      0.0000
      0.0000	      0.0000	      0.0000	      0.0000
      0.0000	      0.0000	      0.0000	      0.0000
      0.0000	      0.0000	      0.0000	      0.0000
      0.0000	      0.0000	      0.0000	      0.0000
      0.0000	      0.0000	      0.0000	      0.0000
      0.0000	      0.0000	      0.0000	      0.0000
      0.0000	      0.0000	      0.0000	      0.0000
      0.0000	      0.0000	      0.0000	      0.0000
      0.0000	      0.0000	      0.0000	      0.0000
      0.0000	      0.0000	      0.0000	      0.0000
      0.0000	      0.0000	      0.0000	      0.0000
      0.0000	      0.0000	      0.0000	      0.0000
      0.0000	      0.0000	      0.0000	      0.0000
      0.0000	      0.0000	      0.0000	      0.0000
      0.0000	      0.0000	      0.0000	      0.0000
      0.0000	      0.0000	      0.0000	      0.0000
      0.0000	      0.0000	      0.0000	      0.0000
      0.0000	      0.0000	      0.0000	      0.0000
      0.0000	      0.0000	      0.0000	      0.0000
      0.0000	      0.0000	      0.0000	      0.0000
      0.0000	      0.0000	      0.0000	      0.0000
      0.0000	      0.0000	      0.0000	      0.0000
      0.0000	      0.0000	      0.0000	      0.0000
      0.0000	      0.0000	      0.0000	      0.0000
      0.0000	      0.0000	      0.0000	      0.0000
      0.0000	      0.0000	      0.0000	      0.0000
      0.0000	      0.0000	      0.0000	      0.0000
      0.0000	      0.0000	      0.0000	      0.0000
      0.0000	      0.0000	      0.0000	      0.0000
      0.0000	      0.0000	      0.0000	      0.0000
      0.0000	      0.0000	      0.0000	      0.0000
      0.0000	      0.0000	      0.0000	      0.0000
      0.0000	      0.0000	      0.0000	      0.0000
      0.0000	      0.0000	      0.0000	      0.0000
      0.0000	      0.0000	      0.0000	      0.0000
      0.0000	      0.0000	      0.0000	      0.0000
      0.0000	      0.0000	      0.0000	      0.0000
      0.0000	      0.0000	      0.0000	      0.0000
      0.0000	      0.0000	      0.0000	      0.0000
      0.0000	      0.0000	      0.0000	      0.0000
      0.0000	      0.0000	      0.0000	      0.0000
      0.0000	      0.0000	      0.0000	      0.0000
      0.0000	      0.0000	      0.0000	      0.0000
      0.0000	      0.0000	      0.0000	      0.0000
      0.0000	      0.0000	      0.0000	      0.0000
      0.0000	      0.0000	      0.0000	      0.0000
      0.0000	      0.0000	      0.0000	      0.0000
      0.0000	      0.0000	      0.0000	      0.0000
      0.0000	      0.0000	      0.0000	      0.0000
      0.0000	      0.0000	      0.0000	      0.0000
      0.0000	      0.0000	      0.0000	      0.0000
      0.0000	      0.0000	      0.0000	      0.0000
      0.0000	      0.0000	      0.0000	      0.0000
      0.0000	      0.0000	      0.0000	      0.0000
      0.0000	      0.0000	      0.0000	      0.0000
      0.0000	      0.0000	      0.0000	      0.0000
      0.0000	      0.0000	      0.0000	      0.0000
      0.0000	      0.0000	      0.0000	      0.0000
      0.0000	      0.0000	      0.0000	      0.0000
      0.0000	      0.0000	      0.0000	      0.0000
      0.0000	      0.0000	      0.0000	      0.0000
      0.0000	      0.0000	      0.0000	      0.0000
      0.0000	      0.0000	      0.0000	      0.0000
      0.0000	      0.0000	      0.0000	      0.0000
      0.0000	      0.0000	      0.0000	      0.0000
      0.0000	      0.0000	      0.0000	      0.0000
      0.0000	      0.0000	      0.0000	      0.0000
      2.8982	      0.0000	      0.0000	      0.0000
      0.0000	      0.0000	      0.0000	      0.0000
      0.0000	     -9.7198	      0.0000	      0.0000
      0.0000	      0.0000	      0.0000	      0.0000
      0.0000	      0.0000	      0.0000	      0.0000
      0.0000	      0.0000	      0.0000	      0.0000
      0.0000	      0.0000	      0.0000	      0.0000
      0.0000	      0.0000	      0.0000	      0.0000
      0.0000	      0.0000	      0.0000	      0.0000
      0.0000	      0.0000	      0.0000	      0.0000
      0.0000	      0.0000	      0.0000	      0.0000
      0.0000	      0.0000	      0.0000	      0.0000
      0.0000	      0.0000	      0.0000	      0.0000
      0.0000	      0.0000	      0.0000	      0.0000
      0.0000	      0.0000	      0.0000	      0.0000
      0.0000	      0.0000	      0.0000	      0.0000
      0.0000	      0.0000	      0.0000	      0.0000
      0.0000	      0.0000	      0.0000	      0.0000
      0.0000	      0.0000	      0.0000	      0.0000
      0.0000	      0.0000	      0.0000	      0.0000
      0.0000	      0.0000	      0.0000	      0.0000
      0.0000	      0.0000	      0.0000	      0.0000
      0.0000	      0.0000	      0.0000	      0.0000
      0.0000	      0.0000	      0.0000	      0.0000
      0.0000	      0.0000	      0.0000	      0.0000
      0.0000	      0.0000	      0.0000	      0.0000
      0.0000	      0.0000	      0.0000	      0.0000
      0.0000	      0.0000	      0.0000	      0.0000
      0.0000	      0.0000	      0.0000	      0.0000
      0.0000	      0.0000	      0.0000	      0.0000
      0.0000	      0.0000	      0.0000	      0.0000
      0.0000	      0.0000	      0.0000	      0.0000
      0.0000	      0.0000	      0.0000	      0.0000
      0.0000	      0.0000	      0.0000	      0.0000
      0.0000	      0.0000	      0.0000	      0.0000
      0.0000	      0.0000	      0.0000	      0.0000
      0.0000	      0.0000	      0.0000	      0.0000
      0.0000	      0.0000	      0.0000	      0.0000
      0.0000	      0.0000	      0.0000	      0.0000
      0.0000	      0.0000	      0.0000	      0.0000
      0.0000	      0.0000	      0.0000	      0.0000
      0.0000	      0.0000	      0.0000	      0.0000
      0.0000	      0.0000	      0.0000	      0.0000
      0.0000	      0.0000	      0.0000	      0.0000
      0.0000	      0.0000	      0.0000	      0.0000
      0.0000	      0.0000	      0.0000	      0.0000
      0.0000	      0.0000	      0.0000	      0.0000
      0.0000	      0.0000	      0.0000	      0.0000
      0.0000	      0.0000	      0.0000	      0.0000
      3.7846	      0.0000	      0.0000	      0.0000
      1.1368	      0.0000	      0.0000	      0.0000
      0.0000	      0.0000	      0.0000	      0.0000
      0.0000	      0.0000	      0.0000	      0.0000
      0.0000	      0.0000	      0.0000	      0.0000
      0.0000	      0.0000	      0.0000	      0.0000
      0.0000	      0.0000	      0.0000	      0.0000
      0.0000	      0.0000	      0.0000	      0.0000
      0.0000	      0.0000	      0.0000	      0.0000
      0.0000	      0.0000	      0.0000	      0.0000
      0.0000	      0.0000	      0.0000	      0.0000
      0.0000	      0.0000	      0.0000	      0.0000
      0.0000	      0.0000	      0.0000	      0.0000
      0.0000	      0.0000	      0.0000	      0.0000
      0.0000	      0.0000	      0.0000	      0.0000
      0.0000	      0.0000	      0.0000	      0.0000
      0.0000	      0.0000	      0.0000	      0.0000
      0.0000	      0.0000	      0.0000	      0.0000
      0.0000	      0.0000	      0.0000	      0.0000
      0.0000	      0.0000	      0.0000	      0.0000
      0.0000	      0.0000	      0.0000	      0.0000
      0.0000	      0.0000	      0.0000	      0.0000
      0.0000	      0.0000	      0.0000	      0.0000
      0.0000	      0.0000	      0.0000	      0.0000
      0.0000	      0.0000	      0.0000	      0.0000
      2.9516	      0.0000	      0.0000	      0.0000
     -9.3720	     16.5539	      0.0000	      0.0000
     16.0658	      0.0000	      0.0000	      0.0000
     10.1052	      0.0000	      0.0000	      0.0000
      3.7310	      0.0000	      0.0000	      0.0000
      2.6780	      0.0000	      0.0000	      0.0000
      0.0000	      0.0000	      0.0000	      0.0000
      0.0000	      0.0000	      0.0000	      0.0000
      0.0000	      0.0000	      0.0000	      0.0000
      0.0000	      0.0000	      0.0000	      0.0000
      0.0000	      0.0000	      0.0000	      0.0000
      0.0000	      0.0000	      0.0000	      0.0000
      0.0000	      0.0000	      0.0000	      0.0000
      0.0000	      0.0000	      0.0000	      0.0000
      0.0000	      0.0000	      0.0000	      0.0000
      0.0000	      0.0000	      0.0000	      0.0000
      0.0000	      0.0000	      0.0000	      0.0000
      0.0000	      0.0000	      0.0000	      0.0000
      0.0000	      0.0000	      0.0000	      0.0000
      0.0000	      0.0000	      0.0000	      0.0000
      0.0000	      0.0000	      0.0000	      0.0000
      0.0000	      0.0000	      0.0000	      0.0000
      0.0000	      0.0000	      0.0000	      0.0000
      0.0000	      0.0000	      0.0000	      0.0000
      0.0000	      0.0000	      0.0000	      0.0000
      0.0000	      0.0000	      0.0000	      0.0000
      0.9035	      0.0000	      0.0000	      0.0000
      0.0000	      0.0000	      0.0000	      0.0000
      0.0000	      0.0000	      0.0000	      0.0000
     -9.6460	    -11.9717	      0.0000	      0.0000
      0.0000	      0.0000	      0.0000	      0.0000
      0.0000	      0.0000	      0.0000	      0.0000
      0.0000	      0.0000	      0.0000	      0.0000
      0.0000	      0.0000	      0.0000	      0.0000
      0.0000	      0.0000	      0.0000	      0.0000
      0.0000	      0.0000	      0.0000	      0.0000
      0.0000	      0.0000	      0.0000	      0.0000
      0.0000	      0.0000	      0.0000	      0.0000
      0.0000	      0.0000	      0.0000	      0.0000
      0.0000	      0.0000	      0.0000	      0.0000
      0.0000	      0.0000	      0.0000	      0.0000
      0.0000	      0.0000	      0.0000	      0.0000
      0.0000	      0.0000	      0.0000	      0.0000
      0.0000	      0.0000	      0.0000	      0.0000
      0.0000	      0.0000	      0.0000	      0.0000
      0.0000	      0.0000	      0.0000	      0.0000
      0.0000	      0.0000	      0.0000	      0.0000
      0.0000	      0.0000	      0.0000	      0.0000
      0.0000	      0.0000	      0.0000	      0.0000
      0.0000	      0.0000	      0.0000	      0.0000
      0.0000	      0.0000	      0.0000	      0.0000
      0.0000	      1.1271	      0.0000	      0.0000
      0.0000	      0.0000	      0.0000	      0.0000
      0.0000	      0.0000	      0.0000	      0.0000
      0.0000	      0.0000	      0.0000	      0.0000
      0.0000	      0.0000	      0.0000	      0.0000
      0.0000	      0.0000	      0.0000	      0.0000
      0.0000	      0.0000	      0.0000	      0.0000
      0.0000	      0.0000	      0.0000	      0.0000
      0.0000	      0.0000	      0.0000	      0.0000
      0.0000	      0.0000	      0.0000	      0.0000
      0.0000	      0.0000	      0.0000	      0.0000
      0.0000	      0.0000	      0.0000	      0.0000
      0.0000	      0.0000	      0.0000	      0.0000
      0.0000	      0.0000	      0.0000	      0.0000
      0.0000	      0.0000	      0.0000	      0.0000
      0.0000	      0.0000	      0.0000	      0.0000
      0.0000	      0.0000	      0.0000	      0.0000
      0.0000	      0.0000	      0.0000	      0.0000
      0.0000	      0.0000	      0.0000	      0.0000
      0.0000	      0.0000	      0.0000	      0.0000
      0.0000	      0.0000	      0.0000	      0.0000
      0.0000	      0.0000	      0.0000	      0.0000
      0.0000	      0.0000	      0.0000	      0.0000
      0.0000	      0.0000	      0.0000	      0.0000
     -1.7552	     -1.1891	      0.0000	      0.0000
      0.0000	      0.0000	      0.0000	      0.0000
     21.8178	      0.0000	     -3.8339	      0.0000
     12.3451	      1.0749	      0.0000	      0.0000
      0.0000	      0.0000	      0.0000	      0.0000
      0.0000	      0.0000	      0.0000	      0.0000
     -1.2587	      0.0000	      0.0000	      0.0000
      0.0000	      0.0000	      0.0000	      0.0000
      0.7290	      0.0000	      0.0000	      0.0000
      0.0000	      0.0000	      0.0000	      0.0000
      0.0000	      0.0000	      0.0000	      0.0000
      0.0000	      0.0000	      0.0000	      0.0000
      0.0000	      0.0000	      0.0000	      0.0000
      0.0000	      0.0000	      0.0000	      0.0000
      0.0000	      0.0000	      0.0000	      0.0000
      0.0000	      0.0000	      0.0000	      0.0000
      0.0000	      0.0000	      0.0000	      0.0000
      0.0000	      0.0000	      0.0000	      0.0000
      0.0000	      0.0000	      0.0000	      0.0000
      0.0000	      0.0000	      0.0000	      0.0000
      0.0000	      0.0000	      0.0000	      0.0000
      0.0000	      0.0000	      0.0000	      0.0000
      0.0000	      0.0000	      0.0000	      0.0000
      0.0000	      0.0000	      0.0000	      0.0000
      0.0000	      0.0000	      0.0000	      0.0000
      0.0000	      0.0000	      0.0000	      0.0000
      0.0000	      0.0000	      0.0000	      0.0000
      1.0011	      0.0000	      0.0000	      0.0000
     -0.4683	      0.0000	      0.0000	      0.0000
      0.0000	      0.0000	      0.0000	      0.0000
      0.0000	      0.0000	      0.0000	      0.0000
      0.0000	      0.0000	      0.0000	      0.0000
      0.0000	      0.0000	      0.0000	      0.0000
      0.0000	      0.0000	      0.0000	      0.0000
      0.0000	      0.0000	      0.0000	      0.0000
      0.0000	      0.0000	      0.0000	      0.0000
      0.0000	      0.0000	      0.0000	      0.0000
      0.0000	      0.0000	      0.0000	      0.0000
      0.0000	      0.0000	      0.0000	      0.0000
      0.0000	      0.0000	      0.0000	      0.0000
      0.0000	      0.0000	      0.0000	      0.0000
      0.0000	      0.0000	      0.0000	      0.0000
      0.0000	      0.0000	      0.0000	      0.0000
      0.0000	      0.0000	      0.0000	      0.0000
      0.0000	      0.0000	      0.0000	      0.0000
      0.0000	      0.0000	      0.0000	      0.0000
      0.0000	      0.0000	      0.0000	      0.0000
      0.0000	      0.0000	      0.0000	      0.0000
      0.0000	      0.0000	      0.0000	      0.0000
      0.0000	      0.0000	      0.0000	      0.0000
    -14.0632	      0.0000	      0.0000	      0.0000
    -11.2333	      0.0000	      0.0000	    -10.0321
    -12.4975	      0.0000	      0.0000	      0.0000
    -11.1861	      0.0000	      0.0000	      0.0000
    -10.7433	      0.0000	      0.0000	      0.0000
     -1.2963	      0.0000	      0.0000	      0.0000
      0.0000	      0.0000	      0.0000	      0.0000
      0.0000	      0.0000	      0.0000	      0.0000
      0.0000	      0.0000	      0.0000	      0.0000
      0.0000	      0.0000	      0.0000	      0.0000
      0.0000	      0.0000	      0.0000	      0.0000
      0.0000	      0.0000	      0.0000	      0.0000
      0.0000	      0.0000	      0.0000	      0.0000
      0.0000	      0.0000	      0.0000	      0.0000
      0.0000	      0.0000	      0.0000	      0.0000
      0.0000	      0.0000	      0.0000	      0.0000
      0.0000	      0.0000	      0.0000	      0.0000
      0.0000	      0.0000	      0.0000	      0.0000
      0.0000	      0.0000	      0.0000	      0.0000
      0.0000	      0.0000	      0.0000	      0.0000
      0.0000	      0.0000	      0.0000	      0.0000
      0.0000	      0.0000	      0.0000	      0.0000
      0.0000	      0.0000	      0.0000	      0.0000
      0.0000	      0.0000	      0.0000	      0.0000
      0.0000	      0.0000	      0.0000	      0.0000
     -8.4055	      0.0000	      0.0000	      0.0000
      0.0000	      0.0000	      0.0000	      0.0000
      3.8765	     -6.3132	      0.0000	      0.0000
    -10.0333	      3.2979	      0.0000	      0.0000
      0.0000	      0.0000	      0.0000	      3.5080
      0.0000	      0.0000	      0.0000	      0.0000
      0.0000	      0.0000	      0.0000	      0.0000
      0.0000	      0.0000	      0.0000	      0.0000
      2.8833	      0.0000	      0.0000	      0.0000
      1.1096	      0.0000	      0.0000	      0.0000
      0.0000	      0.0000	      0.0000	      0.0000
      0.0000	      0.0000	      0.0000	      0.0000
      0.0000	      0.0000	      0.0000	      0.0000
      0.0000	      0.0000	      0.0000	      0.0000
      0.0000	      0.0000	      0.0000	      0.0000
      0.0000	      0.0000	      0.0000	      0.0000
      0.0000	      0.0000	      0.0000	      0.0000
      0.0000	      0.0000	      0.0000	      0.0000
      0.0000	      0.0000	      0.0000	      0.0000
      0.0000	      0.0000	      0.0000	      0.0000
      0.0000	      0.0000	      0.0000	      0.0000
      0.0000	      0.0000	      0.0000	      0.0000
      0.0000	      0.0000	      0.0000	      0.0000
      0.0000	      0.0000	      0.0000	      0.0000
      0.0000	      0.0000	      0.0000	      0.0000
      0.0000	      0.0000	      0.0000	      0.0000
      0.0000	      0.0000	      0.0000	      0.0000
      0.0000	      0.0000	      0.0000	      0.0000
    -10.1443	     -7.6472	      0.0000	      0.0000
      0.0000	      0.0000	      0.0000	      2.9958
      0.0000	      0.0000	      0.0000	      0.0000
      0.0000	      0.0000	      0.0000	      0.0000
      0.0000	      0.0000	      0.0000	      0.0000
      0.0000	      0.0000	      0.0000	      0.0000
      0.0000	      0.0000	      0.0000	      0.0000
      0.0000	      0.0000	      0.0000	      0.0000
      0.0000	      0.0000	      0.0000	      0.0000
      0.0000	      0.0000	      0.0000	      0.0000
      0.0000	      0.0000	      0.0000	      0.0000
      0.0000	      0.0000	      0.0000	      0.0000
      0.0000	      0.0000	      0.0000	      0.0000
      0.0000	      0.0000	      0.0000	      0.0000
      0.0000	      0.0000	      0.0000	      0.0000
      0.0000	      0.0000	      0.0000	      0.0000
      0.0000	      0.0000	      0.0000	      0.0000
      0.0000	      0.0000	      0.0000	      0.0000
      0.0000	      0.0000	      0.0000	      0.0000
      0.0000	      0.0000	      0.0000	      0.0000
      0.0000	      0.0000	      0.0000	      0.0000
      0.0000	      0.0000	      0.0000	      0.0000
     -8.2863	     -8.0815	      0.0000	      0.0000
    -12.4545	    -11.7364	     -9.6869	      0.0000
     -4.0137	      0.0000	    -13.1106	     -2.1546
    -10.4526	    -14.0484	    -10.4771	     -0.8187
    -11.7376	     -6.2547	     -0.9547	      3.4188
     -0.8505	      0.0000	      0.0000	      0.0000
      0.0000	      0.0000	      0.0000	      0.0000
      0.0000	      0.0000	      0.0000	      0.0000
     -4.0823	     -5.0381	      0.0000	      0.0000
      0.0000	      0.0000	      0.0000	      0.0000
      0.0000	      0.0000	      0.0000	      0.0000
      0.0000	      0.0000	      0.0000	      0.0000
      0.0000	      0.0000	      0.0000	      0.0000
      0.0000	      0.0000	      0.0000	      0.0000
      0.0000	      0.0000	      0.0000	      0.0000
      0.0000	      0.0000	      0.0000	      0.0000
      0.0000	      0.0000	      0.0000	      0.0000
      0.0000	      0.0000	      0.0000	      0.0000
      0.0000	      0.0000	      0.0000	      0.0000
      0.0000	      0.0000	      0.0000	      0.0000
      0.0000	      0.0000	      0.0000	      0.0000
      0.0000	      0.0000	      0.0000	      0.0000
      0.0000	      0.0000	      0.0000	      0.0000
      0.0000	      0.0000	      0.0000	      0.0000
      0.0000	      0.0000	      0.0000	      0.0000
     -4.3688	      5.0277	      0.0000	      0.0000
      1.7707	     -4.8233	     -1.6480	     -1.9333
    -10.8988	     -2.9500	    -10.4146	      0.0000
      1.2554	      0.0000	    -10.3453	      0.0000
     -5.7175	      3.3612	      0.0000	      0.0000
      0.0000	      0.0000	      0.0000	      0.0000
     -5.8470	      0.0000	      0.0000	      0.0000
      0.0000	      0.0000	      0.0000	      0.0000
      1.1117	      0.0000	      0.0000	      0.0000
      5.9472	     -3.6475	      0.0000	      0.0000
      0.0000	      0.0000	      0.0000	      0.0000
      0.0000	      0.0000	      0.0000	      0.0000
      0.0000	      0.0000	      0.0000	      0.0000
      0.0000	      0.0000	      0.0000	      0.0000
      0.0000	      0.0000	      0.0000	      0.0000
      0.0000	      0.0000	      0.0000	      0.0000
      0.0000	      0.0000	      0.0000	      0.0000
      0.0000	      0.0000	      0.0000	      0.0000
      0.0000	      0.0000	      0.0000	      0.0000
      0.0000	      0.0000	      0.0000	      0.0000
      0.0000	      0.0000	      0.0000	      0.0000
      0.0000	      0.0000	      0.0000	      0.0000
      0.0000	      0.0000	      0.0000	      0.0000
      0.0000	      0.0000	      0.0000	      0.0000
      0.0000	      0.0000	      0.0000	      0.0000
      0.0000	      0.0000	      0.0000	      0.0000
      3.1633	      0.0000	      0.0000	      0.0000
      0.0000	      0.0000	      0.0000	      0.0000
      1.0375	      0.0000	      0.7322	      0.0000
     -1.1102	     -9.8788	      0.0000	      0.0000
      0.0000	      0.0000	      0.0000	      0.0000
      0.0000	      0.0000	      0.0000	      0.0000
      0.0000	      0.0000	      0.0000	      0.0000
      0.0000	      0.0000	      0.0000	      0.0000
     -0.9852	      0.0000	      0.0000	      0.0000
      0.0000	      0.0000	      0.0000	      0.0000
      0.0000	      0.0000	      0.0000	      0.0000
      0.0000	      0.0000	      0.0000	      0.0000
      0.0000	      0.0000	      0.0000	      0.0000
      0.0000	      0.0000	      0.0000	      0.0000
      0.0000	      0.0000	      0.0000	      0.0000
      0.0000	      0.0000	      0.0000	      0.0000
      0.0000	      0.0000	      0.0000	      0.0000
      0.0000	      0.0000	      0.0000	      0.0000
      0.0000	      0.0000	      0.0000	      0.0000
      0.0000	      0.0000	      0.0000	      0.0000
      0.0000	      0.0000	      0.0000	      0.0000
      0.0000	      0.0000	      0.0000	      0.0000
      0.0000	      0.0000	      0.0000	      0.0000
      0.0000	      0.0000	      0.0000	      0.0000
     -3.6485	     -5.2443	    -10.8731	     -4.8999
     -1.9944	     -4.0268	     -7.4364	      0.2006
     -4.1512	     -2.0696	     -5.9803	      0.0000
     -6.3239	     -6.4430	     -7.0236	     -7.1927
    -10.7386	     -4.2346	     -7.1993	      0.0000
    -10.0349	    -14.4557	     -7.2847	      0.0000
     -1.4881	     -4.6893	     -4.4479	      0.0000
      0.0000	      0.0000	      0.0000	      0.0000
      0.0000	      0.0000	      0.0000	      0.0000
     -1.1058	      0.0000	      0.0000	      0.0000
      0.0000	      0.0000	      0.0000	      0.0000
      0.0000	      0.0000	      0.0000	      0.0000
      0.0000	      0.0000	      0.0000	      0.0000
      0.0000	      0.0000	      0.0000	      0.0000
      0.0000	      0.0000	      0.0000	      0.0000
      0.0000	      0.0000	      0.0000	      0.0000
      0.0000	      0.0000	      0.0000	      0.0000
      0.0000	      0.0000	      0.0000	      0.0000
      0.0000	      0.0000	      0.0000	      0.0000
      0.0000	      0.0000	      0.0000	      0.0000
      0.0000	      0.0000	      0.0000	      0.0000
      0.0000	      0.0000	      0.0000	      0.0000
      0.0000	      0.0000	      0.0000	      0.0000
      0.0000	      0.0000	      0.0000	      0.0000
      0.0000	      0.0000	      0.0000	      0.0000
     -1.6828	     -0.4961	      0.0000	      0.0000
      1.9781	      0.0000	      0.0000	      0.0000
     -0.2735	     -1.1548	     -1.8847	     -0.6065
     -2.9779	     -3.8404	     -4.4397	      1.4765
     -2.5257	     -1.6834	     -5.6285	      0.1952
     -1.0010	     -1.8654	     -9.4817	     -0.9895
     -1.0027	     -1.7158	     -7.8265	      0.0000
      0.0000	      0.0000	      0.0000	      0.0000
    -10.8146	      0.0000	     -3.1531	      0.0000
     -6.1305	     -5.7979	     -5.2647	     -3.7964
      0.0000	      0.0000	      0.0000	      0.0000
      0.0000	      0.0000	      0.0000	      0.0000
      0.0000	      0.0000	      0.0000	      0.0000
      0.0000	      0.0000	      0.0000	      0.0000
      0.0000	      0.0000	      0.0000	      0.0000
      0.0000	      0.0000	      0.0000	      0.0000
      0.0000	      0.0000	      0.0000	      0.0000
      0.0000	      0.0000	      0.0000	      0.0000
      0.0000	      0.0000	      0.0000	      0.0000
      0.0000	      0.0000	      0.0000	      0.0000
      0.0000	      0.0000	      0.0000	      0.0000
      0.0000	      0.0000	      0.0000	      0.0000
      0.0000	      0.0000	      0.0000	      0.0000
      0.0000	      0.0000	      0.0000	      0.0000
      0.0000	      0.0000	      0.0000	      0.0000
      0.0000	      0.0000	      0.0000	      0.0000
      0.0000	      0.0000	      0.0000	      0.0000
      0.0000	     -0.1968	      0.0000	      0.0000
      0.0000	      0.0000	      0.0000	      0.0000
      0.0000	      0.0000	      0.0000	      0.0000
      0.0000	      0.0000	      0.0000	      0.0000
      0.0000	      0.0000	      0.0000	      0.0000
      0.0000	      0.0000	      0.0000	      0.0000
      0.3937	      0.0000	      0.0000	      0.0000
      0.0000	      0.0000	      0.0000	      0.0000
      0.0000	      0.0000	      0.0000	      0.0000
      0.0000	      0.0000	      0.0000	      0.0000
      0.0000	      0.0000	      0.0000	      0.0000
      0.0000	      0.0000	      0.0000	      0.0000
      0.0000	      0.0000	      0.0000	      0.0000
      0.0000	      0.0000	      0.0000	      0.0000
      0.0000	      0.0000	      0.0000	      0.0000
      0.0000	      0.0000	      0.0000	      0.0000
      0.0000	      0.0000	      0.0000	      0.0000
      0.0000	      0.0000	      0.0000	      0.0000
      0.0000	      0.0000	      0.0000	      0.0000
      0.0000	      0.0000	      0.0000	      0.0000
      0.0000	      0.0000	      0.0000	      0.0000
      0.0000	      0.0000	      0.0000	      0.0000
      0.0000	      0.0000	      0.0000	      0.0000
      0.0000	      0.0000	      0.0000	      0.0000
      0.0000	      0.0000	      0.0000	      0.0000
      0.0000	      0.0000	      0.0000	      0.0000
      0.0000	      0.0000	      0.0000	      0.0000
      0.0000	      0.0000	      0.0000	      0.0000
      0.0000	      0.0000	      0.0000	      0.0000
      0.0000	      0.0000	      0.0000	      0.0000
      0.0000	      0.0000	      0.0000	      0.0000
      0.0000	      0.0000	      0.0000	      0.0000
      0.0000	      0.0000	      0.0000	      0.0000
      0.0000	      0.0000	      0.0000	      0.0000
      0.0000	      0.0000	      0.0000	      0.0000
      0.0000	      0.0000	      0.0000	      0.0000
      0.0000	      0.0000	      0.0000	      0.0000
      0.0000	      0.0000	      0.0000	      0.0000
      0.0000	      0.0000	      0.0000	      0.0000
      0.0000	      0.0000	      0.0000	      0.0000
      0.0000	      0.0000	      0.0000	      0.0000
      0.0000	      0.0000	      0.0000	      0.0000
      0.0000	      0.0000	      0.0000	      0.0000
      0.0000	      0.0000	      0.0000	      0.0000
      0.0000	      0.0000	      0.0000	      0.0000
      0.0000	      0.0000	      0.0000	      0.0000
      0.0000	      0.0000	      0.0000	      0.0000
      0.0000	      0.0000	      0.0000	      0.0000
      0.0000	      0.0000	      0.0000	      0.0000
      0.0000	      0.0000	      0.0000	      0.0000
      0.0000	      0.0000	      0.0000	      0.0000
      0.0000	      0.0000	      0.0000	      0.0000
      0.0000	      0.0000	      0.0000	      0.0000
      0.0000	      0.0000	      0.0000	      0.0000
      0.0000	      0.0000	      0.0000	      0.0000
      0.0000	      0.0000	      0.0000	      0.0000
      0.0000	      0.0000	      0.0000	      0.0000
      0.0000	      0.0000	      0.0000	      0.0000
      0.0000	      0.0000	      0.0000	      0.0000
      0.0000	      0.0000	      0.0000	      0.0000
      0.0000	      0.0000	      0.0000	      0.0000
      0.0000	      0.0000	      0.0000	      0.0000
      0.0000	      0.0000	      0.0000	      0.0000
      0.0000	      0.0000	      0.0000	      0.0000
      0.0000	      0.0000	      0.0000	      0.0000
      0.0000	      0.0000	      0.0000	      0.0000
      0.0000	      0.0000	      0.0000	      0.0000
      0.0000	      0.0000	      0.0000	      0.0000
      0.0000	      0.0000	      0.0000	      0.0000
      0.0000	      0.0000	      0.0000	      0.0000
      0.0000	      0.0000	      0.0000	      0.0000
      0.0000	      0.0000	      0.0000	      0.0000
      0.0000	      0.0000	      0.0000	      0.0000
      0.0000	      0.0000	      0.0000	      0.0000
      0.0000	      0.0000	      0.0000	      0.0000
      0.0000	      0.0000	      0.0000	      0.0000
      0.0000	      0.0000	      0.0000	      0.0000
      0.0000	      0.0000	      0.0000	      0.0000
      0.0000	      0.0000	      0.0000	      0.0000
      0.0000	      0.0000	      0.0000	      0.0000
      0.0000	      0.0000	      0.0000	      0.0000
      0.0000	      0.0000	      0.0000	      0.0000
      0.0000	      0.0000	      0.0000	      0.0000
      0.0000	      0.0000	      0.0000	      0.0000
      0.0000	      0.0000	      0.0000	      0.0000
      0.0000	      0.0000	      0.0000	      0.0000
      0.0000	      0.0000	      0.0000	      0.0000
      0.0000	      0.0000	      0.0000	      0.0000
      0.0000	      0.0000	      0.0000	      0.0000
      0.0000	      0.0000	      0.0000	      0.0000
      0.0000	      0.0000	      0.0000	      0.0000
      0.0000	      0.0000	      0.0000	      0.0000
      0.0000	      0.0000	      0.0000	      0.0000
      0.0000	      0.0000	      0.0000	      0.0000
      0.0000	      0.0000	      0.0000	      0.0000
      0.0000	      0.0000	      0.0000	      0.0000
      0.0000	      0.0000	      0.0000	      0.0000
      0.0000	      0.0000	      0.0000	      0.0000
    -10.2595	      0.0000	      0.0000	      0.0000
      0.0000	    -10.1280	      0.0000	      0.0000
      0.0000	      0.0000	      0.0000	      0.0000
      0.0000	      0.0000	      0.0000	      0.0000
      0.0000	      0.0000	      0.0000	      0.0000
      0.0000	      0.0000	      0.0000	      0.0000
      0.0000	      0.0000	      0.0000	      0.0000
      0.0000	      0.0000	      0.0000	      0.0000
      0.0000	      0.0000	      0.0000	      0.0000
      0.0000	      0.0000	      0.0000	      0.0000
      0.0000	      0.0000	      0.0000	      0.0000
      0.0000	      0.0000	      0.0000	      0.0000
      0.0000	      0.0000	      0.0000	      0.0000
      0.0000	      0.0000	      0.0000	      0.0000
      0.0000	      0.0000	      0.0000	      0.0000
      0.0000	      0.0000	      0.0000	      0.0000
      0.0000	      0.0000	      0.0000	      0.0000
      0.0000	      0.0000	      0.0000	      0.0000
      0.0000	      0.0000	      0.0000	      0.0000
      0.0000	      0.0000	      0.0000	      0.0000
      0.0000	      0.0000	      0.0000	      0.0000
      0.0000	      0.0000	      0.0000	      0.0000
      0.0000	      0.0000	      0.0000	      0.0000
      0.0000	      0.0000	      0.0000	      0.0000
      0.0000	      0.0000	      0.0000	      0.0000
      0.0000	      0.0000	      0.7244	      0.0000
      0.1369	      0.0000	      0.0000	      0.0000
      0.0000	      0.0000	      0.0000	      0.0000
     -9.8349	      0.6710	      0.0000	      0.0000
      1.2232	      0.0000	      0.0000	      0.0000
      1.6227	      0.0000	      0.0000	      0.0000
     -0.6348	      0.0000	      0.0000	      0.0000
      0.0000	      0.0000	      0.0000	      0.0000
      0.0000	      0.0000	      0.0000	      0.0000
     -0.0252	      0.6919	      0.0000	      0.0000
      0.0000	      0.0000	      0.0000	      0.0000
      0.0000	      0.0000	      0.0000	      0.0000
      0.0000	      0.0000	      0.0000	      0.0000
      0.0000	      0.0000	      0.0000	      0.0000
      0.0000	      0.0000	      0.0000	      0.0000
      0.0000	      0.0000	      0.0000	      0.0000
      0.0000	      0.0000	      0.0000	      0.0000
      0.0000	      0.0000	      0.0000	      0.0000
      0.0000	      0.0000	      0.0000	      0.0000
      0.0000	      0.0000	      0.0000	      0.0000
      0.0000	      0.0000	      0.0000	      0.0000
      0.0000	      0.0000	      0.0000	      0.0000
      0.0000	      0.0000	      0.0000	      0.0000
      0.0000	      0.0000	      0.0000	      0.0000
      0.0000	      0.0000	      0.0000	      0.0000
      0.0000	      0.0000	      0.0000	      0.0000
     -0.0022	     -7.8350	      0.0000	      0.0000
      0.0000	      0.0000	      0.0000	      0.0000
      0.0000	      0.0000	      0.0000	      0.0000
      0.0000	      0.0000	      0.0000	      0.0000
      0.0000	      0.0000	      0.0000	      0.0000
      0.0000	      0.0000	      0.0000	      0.0000
      0.0000	      0.0000	      0.0000	      0.0000
      0.0000	      0.0000	      0.0000	      0.0000
      0.0000	      0.0000	      0.0000	      0.0000
      0.0000	      0.0000	      0.0000	      0.0000
      0.0000	      0.0000	      0.0000	      0.0000
      0.0000	      0.0000	      0.0000	      0.0000
      0.0000	      0.0000	      0.0000	      0.0000
      0.0000	      0.0000	      0.0000	      0.0000
      0.0000	      0.0000	      0.0000	      0.0000
      0.0000	      0.0000	      0.0000	      0.0000
      0.0000	      0.0000	      0.0000	      0.0000
      0.0000	      0.0000	      0.0000	      0.0000
      0.0000	      0.0000	      0.0000	      0.0000
      0.0000	      0.0000	      0.0000	      0.0000
      0.0000	      0.0000	      0.0000	      0.0000
      0.0000	      0.0000	      0.0000	      0.0000
      0.0000	      0.0000	      0.0000	      0.0000
      0.0000	      0.0000	      0.0000	      0.0000
      1.9402	      0.0000	      0.0000	      0.0000
      0.0000	      0.0000	      0.0000	      0.0000
      0.0000	      0.0000	      0.0000	      0.0000
      0.0000	      0.0000	      0.0000	      0.0000
      0.0000	      0.0000	      0.0000	      0.0000
      0.0000	      0.0000	      0.0000	      0.0000
      0.0000	      0.0000	      0.0000	      0.0000
      0.0000	      0.0000	      0.0000	      0.0000
      0.0000	      0.0000	      0.0000	      0.0000
      0.0000	      0.0000	      0.0000	      0.0000
      0.0000	      0.0000	      0.0000	      0.0000
      0.0000	      0.0000	      0.0000	      0.0000
      0.0000	      0.0000	      0.0000	      0.0000
      0.0000	      0.0000	      0.0000	      0.0000
      0.0000	      0.0000	      0.0000	      0.0000
      0.0000	      0.0000	      0.0000	      0.0000
      0.0000	      0.0000	      0.0000	      0.0000
      0.0000	      0.0000	      0.0000	      0.0000
      0.0000	      0.0000	      0.0000	      0.0000
      0.0000	      0.0000	      0.0000	      0.0000
      0.0000	      0.0000	      0.0000	      0.0000
      0.0000	      0.0000	      0.0000	      0.0000
      0.0000	      0.0000	      0.0000	      0.0000
      0.0000	      0.0000	      0.0000	      0.0000
      0.0000	      0.0000	      0.0000	      0.0000
      0.0000	      0.0000	      0.0000	      0.0000
     -9.6653	      0.0000	      0.0000	      0.0000
      0.0000	      0.0000	      0.0000	      0.0000
      0.0000	      0.0000	      0.0000	      0.0000
     -0.1763	      0.0000	     -2.7178	      0.0000
      0.0000	      0.0000	      0.0000	      0.0000
      0.0000	      0.0000	      0.0000	      0.0000
      0.0000	      0.0000	      0.0000	      0.0000
      0.0000	      0.0000	      0.0000	      0.0000
      0.0000	      0.0000	      0.0000	      0.0000
      0.0000	      0.0000	      0.0000	      0.0000
      0.0000	      0.0000	      0.0000	      0.0000
      0.0000	      0.0000	      0.0000	      0.0000
      0.0000	      0.0000	      0.0000	      0.0000
      0.0000	      0.0000	      0.0000	      0.0000
      0.0000	      0.0000	      0.0000	      0.0000
      0.0000	      0.0000	      0.0000	      0.0000
      0.0000	      0.0000	      0.0000	      0.0000
      0.0000	      0.0000	      0.0000	      0.0000
      0.0000	      0.0000	      0.0000	      0.0000
      0.0000	      0.0000	      0.0000	      0.0000
      0.0000	      0.0000	      0.0000	      0.0000
      0.0000	      0.0000	      0.0000	      0.0000
      0.0000	      0.0000	      0.0000	      0.0000
      0.0000	      0.0000	      0.0000	      0.0000
      0.0000	      0.0000	      0.0000	      0.0000
      0.0000	      0.0000	      0.0000	      0.0000
      0.0000	      0.0000	      0.0000	      0.0000
      0.0000	      0.0000	      0.0000	      0.0000
     -2.3196	      0.0000	      0.0000	      0.0000
      0.0000	      0.0000	      0.0000	      0.0000
      0.0000	      0.0000	      0.0000	      0.0000
      0.0000	      0.0000	      0.0000	      0.0000
      0.0000	      0.0000	      0.0000	      0.0000
     -3.1145	      0.0000	      0.0000	      0.0000
      0.0000	      0.0000	      0.0000	      0.0000
      0.0000	      0.0000	      0.0000	      0.0000
      0.0000	      0.0000	      0.0000	      0.0000
      0.0000	      0.0000	      0.0000	      0.0000
      0.0000	      0.0000	      0.0000	      0.0000
      0.0000	      0.0000	      0.0000	      0.0000
      0.0000	      0.0000	      0.0000	      0.0000
      0.0000	      0.0000	      0.0000	      0.0000
      0.0000	      0.0000	      0.0000	      0.0000
      0.0000	      0.0000	      0.0000	      0.0000
      0.0000	      0.0000	      0.0000	      0.0000
      0.0000	      0.0000	      0.0000	      0.0000
      0.0000	      0.0000	      0.0000	      0.0000
      0.0000	      0.0000	      0.0000	      0.0000
      0.0000	      0.0000	      0.0000	      0.0000
      0.0000	      0.0000	      0.0000	      0.0000
      0.0000	      0.0000	      0.0000	      0.0000
      0.0000	      0.0000	      0.0000	      0.0000
      0.0000	      0.0000	      0.0000	      0.0000
      0.0000	      0.0000	      0.0000	      0.0000
      0.0000	      0.0000	      0.0000	      0.0000
      0.0000	      0.0000	      0.0000	      0.0000
      0.0000	      0.0000	      0.0000	      0.0000
      0.0000	      0.0000	      0.0000	      0.0000
      0.0000	      0.0000	      0.0000	      0.0000
      0.0000	      0.0000	      0.0000	      0.0000
      0.0000	      0.0000	      0.0000	      0.0000
      0.0000	      0.0000	      0.0000	      0.0000
      0.0000	      0.0000	      0.0000	      0.0000
      0.0000	      0.0000	      0.0000	      0.0000
      0.0000	      0.0000	      0.0000	      0.0000
      0.0000	      0.0000	      0.0000	      0.0000
      0.0000	      0.0000	      0.0000	      0.0000
      0.0000	      0.0000	      0.0000	      0.0000
      0.0000	      0.0000	      0.0000	      0.0000
      0.0000	      0.0000	      0.0000	      0.0000
      0.0000	      0.0000	      0.0000	      0.0000
      0.0000	      0.0000	      0.0000	      0.0000
      0.0000	      0.0000	      0.0000	      0.0000
      0.0000	      0.0000	      0.0000	      0.0000
      0.0000	      0.0000	      0.0000	      0.0000
      0.0000	      0.0000	      0.0000	      0.0000
      0.0000	      0.0000	      0.0000	      0.0000
    -10.2576	      0.0000	      0.0000	      0.0000
      0.0000	      0.0000	      0.0000	      0.0000
      0.0000	      0.0000	      0.0000	      0.0000
      0.0000	      0.0000	      0.0000	      0.0000
      0.0000	      0.0000	      0.0000	      0.0000
      0.0000	      0.0000	      0.0000	      0.0000
      0.0000	      0.0000	      0.0000	      0.0000
      0.0000	      0.0000	      0.0000	      0.0000
      0.0000	      0.0000	      0.0000	      0.0000
      0.0000	      0.0000	      0.0000	      0.0000
      0.0000	      0.0000	      0.0000	      0.0000
      0.0000	      0.0000	      0.0000	      0.0000
      0.0000	      0.0000	      0.0000	      0.0000
      0.0000	      0.0000	      0.0000	      0.0000
      0.0000	      0.0000	      0.0000	      0.0000
      0.0000	      0.0000	      0.0000	      0.0000
      0.0000	      0.0000	      0.0000	      0.0000
      0.0000	      0.0000	      0.0000	      0.0000
      0.0000	      0.0000	      0.0000	      0.0000
      0.0000	      0.0000	      0.0000	      0.0000
      0.0000	      0.0000	      0.0000	      0.0000
      0.0000	      0.0000	      0.0000	      0.0000
      0.0000	      0.0000	      0.0000	      0.0000
      0.0000	      0.0000	      0.0000	      0.0000
      0.0000	      0.0000	      0.0000	      0.0000
      6.2318	      0.0000	      0.0000	      0.0000
      0.0000	      0.0000	      0.0000	      0.0000
      0.0000	      0.0000	      0.0000	      0.0000
      0.0000	      0.0000	      0.0000	      0.0000
      0.0000	      0.0000	      0.0000	      0.0000
      0.0000	      0.0000	      0.0000	      0.0000
      0.0000	      0.0000	      0.0000	      0.0000
      0.0000	      0.0000	      0.0000	      0.0000
      0.0000	      0.0000	      0.0000	      0.0000
      0.0000	      0.0000	      0.0000	      0.0000
      0.0000	      0.0000	      0.0000	      0.0000
      0.0000	      0.0000	      0.0000	      0.0000
      0.0000	      0.0000	      0.0000	      0.0000
      0.0000	      0.0000	      0.0000	      0.0000
      0.0000	      0.0000	      0.0000	      0.0000
      0.0000	      0.0000	      0.0000	      0.0000
      0.0000	      0.0000	      0.0000	      0.0000
      0.0000	      0.0000	      0.0000	      0.0000
      0.0000	      0.0000	      0.0000	      0.0000
      0.0000	      0.0000	      0.0000	      0.0000
      0.0000	      0.0000	      0.0000	      0.0000
      0.0000	      0.0000	      0.0000	      0.0000
      0.0000	      0.0000	      0.0000	      0.0000
      0.0000	      0.0000	      0.0000	      0.0000
     -8.7500	      4.8653	      0.0000	      0.0000
      0.0000	      0.0000	      0.0000	      0.0000
      0.0000	      0.0000	      0.0000	      0.0000
      0.0000	      0.0000	      0.0000	      0.0000
      0.0000	      0.0000	      0.0000	      0.0000
      0.0000	      0.0000	      0.0000	      0.0000
      0.0000	      0.0000	      0.0000	      0.0000
      0.0000	      0.0000	      0.0000	      0.0000
      0.0000	      0.0000	      0.0000	      0.0000
      0.0000	      0.0000	      0.0000	      0.0000
      0.0000	      0.0000	      0.0000	      0.0000
      0.0000	      0.0000	      0.0000	      0.0000
      0.0000	      0.0000	      0.0000	      0.0000
      0.0000	      0.0000	      0.0000	      0.0000
      0.0000	      0.0000	      0.0000	      0.0000
      0.0000	      0.0000	      0.0000	      0.0000
      0.0000	      0.0000	      0.0000	      0.0000
      0.0000	      0.0000	      0.0000	      0.0000
      0.0000	      0.0000	      0.0000	      0.0000
      0.0000	      0.0000	      0.0000	      0.0000
      0.0000	      0.0000	      0.0000	      0.0000
      0.0000	      0.0000	      0.0000	      0.0000
      0.0000	      0.0000	      0.0000	      0.0000
    -10.4854	     -0.4755	      0.0000	     -9.9494
     -9.1417	     -9.9857	     11.2693	      0.0000
    -14.6616	     10.9670	     -9.2742	    -12.7603
      0.6531	     -6.7484	     -7.4976	    -10.7541
      2.3288	      0.0000	      0.0000	      0.0000
      0.0000	      0.0000	      0.0000	      0.0000
      0.0000	      0.0000	      0.0000	      0.0000
      0.0000	      0.0000	      0.0000	      0.0000
      0.0000	      0.0000	      0.0000	      0.0000
      1.0647	      0.0000	      0.0000	      0.0000
      0.0000	      0.0000	      0.0000	      0.0000
      0.0000	      0.0000	      0.0000	      0.0000
      0.0000	      0.0000	      0.0000	      0.0000
      0.0000	      0.0000	      0.0000	      0.0000
      0.0000	      0.0000	      0.0000	      0.0000
      0.0000	      0.0000	      0.0000	      0.0000
      0.0000	      0.0000	      0.0000	      0.0000
      0.0000	      0.0000	      0.0000	      0.0000
      0.0000	      0.0000	      0.0000	      0.0000
      0.0000	      0.0000	      0.0000	      0.0000
      0.0000	      0.0000	      0.0000	      0.0000
      0.0000	      0.0000	      0.0000	      0.0000
      0.0000	      0.0000	      0.0000	      0.0000
      0.0000	      0.0000	      0.0000	      0.0000
      0.0000	      0.0000	      0.0000	      0.0000
      0.0000	      0.0000	      0.0000	      0.0000
      1.9564	      0.0000	      0.0000	      0.0000
      0.0000	      0.0000	     -0.7447	      0.0000
      4.1339	      0.0000	      0.0000	      0.0000
      0.0000	      0.0000	      0.0000	      0.0000
      0.0000	      0.0000	      0.0000	      0.0000
      0.0000	      0.0000	      0.0000	      0.0000
      0.0000	      0.0000	      0.0000	      0.0000
      0.0000	      0.0000	      0.0000	      0.0000
    -10.4946	      2.6638	      0.0000	      0.0000
      0.0000	      0.0000	      0.0000	      0.0000
      0.0000	      0.0000	      0.0000	      0.0000
      0.0000	      0.0000	      0.0000	      0.0000
      0.0000	      0.0000	      0.0000	      0.0000
      0.0000	      0.0000	      0.0000	      0.0000
      0.0000	      0.0000	      0.0000	      0.0000
      0.0000	      0.0000	      0.0000	      0.0000
      0.0000	      0.0000	      0.0000	      0.0000
      0.0000	      0.0000	      0.0000	      0.0000
      0.0000	      0.0000	      0.0000	      0.0000
      0.0000	      0.0000	      0.0000	      0.0000
      0.0000	      0.0000	      0.0000	      0.0000
      0.0000	      0.0000	      0.0000	      0.0000
      0.0000	      0.0000	      0.0000	      0.0000
      0.0000	      0.0000	      0.0000	      0.0000
      0.0000	      0.0000	      0.0000	      0.0000
      0.0000	      0.0000	      0.0000	      0.0000
      0.0000	      0.0000	      0.0000	      0.0000
      0.0000	      0.0000	      0.0000	      0.0000
      0.0000	      0.0000	      0.0000	      0.0000
      0.0000	      0.0000	      0.0000	      0.0000
      0.0000	      0.0000	      0.0000	      0.0000
      0.0000	      0.0000	      0.0000	      0.0000
      0.0000	      0.0000	      0.0000	      0.0000
      0.0000	      0.0000	      0.0000	      0.0000
      0.0000	      0.0000	      0.0000	      0.0000
      0.0000	      0.0000	      0.0000	      0.0000
      0.0000	      0.0000	      0.0000	      0.0000
      0.0000	      0.0000	      0.0000	      0.0000
      0.0000	      0.0000	      0.0000	      0.0000
      0.0000	      0.0000	      0.0000	      0.0000
      0.0000	      0.0000	      0.0000	      0.0000
      0.0000	      0.0000	      0.0000	      0.0000
      0.0000	      0.0000	      0.0000	      0.0000
      0.0000	      0.0000	      0.0000	      0.0000
      0.0000	      0.0000	      0.0000	      0.0000
      0.0000	      0.0000	      0.0000	      0.0000
      0.0000	      0.0000	      0.0000	      0.0000
      0.0000	      0.0000	      0.0000	      0.0000
      0.0000	      0.0000	      0.0000	      0.0000
     -0.1072	      2.1459	      0.0000	      0.0000
     -0.2198	      7.2498	      0.0000	      0.0000
     -0.2756	     20.5656	     -3.0708	      0.0000
     -0.2045	     -8.5703	     -3.4564	     12.5991
     -0.7033	      1.2563	      0.0000	      0.0000
      0.0000	      0.0000	      0.0000	      0.0000
      0.0000	      0.0000	      0.0000	      0.0000
      0.0000	      0.0000	      0.0000	      0.0000
    -10.9332	      0.0000	      0.0000	      0.0000
      0.0000	      0.0000	      0.0000	      0.0000
      0.0000	      0.0000	      0.0000	      0.0000
      0.0000	      0.0000	      0.0000	      0.0000
      0.0000	      0.0000	      0.0000	      0.0000
      0.0000	      0.0000	      0.0000	      0.0000
      0.0000	      0.0000	      0.0000	      0.0000
      0.0000	      0.0000	      0.0000	      0.0000
      0.0000	      0.0000	      0.0000	      0.0000
      0.0000	      0.0000	      0.0000	      0.0000
      0.0000	      0.0000	      0.0000	      0.0000
      0.0000	      0.0000	      0.0000	      0.0000
      0.0000	      0.0000	      0.0000	      0.0000
      0.0000	      0.0000	      0.0000	      0.0000
      0.0000	      0.0000	      0.0000	      0.0000
      0.0000	      0.0000	      0.0000	      0.0000
      0.0000	      0.0000	      0.0000	      0.0000
      0.0000	      0.0000	      0.0000	      0.0000
      4.3651	      0.0000	      0.0000	      0.0000
      0.0000	      0.0000	      0.0000	      0.0000
      0.0000	      0.0000	      0.0000	      0.0000
      0.0000	      0.0000	      0.0000	      0.0000
      0.0000	      0.0000	      0.0000	      0.0000
      0.0000	      0.0000	      0.0000	      0.0000
      0.0000	      0.0000	      0.0000	      0.0000
      0.0000	      0.0000	      0.0000	      0.0000
      0.0000	      0.0000	      0.0000	      0.0000
      0.0000	      0.0000	      0.0000	      0.0000
      0.0000	      0.0000	      0.0000	      0.0000
      0.0000	      0.0000	      0.0000	      0.0000
      0.0000	      0.0000	      0.0000	      0.0000
      0.0000	      0.0000	      0.0000	      0.0000
      0.0000	      0.0000	      0.0000	      0.0000
      0.0000	      0.0000	      0.0000	      0.0000
      0.0000	      0.0000	      0.0000	      0.0000
      0.0000	      0.0000	      0.0000	      0.0000
      0.0000	      0.0000	      0.0000	      0.0000
      0.0000	      0.0000	      0.0000	      0.0000
      0.0000	      0.0000	      0.0000	      0.0000
      0.0000	      0.0000	      0.0000	      0.0000
      0.0000	      0.0000	      0.0000	      0.0000
      0.0000	      0.0000	      0.0000	      0.0000
      0.0000	      0.0000	      0.0000	      0.0000
      0.0000	      0.0000	      0.0000	      0.0000
      0.0000	      0.0000	      0.0000	      0.0000
      0.0000	      0.0000	      0.0000	      0.0000
      0.0000	      0.0000	      0.0000	      0.0000
      0.0000	      0.0000	      0.0000	      0.0000
      0.0000	      0.0000	      0.0000	      0.0000
      0.0000	      0.0000	      0.0000	      0.0000
      0.0000	      0.0000	      0.0000	      0.0000
      0.0000	      0.0000	      0.0000	      0.0000
      0.0000	      0.0000	      0.0000	      0.0000
      0.0000	      0.0000	      0.0000	      0.0000
      0.0000	      0.0000	      0.0000	      0.0000
      0.0000	      0.0000	      0.0000	      0.0000
      0.0000	      0.0000	      0.0000	      0.0000
      0.0000	      0.0000	      0.0000	      0.0000
      0.0000	      0.0000	      0.0000	      0.0000
      0.0000	      0.0000	      0.0000	      0.0000
      0.0000	      0.0000	      0.0000	      0.0000
      0.0000	      0.0000	      0.0000	      0.0000
      0.0000	      0.0000	      0.0000	      0.0000
      0.0000	      0.0000	      0.0000	      0.0000
      0.0000	      0.0000	      0.0000	      0.0000
      0.0000	      0.0000	      0.0000	      0.0000
      0.0000	      0.0000	      0.0000	      0.0000
      0.0000	      0.0000	      0.0000	      0.0000
      0.0000	      0.0000	      0.0000	      0.0000
      0.0000	      0.0000	      0.0000	      0.0000
      0.0000	      0.0000	      0.0000	      0.0000
      0.0000	      0.0000	      0.0000	      0.0000
      0.0000	      0.0000	      0.0000	      0.0000
      0.0000	      0.0000	      0.0000	      0.0000
      0.0000	      0.0000	      0.0000	      0.0000
      0.0000	      0.0000	      0.0000	      0.0000
      0.0000	      0.0000	      0.0000	      0.0000
      0.0000	      0.0000	      0.0000	      0.0000
      0.0000	      0.0000	      0.0000	      0.0000
      0.0000	      0.0000	      0.0000	      0.0000
      0.0000	      0.0000	      0.0000	      0.0000
      0.0000	      0.0000	      0.0000	      0.0000
      0.0000	      0.0000	      0.0000	      0.0000
      0.0000	      0.0000	      0.0000	      0.0000
      0.0000	      0.0000	      0.0000	      0.0000
      0.0000	      0.0000	      0.0000	      0.0000
      0.0000	      0.0000	      0.0000	      0.0000
      0.0000	      0.0000	      0.0000	      0.0000
      0.0000	      0.0000	      0.0000	      0.0000
      0.0000	      0.0000	      0.0000	      0.0000
      0.0000	      0.0000	      0.0000	      0.0000
      0.0000	      0.0000	      0.0000	      0.0000
      0.0000	      0.0000	      0.0000	      0.0000
      0.0000	      0.0000	      0.0000	      0.0000
      0.0000	      0.0000	      0.0000	      0.0000
      0.0000	      0.0000	      0.0000	      0.0000
      0.0000	      0.0000	      0.0000	      0.0000
      0.0000	      0.0000	      0.0000	      0.0000
      0.0000	      0.0000	      0.0000	      0.0000
      0.0000	      0.0000	      0.0000	      0.0000
      0.0000	      0.0000	      0.0000	      0.0000
      0.0000	      0.0000	      0.0000	      0.0000
      0.0000	      0.0000	      0.0000	      0.0000
      0.0000	      0.0000	      0.0000	      0.0000
      0.0000	      0.0000	      0.0000	      0.0000
      0.0000	      0.0000	      0.0000	      0.0000
      0.0000	      0.0000	      0.0000	      0.0000
      0.0000	      0.0000	      0.0000	      0.0000
      0.0000	      0.0000	      0.0000	      0.0000
      0.0000	      0.0000	      0.0000	      0.0000
      0.0000	      0.0000	      0.0000	      0.0000
      0.0000	      0.0000	      0.0000	      0.0000
      0.0000	      0.0000	      0.0000	      0.0000
      0.0000	      0.0000	      0.0000	      0.0000
      0.0000	      0.0000	      0.0000	      0.0000
      0.0000	      0.0000	      0.0000	      0.0000
      0.0000	      0.0000	      0.0000	      0.0000
      0.0000	      0.0000	      0.0000	      0.0000
      0.0000	      0.0000	     -9.1963	      0.0000
      0.0000	      0.0000	      0.0000	      0.0000
      0.0000	      0.0000	      0.0000	      0.0000
      0.0000	      0.0000	      0.0000	      0.0000
      0.0000	      0.0000	      0.0000	      0.0000
      0.0000	      0.0000	      0.0000	      0.0000
      0.0000	      0.0000	      0.0000	      0.0000
      0.0000	      0.0000	      0.0000	      0.0000
      0.0000	      0.0000	      0.0000	      0.0000
      0.0000	      0.0000	      0.0000	      0.0000
      0.0000	      0.0000	      0.0000	      0.0000
      0.0000	      0.0000	      0.0000	      0.0000
      0.0000	      0.0000	      0.0000	      0.0000
      0.0000	      0.0000	      0.0000	      0.0000
      0.0000	      0.0000	      0.0000	      0.0000
      0.0000	      0.0000	      0.0000	      0.0000
      0.0000	      0.0000	      0.0000	      0.0000
      0.0000	      0.0000	      0.0000	      0.0000
      0.0000	      0.0000	      0.0000	      0.0000
      0.0000	      0.0000	      0.0000	      0.0000
      0.0000	      0.0000	      0.0000	      0.0000
      0.0000	      0.0000	      0.0000	      0.0000
      0.0000	      0.0000	      0.0000	      0.0000
      0.0000	      0.0000	      0.0000	      0.0000
     -0.2133	     -0.6887	      0.0000	      0.0000
      0.0000	      0.0000	      0.0000	      0.0000
      0.0000	      0.0000	      0.0000	      0.0000
      0.0000	      0.0000	      0.0000	     -5.3728
      0.0000	      0.0000	      0.0000	      0.0000
      0.0000	      0.0000	      0.0000	      0.0000
      0.0000	      0.0000	      0.0000	      0.0000
      0.0000	      0.0000	      0.0000	      0.0000
      0.3557	      0.0000	      0.0000	      0.0000
      0.0000	      0.0000	      0.0000	      0.0000
      0.0000	      0.0000	      0.0000	      0.0000
      0.0000	      0.0000	      0.0000	      0.0000
      0.0000	      0.0000	      0.0000	      0.0000
      0.0000	      0.0000	      0.0000	      0.0000
      0.0000	      0.0000	      0.0000	      0.0000
      0.0000	      0.0000	      0.0000	      0.0000
      0.0000	      0.0000	      0.0000	      0.0000
      0.0000	      0.0000	      0.0000	      0.0000
      0.0000	      0.0000	      0.0000	      0.0000
      0.0000	      0.0000	      0.0000	      0.0000
      0.0000	      0.0000	      0.0000	      0.0000
      0.0000	      0.0000	      0.0000	      0.0000
      0.0000	      0.0000	      0.0000	      0.0000
      0.0000	      0.0000	      0.0000	      0.0000
      0.0000	      0.0000	      0.0000	      0.0000
      0.0000	      0.0000	      0.0000	      0.0000
      0.0000	      0.0000	      0.0000	      0.0000
      0.0000	      0.0000	      0.0000	      0.0000
      0.0000	      0.0000	      0.0000	      0.0000
      3.4780	      0.0000	      0.0000	      0.0000
      0.0000	      0.0000	      0.0000	      0.0000
      0.0000	      0.0000	      0.0000	      0.0000
      0.0000	      0.0000	      0.0000	      0.0000
      0.0000	      0.0000	      0.0000	      0.0000
      0.0000	      0.0000	      0.0000	      0.0000
      0.0000	      0.0000	      0.0000	      0.0000
      0.0000	      0.0000	      0.0000	      0.0000
      0.0000	      0.0000	      0.0000	      0.0000
      0.0000	      0.0000	      0.0000	      0.0000
      0.0000	      0.0000	      0.0000	      0.0000
      0.0000	      0.0000	      0.0000	      0.0000
      0.0000	      0.0000	      0.0000	      0.0000
      0.0000	      0.0000	      0.0000	      0.0000
      0.0000	      0.0000	      0.0000	      0.0000
      0.0000	      0.0000	      0.0000	      0.0000
      0.0000	      0.0000	      0.0000	      0.0000
      0.0000	      0.0000	      0.0000	      0.0000
      0.0000	      0.0000	      0.0000	      0.0000
      0.0000	      0.0000	      0.0000	      0.0000
      0.0000	      0.0000	      0.0000	      0.0000
      0.0000	      0.0000	      0.0000	      0.0000
      0.0000	      0.0000	      0.0000	      0.0000
      0.0000	      0.0000	      0.0000	      0.0000
      0.0000	      0.0000	      0.0000	      0.0000
      0.0000	      0.0000	      0.0000	      0.0000
      0.0000	      0.0000	      0.0000	      0.0000
      0.0000	      0.0000	      0.0000	      0.0000
      0.0000	      0.0000	      0.0000	      0.0000
      0.0000	      0.0000	      0.0000	      0.0000
      0.0000	      0.0000	      0.0000	      0.0000
      0.0000	      0.0000	      0.0000	      0.0000
      0.0000	      0.0000	      0.0000	      0.0000
      0.0000	      0.0000	      0.0000	      0.0000
      0.0000	      0.0000	      0.0000	      0.0000
      0.0000	      0.0000	      0.0000	      0.0000
      0.0000	      0.0000	      0.0000	      0.0000
      0.0000	      0.0000	      0.0000	      0.0000
      0.0000	      0.0000	      0.0000	      0.0000
      0.0000	      0.0000	      0.0000	      0.0000
      0.0000	      0.0000	      0.0000	      0.0000
      0.0000	      0.0000	      0.0000	      0.0000
      0.0000	      0.0000	      0.0000	      0.0000
      0.0000	      0.0000	      0.0000	      0.0000
      0.0000	      0.0000	      0.0000	      0.0000
      0.0000	      0.0000	      0.0000	      0.0000
      0.0000	      0.0000	      0.0000	      0.0000
      1.0252	      0.0000	      0.0000	      0.0000
      0.0000	      0.0000	      0.0000	      0.0000
      0.2866	      0.0000	      0.0000	      0.0000
      0.6677	      0.0000	      0.0000	      0.0000
      0.0000	      0.0000	      0.0000	      0.0000
      0.0000	      0.0000	      0.0000	      0.0000
      0.0000	      0.0000	      0.0000	      0.0000
     -9.9304	      0.0000	      0.0000	      0.0000
     -0.6765	      0.0000	      0.0000	      0.0000
      0.0000	      0.0000	      0.0000	      0.0000
      0.0000	      0.0000	      0.0000	      0.0000
      0.0000	      0.0000	      0.0000	      0.0000
      0.0000	      0.0000	      0.0000	      0.0000
      0.0000	      0.0000	      0.0000	      0.0000
      0.0000	      0.0000	      0.0000	      0.0000
      0.0000	      0.0000	      0.0000	      0.0000
      0.0000	      0.0000	      0.0000	      0.0000
      0.0000	      0.0000	      0.0000	      0.0000
      0.0000	      0.0000	      0.0000	      0.0000
      0.0000	      0.0000	      0.0000	      0.0000
      0.0000	      0.0000	      0.0000	      0.0000
      0.0000	      0.0000	      0.0000	      0.0000
      0.0000	      0.0000	      0.0000	      0.0000
      0.0000	      0.0000	      0.0000	      0.0000
      0.0000	      0.0000	      0.0000	      0.0000
      0.0000	      0.0000	      0.0000	      0.0000
      0.0000	      0.0000	      0.0000	      0.0000
      0.0000	      0.0000	      0.0000	      0.0000
      0.0000	      0.0000	      0.0000	     -9.9957
      0.0000	      0.0000	      0.0000	      0.0000
      0.0000	      0.0000	      0.0000	      0.0000
      0.0000	      0.0000	      0.0000	      0.0000
      0.0000	      0.0000	      0.0000	      0.0000
      1.0677	      0.0000	      0.0000	      0.0000
      0.0000	      0.0000	      0.0000	      0.0000
      0.0000	      0.0000	      0.0000	      0.0000
      0.0000	      0.0000	      0.0000	      0.0000
      0.0000	      0.0000	      0.0000	      0.0000
      0.0000	      0.0000	      0.0000	      0.0000
      0.0000	      0.0000	      0.0000	      0.0000
      0.0000	      0.0000	      0.0000	      0.0000
      0.0000	      0.0000	      0.0000	      0.0000
      0.0000	      0.0000	      0.0000	      0.0000
      0.0000	      0.0000	      0.0000	      0.0000
      0.0000	      0.0000	      0.0000	      0.0000
      0.0000	      0.0000	      0.0000	      0.0000
      0.0000	      0.0000	      0.0000	      0.0000
      0.0000	      0.0000	      0.0000	      0.0000
      0.0000	      0.0000	      0.0000	      0.0000
     -1.8421	      0.0000	      0.0000	      0.0000
      0.0000	      0.0000	      0.0000	      0.0000
      0.0000	    -10.1238	      0.0000	      0.0000
      0.0000	      0.0000	      0.0000	      0.0000
      0.0000	      0.0000	      0.0000	      0.0000
      0.0000	      0.0000	      0.0000	      0.0000
      0.0000	      0.0000	      0.0000	      0.0000
      0.0000	      0.0000	      0.0000	      0.0000
      0.0000	      0.0000	      0.0000	      0.0000
      0.0000	      0.0000	      0.0000	      0.0000
      0.0000	      0.0000	      0.0000	      0.0000
      0.0000	      0.0000	      0.0000	      0.0000
      0.0000	      0.0000	      0.0000	      0.0000
      0.0000	      0.0000	      0.0000	      0.0000
      0.0000	      0.0000	      0.0000	      0.0000
      0.0000	      0.0000	      0.0000	      0.0000
      0.0000	      0.0000	      0.0000	      0.0000
      0.0000	      0.0000	      0.0000	      0.0000
      0.0000	      0.0000	      0.0000	      0.0000
      0.0000	      0.0000	      0.0000	      0.0000
      0.0000	      0.0000	      0.0000	      0.0000
      0.0000	      0.0000	      0.0000	      0.0000
      0.0000	      0.0000	      0.0000	      0.0000
      0.0000	      0.0000	      0.0000	      0.0000
      0.0000	      0.0000	      0.0000	      0.0000
      0.0000	      0.0000	      0.0000	      0.0000
      0.0000	      0.0000	      0.0000	      0.0000
      0.0000	      0.0000	      0.0000	      0.0000
      0.0000	      0.0000	      0.0000	      0.0000
      0.0000	      0.0000	      0.0000	      0.0000
      0.0000	      0.0000	      0.0000	      0.0000
      0.0000	      0.0000	      0.0000	      0.0000
      0.0000	      0.0000	      0.0000	      0.0000
      0.0000	      0.0000	      0.0000	      0.0000
      0.0000	      0.0000	      0.0000	      0.0000
      0.0000	      0.0000	      0.0000	      0.0000
      0.0000	      0.0000	      0.0000	      0.0000
      0.0000	      0.0000	      0.0000	      0.0000
      0.0000	      0.0000	      0.0000	      0.0000
      0.0000	      0.0000	      0.0000	      0.0000
      0.0000	      0.0000	      0.0000	      0.0000
      0.0000	      0.0000	      0.0000	      0.0000
      0.0000	      0.0000	      0.0000	      0.0000
      0.0000	      0.0000	      0.0000	      0.0000
      0.0000	      0.0000	      0.0000	      0.0000
      0.0000	      0.0000	      0.0000	      0.0000
      0.0000	      0.0000	      0.0000	      0.0000
      0.0000	      0.0000	      0.0000	      0.0000
      0.0000	      0.0000	      0.0000	      0.0000
      0.0000	      0.0000	      0.0000	      0.0000
      0.0000	      0.0000	      0.0000	      0.0000
      0.0000	      0.0000	      0.0000	      0.0000
      0.0000	      0.0000	      0.0000	      0.0000
      0.0000	      0.0000	      0.0000	      0.0000
      0.0000	      0.0000	      0.0000	      0.0000
      0.0000	      0.0000	      0.0000	      0.0000
      0.0000	      0.0000	      0.0000	      0.0000
      0.0000	      0.0000	      0.0000	      0.0000
      0.0000	      0.0000	      0.0000	      0.0000
      0.0000	      0.0000	      0.0000	      0.0000
      0.0000	      0.0000	      0.0000	      0.0000
      0.0000	      0.0000	      0.0000	      0.0000
      0.0000	      0.0000	      0.0000	      0.0000
      0.0000	      0.0000	      0.0000	      0.0000
      0.0000	      0.0000	      0.0000	      0.0000
      0.0000	      0.0000	      0.0000	      0.0000
      0.0000	      0.0000	      0.0000	      0.0000
      0.0000	      0.0000	      0.0000	      0.0000
      0.0000	      0.0000	      0.0000	      0.0000
      0.0000	      0.0000	      0.0000	      0.0000
      0.0000	      0.0000	      0.0000	      0.0000
      0.0000	      0.0000	      0.0000	      0.0000
      0.0000	      0.0000	      0.0000	      0.0000
      0.0000	      0.0000	      0.0000	      0.0000
      0.0000	      0.0000	      0.0000	      0.0000
      0.0000	      0.0000	      0.0000	      0.0000
      0.0000	      0.0000	      0.0000	      0.0000
      0.0000	      0.0000	      0.0000	      0.0000
      0.0000	      0.0000	      0.0000	      0.0000
      0.0000	      0.0000	      0.0000	      0.0000
      0.0000	      0.0000	      0.0000	      0.0000
      0.0000	      0.0000	      0.0000	      0.0000
      0.0000	      0.0000	      0.0000	      0.0000
      0.0000	      0.0000	      0.0000	      0.0000
      0.0000	      0.0000	      0.0000	      0.0000
      0.0000	      0.0000	      0.0000	      0.0000
      0.0000	      0.0000	      0.0000	      0.0000
      0.0000	      0.0000	      0.0000	      0.0000
      0.0000	      0.0000	      0.0000	      0.0000
      0.0000	      0.0000	      0.0000	      0.0000
      0.0000	      0.0000	      0.0000	      0.0000
      0.0000	      0.0000	      0.0000	      0.0000
      0.0000	      0.0000	      0.0000	      0.0000
      0.0000	      0.0000	      0.0000	      0.0000
      0.0000	      0.0000	      0.0000	      0.0000
      0.0000	      0.0000	      0.0000	      0.0000
      0.0000	      0.0000	      0.0000	      0.0000
      0.0000	      0.0000	      0.0000	      0.0000
      0.0000	      0.0000	      0.0000	      0.0000
      0.0000	      0.0000	      0.0000	      0.0000
      0.0000	      0.0000	      0.0000	      0.0000
      0.0000	      0.0000	      0.0000	      0.0000
      0.0000	      0.0000	      0.0000	      0.0000
      2.2958	      0.0000	      0.0000	      0.0000
      0.0000	      0.0000	      0.0000	      0.0000
      0.0000	      0.0000	      0.0000	      0.0000
      0.0000	      0.0000	      0.0000	      0.0000
      0.0000	      0.0000	      0.0000	      0.0000
      0.0000	      0.0000	      0.0000	      0.0000
      0.0000	      0.0000	      0.0000	      0.0000
      0.0000	      0.0000	      0.0000	      0.0000
      0.0000	      0.0000	      0.0000	      0.0000
      0.0000	      0.0000	      0.0000	      0.0000
      0.0000	      0.0000	      0.0000	      0.0000
      0.0000	      0.0000	      0.0000	      0.0000
      0.0000	      0.0000	      0.0000	      0.0000
      0.0000	      0.0000	      0.0000	      0.0000
      0.0000	      0.0000	      0.0000	      0.0000
      0.0000	      0.0000	      0.0000	      0.0000
      0.0000	      0.0000	      0.0000	      0.0000
      0.0000	      0.0000	      0.0000	      0.0000
      0.0000	      0.0000	      0.0000	      0.0000
      0.0000	      0.0000	      0.0000	      0.0000
      0.0000	      0.0000	      0.0000	      0.0000
      0.0000	      0.0000	      0.0000	      0.0000
     -0.5957	      0.0000	      0.0000	      0.0000
      0.0000	      0.0000	      0.0000	      0.0000
      0.0000	      0.0000	      0.0000	      0.0000
     -2.9356	      0.0000	      0.0000	      0.0000
     -0.5900	      0.0000	      0.0000	      0.0000
      0.0000	      0.0000	      0.0000	      0.0000
      0.0000	      0.0000	      0.0000	      0.0000
      0.0000	      0.0000	      0.0000	      0.0000
      0.0000	      0.0000	      0.0000	      0.0000
      0.0000	      0.0000	      0.0000	      0.0000
      0.0000	      0.0000	      0.0000	      0.0000
      0.0000	      0.0000	      0.0000	      0.0000
      0.0000	      0.0000	      0.0000	      0.0000
      0.0000	      0.0000	      0.0000	      0.0000
      0.0000	      0.0000	      0.0000	      0.0000
      0.0000	      0.0000	      0.0000	      0.0000
      0.0000	      0.0000	      0.0000	      0.0000
      0.0000	      0.0000	      0.0000	      0.0000
      0.0000	      0.0000	      0.0000	      0.0000
      0.0000	      0.0000	      0.0000	      0.0000
      0.0000	      0.0000	      0.0000	      0.0000
      0.0000	      0.0000	      0.0000	      0.0000
      0.0000	      0.0000	      0.0000	      0.0000
      0.0000	      0.0000	      0.0000	      0.0000
      0.0000	      0.0000	      0.0000	      0.0000
      0.0000	      0.0000	     -2.5069	      0.0000
      0.0000	      0.0000	     -2.2807	      0.0000
      0.0000	      0.0000	      0.0000	      0.0000
      0.6242	      0.0000	      0.0000	      0.0000
      0.4645	      0.0000	      0.0000	      0.0000
      0.0000	      0.0000	      0.0000	      0.0000
      0.4360	      0.0000	      0.0000	      0.0000
      0.0000	      0.0000	      0.0000	      0.0000
      0.0000	      0.0000	      0.0000	      0.0000
      0.0000	      0.0000	      0.0000	      0.0000
      0.0000	      0.0000	      0.0000	      0.0000
      0.0000	      0.0000	      0.0000	      0.0000
      0.0000	      0.0000	      0.0000	      0.0000
      0.0000	      0.0000	      0.0000	      0.0000
      0.0000	      0.0000	      0.0000	      0.0000
      0.0000	      0.0000	      0.0000	      0.0000
      0.0000	      0.0000	      0.0000	      0.0000
      0.0000	      0.0000	      0.0000	      0.0000
      0.0000	      0.0000	      0.0000	      0.0000
      0.0000	      0.0000	      0.0000	      0.0000
      0.0000	      0.0000	      0.0000	      0.0000
      0.0000	      0.0000	      0.0000	      0.0000
      0.0000	      0.0000	      0.0000	      0.0000
      0.0000	      0.0000	      0.0000	      0.0000
      0.0000	      0.0000	      0.0000	      0.0000
      2.5689	     -3.9175	    -16.1718	     -4.9750
     12.2310	     -4.2383	    -16.4329	     -4.7961
     -1.0529	      0.0000	      0.0000	      0.0000
      4.5800	      0.2591	    -19.8351	     -3.2821
     14.4312	     -4.4556	    -13.4479	     -4.3541
     -8.7492	     -4.3026	    -18.5728	     -5.3375
     -4.3124	     -4.5801	     -8.3590	     -4.8165
      0.0000	      0.0000	      0.0000	      0.0000
      0.0000	      0.0000	      0.0000	      0.0000
     -0.6626	     -1.2076	     -3.5821	     -0.2713
      0.0000	      0.0000	      0.0000	      0.0000
      0.0000	      0.0000	      0.0000	      0.0000
      0.0000	      0.0000	      0.0000	      0.0000
      0.0000	      0.0000	      0.0000	      0.0000
      0.0000	      0.0000	      0.0000	      0.0000
      0.0000	      0.0000	      0.0000	      0.0000
      0.0000	      0.0000	      0.0000	      0.0000
      0.0000	      0.0000	      0.0000	      0.0000
      0.0000	      0.0000	      0.0000	      0.0000
      0.0000	      0.0000	      0.0000	      0.0000
      0.0000	      0.0000	      0.0000	      0.0000
      0.0000	      0.0000	      0.0000	      0.0000
      0.0000	      0.0000	      0.0000	      0.0000
      0.0000	      0.0000	      0.0000	      0.0000
      0.0000	      0.0000	      0.0000	      0.0000
     -0.7493	     -0.3229	      0.0000	      0.0000
     -1.6439	     -0.9616	     -3.5249	      0.0000
      0.0000	      0.0000	      0.0000	      0.0000
     -1.2494	     -0.5140	     -3.2083	     -0.5409
     -1.6194	     -1.4658	     -3.5161	     -1.9376
     -0.9080	      1.5055	      0.0000	      0.0000
      0.0000	      0.0000	      0.0000	      0.0000
      0.0000	      0.0000	      0.0000	      0.0000
      0.0000	      0.0000	      0.0000	      0.0000
     -2.3329	     -1.1580	     -2.4267	      0.0000
      0.0000	      0.0000	      0.0000	      0.0000
      0.0000	      0.0000	      0.0000	      0.0000
      0.0000	      0.0000	      0.0000	      0.0000
      0.0000	      0.0000	      0.0000	      0.0000
      0.0000	      0.0000	      0.0000	      0.0000
      0.0000	      0.0000	      0.0000	      0.0000
      0.0000	      0.0000	      0.0000	      0.0000
      0.0000	      0.0000	      0.0000	      0.0000
      0.0000	      0.0000	      0.0000	      0.0000
      0.0000	      0.0000	      0.0000	      0.0000
      0.0000	      0.0000	      0.0000	      0.0000
      0.0000	      0.0000	      0.0000	      0.0000
      0.0000	      0.0000	      0.0000	      0.0000
      0.0000	      0.0000	      0.0000	      0.0000
      0.0000	      0.0000	      0.0000	      0.0000
      0.0000	      0.0000	      0.0000	      0.0000
      0.0000	      0.0000	      0.0000	      0.0000
      0.0000	      0.0000	      0.0000	      0.0000
      0.0000	      0.0000	      0.0000	      0.0000
      0.0000	      0.0000	      0.0000	      0.0000
      0.0000	      0.0000	      0.0000	      0.0000
      0.0000	      0.0000	      0.0000	      0.0000
      0.0000	      0.0000	      0.0000	      0.0000
      0.0000	      0.0000	      0.0000	      0.0000
      0.0000	      0.0000	      0.0000	      0.0000
      0.0000	      0.0000	      0.0000	      0.0000
      0.0000	      0.0000	      0.0000	      0.0000
      0.0000	      0.0000	      0.0000	      0.0000
      0.0000	      0.0000	      0.0000	      0.0000
      0.0000	      0.0000	      0.0000	      0.0000
      0.0000	      0.0000	      0.0000	      0.0000
      0.0000	      0.0000	      0.0000	      0.0000
      0.0000	      0.0000	      0.0000	      0.0000
      0.0000	      0.0000	      0.0000	      0.0000
      0.0000	      0.0000	      0.0000	      0.0000
      0.0000	      0.0000	      0.0000	      0.0000
      0.0000	      0.0000	      0.0000	      0.0000
      0.0000	      0.0000	      0.0000	      0.0000
      0.0000	      0.0000	      0.0000	      0.0000
      0.0000	      0.0000	      0.0000	      0.0000
      0.0000	      0.0000	      0.0000	      0.0000
      0.0000	      0.0000	      0.0000	      0.0000
     -7.6489	      0.0000	      0.0000	      0.0000
     -4.6354	      0.0000	      0.0000	      0.0000
      0.0000	      0.0000	      0.0000	      0.0000
      0.0000	      0.0000	      0.0000	      0.0000
      0.0000	      0.0000	      0.0000	      0.0000
      0.0000	      0.0000	      0.0000	      0.0000
      0.0000	      0.0000	      0.0000	      0.0000
      0.0000	      0.0000	      0.0000	      0.0000
      0.0000	      0.0000	      0.0000	      0.0000
      0.0000	      0.0000	      0.0000	      0.0000
      0.0000	      0.0000	      0.0000	      0.0000
      0.0000	      0.0000	      0.0000	      0.0000
      0.0000	      0.0000	      0.0000	      0.0000
      0.0000	      0.0000	      0.0000	      0.0000
      0.0000	      0.0000	      0.0000	      0.0000
      0.0000	      0.0000	      0.0000	      0.0000
      0.0000	      0.0000	      0.0000	      0.0000
      0.0000	      0.0000	      0.0000	      0.0000
      0.0000	      0.0000	      0.0000	      0.0000
      0.0000	      0.0000	      0.0000	      0.0000
      0.0000	      0.0000	      0.0000	      0.0000
      0.0000	      0.0000	      0.0000	      0.0000
      0.0000	      0.0000	      0.0000	      0.0000
      0.0000	      0.0000	     -6.5493	      0.0000
      0.0000	      0.0000	      0.0000	      0.0000
      0.0000	      0.0000	      0.0000	      0.0000
      0.0000	      0.0000	      0.0000	      0.0000
      0.0000	      0.0000	      0.0000	      0.0000
      0.0000	      0.0000	      0.0000	      0.0000
      0.0000	      0.0000	      0.0000	      0.0000
      0.0000	      0.0000	      0.0000	      0.0000
      0.0000	      0.0000	      0.0000	      0.0000
      0.0000	      0.0000	      0.0000	      0.0000
      0.0000	      0.0000	      0.0000	      0.0000
      0.0000	      0.0000	      0.0000	      0.0000
      0.0000	      0.0000	      0.0000	      0.0000
      0.0000	      0.0000	      0.0000	      0.0000
      0.0000	      0.0000	      0.0000	      0.0000
      0.0000	      0.0000	      0.0000	      0.0000
      0.0000	      0.0000	      0.0000	      0.0000
      0.0000	      0.0000	      0.0000	      0.0000
      0.0000	      0.0000	      0.0000	      0.0000
      0.0000	      0.0000	      0.0000	      0.0000
      0.0000	      0.0000	      0.0000	      0.0000
      0.0000	      0.0000	      0.0000	      0.0000
      0.0000	      0.0000	      0.0000	      0.0000
      0.0000	      0.0000	      0.0000	      0.0000
      0.0000	      0.0000	      0.0000	      0.0000
     -9.9468	      0.0000	      0.0000	      0.0000
      0.0000	      0.0000	      0.0000	      0.0000
      0.0000	      0.0000	      0.0000	      0.0000
     -8.1277	      0.0000	      0.0000	      0.0000
      0.0000	      0.0000	      0.0000	      0.0000
      0.0000	      0.0000	      0.0000	      0.0000
      0.0000	      0.0000	      0.0000	      0.0000
      0.0000	      0.0000	      0.0000	      0.0000
      0.0000	      0.0000	      0.0000	      0.0000
      0.0000	      0.0000	      0.0000	      0.0000
      0.0000	      0.0000	      0.0000	      0.0000
      0.0000	      0.0000	      0.0000	      0.0000
      0.0000	      0.0000	      0.0000	      0.0000
      0.0000	      0.0000	      0.0000	      0.0000
      0.0000	      0.0000	      0.0000	      0.0000
      0.0000	      0.0000	      0.0000	      0.0000
      0.0000	      0.0000	      0.0000	      0.0000
      0.0000	      0.0000	      0.0000	      0.0000
      0.0000	      0.0000	      0.0000	      0.0000
      0.0000	      0.0000	      0.0000	      0.0000
      0.0000	      0.0000	      0.0000	      0.0000
      0.0000	      0.0000	      0.0000	      0.0000
      0.0000	      0.0000	      0.0000	      0.0000
      0.0000	      0.0000	      0.0000	      0.0000
      0.0000	      0.0000	      0.0000	      0.0000
      0.0000	      0.0000	      0.0000	      0.0000
     -9.3813	      0.0000	      0.0000	      0.0000
      0.0000	     30.4431	     -0.8710	      0.0000
     -7.5226	     -5.1089	      4.2305	      0.0000
      2.4767	      0.0000	      0.0000	      0.0000
      0.0000	      0.0000	      0.0000	      0.0000
      0.0000	      0.0000	      0.0000	      0.0000
      0.0000	      0.0000	      0.0000	      0.0000
      0.0000	      0.0000	      0.0000	      0.0000
      0.0000	      0.0000	      0.0000	      0.0000
      0.0000	      0.0000	      0.0000	      0.0000
      0.0000	      0.0000	      0.0000	      0.0000
      0.0000	      0.0000	      0.0000	      0.0000
      0.0000	      0.0000	      0.0000	      0.0000
      0.0000	      0.0000	      0.0000	      0.0000
      0.0000	      0.0000	      0.0000	      0.0000
      0.0000	      0.0000	      0.0000	      0.0000
      0.0000	      0.0000	      0.0000	      0.0000
      0.0000	      0.0000	      0.0000	      0.0000
      0.0000	      0.0000	      0.0000	      0.0000
      0.0000	      0.0000	      0.0000	      0.0000
      0.0000	      0.0000	      0.0000	      0.0000
      0.0000	      0.0000	      0.0000	      0.0000
      0.0000	      0.0000	      0.0000	      0.0000
      0.0000	      0.0000	      0.0000	      0.0000
      0.0000	      0.0000	      0.0000	      0.0000
      0.4384	      0.0000	      0.0000	      0.0000
      0.0000	      0.0000	      0.0000	      0.0000
      2.8417	      0.0000	      0.0000	      0.0000
      0.0000	      0.0000	      0.0000	      0.0000
      0.0000	      0.0000	      0.0000	      0.0000
      0.0000	      0.0000	      0.0000	      0.0000
      0.0000	      0.0000	      0.0000	      0.0000
      0.0000	      0.0000	      0.0000	      0.0000
      0.0000	     -8.4238	      0.0000	      0.0000
      0.0000	      0.0000	      0.0000	      0.0000
      0.0000	      0.0000	      0.0000	      0.0000
      0.0000	      0.0000	      0.0000	      0.0000
      0.0000	      0.0000	      0.0000	      0.0000
      0.0000	      0.0000	      0.0000	      0.0000
      0.0000	      0.0000	      0.0000	      0.0000
      0.0000	      0.0000	      0.0000	      0.0000
      0.0000	      0.0000	      0.0000	      0.0000
      0.0000	      0.0000	      0.0000	      0.0000
      0.0000	      0.0000	      0.0000	      0.0000
      0.0000	      0.0000	      0.0000	      0.0000
      0.0000	      0.0000	      0.0000	      0.0000
      0.0000	      0.0000	      0.0000	      0.0000
      0.0000	      0.0000	      0.0000	      0.0000
      0.0000	      0.0000	      0.0000	      0.0000
     -1.6339	     -2.6522	     -3.4097	      0.0000
     -0.1845	     -1.6802	     -2.8022	      3.0274
     -0.9378	     -2.0599	     -2.3779	      3.0367
      2.4403	      0.0000	      0.0000	      0.0000
      2.7752	      0.0000	      0.0000	      0.0000
      0.0000	      0.0000	      0.0000	      0.0000
      0.0000	      0.0000	      0.0000	      0.0000
      0.0000	      0.0000	      0.0000	      0.0000
      0.2137	      0.0000	      0.0000	      0.0000
      0.3046	      0.0000	      0.0000	      0.7024
      0.0000	      0.0000	      0.0000	      0.0000
      0.0000	      0.0000	      0.0000	      0.0000
      0.0000	      0.0000	      0.0000	      0.0000
      0.0000	      0.0000	      0.0000	      0.0000
      0.0000	      0.0000	      0.0000	      0.0000
      0.0000	      0.0000	      0.0000	      0.0000
      0.0000	      0.0000	      0.0000	      0.0000
      0.0000	      0.0000	      0.0000	      0.0000
      0.0000	      0.0000	      0.0000	      0.0000
      0.0000	      0.0000	      0.0000	      0.0000
      0.0000	      0.0000	      0.0000	      0.0000
      0.0000	      0.0000	      0.0000	      0.0000
      0.0000	      0.0000	      0.0000	      0.0000
      0.0000	      0.0000	      0.0000	      0.0000
      0.0000	      0.0000	      0.0000	      0.0000
      9.1659	     -9.2131	    -14.8222	     -6.9163
     34.3644	      5.7192	    -20.0102	     20.6102
     33.8973	     23.0875	     -9.7701	     23.8812
     43.4121	     17.4471	    -23.8336	     19.3191
     22.8301	     -0.8163	    -23.7000	      0.5505
    -12.7448	     -6.7891	     -8.5906	     -6.4591
      0.0000	      0.0000	      0.0000	      0.0000
      0.0000	      0.0000	      0.0000	      0.0000
      0.1239	     -0.9859	     -5.2190	     -1.2561
      4.2484	     -2.9848	     -3.3312	     -5.0208
      0.0000	      0.0000	      0.0000	      0.0000
      0.0000	      0.0000	      0.0000	      0.0000
      0.0000	      0.0000	      0.0000	      0.0000
      0.0000	      0.0000	      0.0000	      0.0000
      0.0000	      0.0000	      0.0000	      0.0000
      0.0000	      0.0000	      0.0000	      0.0000
      0.0000	      0.0000	      0.0000	      0.0000
      0.0000	      0.0000	      0.0000	      0.0000
      0.0000	      0.0000	      0.0000	      0.0000
      0.0000	      0.0000	      0.0000	      0.0000
      0.0000	      0.0000	      0.0000	      0.0000
      0.0000	      0.0000	      0.0000	      0.0000
      0.0000	      0.0000	      0.0000	      0.0000
      0.0000	      0.0000	      0.0000	      0.0000
      0.0000	      0.0000	      0.0000	      0.0000
     -0.4437	     -1.2508	     -2.7695	     -1.7951
     -0.6523	     17.8939	     -4.8592	      0.3212
     -0.4873	      0.0000	      0.0000	      0.0000
     -1.0510	      3.5125	      0.0000	      0.0000
     -1.2104	     -0.0223	     -2.8283	      0.0000
     -0.5091	     -0.1946	     -2.6888	      0.0000
      0.0000	      0.0000	      0.0000	      0.0000
      0.0000	      0.0000	      0.0000	      0.0000
      0.0000	      0.0000	      0.0000	      0.0000
      0.0000	      2.0640	      0.0000	      0.0000
      0.0000	      0.0000	      0.0000	      0.0000
      0.0000	      0.0000	      0.0000	      0.0000
      0.0000	      0.0000	      0.0000	      0.0000
      0.0000	      0.0000	      0.0000	      0.0000
      0.0000	      0.0000	      0.0000	      0.0000
      0.0000	      0.0000	      0.0000	      0.0000
      0.0000	      0.0000	      0.0000	      0.0000
      0.0000	      0.0000	      0.0000	      0.0000
      0.0000	      0.0000	      0.0000	      0.0000
      0.0000	      0.0000	      0.0000	      0.0000
      0.0000	      0.0000	      0.0000	      0.0000
      0.0000	      0.0000	      0.0000	      0.0000
      0.0000	      0.0000	      0.0000	      0.0000
      0.0000	      0.0000	      0.0000	      0.0000
      0.0000	      0.0000	      0.0000	      0.0000
      0.0000	      0.0000	      0.0000	      0.0000
      0.0000	      0.0000	      0.0000	      0.0000
      0.0000	      0.0000	      0.0000	      0.0000
      0.0000	      0.0000	      0.0000	      0.0000
      0.0000	      0.0000	      0.0000	      0.0000
      0.0000	      0.0000	      0.0000	      0.0000
      0.0000	      0.0000	      0.0000	      0.0000
      0.0000	      0.0000	      0.0000	      0.0000
      0.0000	      0.0000	      0.0000	      0.0000
      0.0000	      0.0000	      0.0000	      0.0000
      0.0000	      0.0000	      0.0000	      0.0000
      0.0000	      0.0000	      0.0000	      0.0000
      0.0000	      0.0000	      0.0000	      0.0000
      0.0000	      0.0000	      0.0000	      0.0000
      0.0000	      0.0000	      0.0000	      0.0000
      0.0000	      0.0000	      0.0000	      0.0000
      0.0000	      0.0000	      0.0000	      0.0000
      0.0000	      0.0000	      0.0000	      0.0000
      0.0000	      0.0000	      0.0000	      0.0000
      0.0000	      0.0000	      0.0000	      0.0000
      0.0000	      0.0000	      0.0000	      0.0000
      0.0000	      0.0000	      0.0000	      0.0000
      0.0000	      0.0000	      0.0000	      0.0000
      0.0000	      0.0000	      0.0000	      0.0000
      0.0000	      0.0000	      0.0000	      0.0000
      0.0000	      0.0000	      0.0000	      0.0000
      0.0000	      0.0000	      0.0000	      0.0000
      0.0000	      0.0000	      0.0000	      0.0000
      0.0000	      0.0000	      0.0000	      0.0000
      0.0000	      0.0000	      0.0000	      0.0000
      0.0000	      0.0000	      0.0000	      0.0000
      0.0000	      0.0000	      0.0000	      0.0000
      0.0000	      0.0000	      0.0000	      0.0000
      0.0000	      0.0000	      0.0000	      0.0000
      0.0000	      0.0000	      0.0000	      0.0000
      0.0000	      0.0000	      0.0000	      0.0000
      0.0000	      0.0000	      0.0000	      0.0000
      0.0000	      0.0000	      0.0000	      0.0000
      0.0000	      0.0000	      0.0000	      0.0000
      0.0000	      0.0000	      0.0000	      0.0000
      0.0000	      0.0000	      0.0000	      0.0000
      0.0000	      0.0000	      0.0000	      0.0000
      0.0000	      0.0000	      0.0000	      0.0000
      0.0000	      0.0000	      0.0000	      0.0000
      0.0000	      0.0000	      0.0000	      0.0000
      0.0000	      0.0000	      0.0000	      0.0000
      0.0000	      0.0000	      0.0000	      0.0000
      0.0000	      0.0000	      0.0000	      0.0000
      0.0000	      0.0000	      0.0000	      0.0000
      0.0000	      0.0000	      0.0000	      0.0000
      0.0000	      0.0000	      0.0000	      0.0000
      0.0000	      0.0000	      0.0000	      0.0000
      0.0000	      0.0000	      0.0000	      0.0000
      0.0000	      0.0000	      0.0000	      0.0000
      0.0000	      0.0000	      0.0000	      0.0000
      0.0000	      0.0000	      0.0000	      0.0000
      0.0000	      0.0000	      0.0000	      0.0000
      0.0000	      0.0000	      0.0000	      0.0000
      0.0000	      0.0000	      0.0000	      0.0000
      0.0000	      0.0000	      0.0000	      0.0000
      0.0000	      0.0000	      0.0000	      0.0000
      0.0000	      0.0000	      0.0000	      0.0000
      0.0000	      0.0000	      0.0000	      0.0000
      0.0000	      0.0000	      0.0000	      0.0000
      0.0000	      0.0000	      0.0000	      0.0000
      0.0000	      0.0000	      0.0000	      0.0000
      0.0000	      0.0000	      0.0000	      0.0000
      0.0000	      0.0000	      0.0000	      0.0000
      0.0000	      0.0000	      0.0000	      0.0000
      0.0000	      0.0000	      0.0000	      0.0000
      0.0000	      0.0000	      0.0000	      0.0000
      0.0000	      0.0000	      0.0000	      0.0000
      0.0000	      0.0000	      0.0000	      0.0000
      0.0000	      0.0000	      0.0000	      0.0000
      0.0000	      0.0000	      0.0000	      0.0000
      0.0000	      0.0000	      0.0000	      0.0000
      0.0000	      0.0000	      0.0000	      0.0000
      0.0000	      0.0000	      0.0000	      0.0000
      0.0000	      0.0000	      0.0000	      0.0000
      0.0000	      0.0000	      0.0000	      0.0000
      0.0000	      0.0000	      0.0000	      0.0000
      0.0000	      0.0000	      0.0000	      0.0000
      0.0000	      0.0000	      0.0000	      0.0000
      0.0000	      0.0000	      0.0000	      0.0000
      0.0000	      0.0000	      0.0000	      0.0000
      0.0000	      0.0000	      0.0000	      0.0000
      0.0000	      0.0000	      0.0000	      0.0000
      0.0000	      0.0000	      0.0000	      0.0000
      0.0000	      0.0000	      0.0000	      0.0000
      0.0000	      0.0000	      0.0000	      0.0000
      0.0000	      0.0000	      0.0000	      0.0000
      0.0000	      0.0000	      0.0000	      0.0000
      0.0000	      0.0000	      0.0000	      0.0000
      0.0000	      0.0000	      0.0000	      0.0000
      0.0000	      0.0000	      0.0000	      0.0000
      0.0000	      0.0000	      0.0000	      0.0000
      0.0000	      0.0000	      0.0000	      0.0000
      0.0000	      0.0000	      0.0000	      0.0000
      0.0000	      0.0000	      0.0000	      0.0000
      0.0000	      0.0000	      0.0000	      0.0000
      0.0000	      0.0000	      0.0000	      0.0000
      0.0000	      0.0000	      0.0000	      0.0000
      0.0000	      0.0000	      0.0000	      0.0000
      0.0000	     -9.9915	      0.0000	      0.0000
      0.4238	      0.0000	      0.0000	      0.0000
     -9.9980	      0.0000	      0.0000	      0.0000
      0.0000	      0.0000	      0.0000	      0.0000
      0.0000	      0.0000	      0.0000	      0.0000
      0.0000	      0.0000	      0.0000	      0.0000
      0.0000	      0.0000	      0.0000	      0.0000
      0.0000	      0.0000	      0.0000	      0.0000
      0.0000	      0.0000	      0.0000	      0.0000
      0.0000	      0.0000	      0.0000	      0.0000
      0.0000	      0.0000	      0.0000	      0.0000
      0.0000	      0.0000	      0.0000	      0.0000
      0.0000	      0.0000	      0.0000	      0.0000
      0.0000	      0.0000	      0.0000	      0.0000
      0.0000	      0.0000	      0.0000	      0.0000
      0.0000	      0.0000	      0.0000	      0.0000
      0.0000	      0.0000	      0.0000	      0.0000
      0.0000	      0.0000	      0.0000	      0.0000
      0.0000	      0.0000	      0.0000	      0.0000
      0.0000	      0.0000	      0.0000	      0.0000
      0.0000	      0.0000	      0.0000	      0.0000
      0.0000	      0.0000	      0.0000	      0.0000
      0.0000	      0.0000	      0.0000	      0.0000
      0.0000	      0.0000	      0.0000	      0.0000
      0.0000	      0.0000	      0.0000	      0.0000
      0.0000	      0.0000	      0.0000	      0.0000
      0.0000	      0.0000	      0.0000	      0.0000
      0.0000	      0.0000	      0.0000	      0.0000
      0.0000	      0.0000	      0.0000	      0.0000
      0.0000	      0.0000	      0.0000	      0.0000
      0.0000	      0.0000	      0.0000	      0.0000
      0.0000	      0.0000	      0.0000	      0.0000
      0.0000	      0.0000	      0.0000	      0.0000
      0.0000	      0.0000	      0.0000	      0.0000
      0.0000	      0.0000	      0.0000	      0.0000
      0.0000	      0.0000	      0.0000	      0.0000
      0.0000	      0.0000	      0.0000	      0.0000
      0.0000	      0.0000	      0.0000	      0.0000
      0.0000	      0.0000	      0.0000	      0.0000
      0.0000	      0.0000	      0.0000	      0.0000
      0.0000	      0.0000	      0.0000	      0.0000
      0.0000	      0.0000	      0.0000	      0.0000
      0.0000	      0.0000	      0.0000	      0.0000
      0.0000	      0.0000	      0.0000	      0.0000
      0.0000	      0.0000	      0.0000	      0.0000
      0.0000	      0.0000	      0.0000	      0.0000
      0.0000	      0.0000	      0.0000	      0.0000
     -1.9062	     -2.0253	     -4.7336	      0.0000
     -2.0000	     -1.7502	      0.0000	      0.0000
     -2.3229	      0.0000	      0.0000	      0.0000
     -1.3145	     -0.5690	     -1.7885	      1.5871
     -0.0366	      0.0000	      0.0000	      0.0000
      0.0000	      0.0000	      0.0000	      0.0000
      0.0000	      0.0000	      0.0000	      0.0000
      0.0000	      0.0000	      0.0000	      0.0000
     -0.0016	     -1.5852	      0.0000	      0.0000
     -0.0510	     -0.5774	      0.0000	     -1.6291
      0.0000	      0.0000	      0.0000	      0.0000
      0.0000	      0.0000	      0.0000	      0.0000
      0.0000	      0.0000	      0.0000	      0.0000
      0.0000	      0.0000	      0.0000	      0.0000
      0.0000	      0.0000	      0.0000	      0.0000
      0.0000	      0.0000	      0.0000	      0.0000
      0.0000	      0.0000	      0.0000	      0.0000
      0.0000	      0.0000	      0.0000	      0.0000
      0.0000	      0.0000	      0.0000	      0.0000
      0.0000	      0.0000	      0.0000	      0.0000
      0.0000	      0.0000	      0.0000	      0.0000
      0.0000	      0.0000	      0.0000	      0.0000
      0.0000	      0.0000	      0.0000	      0.0000
      0.0000	      0.0000	      0.0000	      0.0000
      0.0000	      0.0000	      0.0000	      0.0000
    -12.3925	     -6.6356	    -13.5291	     -7.0191
      3.7993	     -1.8757	    -18.2629	     -0.3418
     -0.5573	     -1.0744	     -3.5594	      0.0000
     18.0376	     -0.1948	    -15.8818	      8.5841
     -7.6790	     -6.3437	     -6.4307	     -6.3933
     10.7302	     -2.5009	     -3.7037	     -3.7971
      0.0000	      0.0000	      0.0000	      0.0000
      0.0000	      0.0000	      0.0000	      0.0000
      3.9485	     -2.5274	     -1.7434	     -0.2339
    -12.7118	     -9.5456	    -12.4109	     -8.9717
      0.0000	      0.0000	      0.0000	      0.0000
      0.0000	      0.0000	      0.0000	      0.0000
      0.0000	      0.0000	      0.0000	      0.0000
      0.0000	      0.0000	      0.0000	      0.0000
      0.0000	      0.0000	      0.0000	      0.0000
      0.0000	      0.0000	      0.0000	      0.0000
      0.0000	      0.0000	      0.0000	      0.0000
      0.0000	      0.0000	      0.0000	      0.0000
      0.0000	      0.0000	      0.0000	      0.0000
      0.0000	      0.0000	      0.0000	      0.0000
      0.0000	      0.0000	      0.0000	      0.0000
      0.0000	      0.0000	      0.0000	      0.0000
      0.0000	      0.0000	      0.0000	      0.0000
      0.0000	      0.0000	      0.0000	      0.0000
      0.0000	      0.0000	      0.0000	      0.0000
     -0.0649	      0.6658	      0.0000	      0.0000
      6.2873	      0.0000	      0.0000	      0.0000
      0.0000	      0.0000	      0.0000	      0.0000
     -0.5599	     -0.1392	      0.0000	      0.0000
     -0.0375	     -1.9439	      0.0000	      0.0000
      0.0918	      0.0000	      0.0000	      0.0000
      0.0000	      0.0000	      0.0000	      0.0000
      0.0000	      0.0000	      0.0000	      0.0000
      0.0000	      0.0000	      0.0000	      0.0000
      0.5739	      0.0000	      0.0000	      0.0000
      0.0000	      0.0000	      0.0000	      0.0000
      0.0000	      0.0000	      0.0000	      0.0000
      0.0000	      0.0000	      0.0000	      0.0000
      0.0000	      0.0000	      0.0000	      0.0000
      0.0000	      0.0000	      0.0000	      0.0000
      0.0000	      0.0000	      0.0000	      0.0000
      0.0000	      0.0000	      0.0000	      0.0000
      0.0000	      0.0000	      0.0000	      0.0000
      0.0000	      0.0000	      0.0000	      0.0000
      0.0000	      0.0000	      0.0000	      0.0000
      0.0000	      0.0000	      0.0000	      0.0000
      0.0000	      0.0000	      0.0000	      0.0000
      0.0000	      0.0000	      0.0000	      0.0000
      0.0000	      0.0000	      0.0000	      0.0000
      0.0000	      0.0000	      0.0000	      0.0000
      0.0000	      0.0000	      0.0000	      0.0000
      0.0000	      0.0000	      0.0000	      0.0000
      0.0000	      0.0000	      0.0000	      0.0000
    -10.0008	      0.0000	      0.0000	      0.0000
      0.0000	      0.0000	      0.0000	      0.0000
      0.0000	      0.0000	      0.0000	      0.0000
      0.0000	      0.0000	      0.0000	      0.0000
      0.0000	      0.0000	      0.0000	      0.0000
      0.0000	      0.0000	      0.0000	      0.0000
      0.0000	      0.0000	      0.0000	      0.0000
      0.0000	      0.0000	      0.0000	      0.0000
      0.0000	      0.0000	      0.0000	      0.0000
      0.0000	      0.0000	      0.0000	      0.0000
      0.0000	      0.0000	      0.0000	      0.0000
      0.0000	      0.0000	      0.0000	      0.0000
      0.0000	      0.0000	      0.0000	      0.0000
      0.0000	      0.0000	      0.0000	      0.0000
      0.0000	      0.0000	      0.0000	      0.0000
      0.0000	      0.0000	      0.0000	      0.0000
      0.0000	      0.0000	      0.0000	      0.0000
      0.0000	      0.0000	      0.0000	      0.0000
      0.0000	      0.0000	      0.0000	      0.0000
      0.0000	      0.0000	      0.0000	      0.0000
      0.0000	      0.0000	      0.0000	      0.0000
      0.0000	      0.0000	      0.0000	      0.0000
      0.0000	      0.0000	      0.0000	      0.0000
      0.0000	      0.0000	      0.0000	      0.0000
      0.0000	      0.0000	      0.0000	      0.0000
      0.0000	      0.0000	      0.0000	      0.0000
      0.0000	      0.0000	      0.0000	      0.0000
      0.0000	      0.0000	      0.0000	      0.0000
      0.0000	      0.0000	      0.0000	      0.0000
      0.0000	      0.0000	      0.0000	      0.0000
      0.0000	      0.0000	      0.0000	      0.0000
      0.0000	      0.0000	      0.0000	      0.0000
      0.0000	      0.0000	      0.0000	      0.0000
      0.0000	      0.0000	      0.0000	      0.0000
      0.0000	      0.0000	      0.0000	      0.0000
      0.0000	      0.0000	      0.0000	      0.0000
      0.0000	      0.0000	      0.0000	      0.0000
      0.0000	      0.0000	      0.0000	      0.0000
      0.0000	      0.0000	      0.0000	      0.0000
      0.0000	      0.0000	      0.0000	      0.0000
      0.0000	      0.0000	      0.0000	      0.0000
      0.0000	      0.0000	      0.0000	      0.0000
      0.0000	      0.0000	      0.0000	      0.0000
      0.0000	      0.0000	      0.0000	      0.0000
      0.0000	      0.0000	      0.0000	      0.0000
      0.0000	      0.0000	      0.0000	      0.0000
      0.0000	      0.0000	      0.0000	      0.0000
      0.0000	      0.0000	      0.0000	      0.0000
      0.0000	      0.0000	      0.0000	      0.0000
      0.0000	      0.0000	      0.0000	      0.0000
      0.0000	      0.0000	      0.0000	      0.0000
      0.0000	      0.0000	      0.0000	      0.0000
      0.0000	      0.0000	      0.0000	      0.0000
      0.0000	      0.0000	      0.0000	      0.0000
      0.0000	      0.0000	      0.0000	      0.0000
      0.0000	      0.0000	      0.0000	      0.0000
      0.0000	      0.0000	      0.0000	      0.0000
      0.0000	      0.0000	      0.0000	      0.0000
      0.0000	      0.0000	      0.0000	      0.0000
      0.0000	      0.0000	      0.0000	      0.0000
      0.0000	      0.0000	      0.0000	      0.0000
      0.0000	      0.0000	      0.0000	      0.0000
      0.0000	      0.0000	      0.0000	      0.0000
      0.0000	      0.0000	      0.0000	      0.0000
      0.0000	      0.0000	      0.0000	      0.0000
      0.0000	      0.0000	      0.0000	      0.0000
      0.0000	      0.0000	      0.0000	      0.0000
      0.0000	      0.0000	      0.0000	      0.0000
      0.0000	      0.0000	      0.0000	      0.0000
      0.0000	      0.0000	      0.0000	      0.0000
      0.0000	      0.0000	      0.0000	      0.0000
      0.0000	      0.0000	      0.0000	      0.0000
      0.0000	      0.0000	      0.0000	      0.0000
      0.0000	      0.0000	      0.0000	      0.0000
      0.0000	      0.0000	      0.0000	      0.0000
      0.0000	      0.0000	      0.0000	      0.0000
      0.0000	      0.0000	      0.0000	      0.0000
      0.0000	      0.0000	      0.0000	      0.0000
      0.0000	      0.0000	      0.0000	      0.0000
      0.0000	      0.0000	      0.0000	      0.0000
      0.0000	      0.0000	      0.0000	      0.0000
      0.0000	      0.0000	      0.0000	      0.0000
      0.0000	      0.0000	      0.0000	      0.0000
      0.0000	      0.0000	      0.0000	      0.0000
      0.0000	      0.0000	      0.0000	      0.0000
      0.0000	      0.0000	      0.0000	      0.0000
      0.0000	      0.0000	      0.0000	      0.0000
      0.0000	      0.0000	      0.0000	      0.0000
      0.0000	      0.0000	      0.0000	      0.0000
      0.0000	      0.0000	      0.0000	      0.0000
      0.0000	      0.0000	      0.0000	      0.0000
      0.0000	      0.0000	      0.0000	      0.0000
      0.0000	      0.0000	      0.0000	      0.0000
      0.0000	      0.0000	      0.0000	      0.0000
      0.0000	      0.0000	      0.0000	      0.0000
      0.0000	      0.0000	      0.0000	      0.0000
      0.0000	      0.0000	      0.0000	      0.0000
      0.0000	      0.0000	      0.0000	      0.0000
      0.0265	      0.0000	      0.0000	      0.0000
      0.0000	      0.0000	      0.0000	      0.0000
      0.0000	      0.0000	      0.0000	      0.0000
      1.0680	      0.0000	      0.0000	      0.0000
      0.0000	      0.0000	      0.0000	      0.0000
      0.0000	      0.0000	      0.0000	      0.0000
      0.0000	      0.0000	      0.0000	      0.0000
      0.0000	      0.0000	      0.0000	      0.0000
      0.0000	      0.0000	      0.0000	      0.0000
      0.0000	      0.0000	      0.0000	      0.0000
      0.0000	      0.0000	      0.0000	      0.0000
      0.0000	      0.0000	      0.0000	      0.0000
      0.0000	      0.0000	      0.0000	      0.0000
      0.0000	      0.0000	      0.0000	      0.0000
      0.0000	      0.0000	      0.0000	      0.0000
      0.0000	      0.0000	      0.0000	      0.0000
      0.0000	      0.0000	      0.0000	      0.0000
      0.0000	      0.0000	      0.0000	      0.0000
      0.0000	      0.0000	      0.0000	      0.0000
      0.0000	      0.0000	      0.0000	      0.0000
      0.0000	      0.0000	      0.0000	      0.0000
      0.0000	      0.0000	      0.0000	      0.0000
      0.0000	      0.0000	      0.0000	      0.0000
      0.0000	      0.0000	      0.0000	      0.0000
      0.0000	      0.0000	      0.0000	      0.0000
      0.0000	      0.0000	      0.0000	      0.0000
      0.0000	      0.0000	      0.0000	      0.0000
      0.0000	      0.0000	      0.0000	      0.0000
      0.0000	      0.0000	     -1.5356	      0.0000
      0.0000	      0.0000	      0.0000	      0.0000
      0.0000	      0.0000	      0.0000	      0.0000
      0.0000	      0.0000	      0.0000	      0.0000
      0.0000	      0.0000	      0.0000	      0.0000
      0.0000	      0.0000	      0.0000	      0.0000
      0.0000	      0.0000	      0.0000	      0.0000
      0.0000	      0.0000	      0.0000	      0.0000
      0.0000	      0.0000	      0.0000	      0.0000
      0.0000	      0.0000	      0.0000	      0.0000
      0.0000	      0.0000	      0.0000	      0.0000
      0.0000	      0.0000	      0.0000	      0.0000
      0.0000	      0.0000	      0.0000	      0.0000
      0.0000	      0.0000	      0.0000	      0.0000
      0.0000	      0.0000	      0.0000	      0.0000
      0.0000	      0.0000	      0.0000	      0.0000
      0.0000	      0.0000	      0.0000	      0.0000
      0.0000	      0.0000	      0.0000	      0.0000
      0.0000	      0.0000	      0.0000	      0.0000
      0.0000	      0.0000	      0.0000	      0.0000
      0.0000	      0.0000	      0.0000	      0.0000
      0.0000	      0.0000	      0.0000	      0.0000
      0.0000	      0.0000	      0.0000	      0.0000
      0.0000	      0.0000	      0.0000	      0.0000
      0.0000	      0.0000	      0.0000	      0.0000
      0.0000	      0.0000	      0.0000	      0.0000
      0.0000	      0.0000	      0.0000	      0.0000
      0.0000	      0.0000	      0.0000	      0.0000
      0.0000	      0.0000	      0.0000	      0.0000
      0.0000	      0.0000	      0.0000	      0.0000
      0.0000	      0.0000	      0.0000	      0.0000
      0.0000	      0.0000	      0.0000	      0.0000
      0.0000	      0.0000	      0.0000	      0.0000
      0.0000	      0.0000	      0.0000	      0.0000
      0.0000	      0.0000	      0.0000	      0.0000
      0.0000	      0.0000	      0.0000	      0.0000
      0.0000	      0.0000	      0.0000	      0.0000
      0.0000	      0.0000	      0.0000	      0.0000
      0.0000	      0.0000	      0.0000	      0.0000
      0.0000	      0.0000	      0.0000	      0.0000
      0.0000	      0.0000	      0.0000	      0.0000
      0.0000	      0.0000	      0.0000	      0.0000
      0.0000	      0.0000	      0.0000	      0.0000
      0.0000	      0.0000	      0.0000	      0.0000
      0.0000	      0.0000	      0.0000	      0.0000
      0.0000	      0.0000	      0.0000	      0.0000
      0.0000	      0.0000	      0.0000	      0.0000
     -0.4140	      0.8439	      0.0000	      0.0000
      0.0000	      0.0000	      0.0000	      0.0000
      3.8371	      0.0000	      0.0000	      0.0000
     -0.6737	      0.0000	      0.0000	      0.0000
      0.6502	      0.0000	      0.0000	      0.0000
      0.0000	      0.0000	      0.0000	      0.0000
      0.0000	      0.0000	      0.0000	      0.0000
      0.0000	      0.0000	      0.0000	      0.0000
      0.0000	      0.0000	      0.0000	      0.0000
      0.0000	      0.0000	      0.0000	      0.0000
      0.0000	      0.0000	      0.0000	      0.0000
      0.0000	      0.0000	      0.0000	      0.0000
      0.0000	      0.0000	      0.0000	      0.0000
      0.0000	      0.0000	      0.0000	      0.0000
      0.0000	      0.0000	      0.0000	      0.0000
      0.0000	      0.0000	      0.0000	      0.0000
      0.0000	      0.0000	      0.0000	      0.0000
      0.0000	      0.0000	      0.0000	      0.0000
      0.0000	      0.0000	      0.0000	      0.0000
      0.0000	      0.0000	      0.0000	      0.0000
      0.0000	      0.0000	      0.0000	      0.0000
      0.0000	      0.0000	      0.0000	      0.0000
      0.0000	      0.0000	      0.0000	      0.0000
      0.0000	      0.0000	      0.0000	      0.0000
      0.0000	      0.0000	      0.0000	      0.0000
      0.0000	      0.0000	      0.0000	      0.0000
      0.0000	      0.0000	      0.0000	      0.0000
      0.0000	      0.0000	      0.0000	      0.0000
      0.0000	      0.0000	      0.0000	      0.0000
      0.0000	      0.0000	      0.0000	      0.0000
      0.0000	      0.0000	      0.0000	      0.0000
      0.0000	      0.0000	      0.0000	      0.0000
      0.0000	      0.0000	      0.0000	      0.0000
      0.0000	      0.0000	      0.0000	      0.0000
      0.0000	      0.0000	      0.0000	      0.0000
      0.0000	      0.0000	      0.0000	      0.0000
      0.0000	      0.0000	      0.0000	      0.0000
      0.0000	      0.0000	      0.0000	      0.0000
      0.0000	      0.0000	      0.0000	      0.0000
      0.0000	      0.0000	      0.0000	      0.0000
      0.0000	      0.0000	      0.0000	      0.0000
      0.0000	      0.0000	      0.0000	      0.0000
      0.0000	      0.0000	      0.0000	      0.0000
      0.0000	      0.0000	      0.0000	      0.0000
      0.0000	      0.0000	      0.0000	      0.0000
      0.0000	      0.0000	      0.0000	      0.0000
      0.0000	      0.0000	      0.0000	      0.0000
      0.0000	      0.0000	      0.0000	      0.0000
      0.0000	      0.0000	      0.0000	      0.0000
      0.0000	      0.0000	      0.0000	      0.0000
      0.0000	      0.0000	      0.0000	      0.0000
      0.0000	      0.0000	      0.0000	      0.0000
      0.0000	      0.0000	      0.0000	      0.0000
      0.0000	      0.0000	      0.0000	      0.0000
      0.0000	      0.0000	      0.0000	      0.0000
      0.0000	      0.0000	      0.0000	      0.0000
      0.0000	      0.0000	      0.0000	      0.0000
      0.0000	      0.0000	      0.0000	      0.0000
      0.0000	      0.0000	      0.0000	      0.0000
      0.0000	      0.0000	      0.0000	      0.0000
      0.0000	      0.0000	      0.0000	      0.0000
      0.0000	      0.0000	      0.0000	      0.0000
      0.0000	      0.0000	      0.0000	      0.0000
      0.0000	      0.0000	      0.0000	      0.0000
      0.0000	      0.0000	      0.0000	      0.0000
      0.0000	      0.0000	      0.0000	      0.0000
      0.0000	      0.0000	      0.0000	      0.0000
      0.0000	      0.0000	      0.0000	      0.0000
      0.0000	      0.0000	      0.0000	      0.0000
      0.0000	      0.0000	      0.0000	      0.0000
      0.0000	      0.0000	      0.0000	      0.0000
      0.0000	      0.0000	      0.0000	      0.0000
      0.0000	      0.0000	      0.0000	      0.0000
      0.0000	      0.0000	      0.0000	      0.0000
      0.0000	      0.0000	      0.0000	      0.0000
      0.0000	      0.0000	      0.0000	      0.0000
     -9.9971	    -18.0987	      1.0007	      0.0000
    -10.2615	     -9.7764	      0.0000	     -9.9953
      0.0000	      0.0000	      0.0000	      0.0000
      0.0000	      0.0000	      0.0000	      0.0000
      0.0000	      0.0000	      0.0000	      0.0000
      0.0000	      0.0000	      0.0000	      0.0000
      0.0000	      0.0000	      0.0000	      0.0000
      0.0000	      0.0000	      0.0000	      0.0000
      0.0000	      0.0000	      0.0000	      0.0000
      0.0000	      0.0000	      0.0000	      0.0000
      0.0000	      0.0000	      0.0000	      0.0000
      0.0000	      0.0000	      0.0000	      0.0000
      0.0000	      0.0000	      0.0000	      0.0000
      0.0000	      0.0000	      0.0000	      0.0000
      0.0000	      0.0000	      0.0000	      0.0000
      0.0000	      0.0000	      0.0000	      0.0000
      0.0000	      0.0000	      0.0000	      0.0000
      0.0000	      0.0000	      0.0000	      0.0000
      0.0000	      0.0000	      0.0000	      0.0000
      0.0000	      0.0000	      0.0000	      0.0000
      0.0000	      0.0000	      0.0000	      0.0000
      0.0000	      0.0000	      0.0000	      0.0000
      0.0000	      0.0000	      0.0000	      0.0000
      0.0000	      0.0000	      0.0000	      0.0000
      0.0000	      0.0000	      0.0000	      0.0000
      0.0000	      0.0000	      0.0000	      0.0000
      0.0000	      0.0000	      0.0000	      0.0000
      0.0000	      0.0000	      0.0000	      0.0000
      0.0000	      0.0000	      0.0000	      0.0000
      0.0000	      0.0000	      0.0000	      0.0000
      0.0000	      0.0000	      0.0000	      0.0000
      0.0000	      0.0000	      0.0000	      0.0000
      0.0000	      0.0000	      0.0000	      0.0000
      0.0000	      0.0000	      0.0000	      0.0000
      0.0000	      0.0000	      0.0000	      0.0000
      0.0000	      0.0000	      0.0000	      0.0000
      0.0000	      0.0000	      0.0000	      0.0000
      0.0000	      0.0000	      0.0000	      0.0000
      0.0000	      0.0000	      0.0000	      0.0000
      0.0000	      0.0000	      0.0000	      0.0000
      0.0000	      0.0000	      0.0000	      0.0000
      0.0000	      0.0000	      0.0000	      0.0000
      0.0000	      0.0000	      0.0000	      0.0000
      0.0000	      0.0000	      0.0000	      0.0000
      0.0000	      0.0000	      0.0000	      0.0000
      0.0000	      0.0000	      0.0000	      0.0000
      0.0000	      0.0000	      0.0000	      0.0000
      0.0000	      0.0000	      0.0000	      0.0000
     -9.9265	      0.0000	      0.0000	      0.0000
      0.0000	      0.0000	    -10.9102	      0.0000
    -11.0978	     -0.5645	     -9.9852	      0.0000
    -10.5813	      0.0000	      0.0000	      0.0000
      0.0000	      0.0000	      0.0000	      0.0000
      0.0000	      0.0000	      0.0000	      0.0000
      0.0000	      0.0000	      0.0000	      0.0000
      0.0000	      0.0000	      0.0000	      0.0000
      0.0000	      0.0000	      0.0000	      0.0000
      0.0000	      0.0000	      0.0000	      0.0000
      0.0000	      0.0000	      0.0000	      0.0000
      0.0000	      0.0000	      0.0000	      0.0000
      0.0000	      0.0000	      0.0000	      0.0000
      0.0000	      0.0000	      0.0000	      0.0000
      0.0000	      0.0000	      0.0000	      0.0000
      0.0000	      0.0000	      0.0000	      0.0000
      0.0000	      0.0000	      0.0000	      0.0000
      0.0000	      0.0000	      0.0000	      0.0000
      0.0000	      0.0000	      0.0000	      0.0000
      0.0000	      0.0000	      0.0000	      0.0000
      0.0000	      0.0000	      0.0000	      0.0000
      0.0000	      0.0000	      0.0000	      0.0000
      0.0000	      0.0000	      0.0000	      0.0000
      0.0000	      0.0000	      0.0000	      0.0000
      0.0000	      0.0000	      0.0000	      0.0000
      0.0000	      0.0000	     -0.1269	      0.0000
     -9.5323	     -0.2004	      2.3237	      0.0000
     36.0839	     -9.9856	     -9.9854	    -13.7646
     11.0872	      0.0000	      4.5073	      3.4444
      0.0000	      0.0000	      0.0000	      0.0000
      1.1169	      0.0000	      0.0000	      0.0000
      0.0000	      0.0000	      0.0000	      0.0000
      0.0000	      0.0000	      0.0000	      0.0000
      0.0000	      0.0000	      0.0000	      0.0000
      1.3966	      0.0000	      0.0000	      0.0000
      0.0000	      0.0000	      0.0000	      0.0000
      0.0000	      0.0000	      0.0000	      0.0000
      0.0000	      0.0000	      0.0000	      0.0000
      0.0000	      0.0000	      0.0000	      0.0000
      0.0000	      0.0000	      0.0000	      0.0000
      0.0000	      0.0000	      0.0000	      0.0000
      0.0000	      0.0000	      0.0000	      0.0000
      0.0000	      0.0000	      0.0000	      0.0000
      0.0000	      0.0000	      0.0000	      0.0000
      0.0000	      0.0000	      0.0000	      0.0000
      0.0000	      0.0000	      0.0000	      0.0000
      0.0000	      0.0000	      0.0000	      0.0000
      0.0000	      0.0000	      0.0000	      0.0000
      0.0000	      0.0000	      0.0000	      0.0000
      0.0000	      0.0000	      0.0000	      0.0000
      0.0000	      0.0000	      0.0000	      0.0000
      0.0000	     -3.6211	      0.0000	      0.0000
      4.8451	      0.0000	      0.0000	      0.0000
     -8.5109	      8.1482	      0.0000	      0.0000
      0.0000	      0.0000	      0.0000	      0.0000
      0.0000	      0.0000	      0.0000	      0.0000
      0.0000	      0.0000	      0.0000	      0.0000
      0.0000	      0.0000	      0.0000	      0.0000
      0.0000	      0.0000	      0.0000	      0.0000
      0.0000	      0.0000	      0.0000	      0.0000
      0.0000	      0.0000	      0.0000	      0.0000
      0.0000	      0.0000	      0.0000	      0.0000
      0.0000	      0.0000	      0.0000	      0.0000
      0.0000	      0.0000	      0.0000	      0.0000
      0.0000	      0.0000	      0.0000	      0.0000
      0.0000	      0.0000	      0.0000	      0.0000
      0.0000	      0.0000	      0.0000	      0.0000
      0.0000	      0.0000	      0.0000	      0.0000
      0.0000	      0.0000	      0.0000	      0.0000
      0.0000	      0.0000	      0.0000	      0.0000
      0.0000	      0.0000	      0.0000	      0.0000
      0.0000	      0.0000	      0.0000	      0.0000
      0.0000	      0.0000	      0.0000	      0.0000
      0.0000	      0.0000	      0.0000	      0.0000
      0.0000	      0.0000	      0.0000	      0.0000
      0.1768	      0.0000	      0.0000	      0.0000
     -2.4311	      0.0000	      0.0000	      0.0000
      0.0000	      0.0000	      0.0000	      0.0000
      0.0000	      0.0000	      0.0000	      0.0000
      0.0000	      0.0000	      0.0000	      0.0000
      0.0000	      0.0000	      0.0000	      0.0000
      0.0000	      0.0000	      0.0000	      0.0000
      0.0000	      0.0000	      0.0000	      0.0000
      0.0000	      0.0000	      0.0000	      0.0000
      0.0000	      0.0000	      0.0000	      0.0000
      0.0000	      0.0000	      0.0000	      0.0000
      0.0000	      0.0000	      0.0000	      0.0000
      0.0000	      0.0000	      0.0000	      0.0000
      0.0000	      0.0000	      0.0000	      0.0000
      0.0000	      0.0000	      0.0000	      0.0000
      0.0000	      0.0000	      0.0000	      0.0000
      0.0000	      0.0000	      0.0000	      0.0000
      0.0000	      0.0000	      0.0000	      0.0000
      0.0000	      0.0000	      0.0000	      0.0000
      0.0000	      0.0000	      0.0000	      0.0000
      0.0000	      0.0000	      0.0000	      0.0000
      0.0000	      0.0000	      0.0000	      0.0000
      0.0000	      0.0000	      0.0000	      0.0000
      0.0000	      0.0000	      0.0000	      0.0000
      0.0000	      0.0000	      0.0000	      0.0000
      0.0000	      0.0000	      0.0000	      0.0000
      2.4502	      0.0000	     -2.8346	      0.0000
     -5.5762	     30.7999	      0.0000	      0.0000
     13.3156	      0.0000	     -3.9088	      0.0000
      1.5846	      0.0000	      0.0000	      0.0000
     -9.6735	      0.3432	      0.0000	      0.0000
      0.0000	      0.0000	      0.0000	      0.0000
      0.0000	      0.0000	      0.0000	      0.0000
      0.0000	      0.0000	      0.0000	      0.0000
      0.0000	      0.0000	      0.0000	      0.0000
      0.0000	      0.0000	      0.0000	      0.0000
      0.0000	      0.0000	      0.0000	      0.0000
      0.0000	      0.0000	      0.0000	      0.0000
      0.0000	      0.0000	      0.0000	      0.0000
      0.0000	      0.0000	      0.0000	      0.0000
      0.0000	      0.0000	      0.0000	      0.0000
      0.0000	      0.0000	      0.0000	      0.0000
      0.0000	      0.0000	      0.0000	      0.0000
      0.0000	      0.0000	      0.0000	      0.0000
      0.0000	      0.0000	      0.0000	      0.0000
      0.0000	      0.0000	      0.0000	      0.0000
      0.0000	      0.0000	      0.0000	      0.0000
      0.0000	      0.0000	      0.0000	      0.0000
      0.0000	      0.0000	      0.0000	      0.0000
      0.0000	      0.0000	      0.0000	      0.0000
      0.0000	      0.0000	      0.0000	      0.0000
      0.0000	      0.0000	      0.0000	      0.0000
      0.0000	      0.0000	      0.0000	      0.0000
      0.0000	      0.0000	      0.0000	      0.0000
      0.0000	      0.0000	      0.0000	      0.0000
      0.0000	      0.0000	      0.0000	      0.0000
      0.0000	      0.0000	      0.0000	      0.0000
      0.0000	      0.0000	      0.0000	      0.0000
      0.0000	      0.0000	      0.0000	      0.0000
      0.0000	      0.0000	      0.0000	      0.0000
      0.0000	      0.0000	      0.0000	      0.0000
      0.0000	      0.0000	      0.0000	      0.0000
      0.0000	      0.0000	      0.0000	      0.0000
      0.0000	      0.0000	      0.0000	      0.0000
      0.0000	      0.0000	      0.0000	      0.0000
      0.0000	      0.0000	      0.0000	      0.0000
      0.0000	      0.0000	      0.0000	      0.0000
      0.0000	      0.0000	      0.0000	      0.0000
      0.0000	      0.0000	      0.0000	      0.0000
      0.0000	      0.0000	      0.0000	      0.0000
      0.0000	      0.0000	      0.0000	      0.0000
      0.0000	      0.0000	      0.0000	      0.0000
      0.0000	      0.0000	      0.0000	      0.0000
      0.0000	      0.0000	      0.0000	      0.0000
      0.0000	      0.0000	      0.0000	      0.0000
      0.0000	      0.0000	      0.0000	      0.0000
      0.0000	      0.0000	      0.0000	      0.0000
      0.0000	      0.0000	      0.0000	      0.0000
      0.0000	      0.0000	      0.0000	      0.0000
      0.0000	      0.0000	      0.0000	      0.0000
      0.0000	      0.0000	      0.0000	      0.0000
      0.0000	      0.0000	      0.0000	      0.0000
      0.0000	      0.0000	      0.0000	      0.0000
      0.0000	      0.0000	      0.0000	      0.0000
      0.0000	      0.0000	      0.0000	      0.0000
      0.0000	      0.0000	      0.0000	      0.0000
      0.0000	      0.0000	      0.0000	      0.0000
      0.0000	      0.0000	      0.0000	      0.0000
      0.0000	      0.0000	      0.0000	      0.0000
      0.0000	      0.0000	      0.0000	      0.0000
      0.0000	      0.0000	      0.0000	      0.0000
      0.0000	      0.0000	      0.0000	      0.0000
      0.0000	      0.0000	      0.0000	      0.0000
      0.0000	      0.0000	      0.0000	      0.0000
      0.0000	      0.0000	      0.0000	      0.0000
      0.0000	      0.0000	      0.0000	      0.0000
      0.0000	      0.0000	      0.0000	      0.0000
      0.0000	      0.0000	      0.0000	      0.0000
      0.0000	      0.0000	      0.0000	      0.0000
      0.0000	      0.0000	      0.0000	      0.0000
    -10.4979	      0.0000	      0.0000	      0.0000
      0.0000	      0.0000	      0.0000	      0.0000
      0.0000	      0.0000	      0.0000	      0.0000
      0.0000	      0.0000	      0.0000	      0.0000
    -10.2895	      0.0000	      0.0000	      0.0000
      0.0000	      0.0000	      0.0000	      0.0000
      0.0000	      0.0000	      0.0000	      0.0000
      0.0000	      0.0000	      0.0000	      0.0000
      0.0000	      0.0000	      0.0000	      0.0000
      0.0000	      0.0000	      0.0000	      0.0000
      0.0000	      0.0000	      0.0000	      0.0000
      0.0000	      0.0000	      0.0000	      0.0000
      0.0000	      0.0000	      0.0000	      0.0000
      0.0000	      0.0000	      0.0000	      0.0000
      0.0000	      0.0000	      0.0000	      0.0000
      0.0000	      0.0000	      0.0000	      0.0000
      0.0000	      0.0000	      0.0000	      0.0000
      0.0000	      0.0000	      0.0000	      0.0000
      0.0000	      0.0000	      0.0000	      0.0000
      0.0000	      0.0000	      0.0000	      0.0000
      0.0000	      0.0000	      0.0000	      0.0000
      0.0000	      0.0000	      0.0000	      0.0000
      0.0000	      0.0000	      0.0000	      0.0000
      0.0000	      0.0000	      0.0000	      0.0000
      0.0000	      0.0000	      0.0000	      0.0000
      0.0000	      0.0000	      0.0000	      0.0000
      0.0000	      0.0000	      0.0000	      0.0000
      0.0000	      0.0000	      0.0000	      0.0000
      0.0000	      0.0000	      0.0000	      0.0000
      0.0000	      0.0000	      0.0000	      0.0000
      0.0000	      0.0000	      0.0000	      0.0000
      0.0000	      0.0000	      0.0000	      0.0000
      0.0000	      0.0000	      0.0000	      0.0000
      0.0000	      0.0000	      0.0000	      0.0000
      0.0000	      0.0000	      0.0000	      0.0000
      0.0000	      0.0000	      0.0000	      0.0000
      0.0000	      0.0000	      0.0000	      0.0000
      0.0000	      0.0000	      0.0000	      0.0000
      0.0000	      0.0000	      0.0000	      0.0000
      0.0000	      0.0000	      0.0000	      0.0000
      0.0000	      0.0000	      0.0000	      0.0000
      0.0000	      0.0000	      0.0000	      0.0000
      0.0000	      0.0000	      0.0000	      0.0000
      0.0000	      0.0000	      0.0000	      0.0000
      0.0000	      0.0000	      0.0000	      0.0000
      0.0000	      0.0000	      0.0000	      0.0000
      0.0000	      0.0000	      0.0000	      0.0000
      0.0000	      0.0000	      0.0000	      0.0000
      0.0000	      0.0000	      0.0000	      0.0000
      0.0000	      0.0000	      0.0000	      0.0000
      0.0000	      0.0000	      0.0000	      0.0000
     -9.9908	      0.0000	      0.0000	      0.0000
      0.0000	      0.0000	      0.0000	      0.0000
      0.0000	      0.0000	      0.0000	      0.0000
      0.0000	      0.0000	      0.0000	      0.0000
      0.0000	      0.0000	      0.0000	      0.0000
      0.0000	      0.0000	      0.0000	      0.0000
      0.0000	      0.0000	      0.0000	      0.0000
      0.0000	      0.0000	      0.0000	      0.0000
      0.0000	      0.0000	      0.0000	      0.0000
      0.0000	      0.0000	      0.0000	      0.0000
      0.0000	      0.0000	      0.0000	      0.0000
      0.0000	      0.0000	      0.0000	      0.0000
      0.0000	      0.0000	      0.0000	      0.0000
      0.0000	      0.0000	      0.0000	      0.0000
      0.0000	      0.0000	      0.0000	      0.0000
      0.0000	      0.0000	      0.0000	      0.0000
      0.0000	      0.0000	      0.0000	      0.0000
      0.0000	      0.0000	      0.0000	      0.0000
      0.0000	      0.0000	      0.0000	      0.0000
      0.0000	      0.0000	      0.0000	      0.0000
      0.0000	      0.0000	      0.0000	      0.0000
      0.0000	      0.0000	      0.0000	      0.0000
      0.0000	      0.0000	      0.0000	      0.0000
      0.0000	      0.0000	      0.0000	      0.0000
      0.3986	      0.0000	      0.0000	      0.0000
     -9.4621	     -0.4245	     -1.2838	      0.0000
      0.0000	      0.0000	      0.0000	      0.0000
     -3.5182	     -6.6968	      2.3545	      0.0000
    -10.0103	      0.0000	      0.0000	      0.0000
     -0.4823	    -10.4012	      0.0000	      0.0000
      0.0000	      0.0000	      0.0000	      0.0000
      0.0000	      0.0000	      0.0000	      0.0000
      0.0000	      0.0000	      0.0000	      0.0000
     -9.9996	      0.0000	      0.0000	      0.0000
      0.0000	      0.0000	      0.0000	      0.0000
      0.0000	      0.0000	      0.0000	      0.0000
      0.0000	      0.0000	      0.0000	      0.0000
      0.0000	      0.0000	      0.0000	      0.0000
      0.0000	      0.0000	      0.0000	      0.0000
      0.0000	      0.0000	      0.0000	      0.0000
      0.0000	      0.0000	      0.0000	      0.0000
      0.0000	      0.0000	      0.0000	      0.0000
      0.0000	      0.0000	      0.0000	      0.0000
      0.0000	      0.0000	      0.0000	      0.0000
      0.0000	      0.0000	      0.0000	      0.0000
      0.0000	      0.0000	      0.0000	      0.0000
      0.0000	      0.0000	      0.0000	      0.0000
      0.0000	      0.0000	      0.0000	      0.0000
      0.0000	      0.0000	      0.0000	      0.0000
      0.0000	      0.0000	      0.0000	      0.0000
      0.0000	      0.0000	      0.0000	      0.0000
      0.0000	      0.0000	      0.0000	      0.0000
      0.0000	      0.0000	      0.0000	      0.0000
     -9.9034	      0.0000	      0.0000	      0.0000
      0.0000	      0.0000	      0.0000	      0.0000
      0.0000	      0.0000	      0.0000	      0.0000
      0.0000	      0.0000	      0.0000	      0.0000
      0.0000	      0.0000	      0.0000	      0.0000
      0.0000	      0.0000	      0.0000	      0.0000
      0.0000	      0.0000	      0.0000	      0.0000
      0.0000	      0.0000	      0.0000	      0.0000
      0.0000	      0.0000	      0.0000	      0.0000
      0.0000	      0.0000	      0.0000	      0.0000
      0.0000	      0.0000	      0.0000	      0.0000
      0.0000	      0.0000	      0.0000	      0.0000
      0.0000	      0.0000	      0.0000	      0.0000
      0.0000	      0.0000	      0.0000	      0.0000
      0.0000	      0.0000	      0.0000	      0.0000
      0.0000	      0.0000	      0.0000	      0.0000
      0.0000	      0.0000	      0.0000	      0.0000
      0.0000	      0.0000	      0.0000	      0.0000
      0.0000	      0.0000	      0.0000	      0.0000
      0.0000	      0.0000	      0.0000	      0.0000
      0.0000	      0.0000	      0.0000	      0.0000
      0.0000	      0.0000	      0.0000	      0.0000
      0.0000	      0.0000	      0.0000	      0.0000
      0.0000	      0.0000	      0.0000	      0.0000
      0.0000	      0.0000	      0.0000	      0.0000
      0.0000	      0.0000	      0.0000	      0.0000
      0.0000	      0.0000	      0.0000	      0.0000
      0.0000	      0.0000	      0.0000	      0.0000
      0.0000	      0.0000	      0.0000	      0.0000
      0.0000	      0.0000	      0.0000	      0.0000
      0.0000	      0.0000	      0.0000	      0.0000
      0.0000	      0.0000	      0.0000	      0.0000
      0.0000	      0.0000	      0.0000	      0.0000
      0.0000	      0.0000	      0.0000	      0.0000
      0.0000	      0.0000	      0.0000	      0.0000
      0.0000	      0.0000	      0.0000	      0.0000
      0.0000	      0.0000	      0.0000	      0.0000
      0.0000	      0.0000	      0.0000	      0.0000
      0.0000	      0.0000	      0.0000	      0.0000
      0.0000	      0.0000	      0.0000	      0.0000
      0.0000	      0.0000	      0.0000	      0.0000
      0.0000	      0.0000	      0.0000	      0.0000
      0.0000	      0.0000	      0.0000	      0.0000
      0.0000	      0.0000	      0.0000	      0.0000
      0.0000	      0.0000	      0.0000	      0.0000
      0.0000	      0.0000	      0.0000	      0.0000
      0.0000	      0.0000	      0.0000	      0.0000
      0.0000	      0.0000	      0.0000	      0.0000
      0.0000	      0.0000	      0.0000	      0.0000
      2.9431	      2.4192	      0.0000	      0.0000
      0.3915	      0.0000	      0.0000	      0.0000
      0.0000	      0.0000	      0.0000	      0.0000
      0.0000	      0.0000	      0.0000	      0.0000
      0.0000	      0.0000	      0.0000	      0.0000
      0.0000	      0.0000	      0.0000	      0.0000
      0.0000	      0.0000	      0.0000	      0.0000
      0.0000	      0.0000	      0.0000	      0.0000
      0.0000	      0.0000	      0.0000	      0.0000
      0.0000	      0.0000	      0.0000	      0.0000
      0.0000	      0.0000	      0.0000	      0.0000
      0.0000	      0.0000	      0.0000	      0.0000
      0.0000	      0.0000	      0.0000	      0.0000
      0.0000	      0.0000	      0.0000	      0.0000
      0.0000	      0.0000	      0.0000	      0.0000
      0.0000	      0.0000	      0.0000	      0.0000
      0.0000	      0.0000	      0.0000	      0.0000
      0.0000	      0.0000	      0.0000	      0.0000
      0.0000	      0.0000	      0.0000	      0.0000
      0.0000	      0.0000	      0.0000	      0.0000
      0.0000	      0.0000	      0.0000	      0.0000
      0.0000	      0.0000	      0.0000	      0.0000
      0.0000	      0.0000	      0.0000	      0.0000
      0.0000	      0.0000	      0.0000	      0.0000
      0.0000	      0.0000	      0.0000	      0.0000
      0.0000	      0.0000	      0.0000	      0.0000
      0.0000	      0.0000	      0.0000	      0.0000
      0.0000	      0.0000	      0.0000	      0.0000
      0.0000	      0.0000	      0.0000	      0.0000
      0.0000	      0.0000	      0.0000	      0.0000
      0.0000	      0.0000	      0.0000	      0.0000
      0.0000	      0.0000	      0.0000	      0.0000
      0.0000	      0.0000	      0.0000	      0.0000
      0.0000	      0.0000	      0.0000	      0.0000
      0.0000	      0.0000	      0.0000	      0.0000
      0.0000	      0.0000	      0.0000	      0.0000
      0.0000	      0.0000	      0.0000	      0.0000
      0.0000	      0.0000	      0.0000	      0.0000
      0.0000	      0.0000	      0.0000	      0.0000
      0.0000	      0.0000	      0.0000	      0.0000
      0.0000	      0.0000	      0.0000	      0.0000
      0.0000	      0.0000	      0.0000	      0.0000
      0.0000	      0.0000	      0.0000	      0.0000
      0.0000	      0.0000	      0.0000	      0.0000
      0.0000	      0.0000	      0.0000	      0.0000
      0.0000	      0.0000	      0.0000	      0.0000
      0.0000	      0.0000	      0.0000	      0.0000
