# a0	a1	a2	a3
    -27.4391	     -2.6468	    -16.9684	     -8.6723
     -8.2852	    -22.5793	     -6.5744	      0.0000
     -7.0554	      0.0000	      0.0000	      0.0000
      0.0000	      0.0000	      0.0000	      0.0000
      0.0000	      0.0000	      0.0000	      0.0000
    -39.0127	    -41.3254	    -24.4031	    -57.4670
    -25.6387	    -30.2360	    -14.8728	    -27.3830
    -11.6664	    -15.3954	    -10.1483	    -16.8601
    -20.2301	    -18.8975	    -36.2414	    -19.6806
     -3.9780	     -4.4410	     -1.8833	     -9.6480
    -70.0595	    -53.4313	    -31.7245	    -55.2983
    -39.0982	    -34.8086	    -11.3888	    -37.5481
     -8.2942	     -6.9620	     -9.9049	    -10.0452
    -16.8560	    -16.3814	     -8.3845	    -15.8761
     -5.8882	     -5.9587	     -6.0518	     -4.7712
    -48.1631	    -45.3188	    -64.9144	    -54.2616
    -22.3768	     23.2631	    -24.3833	    -21.2857
     -9.6162	    -13.6940	     -2.2834	    -13.8135
     -7.7931	     -6.8610	     -5.7790	      0.0000
    -12.7565	     -7.1242	      0.0000	      0.0000
   -122.6344	    -46.0747	   -132.2059	   -140.1579
    -95.1296	    -73.3133	    -93.6641	    -86.8997
    -35.1847	    -32.1471	    -11.1344	    -33.8164
    -34.3327	    -33.7256	    -32.4909	    -33.4339
     -1.5162	     -0.8965	      0.0000	      0.0000
    -26.0308	    -38.5349	    -47.7173	    -38.5369
    -27.2724	    -39.2778	    -31.2511	     -7.4640
    -19.6613	      9.8397	      0.0000	      0.0000
     -6.4778	      0.0000	      0.0000	      0.0000
    -24.1870	    -11.0548	    -14.3268	     -5.8352
    -48.8127	    -24.8294	    -48.9939	    -51.3767
    -26.9708	    -26.3398	    -14.1276	    -19.2104
    -10.6205	     -9.5883	    -25.0521	    -11.6553
     -5.8716	     -3.0825	     -7.1816	    -11.7254
     -9.3463	    -13.0560	     -1.0313	    -10.9859
    -40.9161	    -44.5143	    -46.8187	    -43.2392
    -38.8993	     21.0519	    -44.7580	    -39.0456
    -31.1052	     -9.2902	    -33.4309	    -29.9326
     -8.7324	     10.5950	     -6.7267	     -9.1099
    -20.0296	      2.4980	    -16.0545	    -26.9123
    -24.9860	    -13.9465	    -33.5144	    -26.0037
    -50.3828	    -47.8475	     15.4375	    -48.2758
    -25.5776	    -28.1754	    -10.6502	    -25.6472
     -6.2134	      7.6683	     -7.2065	    -10.6196
    -13.6131	     -1.6769	    -18.5590	    -15.3708
    -81.0935	      0.4228	    -83.1624	    -82.0130
   -115.1176	   -110.0435	    -23.2597	   -123.5313
    -34.2508	    -26.9831	    -14.2622	    -30.1666
    -39.2164	    -38.3528	    -13.5243	    -38.3443
    -86.7509	    -93.8736	    -44.9474	    -94.0021
    -46.6104	    -46.6240	    -44.5006	    -35.8753
    -52.0683	    -43.0882	    -46.2415	    -49.6026
     -9.6108	    -23.9222	    -32.0234	    -20.9486
     -8.8232	    -28.6179	    -22.7922	    -23.7414
    -40.2230	    -46.8571	    -43.5009	    -56.9158
    -27.2824	    -33.3549	    -48.2997	    -39.7557
    -22.6588	    -50.8084	    -49.0611	    -46.2646
    -19.8070	    -19.6395	    -18.2630	    -18.9074
    -34.8250	    -34.5380	    -27.8939	    -29.5999
    -44.3737	    -63.3105	    -56.9827	    -42.9909
    -37.3413	    -38.3341	    -47.0282	    -35.4072
    -47.8841	    -48.2117	    -44.9885	    -41.5508
    -27.8117	    -27.5533	    -30.4998	    -25.1220
    -36.3560	     -6.8160	    -42.7662	    -39.7066
    -70.0368	    -57.4560	    -60.4380	    -63.6688
     -9.4424	     -8.3314	     -7.7024	     -5.1217
    -11.0361	    -12.8430	    -23.9338	    -13.4720
    -19.0577	    -19.3000	    -24.3928	    -19.0165
    -37.4401	      2.9365	    -31.2677	    -44.0418
    -64.1600	    -29.7521	    -59.1074	    -58.7455
     -9.1398	      8.6225	     -6.0915	    -15.0692
    -35.1680	    -58.4318	    -37.4327	    -49.4143
    -21.9395	      2.0769	      0.0000	    -12.8177
    -43.4013	      9.6538	    -43.3919	    -44.1263
   -146.8937	    -55.8917	   -110.9197	   -114.0695
    -22.4074	    -35.5236	    -36.4040	    -22.8088
     -8.6199	     -2.3057	      4.3214	      0.0000
     -2.5643	     -4.0931	     14.6819	      0.0000
     11.9769	      0.0000	      0.0000	      0.0000
      0.0000	      0.0000	      0.0000	      0.0000
    -34.5651	    -34.4818	    -47.2271	    -34.4410
    -37.4003	    -30.9319	    -14.4593	    -33.9563
    -12.7794	     -9.5301	     -3.1614	    -13.5547
    -11.6041	    -11.0845	      0.3680	    -11.1114
     -7.9242	     -1.4238	     -1.7581	      0.0000
    -59.2204	    -50.4523	    -59.1645	    -64.0895
    -17.9387	    -23.7988	     -2.2118	    -21.7137
    -10.7194	    -14.6943	    -10.6110	    -16.3276
    -38.9403	    -34.2282	    -40.0196	    -43.6088
     -6.2964	     -6.0933	     -5.6010	      0.0000
    -73.6899	    -81.4739	    -39.2468	    -77.4007
    -20.8131	      4.5260	    -20.8350	    -17.5201
     -3.9180	     -3.5785	     -2.8047	     -4.6124
     -9.9460	     -3.6619	    -17.9900	    -18.6160
    -12.2514	     -9.5154	    -17.6269	    -17.4438
   -103.5728	    -42.8954	   -132.1793	   -103.2399
    -77.6940	    -12.2180	    -91.1990	    -80.1382
    -28.2253	    -43.4869	    -47.1405	    -36.0666
    -52.7524	    -28.0948	    -49.5886	    -51.5729
    -11.9206	    -12.2165	    -13.9995	     -5.3499
    -31.6970	     -4.1260	    -52.5738	    -31.4853
     14.2805	     -0.9598	     -4.2969	      2.8030
     -2.0477	     17.2211	     -6.9401	     -5.3242
    -26.1623	     16.6930	    -16.0216	    -14.9549
    -19.0287	      4.6231	    -15.7854	    -17.1617
    -61.7187	    -62.7824	    -26.9927	    -62.8425
    -53.3330	    -61.9180	     -1.2479	    -50.8943
    -20.9615	     12.1350	    -20.4586	    -21.1289
    -12.7569	      3.4760	    -11.0397	    -17.0543
    -20.5840	      3.1921	    -23.4702	    -19.0302
    -53.5463	    -27.6000	    -66.4582	    -55.7774
    -30.2944	     14.1097	    -28.6844	    -27.8613
    -21.5845	     15.6767	    -22.3847	    -25.1901
    -15.7605	     14.9143	    -23.1064	    -19.4347
    -33.1495	     -8.5237	    -43.5278	    -32.0232
    -63.0119	    -31.5656	    -61.3590	    -59.1953
    -17.8358	     13.3169	    -30.4069	    -20.4631
    -27.6023	     10.1639	    -28.1200	    -25.8173
    -23.8635	    -15.1039	    -24.6704	    -23.1129
    -25.2716	    -15.8011	    -26.6541	    -35.3433
    -67.8908	    -34.4544	    -73.7455	    -59.8664
    -46.6851	      5.7941	    -90.3846	    -43.2907
    -46.1852	    -46.6561	    -39.2506	    -47.3638
    -54.1423	     16.3313	    -50.3965	    -31.4405
    -53.1825	     -1.1254	    -66.3623	    -55.4531
    -40.5779	    -48.4155	    -24.8869	    -36.9073
    -31.2654	     -3.5042	    -34.6143	    -20.6856
     -9.5787	    -21.5542	    -12.2974	    -20.0992
    -32.1014	    -11.8530	    -29.0127	    -26.7164
    -44.4676	    -38.9073	    -34.3088	    -40.8727
    -67.7688	    -15.9164	    -69.4455	    -66.1957
    -19.3680	      8.2457	    -22.7220	    -18.2814
     -9.2069	      4.6737	    -10.4186	    -10.8701
    -30.9260	    -36.3892	    -11.3921	    -46.8265
    -70.6975	    -17.1832	    -71.0695	    -82.5906
    -38.1037	    -31.0071	    -42.7738	    -40.4920
    -52.2312	      8.5338	    -57.6867	    -43.9846
    -27.4483	     -4.0683	    -27.7361	    -26.9424
    -24.3867	     16.6303	    -34.8157	    -24.2624
    -75.3978	    -15.1790	    -83.1509	    -83.0390
    -42.0775	    -35.5283	    -49.8198	    -43.8743
    -40.6309	      1.7427	    -30.4871	    -38.0593
     -9.2985	    -45.9274	    -42.1629	    -47.0292
    -37.0408	     11.1785	    -45.8443	    -36.3795
    -89.3271	    -17.0131	    -88.2595	    -86.8303
    -24.8161	      2.0362	    -41.1515	    -24.5782
    -79.3930	      6.1440	    -81.9870	    -75.3486
    -33.2542	      4.6009	    -30.9401	    -32.1181
    -33.3874	     19.9630	    -58.0400	    -57.6376
    -91.4400	    -23.2515	    -89.1362	    -72.4958
    -15.9701	    -41.3601	    -38.5897	    -23.9665
    -12.5356	     -9.7097	    -12.0488	    -12.6090
    -10.0737	    -12.1892	    -10.3743	    -10.0063
     -3.6531	      0.0000	      0.0000	      0.0000
      0.0000	      0.0000	      0.0000	      0.0000
    -49.8967	    -54.0487	    -38.7144	    -50.0589
    -26.9044	    -10.8945	    -27.5812	    -28.0628
    -14.3539	     -9.6808	    -12.2037	    -13.4791
    -20.3865	    -17.9410	    -18.6293	    -17.3729
     -5.2276	     -5.6174	    -10.7301	     -6.1659
    -85.8383	    -81.7902	    -79.2471	    -87.6705
    -26.4092	    -25.1270	    -19.3279	    -25.0072
    -21.0130	    -16.1489	    -20.0947	    -21.5651
    -27.1405	    -25.6594	    -26.7146	    -29.2503
     -1.7016	     -1.9800	     -2.5100	      0.0000
   -101.1892	    -51.5936	   -101.7625	   -110.4138
    -34.9991	    -21.8624	    -38.0904	    -52.4206
    -18.9793	    -15.6228	    -18.3021	    -31.8353
    -54.4144	    -33.6839	    -33.4688	    -49.6758
    -24.8327	    -25.6037	    -33.6502	    -24.7403
   -188.9506	   -189.6203	   -164.0316	   -191.2933
   -147.4131	    -72.6801	   -145.4995	   -142.6613
   -143.6256	    -51.9462	   -139.5578	   -119.7093
   -176.5897	   -177.1008	   -135.0824	   -175.1454
   -101.4441	   -108.4353	   -103.2615	    -98.3820
    -23.6404	     -7.2494	    -25.1283	    -21.6045
    -15.7535	      8.0659	    -30.5567	    -19.6141
    -16.8593	      5.6434	    -15.7535	    -15.7850
     -4.7911	     16.0321	    -15.5061	     -5.6776
    -35.4982	     -1.0481	    -41.5193	    -35.0389
    -47.3644	    -12.8525	    -50.8509	    -48.9801
    -21.0874	     -5.4623	    -35.5644	    -26.0950
    -21.6295	      3.5133	    -22.7205	    -23.6414
    -20.2815	     -9.2658	    -19.5531	    -17.2961
    -57.2165	    -14.0640	    -42.7963	    -57.6387
    -77.2422	    -46.9351	    -83.0050	    -77.0417
    -31.1115	      0.8016	    -35.8395	    -27.4442
    -24.6056	     -3.7725	    -21.8970	    -25.8073
    -30.0516	      1.2688	    -31.7190	    -28.4109
    -76.9857	    -30.9282	    -79.1600	    -75.3690
    -85.6434	    -61.0817	    -82.9405	    -76.4047
    -61.3191	     -9.4240	    -86.0929	    -59.2894
    -49.9074	    -11.8221	    -62.8088	    -49.0478
    -64.6390	    -17.4828	    -54.0485	    -49.3989
    -65.5087	    -11.4999	    -62.1856	    -77.2050
   -147.9848	    -93.6924	   -150.7705	   -175.7746
   -133.7395	    -63.1438	   -147.8253	   -129.0175
    -78.2740	    -14.9671	   -131.4306	   -112.8840
   -167.6905	   -167.4996	   -103.9396	   -167.3019
   -104.3846	    -73.8919	   -180.8174	   -122.2262
    -21.0549	     -2.2408	    -26.0445	    -22.1883
     -8.8578	     11.9646	    -14.4542	    -11.9199
     -3.1222	      3.0231	     -5.6079	     -5.2007
    -14.8083	     -4.9824	    -20.6638	    -17.6283
    -33.1266	     -7.0335	    -38.4439	    -33.0753
    -63.2567	    -10.8216	    -65.8470	    -63.7782
    -14.5571	     16.7461	    -23.1329	    -14.7948
    -23.7716	      4.2932	    -23.5252	    -23.9070
    -28.9625	      4.8285	    -41.0174	    -37.6065
    -58.2693	    -15.6983	    -51.0970	    -62.0693
    -34.2912	    -26.0412	    -45.7303	    -41.7670
    -28.1616	      7.4265	    -36.6451	    -29.4528
    -35.0565	     -7.7838	    -42.0804	    -34.4553
    -16.9203	      1.1199	    -29.0803	    -15.5689
   -107.5146	    -18.1723	    -94.4352	    -92.7524
    -55.7066	    -25.5589	    -67.3706	    -58.0252
    -48.1733	    -10.4727	    -51.4659	    -48.1087
    -55.0947	     -7.4746	    -57.7990	    -58.2724
    -41.2813	      0.6697	    -42.8878	    -38.5653
    -79.3674	    -17.9449	    -97.8921	   -100.6932
   -106.9168	    -85.3164	   -118.1698	   -101.5451
   -108.1556	    -91.5947	   -114.6291	   -105.1359
   -119.4727	    -28.4691	   -134.1952	   -132.3532
   -119.0835	     -8.3192	   -108.4357	   -117.9347
   -118.9045	    -70.3048	   -128.8375	    -97.5258
      2.2270	      0.0000	      0.0000	      0.0000
     -3.5668	      0.0000	      0.0000	      0.0000
      6.7551	      0.0000	      0.0000	      0.0000
    -21.0910	    -17.1671	      0.0000	      0.0000
      0.0000	      0.0000	      0.0000	      0.0000
     -8.8518	    -13.0852	     -5.4421	    -14.7712
     -1.7122	     -1.2988	      2.0878	      0.0000
     -2.4063	      0.0000	      0.0000	      0.0000
      0.9397	      0.0000	      0.0000	      0.0000
     -0.0342	     -1.9804	      4.3509	      0.0000
    -45.5014	    -26.6289	    -45.9888	    -51.9165
      0.0000	     -7.2767	     15.2734	     -0.2297
      0.0000	      0.0000	      0.0000	      0.0000
     -0.4954	     -3.9789	    -10.5423	      0.0000
      0.0000	      0.0000	      0.0000	      0.0000
    -30.0052	    -21.2310	    -43.2830	    -34.0367
      2.9809	     -0.6524	     -0.0058	     -6.7845
      0.0000	     25.1176	      0.0000	      0.0000
     -7.7313	      0.0000	      0.0000	      0.0000
      0.0000	      0.0000	      0.0000	      0.0000
    -21.6522	    -24.5720	    -37.5542	    -11.7770
     -4.1414	     11.2717	    -10.2010	     -1.1620
     -9.6334	     26.9136	      0.0000	     -5.1525
     -1.1174	      5.2166	      0.0000	      0.0000
     -0.2998	     -1.1438	      0.0000	      0.0000
     -2.7963	     -2.0933	      6.4274	      0.0000
      3.5602	      0.0000	      0.0000	      0.0000
      0.0000	      0.0000	      8.4608	      0.0000
      8.8762	      0.0000	      0.0000	      0.0000
      3.4702	      0.0000	      0.0000	      0.0000
     -8.7948	     -8.7747	      7.8716	      0.0000
     -4.3229	     -1.6134	     30.1994	      0.3546
     -1.7968	      6.2254	      0.0000	      0.0000
      0.0000	     22.4589	      0.0000	      0.0000
     -2.2877	     -1.4277	      8.7866	      0.0000
    -12.8760	     -2.7446	     -7.1371	     -0.9141
     -6.9953	     36.7438	     17.8491	      7.0894
     -5.8893	     22.2023	      0.0000	      0.0000
     -1.0155	     -0.9791	     31.9036	      0.0000
     -2.4280	      9.8283	      0.0000	      0.0000
      1.1185	      6.7989	      1.1937	      0.0000
    -10.0927	     24.8567	      0.0000	      8.9097
     -5.5092	     32.3012	      0.0000	      0.0000
     -1.6993	     -1.3203	     22.2982	      1.2194
     -4.1503	     -1.5496	     -1.1653	     -4.1594
    -11.4016	    -13.2556	     -5.8167	     -4.9355
     -1.9954	     -1.6462	     30.3049	    -13.8133
     -3.1859	     -3.7655	     26.9395	     -8.5929
      9.5862	     -3.2308	     47.5749	      0.0000
     -6.4231	      2.3960	     35.0170	      3.3804
      0.0000	      0.0000	      0.0000	      0.0000
      5.7653	      0.0000	      0.0000	      0.0000
      0.0000	      0.0000	      0.0000	      0.0000
     -0.0917	      0.0000	      0.0000	      0.0000
      0.0000	      0.0000	      0.0000	      0.0000
      0.0000	      0.0000	      0.0000	      0.0000
     -0.1438	      9.6878	      0.0000	      0.0000
     -5.1793	      9.4896	      0.0000	      0.0000
     -6.7741	     14.7562	      0.0000	      0.0000
      0.9082	      5.2187	      3.5107	      0.0000
      0.0000	      0.0000	      0.0000	      0.0000
      2.4274	      0.0000	      0.0000	      0.0000
      0.0000	      0.0000	      0.0000	      0.0000
      3.3440	     32.3139	      0.0000	      0.0000
    -14.9147	      1.1966	      0.0000	     -0.7874
      2.5821	      0.0000	      0.0000	     -3.4277
      1.7752	      0.0000	      0.0000	      0.0000
     -4.3552	      9.7653	      0.0000	      0.0000
     -6.4615	     28.0380	     -0.7228	      0.0000
    -13.5470	      4.5856	      0.0000	      0.0000
      0.0000	     -0.5863	      0.0000	      0.0000
      0.0000	      0.0000	     30.7551	      0.0000
     -1.0031	     21.4789	      0.0000	     -2.7648
     -9.7564	     26.9449	      0.0000	      0.0000
    -19.6059	    -44.4924	      2.5066	    -16.2675
     -4.2037	     -0.8317	     -3.5608	     -0.9024
     -3.0209	     -9.9863	      0.6665	      0.0000
     -0.4864	     -0.2996	     -2.1448	     24.6859
     -9.1619	     -2.5069	      4.1675	     -2.4581
     -0.0281	     -2.0766	      3.0388	     -0.2772
    -28.5157	    -24.1646	    -34.0824	    -23.4477
     -8.9545	     -9.7742	     -8.3532	     -9.9956
     -3.7621	      4.8648	     -4.6037	     -3.1293
      1.6634	      0.4722	      0.0000	      0.9340
     -1.0808	     -1.2219	     -1.6580	      0.0000
    -49.6879	    -53.7067	    -49.8961	    -49.6911
    -11.3725	      0.7493	    -13.0548	    -12.6548
     -0.0004	      5.0273	      0.0000	     -1.5073
     -3.5117	     -5.1467	      0.8973	    -12.4829
      0.1767	     -0.5537	     -3.4058	     -0.4940
    -58.0333	    -41.5182	    -53.3913	    -62.9867
    -21.3345	      9.1959	    -18.8770	    -17.9177
      0.0000	      0.0000	      8.3929	      0.0000
     -2.0476	     -1.3361	     -0.1639	     -0.9073
     -8.0013	     -5.7939	     -9.4922	      0.5855
    -65.4214	    -52.1497	    -72.1806	    -64.5010
    -25.8747	      0.7553	    -32.1809	    -15.8198
    -14.5997	     -4.0500	    -42.1748	    -26.8727
    -22.9152	      1.1073	    -44.2522	    -22.1419
      2.8074	      0.0000	      0.0000	      0.0000
    -10.7518	    -21.4400	    -10.7926	    -12.1767
     -2.5168	      5.0759	     33.8698	      9.4928
     54.2882	     17.7311	      0.0000	     11.4247
      1.1315	     33.1050	      1.1983	     -3.0611
    -13.5848	    -17.3954	     -1.7392	    -22.6277
    -30.3093	    -31.3411	     -9.3383	    -27.2177
     -4.3781	     13.3203	      0.7357	    -11.4980
     -6.3805	     -1.9399	      2.5969	      0.1740
     -6.4236	     14.9504	     -8.5811	     -1.0123
    -16.5277	     -4.3123	    -17.4372	    -17.1846
    -40.8743	    -42.8771	    -29.6736	    -38.3176
      2.9854	      9.6936	      0.1704	     -1.8194
     -8.4858	     16.2891	      2.3155	      0.4339
      1.7885	      7.1241	      1.4545	     -0.9798
    -24.2227	     -8.2761	    -29.8211	    -24.6340
    -38.0126	    -37.3750	    -29.2947	    -33.8131
      4.5056	     14.1853	      7.0541	      0.8093
     -5.8921	     23.6761	     -1.4345	    -10.0768
      4.9297	      6.9249	      4.0928	      4.7896
    -18.0503	    -13.1106	    -19.3197	    -18.3984
    -30.4529	    -37.8092	    -45.5264	    -37.8208
      0.7739	     17.3654	     -4.5471	     -2.2456
     -0.8125	     22.2842	    -17.9629	      7.0752
      4.5355	     18.5717	    -28.6403	     -3.9055
    -15.1405	      2.8535	    -22.7280	    -16.9621
     -4.3731	     -3.3617	     -8.3468	     -2.6285
     -1.3388	     -0.4133	     11.3592	      0.0000
     26.0879	      0.0000	      0.0000	      5.4130
     -3.6199	     12.7086	      0.0000	      0.0000
    -21.0287	    -26.6667	     -7.2086	    -28.2811
     -9.3030	     -3.2136	     -5.2082	    -24.6102
     -5.6676	     16.4436	     -4.9002	     -5.9642
     -1.8911	      0.9947	     13.4481	      0.0000
     -3.9845	     11.4698	     -0.4723	     -7.2055
    -24.8906	    -25.9261	    -31.7250	    -22.8685
    -12.5687	     -9.8943	     -3.5210	     -9.5881
     -8.6919	     15.9180	      4.9573	     -2.9843
     -8.0471	     22.2033	     -7.8896	      0.0000
      1.4047	     13.5778	      0.5634	      2.1476
    -37.6171	    -30.2957	    -39.7870	    -39.0611
     -2.4982	     -1.1845	     -2.6455	    -14.9468
     -6.8931	     -6.5324	      8.6698	     -7.9105
     -1.3237	     26.6147	     -7.5749	     -5.8902
      3.3767	      2.7012	      0.6640	     -1.9854
    -59.8098	    -19.0180	    -43.1851	    -33.9693
    -11.6333	     -4.5036	    -12.2968	     -9.4320
    -13.6969	     26.3089	    -10.9393	     -5.8020
     -3.1976	     13.3910	    -13.2310	    -12.3126
     -3.8051	     10.3445	    -24.9722	     -7.5686
    -47.6781	    -26.4097	    -55.9346	    -48.6124
    -13.6743	     -7.3894	    -12.7658	    -25.5964
     -3.5113	      0.7953	     -6.6674	     -3.8814
     -0.3882	     -0.4631	     -1.9305	     22.1824
     -2.2179	     13.9642	     -1.9097	     -4.8514
     -3.2429	     -2.9569	     -3.3087	     -4.7791
    -40.7322	    -31.4541	    -31.1181	    -30.4429
    -22.1726	    -24.2347	    -21.1132	     -1.2616
     -5.9277	      7.0631	     -9.6195	     -6.4375
     -4.1749	      4.5059	     -5.1883	     -4.5074
     -4.1232	      3.8474	     -3.8538	     -6.5284
    -71.6385	    -78.8259	    -69.7550	    -68.6966
    -18.2628	    -15.5660	    -19.8117	    -19.2197
     -6.6208	     -3.6624	     -9.8078	     -6.8663
     -5.7694	      3.6216	     -5.4774	     -9.7143
     -1.5423	      2.5327	     -2.7098	     -2.9106
    -71.2384	    -69.3692	    -72.3703	    -81.1260
    -20.2926	    -15.1759	    -30.9732	    -30.9966
     -8.7471	     -7.5125	     -7.5304	     -0.8075
    -19.7586	    -10.8858	    -38.0356	    -23.1038
    -13.9589	    -13.3655	    -22.2811	    -13.9321
   -133.8638	    -83.2022	   -138.9651	   -132.1575
    -68.4519	    -30.1481	   -100.8046	    -68.3504
    -81.6001	    -51.9303	    -79.8819	    -64.1811
   -117.7622	   -103.1021	   -124.3681	   -121.9364
    -74.8964	    -72.1664	    -68.3402	    -68.6677
    -15.5413	      0.6078	    -18.1044	    -17.7121
      1.9616	     15.5985	    -21.3120	     -0.7530
      6.1085	     27.0314	     -2.6789	      3.2779
      5.2187	     21.3605	     -3.5826	      0.6649
     -8.0177	    -16.1990	    -16.1348	    -18.7702
    -38.5549	    -15.8618	    -43.3823	    -32.6666
    -14.6754	      4.9229	    -15.5521	    -12.7238
      1.8397	     15.3655	    -18.4986	     -5.6694
     -1.8121	      8.0024	     -4.8332	     -4.5886
    -15.1255	    -10.9582	    -38.8105	    -26.4501
    -60.3291	    -32.1569	    -59.8281	    -63.5542
     -9.6024	      8.8353	    -22.2900	    -13.5088
    -13.5802	     12.9543	    -12.8711	    -12.0683
     -6.6677	     -2.0244	    -20.8805	     -6.8437
    -38.2882	    -16.2057	    -44.9747	    -38.9051
    -52.3452	    -56.9251	    -55.1081	    -52.1070
    -20.9677	      6.5705	    -34.8647	    -31.3978
    -11.0858	     -4.9159	    -24.7839	     -7.1503
    -34.4619	      2.8585	    -34.8315	    -35.4696
    -37.7730	    -20.9730	    -44.3129	    -39.3474
   -115.1649	    -78.0855	   -119.2480	   -117.9493
    -69.1211	    -27.4209	    -68.3053	    -53.1317
    -44.9862	    -16.8412	    -63.6748	    -56.9691
    -81.4397	     -8.2836	    -71.9740	    -82.4057
    -55.4079	    -32.6696	    -65.3809	    -43.0989
     -4.9307	     -1.3841	     -3.8665	     -3.5421
     -1.2348	     13.8994	      0.0000	      2.7828
     -3.2538	     29.9814	      0.0000	      1.9892
     -4.0850	     19.5549	     -9.4800	     -1.4015
    -15.0651	     -2.1914	    -16.1969	    -15.9545
    -13.3950	     -8.4060	     -9.4518	    -15.1473
     -6.7266	     16.7516	    -15.9236	     -9.0409
      0.7231	     21.1323	     -5.1103	     -6.0524
     -4.7675	      8.8139	     -8.1549	    -11.9318
    -27.2354	    -26.9443	    -25.6962	    -22.7083
    -18.4040	    -23.2512	    -17.4066	    -17.4515
     -7.7803	     19.8684	     -6.2957	    -12.6875
      3.3025	     13.4283	     -7.7412	     -4.7510
     -5.9589	      6.8963	     -8.1032	     -6.6297
    -35.4870	    -18.4133	    -41.9795	    -47.0912
    -20.8041	    -14.9357	    -25.7185	    -23.3418
    -19.8223	      9.5852	    -25.0112	    -28.5350
    -15.4467	      8.1468	    -14.9763	    -12.1812
     -5.4483	      6.4561	     -4.5742	     -8.6811
    -63.4132	    -17.4296	    -44.3822	    -48.4992
    -78.8803	    -76.1003	    -80.4229	    -80.0030
    -67.8259	    -49.0235	    -91.1089	    -82.9368
    -60.5507	     -7.1831	    -56.8269	    -64.0441
    -20.6617	    -27.7713	    -43.7058	    -45.3309
    -66.0771	    -61.1507	    -84.1561	    -87.3314
     -7.3204	    -20.1258	    -17.5141	    -17.3498
    -14.9657	      0.0000	      0.0000	      0.0000
    -17.4442	      0.0000	      0.0000	      0.0000
    -18.6320	    -23.5859	     21.9448	    -12.3970
     -8.1426	    -18.9962	    -24.5246	      0.0000
     -4.5473	    -14.4156	      1.1993	      0.0000
    -10.4823	    -15.1075	     -5.2002	     -0.0176
     31.4942	      3.4391	      0.0000	      0.0000
     -1.8133	      9.6546	    -24.9974	      0.0000
     20.8418	      0.0000	      1.8496	     10.2474
     10.2868	      7.0920	     -3.1722	     10.5662
     25.3684	      2.4737	      6.1049	      5.9788
      0.0000	      6.8854	      0.6041	     35.7431
     49.2552	      0.0000	      0.0000	     11.1761
     31.7808	      0.0000	      0.0000	      0.0000
      7.7835	      7.7587	      2.4716	      5.7796
      0.0000	      0.0000	     12.7447	      0.0000
      0.0000	     15.6157	      0.0000	      0.0000
      6.7177	      3.9689	     -5.2577	     32.8716
     13.5649	      0.0000	      0.0000	      0.0000
     30.6555	      9.6842	    -18.7929	     50.8424
     57.5921	     17.9058	     11.4031	      4.8826
      9.2160	      0.0000	     36.5697	      0.0000
     87.3988	      0.0000	     16.9158	     37.7436
     43.6529	      0.0000	      0.0000	      0.0000
     13.9645	      0.0000	      0.0000	      0.0000
      1.3693	      0.0000	      0.0000	      0.0000
      0.0000	      0.0000	      0.0000	      0.0000
      0.0000	      0.0000	      0.0000	      0.0000
      1.5173	      0.0000	      0.0000	      0.0000
     17.7695	      0.0000	      0.0000	      0.0000
     28.9198	      0.0000	      0.0000	      0.0000
    -10.5085	      0.0000	      0.0000	      0.0000
     15.0444	      0.0000	      0.0000	      0.0000
    -11.1680	      2.0311	      0.0000	      0.0000
      0.0000	      0.0000	     13.0465	      9.2382
     37.6549	      0.0000	      0.0000	      0.0000
      8.7418	      0.0000	      0.0000	      0.0000
      1.8261	      6.2697	      0.0000	     45.0774
     24.8310	      0.0000	      0.0000	      3.7588
     22.9630	      0.0000	      5.6369	      0.0000
     49.7194	      0.0000	      0.0000	      0.0000
      8.8090	      0.0000	      0.0000	      0.0000
     13.0589	      0.0000	      0.0000	      0.0000
      0.0000	     18.7296	      0.0000	     -1.2868
      6.0968	     10.2974	      0.4734	     30.5437
     15.2893	     28.1374	      5.0839	     62.6600
     10.0999	      0.0000	      0.0000	      0.0000
     85.8542	     39.6532	     16.6257	     61.3627
     48.0057	     22.7127	     32.2044	     40.3375
      0.0000	      0.0000	      0.0000	      0.0000
      0.0000	      0.0000	      0.0000	      0.0000
      0.0000	      0.0000	      0.0000	      0.0000
      0.0000	      0.0000	      0.0000	      0.0000
      0.0000	      0.0000	      0.0000	      0.0000
      0.0000	      0.0000	      0.0000	      0.0000
      0.0000	      0.0000	      0.0000	      0.0000
      0.0000	      0.0000	      0.0000	      0.0000
      0.0000	      0.0000	      0.0000	      0.0000
    -12.9395	    -20.0320	     15.3686	      0.0000
      0.0000	      0.0000	      0.0000	      0.0000
      2.4474	      0.0000	      0.0000	      0.0000
      0.0000	      0.0000	      0.0000	      0.0000
     18.9091	      0.0000	      0.0000	      0.0000
     15.9780	      0.0000	      0.0000	      5.5236
      0.0000	      0.0000	      0.0000	      0.0000
      0.0000	      0.0000	      0.0000	      0.0000
      0.0000	      0.0000	      0.0000	      0.0000
     23.8667	      0.0000	      0.0000	      0.0000
     -0.1676	     14.5527	      0.0000	      3.5295
      0.0000	      0.0000	      0.0000	      0.0000
     19.2933	      0.0000	      0.0000	      0.0000
     10.1382	      0.0000	      0.0000	      0.0000
     72.0408	     20.3872	     20.9262	     43.4720
     -9.7869	      5.5903	     40.1180	      1.8524
      6.6168	      0.0000	      0.0000	     27.9462
     -4.8734	      0.0000	      0.0000	      0.0000
    -15.0779	     18.3592	      0.0000	      0.0000
     32.0151	    -22.4342	      0.0000	      0.0000
      7.3927	      0.0000	     -5.0448	      0.0000
      5.4823	      3.1407	      3.9658	      8.1250
     29.5789	      0.0000	      3.9691	      9.3864
      1.7139	      8.9717	      7.9463	     34.5036
     40.7117	     10.5961	     12.4299	      0.0000
     20.2761	      0.3854	     -2.4575	     45.0554
    -18.2637	    -14.5845	    -14.4210	    -15.9803
     18.0442	     11.0367	     -0.0980	     25.4836
     41.2664	      1.9328	      0.0000	      0.0000
     64.1741	      9.2341	     16.7829	     12.9312
     71.9200	      5.6549	     14.3345	      0.0000
    -21.1959	    -22.6647	    -44.9449	     -7.2906
     22.2542	     11.8872	     10.0721	     47.0649
      0.0000	      2.1670	      0.0000	     24.8440
     54.2638	      5.2246	      6.5329	     17.5814
     10.1857	      4.4852	      7.3913	     73.9370
    -44.6311	    -28.1054	    -68.9255	    -29.1721
     17.9345	      7.2370	     10.7102	     28.6016
     51.0692	      0.0000	     -0.3471	     39.4578
     37.5204	     42.7328	     -2.1622	     59.8710
     54.6299	      6.0432	      0.0000	      8.5568
     18.8497	      0.0000	      0.0000	     21.2218
    -16.1881	      8.2453	     40.8630	      0.0000
     32.4454	      0.0000	      0.0000	      6.9517
     28.4633	      0.0000	      0.0000	      0.0000
     20.2250	      0.0000	      0.0000	      5.1059
    -15.6890	     -3.2506	     -2.0901	    -13.4553
     29.5629	      0.0000	     10.3582	      0.0000
     24.0455	      0.0000	      1.8600	      0.0000
     22.6647	      9.3319	      5.1002	     10.9366
     16.8237	     -0.1126	      0.5415	      2.7787
     -0.8843	     -3.1221	     -2.9063	     10.4241
     28.6353	     -0.0069	      0.0000	      0.0000
      9.4266	      0.0000	     28.0562	     10.0399
     14.8052	      4.9509	     24.6891	     11.5317
      3.3142	      7.1982	      2.2360	      3.6985
     -9.2156	    -13.1308	     -6.5265	      3.7137
     23.8550	      6.0141	      6.6371	     10.9623
     11.5987	      0.8487	     12.0322	     32.4689
     23.6208	     13.4550	     22.4164	      7.8800
      8.2259	      0.0000	      1.4635	     -4.4172
     -3.0001	     -0.3777	    -16.1369	     -0.7408
     34.8962	     13.2416	     -4.5126	      8.2963
      8.2119	     13.3324	      6.9299	     47.2131
     24.3784	     23.3369	      3.0163	     22.8621
     18.4191	     17.3162	     11.6775	     26.9360
      5.6317	      0.0000	      0.0000	      0.0000
      3.2655	      0.0000	      0.0000	      0.0000
     15.2480	      0.0000	      0.0000	      0.0000
      0.0000	    -12.3195	      0.0000	    -18.1368
      0.0000	     13.2214	      0.0000	      0.0000
      7.2280	      0.0000	      0.0000	      0.0000
     10.4954	      0.0000	      0.0000	      0.0000
      7.2456	      0.0000	      0.0000	      0.0000
     15.1593	      0.0000	      0.0000	      0.0000
      3.7094	      0.0000	     17.0848	      0.0000
      8.7168	      0.0000	      0.0000	      0.0000
     16.4662	      2.9939	      0.0000	      0.0000
      0.0000	      0.0000	      0.0000	      0.0000
      7.0187	     23.7840	      0.0000	      7.5005
     -7.8290	    -19.8817	    -11.3714	     -8.2882
      2.3168	      0.0000	      0.0000	      0.0000
     10.4178	      0.0000	      0.0000	      4.0290
      0.0000	      0.0000	      0.0000	     20.5325
      5.8438	     13.9867	     32.0293	     19.1328
      2.9711	     -7.0669	      5.4583	     -4.1151
      5.8988	      0.0000	      0.0000	      0.0000
     16.0647	      0.0000	     -0.0036	      0.0000
     12.4806	      4.0585	      0.0000	      0.0000
     25.0258	      9.2980	      1.1357	     15.2189
    -17.5914	    -14.1922	    -15.3744	     11.9613
     -0.0342	    -15.5904	    -17.0436	    -19.8175
      1.0601	      7.5569	      1.5220	     34.9536
     25.2205	      1.4136	      0.0000	      0.0000
     26.9574	      0.0000	      0.0000	      0.0000
     -2.6674	     21.8518	      0.0000	      0.0000
    -15.6016	     -7.4485	    -22.6506	     13.4608
      1.2557	      9.3334	      0.0000	     26.4024
     21.6014	      5.0620	      0.0000	      9.0641
     30.3255	      2.0934	     -0.3044	     29.9517
     28.2892	      3.4921	     -0.3985	     10.1346
    -35.3166	    -40.6782	    -22.1630	    -25.0320
     26.5624	      0.0000	     -2.9608	      8.9911
     26.3583	      5.7728	      0.0000	      4.0850
     36.0355	      9.1328	      8.4858	     13.5055
     57.6593	      7.8983	     22.7585	     11.9613
    -37.7690	    -23.4095	    -36.8973	    -57.3307
     -4.0599	      3.8899	      1.9662	      7.1578
      3.5703	     13.5780	      0.0000	      0.0000
     39.4572	     10.2102	     -0.9483	     19.1950
      1.4486	     11.0849	     18.2623	     49.2770
    -67.2226	    -73.6203	   -109.8603	    -62.2796
    -52.2652	    -28.8778	    -57.1351	      4.9507
    -31.5735	    -25.8211	    -33.6178	     33.2135
    -24.9832	    -16.6671	    -37.6802	    -21.0339
    -31.2219	    -28.2036	    -33.7570	     -0.4923
     18.3573	      0.0000	      0.0000	      5.9585
      6.2472	     24.5244	      0.4852	      6.7266
     30.2508	      1.0711	      0.0000	      4.6418
     38.3037	      2.4519	      3.6207	      8.8886
     -0.3396	     12.7932	      0.3691	      3.3530
     -5.6824	     -6.0307	    -13.3272	    -20.8251
     24.3694	      7.3604	     -2.2123	      5.5852
     22.9575	      1.2371	     -2.9369	     12.9682
     25.1675	     13.2494	      1.1182	     10.0694
      5.5319	      1.8026	     -5.5463	      3.2785
    -17.7293	     -1.6627	    -23.9889	    -15.8803
     16.2597	      8.7735	    -11.1980	      8.3519
      8.2966	     13.9281	     -2.6141	      7.9460
     13.3063	     12.7807	      4.2454	     13.9809
    -10.1742	    -10.8822	     -9.9253	      0.4967
      6.3486	    -14.1592	    -16.5556	    -14.8671
      8.5100	      0.9568	     -0.3932	     13.0515
      5.0660	      2.6474	     -4.3941	     23.3046
      2.9709	      0.2516	     -1.4683	     17.6119
     -3.3490	    -15.3531	    -23.3046	    -30.9435
    -69.6853	    -72.7455	    -77.4743	    -42.0843
     -5.1956	    -24.9178	    -32.0695	    -12.3504
    -31.8735	    -26.1841	    -38.3904	     37.2208
    -22.8823	    -20.5943	    -38.4112	     -7.3308
     -2.6745	    -27.5690	    -34.7599	    -28.9407
      0.0000	      0.0000	      0.0000	      7.9879
      0.0000	     16.5325	      0.0000	      1.0807
     15.8214	      0.0000	      0.0000	      0.0000
     15.1513	      1.4170	      6.3942	     -0.0991
      7.4683	      0.9605	      0.0000	      0.0000
      4.4939	      0.0000	      0.0000	      0.0000
     19.0061	      0.0000	      3.6505	      0.0000
     20.8728	      0.0000	      0.0000	      4.0782
     -0.2724	     12.6635	     -0.5042	      3.0289
    -12.5464	    -19.1203	     -9.4828	     -8.9062
      0.0000	      0.0000	      2.0266	      7.8446
      0.0000	     20.9561	      0.0000	      0.0000
     20.7485	      5.4568	      0.0000	      0.0000
     18.1499	      2.3830	      4.5442	      0.0000
     16.7743	     -8.9325	     -7.1938	    -13.9086
     10.3040	     -4.4404	      0.0000	      4.4299
     29.6145	      0.0000	      2.0428	     -0.3048
     12.6201	      0.0000	      0.0000	      0.0000
     19.7966	      7.5475	      8.7064	     12.2676
    -32.8010	     -9.4395	    -18.6035	    -25.9578
    -41.0212	    -29.4139	    -38.3557	    -31.9624
    -20.8834	    -40.2983	    -42.3035	    -40.3570
    -21.5264	    -23.6527	    -27.6796	    -15.4332
    -47.8111	     -7.0607	    -25.7215	    -28.7091
    -87.4724	    -48.8820	    -13.6359	    -51.6289
     -3.9724	      2.2335	      0.0000	      0.0000
      0.0000	      0.0000	      0.0000	      0.0000
      0.0000	      0.0000	      0.0000	      0.0000
     13.4636	      0.0000	      0.0000	      0.0000
      1.4922	      0.0000	      0.0000	      0.0000
    -18.9704	    -20.7983	     -9.3531	    -13.4898
    -10.8059	      0.8787	      0.0000	      0.0000
      1.0130	      0.0000	      0.0000	      0.0000
     -0.1737	      2.8428	      0.0000	      0.0000
     -1.2206	     -1.4473	      0.0000	      0.0000
    -29.9095	    -29.3187	    -22.5499	    -25.0996
      3.5493	     21.5391	     -1.1217	      0.9708
      6.5309	      0.0000	      0.0000	      0.0000
     -0.1598	     10.2109	      0.0000	      0.0000
     -0.5196	      3.7766	      0.0000	      0.0000
    -10.3905	    -12.1974	      2.8159	    -20.4594
      6.5075	      9.1663	     41.2573	     -2.2055
     -1.7973	      1.2697	     44.4786	      4.3487
      2.9403	      0.0000	      0.0000	      0.0000
     -0.5031	     -0.7101	      0.0000	      0.0000
    -25.5800	    -35.1653	    -21.4613	    -68.6257
      2.5643	     -6.3851	     25.6635	    -53.8593
     -0.2643	     -0.8607	     36.6985	     -4.8959
     -0.1217	     -0.2366	     31.3923	      0.0000
      0.9459	      8.3878	     -5.4865	      0.0000
    -19.2962	      8.6445	      0.0000	     -4.4397
      6.6917	      0.0000	     37.3195	      5.9381
     36.3347	      0.0000	      0.0000	      0.0000
     15.9871	      0.0000	      0.0000	      0.0000
     -4.0083	    -21.8030	      0.0000	      0.0000
    -16.0936	     10.6528	     -0.4018	     -3.3843
     22.3348	      5.3726	      0.0000	      0.0000
     26.0228	      3.2980	     -2.7657	     -3.0147
     -0.0766	     31.1615	      3.6463	      0.0000
      0.0000	      0.0000	      8.0300	    -19.5893
      3.0967	     -1.2073	     -2.3873	     -6.9170
      1.9184	      0.2930	     35.9632	     -3.4983
     11.3310	     25.9994	      3.2675	     -2.6990
     15.8300	     37.8451	      4.4494	      6.2532
      1.4980	     24.3424	      0.0000	      2.4903
      5.0361	     17.8797	      0.0000	      0.0000
      5.6273	     34.0679	     -3.0399	     -8.4602
      1.0099	     39.5833	      5.2669	     -6.7352
      0.7821	     42.9180	      7.3014	      6.9147
     -0.9250	     -9.8187	      8.6689	     -4.4598
      0.1904	      1.0454	     17.7365	     -5.1581
      5.1565	     -1.9790	     35.7274	    -12.1237
     -0.3017	     41.7956	      9.0280	      4.4816
      1.7748	      8.9727	     39.9635	      0.0000
      0.0000	     27.7487	     -4.0005	      0.0000
    -17.8632	     -0.9205	    -18.4803	      0.0000
    -19.2335	    -20.3756	    -21.3935	      6.5766
    -19.9780	      0.0000	      0.0000	      0.0000
      0.0000	    -37.0850	      0.0000	      0.0000
      2.5228	    -22.3607	    -41.2835	     -9.9901
    -20.3373	    -19.5149	    -36.3355	    -30.3309
     -1.2646	      6.3959	    -23.8625	     -0.8092
    -16.7202	     14.4268	      0.4300	      0.0000
    -20.8945	      4.2127	    -18.0846	    -17.3929
    -36.4373	     -6.8782	    -25.0141	    -23.9807
     -4.5716	      7.4805	     -4.5920	     -3.5138
      4.5240	     11.6820	      0.2014	      0.9640
      5.2528	      0.0000	     -1.5516	     -4.0065
     -3.6477	     35.4142	     -9.6695	     -3.8036
    -34.5939	     10.4914	    -25.2522	    -33.3477
     -0.6572	     -1.5610	     -2.0198	     -3.8408
     -0.0918	      2.3633	      0.0000	      0.0000
      8.1812	      0.0000	      0.0000	      0.0000
     17.9506	     37.9489	      7.1903	     -4.9913
     -3.8032	    -19.3641	    -14.9346	    -20.7625
     12.3504	      4.3170	     -5.0618	      2.6647
     -1.0461	     16.5346	     -7.6091	      0.9688
     -1.1172	     18.2939	     -3.8102	     -1.0770
      0.6415	     35.6256	    -17.6900	      0.5830
     -9.3130	     24.2129	     -1.2543	    -19.6673
     -1.4459	     -1.5826	      6.5504	      0.0000
     -0.0910	     -0.4271	     19.8065	      0.0000
     18.7972	      0.0000	      0.0000	      0.0000
     -0.5604	     -0.7798	     26.7238	      0.0000
     -0.6748	     -0.9688	     13.2200	      0.0000
    -24.1009	     -5.8898	      0.2921	     -6.3806
     -1.5053	      1.6754	     20.6958	      1.7808
      5.6955	      3.5217	     30.0665	     -0.1920
     -0.4282	      2.2880	     18.9058	      0.0000
     -0.3601	    -20.8791	      5.7397	      2.1073
    -62.2178	    -23.5389	    -45.0145	    -57.5222
      6.9708	      4.7706	     25.4300	      2.2850
     -1.0698	     -0.8650	     25.6060	     -0.1658
      5.9364	      2.5132	     23.0250	      3.0123
      1.3705	      6.3746	      0.0000	      0.0000
    -35.8074	    -24.5586	    -34.8931	    -43.9020
      9.7127	     22.7834	      9.6648	      0.8638
     20.8767	      7.4239	     12.8261	     12.8823
      0.0000	      0.0000	     23.4375	     -0.9365
      0.1839	     -0.2133	      6.1407	     -3.2883
    -52.9016	    -22.7271	    -52.9154	    -57.6572
     -9.9621	     11.1026	    -14.0547	    -10.4943
     18.5111	      2.2516	     -0.2187	      1.5725
      5.0180	     26.7401	      0.0000	     -3.7093
     -1.2671	     12.8305	     -5.6233	     -2.3406
      9.5345	     -6.0466	    -18.0966	     -9.6839
     -1.3890	     -0.9871	     26.5299	      7.8066
     -9.9409	     47.9297	      7.5924	     22.5882
     24.9950	      6.0283	      4.7933	     14.4105
     -1.2634	     13.8437	     -3.5532	      1.4796
    -27.1005	      3.3747	    -17.1627	    -19.0333
      7.6922	     11.9712	     21.0444	      0.8670
      7.9925	     35.3674	     16.7485	      4.1779
      8.3496	     17.1838	      8.3756	      4.9510
     -7.9702	      1.9205	     -8.1879	     -9.2246
    -20.6763	    -27.2010	    -17.9966	    -25.5645
     11.6253	     13.4699	     26.5810	      8.2380
      9.2923	     23.0411	     16.6194	     12.1660
     14.1976	     19.7246	      9.8529	      7.3107
    -21.4712	      5.2787	    -24.0372	    -27.9187
    -25.5498	     -8.8653	    -26.7714	    -33.2854
     13.8673	      9.7726	      9.4163	      5.1201
     20.8639	     25.1948	     19.5085	      6.2383
     14.2004	     21.1585	      5.8259	     12.0635
    -27.8966	    -20.4353	    -11.9390	    -16.2807
    -26.5888	    -10.9474	    -26.6796	    -25.9585
      5.0037	     22.5443	    -11.2223	      5.3546
      8.9960	     24.5756	     -8.7520	      5.9168
     16.9553	     20.7160	     -0.3654	     10.0568
     -5.7053	     12.1725	    -32.7876	    -23.6820
      1.3312	     -1.9185	     -5.7780	     -6.5370
     -1.9573	     16.8008	    -31.3482	     -7.8854
      0.0000	      0.0000	      0.0000	      0.0000
      0.0000	     17.3067	      0.0000	      0.0000
    -21.6024	    -12.7126	     -8.2200	    -13.2335
      1.6118	     41.8349	     -1.6227	     -5.5207
     -0.1626	     22.7038	      0.0000	      1.9980
     -0.4652	     20.4260	      0.0000	      0.8298
     -0.2906	     17.9431	     -3.1187	    -12.1252
    -20.1062	      2.7877	    -18.5825	    -22.0949
     -1.2001	     24.8289	      0.0000	      0.0000
      3.4579	     46.2037	     -0.4111	      0.4822
      7.3276	      0.0000	      0.0000	     -2.5598
      4.8460	     31.3960	    -11.7160	      5.5638
    -48.0474	      5.5532	    -46.5064	    -38.6055
      4.5671	     31.3768	      0.0000	      0.0000
      8.6713	     12.5223	    -11.5862	     -3.1143
      0.9894	     17.7900	    -13.7539	      0.0000
     17.4953	     35.7717	      3.7928	      7.4760
    -38.1971	    -17.3008	    -42.3624	    -36.9471
      0.7213	     17.4457	    -16.9368	     -9.3375
      3.6071	     25.9380	     -6.3125	     -4.4753
     -1.3025	     26.8579	    -18.0324	     -6.7185
      9.3808	     25.4136	    -12.5432	     -0.5681
    -50.8473	    -43.4775	    -67.3170	    -51.9087
      2.8591	     -8.3863	     -9.7483	     -9.6456
      2.5430	     -2.4238	      6.9758	     -2.0123
     -1.1896	     -1.5561	     -0.2615	     20.4855
     10.7130	      1.7584	      4.6773	     -1.0875
     10.0279	      1.3568	     -1.1838	      6.7270
    -39.1074	    -24.2004	    -25.4241	    -26.1719
     -5.5280	      9.0406	     -8.8600	     -9.6175
     13.5590	     -3.3193	     -5.0958	     -4.4831
      3.9053	     17.0087	      0.0000	      6.0075
     -3.7047	     -0.8773	     -4.9757	     -5.6203
    -70.4889	    -46.8994	    -52.6304	    -55.7943
    -15.9993	    -15.6057	      5.1139	    -15.7297
     -7.4245	      8.8815	     -7.2421	     -9.5014
      0.6705	     -0.9149	      4.6474	      0.1490
     -0.8375	     -2.6413	     -7.5316	     -1.1240
    -67.6482	    -34.6326	    -38.8000	    -84.0881
    -25.6371	     12.4922	    -31.4304	    -15.3608
     -5.9977	      2.4939	     -7.1868	     -5.9652
     -7.2564	      9.9605	     -4.7484	    -11.1641
     -6.1593	     -7.8977	     -8.1757	    -22.3464
   -111.6492	    -67.0016	    -97.8671	    -96.2320
    -66.0533	    -56.1520	    -71.5462	    -71.8230
    -46.7376	    -45.5046	    -40.1389	    -45.0760
    -63.3444	    -21.8520	    -63.9139	    -81.6961
    -39.5001	    -39.9460	    -34.5339	    -39.5669
     -7.2080	      8.9621	    -15.3964	     -9.9308
     15.3476	     11.2368	     -4.9208	      2.0346
      6.1983	     23.1518	     -4.5443	      0.9642
      8.8631	     22.1568	      1.6547	      7.1235
      1.1275	      7.1909	     -8.5703	     -0.8928
    -20.5650	     -0.4500	    -29.2508	    -26.9228
      2.0831	     13.5561	    -12.1174	      0.6878
      1.6795	     22.8618	     -9.7514	      3.2206
      0.8104	     12.3829	    -15.1941	     -2.6459
     -5.3504	     -2.4128	    -26.5132	    -20.5864
    -29.6729	    -39.5361	    -41.7559	    -42.1103
      3.6423	     12.8805	     -7.1704	      3.8254
      2.8202	      9.5928	    -12.4619	     -5.6514
      2.3842	     15.7706	    -16.2585	     -0.8509
    -13.9681	     -3.5743	    -28.2744	    -23.6191
    -47.7020	    -55.2619	    -57.7974	    -60.3906
     -3.0910	      4.9454	    -13.0053	    -10.1388
     -1.0920	     -1.0728	    -10.8090	     -9.4780
      0.2689	      7.9853	    -12.2355	    -19.7946
    -26.7282	     -3.3817	    -39.2058	    -41.9240
    -66.7898	    -51.9776	    -66.5543	    -87.0596
    -26.9868	    -58.3551	    -58.9981	    -58.4706
    -25.5134	      0.9227	    -44.4131	    -19.5165
    -25.3251	    -10.8051	    -43.3464	    -63.3610
    -57.2315	    -47.9356	    -60.9780	    -60.4034
      2.8670	     16.9100	      0.0000	      0.0000
      0.0000	     29.2217	      0.9904	      0.0000
     -1.1129	     13.3253	      0.0000	      0.0000
      5.3631	    -13.2752	    -11.2049	     -7.9050
    -14.3836	     15.8788	    -21.1257	    -15.5582
      9.2239	     28.8794	     -6.3534	     -4.9582
      3.8136	     24.9686	     -2.1411	     -6.3634
     -1.7879	     28.2568	     -6.4876	      1.9072
     -1.5613	      8.0176	    -15.5779	     -1.0753
    -35.2731	     -0.9702	    -36.1213	    -32.9960
      2.8587	     27.0559	      0.0000	     -3.3670
      3.8753	     25.0444	     -1.7843	      0.5806
      1.7239	     15.5471	     -8.4452	     -1.8175
      4.4904	      4.9899	     -4.2398	     -0.6139
    -28.2906	     -7.0481	    -29.6005	    -37.9464
      5.6572	     10.2718	    -20.8626	    -31.7391
     -1.7383	     20.2592	     -7.1803	     -8.7601
      0.2304	     15.9196	    -12.7970	    -12.7810
     -2.0748	      8.8115	    -17.4330	     -8.4934
    -41.0882	     -8.7632	    -51.6700	    -38.1800
    -41.3485	    -34.7320	    -62.8065	    -57.5237
    -49.9189	    -34.0765	    -51.6722	    -50.8761
    -34.4628	    -16.6672	    -53.4552	    -60.9777
    -36.7520	     -0.5942	    -38.0837	    -42.4656
    -83.4735	    -64.5712	    -83.1291	    -78.3272
      0.0000	      0.0000	     14.5213	      0.0000
     -1.5664	     -3.3775	      8.6881	      0.0000
      4.8231	      0.0000	      0.0000	      0.0000
      0.2278	      0.0000	      9.8690	      0.0000
     -0.9989	      0.0000	      0.0000	      0.0000
     -3.7850	    -11.3194	     -9.7345	     -5.4150
     -2.2706	     -1.8964	     14.6334	      0.0000
      2.4624	      0.0000	      0.0000	      0.4008
     -0.3223	     -0.6694	     20.3503	      0.0000
     -0.1830	    -22.6919	      0.0000	      0.0000
    -33.4604	    -31.4315	    -19.1010	    -20.2411
      9.8686	      1.5851	     24.7083	     18.7877
      2.0882	      0.0000	      0.0000	      0.0000
     16.8263	      0.0000	      6.3071	      0.0000
      3.4454	      0.0000	      0.0000	      0.0000
    -30.0741	    -19.7849	    -33.6783	    -22.2344
     29.2118	      7.7471	      8.8949	      7.9347
     11.9931	      0.0000	     40.9979	      0.0000
      8.7771	     -8.3413	      0.0000	      0.0000
      0.0000	      0.0000	      0.0000	      0.0000
    -15.8241	     -0.7681	     -3.4175	      6.1958
     -0.2158	      5.0945	     11.6819	      2.0524
     14.8569	     14.9169	     14.5606	     21.4742
      4.3966	      0.0000	      0.0000	     26.1918
      0.0000	      0.0000	     22.5727	      0.0000
    -13.9696	     -2.0008	     11.5145	      0.0000
     -0.3017	     21.6255	      0.0000	      0.0000
     22.0174	      1.0955	     47.2856	      0.0000
     -1.6190	     -1.6582	     21.7210	      0.0000
     -1.2782	     -1.8856	     12.2874	      0.0000
     -1.1215	      1.3662	     18.4458	     -6.0160
      1.7262	      2.9993	     36.1155	      0.0000
     14.8490	     11.9177	     44.7432	      6.4942
      5.5233	      5.1740	     28.1368	      4.6036
    -11.9015	     -1.9729	      4.3759	      0.0000
      1.4600	      4.0419	     10.0705	     -0.4334
     19.3855	      4.8926	     26.7969	     15.7582
     13.2808	     16.3796	     38.7921	     13.0928
     18.8296	     16.3724	     28.2699	     13.8940
     -4.1538	     -3.1250	      8.5787	      1.3270
    -15.5065	     -0.8670	     15.0059	     -4.3411
      5.5043	      6.9753	     37.9697	      9.7841
     14.6627	     31.2338	     40.3153	     22.5191
     -0.0678	      5.1538	     28.9475	      2.7923
     -2.6048	    -20.1381	     11.6517	    -15.8447
     -5.6805	      6.0488	      7.8572	     11.9233
     25.5762	     34.5754	     36.4832	     10.3263
     28.5053	     26.4691	     45.2505	     30.5557
     19.8926	     23.5880	     43.7620	     18.7323
      3.0115	      9.3236	      0.8080	      7.5846
      0.0000	      0.0000	      0.0000	      0.0000
      0.0000	      0.0000	      0.0000	      0.0000
      8.8174	      0.0000	      0.0000	      0.0000
    -19.9044	      2.5933	      0.0000	      0.0000
    -18.5879	      0.0000	      0.0000	      0.0000
      0.0000	      0.0000	      0.0000	      0.0000
     -0.6245	      5.2696	      0.0000	      0.0000
      1.9268	      0.0000	      0.0000	      0.0000
     -0.0533	     -0.1327	     12.0769	      0.0000
     -6.0157	     -4.5361	    -15.4584	     -9.8789
     -1.5257	      3.0509	      0.0000	      0.0000
      4.0826	      0.0000	      0.0000	      0.0000
      0.9266	      0.0000	      0.0000	      0.0000
      3.1990	     10.4061	     22.8771	      6.4791
    -10.2946	    -10.6102	     -4.9960	    -14.8158
      0.0000	      0.0000	      0.0000	      0.0000
      7.4100	      0.0000	      0.0000	      0.0000
     13.3259	      0.0000	     20.5017	      3.4901
     33.0716	     16.6424	     15.2956	     14.1439
    -22.8425	    -13.4062	     -4.2260	    -18.7682
     -0.8093	      2.6383	      0.0000	     -2.5403
      1.5647	      0.0000	     33.0123	      0.0000
     21.9456	     16.9530	     16.6840	     10.7418
      7.5459	      7.0099	     17.9896	      0.7502
     15.3198	    -13.3556	     -5.8730	    -19.5901
     -1.3012	     -3.3909	      5.9634	    -17.6522
     -1.3352	     -4.4185	      8.0654	      4.4093
     -0.6315	     -0.3411	     30.7372	      0.0000
     -0.9104	      2.7042	     -1.1204	     37.1903
     -0.8693	     -0.3995	     14.0241	      0.0000
    -29.3740	    -35.8876	    -21.5482	    -36.2002
     -5.7861	     -7.0090	      7.5896	     -9.6724
      6.8803	     12.6899	      1.5200	     16.1837
     18.2690	     -0.6226	      2.7002	      7.2324
      8.4309	     -9.2750	     -3.4006	     -2.6461
    -59.1723	    -52.1201	    -52.2616	    -39.0354
     -5.5033	     -6.1655	     -1.1199	     -6.4433
     12.8250	      0.9133	      0.0000	      2.4243
     -0.5552	      0.1210	     -2.0298	      9.0705
     -1.3815	     -1.7068	      0.9548	     -1.5513
    -55.7461	    -59.0768	    -53.6137	    -70.4159
     -6.7777	     -2.5441	     -5.6227	      4.8252
      8.5506	      4.7674	      4.5479	     24.1720
     15.3454	     -1.0883	      5.9356	      5.3036
     -0.1360	     -0.0726	     -2.9775	     -0.1855
    -73.2906	    -56.0518	    -67.1541	    -73.3054
    -23.0547	    -15.1446	    -23.0730	     12.4029
      6.7061	     -7.8905	    -22.3157	     -8.0451
     20.4160	     -5.4698	    -10.7746	     -2.6749
     13.0883	      1.1306	      0.0000	      3.7609
     -6.7150	    -20.0317	    -12.3722	    -27.8234
      8.1480	      7.7281	      6.6935	     22.6390
     19.2072	     44.3919	     13.6358	     12.9590
     10.2954	     14.5481	     25.3995	      3.0607
    -19.3540	     -9.0117	      4.5614	     -5.5093
    -19.1501	    -19.0879	    -18.3766	    -26.4191
      1.2836	      0.8553	      5.2274	      0.6930
     13.2513	     11.9614	     16.2867	     11.0259
     -4.3586	      2.0830	     -2.0823	     -4.5771
    -28.2966	     -9.1617	    -30.6573	    -31.9550
    -22.0139	    -24.7466	    -26.2343	    -26.7609
      4.2089	      3.7662	      5.1979	      8.3417
     21.4393	      8.4610	      7.5715	      1.4707
     -0.0151	      0.2938	     10.2078	     -2.1547
    -19.5440	    -24.3813	    -11.9052	    -20.9714
    -38.7227	    -36.3517	    -34.7771	    -26.3752
     17.7861	      5.7972	      4.8110	      8.7629
     21.0203	     18.6432	     13.6320	      8.6224
      1.4941	      7.4943	      0.8358	      0.3653
     -2.5017	    -19.7153	    -23.2201	    -21.1119
    -29.8973	    -32.9562	    -30.7154	    -28.9737
     10.2064	     10.6585	     -0.0240	     14.4633
     18.7358	     14.6734	      4.9331	      9.3382
     16.7689	     11.8978	      5.7410	      5.6640
      3.5926	     -4.3728	    -12.7564	    -14.5296
    -18.7399	     13.5522	      0.0000	      0.0000
     14.8186	      4.2030	      0.0000	      0.0000
     17.3665	      0.0000	      0.0000	      3.7577
     -2.9742	     13.3830	     -2.4542	     -1.9862
     -1.7584	    -21.9637	      2.4362	     -1.3710
     -0.5491	     -2.3250	     -0.9448	     -2.3305
     -0.9427	      9.6386	      0.0000	     -1.1406
      6.6636	     17.4282	      2.6945	      0.0000
     -1.7146	      5.7599	      2.2732	     -6.2025
    -28.5734	     -8.8294	    -15.3830	    -13.9155
      2.1220	     -3.9426	     -1.4062	     -2.3341
     -1.3130	     -0.7643	     12.9726	      1.1749
     -1.3973	     16.9945	      0.0000	      0.0000
     -2.7297	      4.7709	     -4.9713	     -7.1878
    -30.5012	    -28.4329	    -24.1706	    -39.8186
      9.9555	     -2.8413	     -3.7279	     -1.7098
     -1.0168	      9.0270	      0.0000	      0.0000
      3.6873	      3.9220	      6.4116	      0.0667
     -5.8293	      0.3912	     -5.0137	     -3.6500
    -43.8191	    -47.6030	    -36.7041	    -49.9817
      3.3113	     -1.8470	    -12.7976	     -1.5224
      0.0000	     23.9368	    -27.3961	      3.6686
      0.2113	      4.7125	    -18.4497	     -1.5065
    -14.9359	     -8.2716	    -19.8299	     -2.9806
    -60.8796	    -29.2842	    -73.1117	    -54.6164
    -19.3810	    -10.6990	    -11.9361	     -4.6787
      0.8841	     -3.5953	     -6.5208	      5.0943
      5.0155	      8.7510	      2.6625	     35.4887
     -0.0563	      1.9484	     -0.0425	     28.3110
     14.1431	     -1.1336	     -2.3136	     -0.9087
    -25.5142	    -39.8833	    -31.7908	    -21.9458
     -4.6395	     -0.7341	    -11.2980	      5.5764
     16.6154	      0.2990	    -10.1425	      0.6381
      3.6793	      5.6773	     -4.2490	      3.3145
      3.4130	     -5.4941	     -7.7540	     -6.3283
    -61.5883	    -69.3101	    -62.8338	    -62.8462
    -15.9199	    -12.3129	    -19.3548	      8.0705
     -0.2978	    -11.7245	     -5.4119	      4.1068
      6.8666	     -8.2821	     -4.4044	     -0.8513
     -0.4094	     -5.1023	     -6.1881	     -6.6129
    -80.1747	    -68.0551	    -75.5127	    -73.1039
     -4.5509	    -17.8189	    -21.5285	      1.8630
    -12.4185	     -4.2509	     -6.7414	      4.0233
    -20.0671	    -13.2571	     -7.7890	    -14.6948
     -7.9506	    -12.8456	    -10.3410	    -10.4047
    -78.2984	    -76.8535	   -105.8931	    -77.2006
    -41.3364	    -44.1970	    -47.2939	    -45.0559
    -26.8086	    -42.5153	    -51.0636	    -39.1709
    -67.0219	    -31.0776	    -75.4898	    -75.9160
    -32.0977	    -57.9193	    -58.2594	    -61.3924
    -13.4506	     -9.9862	    -24.8977	    -14.0125
      4.2634	      4.8930	     -7.0712	     22.7074
     43.6077	     27.9511	      9.2613	     20.2029
     13.9723	     13.3463	     -0.1900	     18.1798
    -22.8563	     -6.1279	    -15.9332	    -21.9979
    -28.1529	    -26.9215	    -31.4446	    -20.6271
     -1.7297	     -1.6145	     -7.4939	     -1.6302
      9.9403	      4.5259	    -11.2268	      4.2148
     -5.2776	     -2.6233	    -15.5955	     -6.3401
    -25.5795	    -19.5247	    -34.5639	    -26.6432
    -28.4484	    -29.1445	    -36.1811	    -38.3060
      3.3047	     -3.5502	     -3.7628	     -0.5150
      5.6517	     -1.4083	     -8.9737	      0.2437
    -10.4945	    -10.2015	    -18.3388	    -10.4149
    -23.5537	    -26.9962	    -41.8504	    -34.2173
    -41.3712	    -44.6748	    -56.0343	    -46.6424
      1.6486	     -5.2852	    -13.3631	     -8.6216
     -1.1593	     -1.8130	    -14.9283	     -4.5460
     -5.5098	     -3.9341	    -17.3899	     -6.1234
    -38.9881	    -30.6226	    -40.4027	    -35.4579
    -49.4681	    -71.3242	    -72.8777	    -62.9070
    -14.6337	    -32.3813	    -39.1761	    -32.2265
     -7.6326	    -33.7675	    -33.2895	    -28.5939
     -6.3070	    -20.8683	    -40.9021	    -31.7804
    -61.0184	    -57.2317	    -68.9103	    -37.6214
      4.1769	     -1.3743	     -3.8714	     -1.0285
      9.5108	     19.6053	      1.0867	      0.1690
      4.5524	     38.9959	      2.5142	      6.6886
     -0.5667	     13.9313	      5.4915	     -1.1340
    -22.6724	    -20.4580	    -10.1901	    -13.3600
      9.6911	     -1.5931	      1.5669	      1.1767
     10.5528	      0.9754	     -8.1827	     -1.1676
      5.1844	     15.7769	     -1.9337	      0.3727
    -12.5035	      0.7833	    -14.8712	    -13.9538
    -44.3500	    -44.3889	    -44.3374	    -32.4382
      1.6706	     -6.4493	    -11.0969	    -11.4319
     -3.0419	     14.6114	     -9.4510	      1.7814
      2.0680	      7.4379	     -9.9260	     -0.4563
    -14.4661	     -4.3018	    -25.3909	    -13.7810
    -46.3881	    -36.9148	    -47.0959	    -48.6698
     -4.9888	    -27.9676	    -24.5672	    -18.6424
      6.6172	    -15.4207	     -8.6115	     -9.3329
     -4.7965	     -2.4412	    -17.5613	     -8.3165
     -9.1775	    -19.4107	    -18.2057	    -17.9789
    -54.5217	    -46.0854	    -56.1194	    -54.3924
    -56.0756	    -62.4121	    -65.5920	    -63.7135
    -55.6680	    -71.1584	    -69.2781	    -65.5414
    -36.4878	    -16.9598	    -41.1148	    -48.7748
    -35.1399	    -28.7807	    -35.3149	    -41.8733
    -87.5957	    -66.3188	   -100.8521	    -83.8020
    -52.4714	    -33.1344	    -40.2372	    -46.0307
    -20.9421	     -4.2747	    -12.5055	    -20.0788
    -24.4340	    -18.3218	    -20.1309	     -4.6682
     -4.2375	    -20.1692	    -29.4605	    -25.5098
     -1.8368	      0.6690	      0.0000	      0.0000
    -52.4944	    -37.5192	    -37.4712	    -12.9886
    -12.8238	    -20.1314	    -32.4705	     -5.2656
     -0.6286	    -11.3474	     -1.9395	      0.6669
     -5.9534	     -6.6439	     10.1981	    -10.4109
     -1.7477	     -0.1643	     -6.7084	      8.1169
    -11.8175	    -13.9855	    -13.3847	      9.5295
      1.3207	     -5.1678	     -1.8500	     35.6777
     -0.5892	     -7.2762	     -6.3617	      9.6039
     -0.2044	    -11.2321	     -6.1186	     -0.4818
     -0.5855	     -2.8219	     -3.0489	     23.8676
     -1.1040	    -29.6149	    -24.2562	    -22.4185
     17.3324	      4.5822	     13.1181	     36.3074
      0.0000	      0.0000	      0.0000	     16.1282
      0.0000	      0.0000	      0.0000	     29.8136
     10.0493	      0.0000	      0.0000	      0.0000
     -5.7696	     -7.8392	    -18.2144	     28.9051
      6.6808	    -17.5699	     -6.7785	     27.3464
     -1.3721	     -8.2855	     -5.8773	     24.4422
      9.7055	     -8.8623	     -8.5696	     -1.1780
     -1.1687	     -1.2574	     -0.5173	     -1.2536
     -0.5961	      4.6192	      0.0000	      0.0000
    -12.8212	      0.0000	      0.0000	      0.0000
     34.3902	      0.0000	      0.0000	      0.0000
     14.4812	      0.0000	      0.0000	      0.0000
     -4.7466	     -8.4777	      2.8988	    -24.7041
     -1.0418	    -10.5486	    -22.0197	     13.4749
     -0.7902	     -3.8142	     25.9307	      0.0000
      1.2372	      0.0000	      0.0000	     18.8417
     -0.1090	     -7.6823	     30.6606	      4.5506
      2.4988	    -11.5654	    -12.5951	    -16.7844
     -1.2354	     -8.4175	     -0.4110	      9.9462
     -0.6316	     -3.2155	     -2.5079	     31.8572
      0.0000	      0.0000	     36.7380	      0.0000
      5.0510	      5.2011	      6.4958	     28.1554
      0.5904	     -8.3324	     -2.8760	     13.0126
      2.2296	     -0.4568	      0.6360	      0.0000
     -0.3965	      0.0000	     34.7874	      0.0000
     -0.9352	     -1.0852	     42.0531	      7.3364
      4.8818	      0.0000	     36.2539	      1.1034
     -1.2292	     -5.1383	      5.8942	     24.0694
      8.2641	      3.4337	     -1.6431	     21.7562
      7.4857	    -15.8480	      1.0328	     33.6622
     -0.6685	     -1.0138	     32.5768	      0.0000
     -3.6159	     -3.6812	      0.1558	     49.9353
     25.6234	    -15.4862	     22.2437	     37.3211
     -1.9205	     -0.5175	      0.0000	      0.0000
      0.0000	      0.0000	      0.0000	      0.0000
      0.0000	      0.0000	      0.0000	      0.0000
     -0.9595	      6.3786	      0.0000	      0.0000
    -20.1965	     -6.3744	     15.5333	      0.0000
     -1.5856	      6.4884	     -1.1221	      0.0000
      0.0000	      0.0000	      0.0000	      0.0000
      0.3867	      0.0000	      0.0000	      0.0000
      3.5792	     -8.4177	     -6.7286	     -1.2314
    -18.9796	    -27.4340	    -25.1578	      3.7953
     -0.3307	      0.0000	      0.0000	      0.0000
     -0.0197	     -3.8315	      6.6667	      0.0000
     -1.6198	     -3.7618	      0.0000	      0.0000
      0.0769	     -6.4573	     39.9273	      0.3807
    -15.7740	    -18.8338	    -23.5329	      0.5855
     -0.2565	     -1.3567	      4.1487	      0.0000
     -0.1374	     -0.3345	      0.0000	      0.0000
     27.6623	     -5.0909	      0.0000	      7.2592
      0.0000	     -0.8963	     34.4981	      1.4874
    -19.5403	     -8.0049	      1.6548	    -14.4694
     -1.6262	     -8.1640	      7.0494	      0.0000
     -0.4911	     -0.6401	     -7.4439	     10.6312
     -1.8801	     -0.1948	     25.3223	      0.0000
     -4.3348	     -5.3252	    -22.0962	     31.3294
     -3.1861	    -13.0171	    -44.6876	     27.5108
    -22.3139	    -21.3324	    -31.3891	     17.9444
     -2.5556	     -5.8594	     -1.0993	     13.2428
     -2.0178	     -6.3710	      7.0166	      0.0000
      0.4253	      5.2815	     -4.7699	     32.4706
     -1.5110	     -1.8087	     -5.3607	     22.3097
    -38.3672	    -36.8990	    -56.9214	      3.6547
      1.6579	     -1.9154	     -6.6736	     21.7421
      4.7706	     -0.8240	     -5.1945	     33.5057
     -0.2411	      1.4068	     -4.0416	     26.7604
     -0.4732	      6.4069	     -1.7680	     16.7098
    -18.5480	    -14.2057	    -22.6902	      1.3345
      1.9228	     -0.6952	     -0.0764	     16.4144
      4.5572	     -5.7938	     -6.7905	     24.2749
     -0.0545	     -0.4700	     -6.1379	     28.4821
      1.4714	      4.6877	      3.4144	     42.8108
    -32.0783	    -32.8386	    -37.7340	      5.5642
     10.3451	     -3.9043	      6.2614	     25.2037
      0.0202	     -7.0324	     -5.6656	     28.8008
     -2.0923	     -3.7233	    -15.1971	     21.6960
      0.9960	      0.0000	      0.0000	     28.3493
    -70.6064	    -61.7674	    -77.6426	    -10.8566
      4.4858	     -6.2600	    -25.6387	     16.9288
      4.7086	      6.9896	     -9.7233	     29.7037
      2.8564	     -4.3631	    -24.0009	     39.3713
     -0.6304	      1.6530	     -7.0994	     30.4785
     10.1686	     -4.2547	      0.6706	     21.9024
     10.8044	      5.0432	     -1.0697	     24.7000
     54.3095	      3.3582	     22.5950	     13.0968
      1.1183	      8.6200	     22.8344	      0.0000
      0.0222	     -6.4018	     17.0901	     -2.2852
    -30.8973	    -11.7172	    -12.9117	      7.8969
     12.9175	     -0.6088	     17.7192	     28.3404
      9.7101	      0.5136	     20.5955	     14.1400
      7.1047	      2.0553	      4.9091	     18.5607
     -8.3929	    -12.3389	     10.1207	    -14.2734
     -4.1132	     -6.9470	     -7.7954	      3.7776
     13.5894	      0.0671	      0.8434	     21.6465
     18.0976	      4.1188	      7.8661	     21.1769
     10.7634	     12.0421	      8.7183	     26.0161
     -6.1537	    -19.7906	    -12.5769	    -11.3108
    -26.4029	    -35.2797	    -41.0878	      5.0806
     16.4569	      6.8105	      6.1634	     22.2395
     15.9418	     12.2392	     24.9664	     29.9206
     14.1783	      7.7279	     12.0231	      6.0572
    -10.7696	    -33.3330	    -14.2439	     -7.1591
     -3.0146	    -11.5897	    -20.7436	    -13.2938
     13.4509	     14.5743	    -20.0307	     25.3031
     15.3766	      0.2972	      0.0214	     22.6023
      9.0490	      9.1367	      6.6196	     26.4445
     -2.3794	    -24.4770	    -23.8702	     16.8376
      1.2420	      0.0000	      0.0000	      0.0000
     -0.6592	     -4.2607	      0.0000	      0.0000
     -0.6607	      8.6307	      0.0000	      0.0000
     -1.5528	     12.4193	      0.0000	      0.0000
      7.5650	    -11.7926	      0.0000	      0.0000
     -1.7021	     -4.5038	      7.2346	      0.0000
     -1.7076	      0.8770	     19.2179	      0.0000
      3.2420	     -1.7866	     26.9227	      0.0000
      2.4420	      5.0003	     18.7511	      0.0000
     -1.8811	     -1.7914	     -9.8524	      2.5132
     -1.1234	     -3.8687	      9.4292	      0.0000
     -0.6420	      2.3280	     20.3957	      0.0000
      5.4276	      4.0041	     25.3140	      0.0000
     11.3075	     -3.0205	      7.9723	      7.3187
    -35.4798	    -27.5550	    -25.3304	    -12.2357
      0.4167	      0.0000	      3.6234	      0.0000
      0.9397	     -6.7199	     27.4579	      0.0000
      7.4161	      0.0000	     33.3324	      0.0000
     12.5213	     13.2198	     20.2825	     10.6481
    -37.0729	    -32.8436	    -13.5057	    -35.2810
     -0.9848	     -0.0144	     -2.6071	      4.0048
      5.0850	     -0.5453	      0.4498	     17.3770
      1.9832	      2.9441	     -1.2825	     11.7323
    -13.7811	    -13.2155	     -9.8961	     14.0021
    -52.5499	    -74.6855	    -33.7292	    -63.2448
    -39.0470	    -38.1203	    -41.2126	    -49.1458
      3.5647	     -1.6718	     -6.2616	     19.2814
     -0.6052	     -5.6238	    -10.1621	     28.1563
     16.8639	     -9.4418	     -6.1475	     -1.0938
     -0.6411	     -2.8690	    -13.7586	     27.6125
    -16.1908	    -32.6608	    -20.0182	      4.3469
      1.3785	     -4.4184	     -6.5363	     11.3918
      6.2439	     -1.1542	     -4.6974	     23.8330
     11.7021	      6.4655	     -6.2374	     29.5038
      8.5077	     -3.0772	     -8.8854	     23.6208
    -54.1240	    -47.2792	    -55.5963	    -56.8054
      4.0270	     -5.0353	    -11.7066	     15.5936
      2.8375	      0.0000	      0.0000	     17.7264
      2.5090	     -2.1019	     -2.2781	     15.0421
      4.4346	     -2.0450	    -12.2621	     34.4395
    -43.8019	    -99.3010	    -97.6578	    -79.4940
      0.4448	     -5.7115	    -20.6917	     16.8117
      1.6971	     -1.3419	     -9.7683	     14.9141
      5.2316	      1.3473	    -11.0407	     17.8721
      1.2381	      4.6452	    -22.3694	     27.1751
   -101.4248	    -90.7804	    -97.7508	    -61.9530
    -41.2254	    -44.2999	    -47.0634	    -17.7401
    -33.1649	    -64.3774	    -46.8628	    -10.8455
    -41.6771	    -52.5073	    -39.6109	     -3.4380
    -41.2544	    -48.7323	    -49.1208	    -15.4690
    -16.3369	    -18.3915	    -19.3372	     -2.7313
      7.3817	      5.5106	     -5.4661	     15.7631
     10.4224	      3.6254	     -7.0260	     30.7002
     14.8333	      5.1474	     -7.5568	     22.3439
      0.7155	     -2.5691	     -5.3411	     15.0362
    -12.1760	    -13.2042	    -19.4706	      0.7455
      2.6268	     -0.5611	     -7.2655	     12.2424
     12.7880	      8.9206	     -7.1950	     15.8782
      2.2141	     -0.7477	     -9.1884	     18.0754
    -15.1002	     -6.4282	    -15.8655	      2.5885
    -33.2144	    -18.8820	    -28.0544	    -10.5302
     -1.3943	     -3.3053	    -14.7103	      8.3086
      1.4658	     -8.6597	     -8.4363	     16.1058
      6.0114	      0.7816	     -7.7568	      0.2186
    -28.6819	    -39.8004	    -44.9176	    -39.1388
    -24.9846	    -19.2692	    -32.6798	     -7.6349
      2.7236	     -5.8805	     -9.0735	      9.1622
      1.7094	     -7.9561	    -18.5780	      9.5531
     -3.5752	     -5.1173	     -2.9577	     23.8708
    -51.7531	    -38.9323	    -42.6996	    -12.1760
    -82.2726	    -84.9275	    -86.8122	    -60.2636
    -31.2787	    -39.1151	    -47.8129	    -17.7474
    -28.0450	    -26.7737	    -43.2475	     -6.7048
    -43.3065	    -57.2535	    -56.0509	    -13.2504
    -45.2721	    -43.6735	    -42.8500	     -8.2425
     -0.7328	     -4.1159	      0.1005	      0.0000
      4.0856	      5.0804	     11.8853	     -1.1036
     -1.7956	     -1.2227	      1.6307	     10.9585
     -0.4217	     -2.1904	     15.4336	     -1.2486
     -5.8479	     11.2603	     -1.4397	     -7.7313
     -0.0507	     -4.4892	      0.8298	     -1.1048
     -3.3230	     -3.7234	     -3.3180	     10.2152
      2.9479	     -0.2146	     -0.9647	     17.9262
     -7.2525	    -10.6117	      5.5216	    -10.8708
    -41.5571	    -21.1157	    -34.0842	    -12.8671
     -3.2327	     -6.9896	     -2.1954	     -0.2495
     -2.0934	     -5.7949	     -3.0263	      9.3710
     -5.7868	     -6.1088	     -4.7970	     -7.0569
    -13.5418	    -12.7536	     -7.9081	    -12.0842
    -32.8422	    -40.3240	    -42.8540	    -64.7152
    -15.5128	    -15.6077	    -14.5019	    -12.6619
    -11.6958	     -2.6211	    -10.4923	     14.3526
     -5.7549	     -2.4701	     -2.8243	      1.3942
    -14.5241	    -18.1104	    -15.0267	     -2.2613
    -47.6016	    -68.4875	    -45.1874	    -44.8619
    -42.5034	    -40.9214	    -50.3098	    -42.0268
    -59.5173	    -69.8448	    -71.8276	    -30.6348
    -47.5690	    -42.1442	    -43.8452	    -22.2463
    -49.4302	    -38.9227	    -38.7765	    -27.3643
    -67.5957	    -67.8383	    -70.1049	    -50.1183
    -29.2440	    -17.1890	    -24.6527	    -18.0143
      0.0000	      0.0000	      0.0000	      0.0000
      0.0000	      0.0000	      0.0000	      0.0000
      0.0000	      0.0000	      0.0000	      0.0000
      0.0000	      0.0000	      0.0000	      0.0000
     -0.4895	    -20.2117	     -6.7256	    -18.4431
      4.9333	    -18.7539	     -4.5428	      0.0000
      0.0000	      0.0000	      0.0000	      0.0000
      7.1295	      0.0000	      0.0000	      0.0000
      0.0000	      0.0000	      0.0000	      0.0000
     -0.1935	     13.8300	    -17.0366	     -7.3248
     23.8996	      5.2828	      0.0000	      0.0000
      0.0000	      0.0000	      0.0000	      0.0000
      6.4756	      0.0000	      0.0000	      0.0000
      6.2340	      0.0000	      0.0000	      0.0000
     -0.5217	     -0.7422	      9.2441	      4.4580
     28.1893	      0.0000	      0.0000	      0.0000
      0.0000	      0.0000	      0.0000	      0.0000
      0.0000	      0.0000	      0.0000	      0.0000
      0.0000	      0.0000	      0.0000	      0.0000
     14.6745	      0.8904	      7.5658	      0.0000
     39.5989	     13.1334	      0.0000	     11.3232
     15.5404	      9.4847	      6.1777	      0.0000
     15.1614	     30.3990	      8.1024	      7.5720
     13.2832	      0.0000	      6.8757	      0.0000
    -20.1730	      0.0000	      0.0000	     14.6753
      0.0000	      0.0000	      0.0000	      0.0000
      6.4890	      0.0000	      0.0000	      0.0000
    -19.7520	    -15.9281	     11.1978	      0.0000
      0.0000	      0.0000	      0.0000	      0.0000
    -16.9965	     18.7136	      0.0000	      0.0000
      0.0000	      0.0000	      0.0000	      6.9278
      4.6449	     15.6123	      1.9316	      0.0000
     34.9610	      0.0000	      0.0000	      3.9787
     -8.3749	     24.5105	      0.0000	      0.0000
     17.1367	      5.8151	     10.6849	      0.0000
      8.5852	      0.0000	      0.0000	      0.0000
     16.7219	      0.0000	      0.0000	      0.0000
     40.9329	      0.0000	      9.5365	      0.0000
     20.1369	      0.0000	      4.7430	      0.0000
     -4.5143	     19.3983	     -0.8935	      0.0000
     32.2971	      0.0000	      0.0000	      0.0000
      2.3519	      4.9386	      0.0000	      0.0000
      0.7120	      0.0000	     34.4059	      7.9618
      6.4357	      0.0000	      0.0000	      0.0000
     57.4949	     39.1575	     27.5349	     28.4485
     76.5915	     17.7932	      0.0000	      8.6318
     45.4735	     43.4547	     27.2167	     29.5158
     55.1102	      0.0000	      9.3959	      2.1856
     29.5292	      0.0000	     -9.9113	      5.4899
     23.1464	      0.0000	      0.0000	      0.0000
      0.0000	      0.0000	      0.0000	      0.0000
    -11.2386	      7.9664	      0.0000	    -18.3541
     -6.8877	     42.6342	      0.0000	      0.0000
    -17.3764	     -1.3363	     -7.8177	    -19.2481
    -18.7047	     44.6173	      0.0000	      0.0000
      0.0000	      0.0000	     11.6462	    -17.4219
     27.1265	     15.6992	     -2.8980	      0.0000
     27.4939	     12.1087	      3.5892	     11.3595
     -8.2801	      5.5271	    -10.5481	     -4.3921
     40.7901	      3.5305	      0.0000	      0.0000
     28.5348	      0.0000	      0.0000	      1.0649
      5.3660	      0.0000	      8.0636	      3.4939
     32.0619	      8.2144	      2.5995	      0.0000
     -0.5214	     -4.0696	      3.1769	      0.1425
      6.4819	      0.0000	      0.0000	      0.0000
     15.4554	      0.0000	      0.0000	      1.9210
     24.0043	      0.0000	      4.9964	      4.1581
     25.9514	      5.8620	      0.8961	      2.4080
     16.4761	      2.9954	      0.0000	      6.5468
     41.1441	      0.0000	      7.5413	      3.1985
     20.6309	     67.7584	     21.6012	      7.2212
     58.9440	     25.0400	      9.5803	      2.9239
     54.0559	     13.4391	     10.0160	      4.7994
    -24.9240	     23.7804	     -9.0322	     -8.0715
     13.3880	    -16.6140	      0.0000	      0.0000
      0.0000	      0.0000	      0.0000	      0.0000
      0.0000	      0.0000	      0.0000	      0.0000
     15.0197	      0.0000	      0.0000	      0.0000
     12.0795	      2.6859	      0.0000	      0.0000
    -18.5316	    -20.1053	     -1.5685	      8.0639
      0.0000	     13.2994	      1.1206	      0.0000
     17.4820	      0.0000	      0.0000	      0.0000
     21.3202	      0.0000	      0.0000	      0.0000
     -6.0115	     18.9469	      0.0000	      0.0000
     -7.9362	    -22.0508	     -1.4700	     -4.4123
     21.8085	      2.4421	      0.0000	      0.0000
      5.3700	      0.0000	      0.0000	     13.5988
     28.7457	      0.0000	      0.0000	      4.8539
      9.7864	      0.0000	      0.0000	      0.0000
    -10.4753	    -15.4739	    -13.2617	    -13.3898
     16.5264	     16.6844	     32.2482	     16.5553
     22.8656	      0.0000	      0.0000	      0.0000
      0.0000	      0.0000	     19.9261	      6.2730
      7.3735	      0.0000	      0.0000	      0.0000
    -30.4292	    -40.6226	    -24.9360	    -13.5859
     24.1566	      7.2164	     -6.1247	      8.5480
      0.6859	     21.8809	      0.0000	      0.0000
     41.2209	      7.8442	      0.0000	      0.0000
     20.2073	      0.0000	      0.0000	      0.0000
      1.4570	     -0.5527	      0.0000	      0.0000
     27.1078	      4.3553	      0.0000	      0.0000
     35.2867	      0.0000	      0.0000	      0.0000
     31.3622	      0.0000	      0.0000	      0.0000
    -20.2298	     19.1179	      2.7851	      0.0000
     11.9017	     -0.0539	    -10.6332	     -7.1636
      7.8414	      4.3819	      9.4073	     16.4849
      0.0000	      5.7247	      0.0000	     25.9564
     28.0222	     13.1538	     14.3091	      4.1902
    -12.3218	      6.0719	     11.1163	      0.0000
     11.3630	      4.4961	      6.3515	      0.0000
     27.7194	      9.0521	     19.1601	      7.8559
      3.6186	      4.5064	     29.6398	     10.6047
     18.7217	     11.4884	     22.7714	     11.5734
     -1.7341	      0.3401	     -1.5213	     -0.8370
     10.6207	      0.0000	     39.6861	      0.0000
     11.6534	     29.2353	      9.7416	     10.8019
      8.3286	     33.6613	     12.5789	     10.0412
      0.0000	     28.0012	      5.9976	      8.1310
     -2.3974	      3.1578	     -4.0440	     -4.1893
      4.8808	      5.7120	      2.4700	      0.1971
     46.3261	     33.7916	      7.0807	     17.8944
     30.5268	     16.0313	     -4.3677	      0.0000
     24.8458	     13.0344	     -3.9293	      1.2436
    -10.6936	    -14.5424	    -30.3798	     15.1398
     -5.8830	     16.5122	      0.0000	      0.0000
     -2.3687	     23.2401	      3.0091	      2.3577
    -16.3148	      8.9752	      0.0000	      0.0000
      9.0892	      0.0000	      0.0000	      0.0000
      5.2415	      0.0000	      0.0000	      0.0000
     38.8288	      3.1640	      0.0000	      7.8860
     42.2237	     18.2911	      7.3986	      3.2595
     15.8081	      0.0000	      0.0000	      1.8294
     21.6134	      8.3029	      2.5004	      6.0923
    -12.5071	     19.4433	     -4.5044	    -16.5939
     45.1483	      0.0000	      5.7891	      0.0000
     67.4385	     21.6687	      6.6239	      8.3040
     36.9324	      0.0000	      0.7572	      0.0000
     46.3663	     25.7012	      5.2887	     11.1031
    -15.7785	     -4.2444	     -9.6201	    -17.9578
      7.8324	     59.7269	      0.0000	     19.6596
     41.0234	      0.0000	      0.0000	      4.2302
     13.3924	      0.0000	     -3.2162	      2.5288
     20.5868	     28.3959	      7.7034	      6.3010
    -13.0006	    -11.0218	    -13.9391	    -12.2692
     52.3047	      9.8417	    -24.8782	      0.0000
     59.2160	     13.3618	     -3.0566	      9.3796
     39.5570	     19.4841	     11.5054	      4.7376
     10.2125	      9.3139	     -7.7206	     12.2209
    -35.8914	    -38.8334	    -36.3433	    -18.9190
      5.9802	      0.0000	      0.0000	    -12.5801
     18.0362	     -0.6740	      0.0000	      0.0000
      0.0000	      1.0375	     17.5664	      0.0000
     22.9628	      0.0000	      0.0000	      0.0000
     11.1546	      0.0000	      0.0000	      0.0000
     -3.9157	     -2.3055	     -4.6929	     -1.0076
      8.0082	      6.6329	     -2.6705	     17.8052
     24.4374	      0.0000	      0.0000	      5.0934
     27.4207	      0.0000	      2.2854	      8.9228
      0.0000	      6.1754	      0.0000	      0.0000
    -23.3488	    -37.7060	    -44.1555	    -21.1567
     11.8197	      4.4907	      0.0000	      3.8454
     15.5898	      0.0000	      2.3574	      0.0000
      4.2274	     15.8228	      0.0000	      0.0000
      9.2298	      0.0000	      0.0000	      0.0000
    -52.0697	    -44.8488	    -48.2330	    -31.0987
      5.2031	     15.4602	      2.1037	     -7.0860
     -2.1567	     10.8893	      0.0000	      0.0000
     18.4115	      2.2564	     10.4353	      6.6001
      4.3019	     -0.5060	      0.0000	      0.0000
    -61.0033	    -42.5262	    -98.6906	    -64.1262
    -47.8628	    -40.5761	    -35.7439	    -32.9201
    -20.4229	     -5.3727	    -30.9481	    -27.5547
     -2.7122	    -36.0382	    -33.0587	    -33.1210
    -16.5153	    -11.7800	    -18.7626	    -11.4666
    -29.8145	    -20.1658	    -28.4229	      3.6684
     26.7847	      4.7092	     -2.0238	     13.1579
     40.3828	      0.0000	     -6.2911	      2.2058
     38.4164	      4.4239	      0.2603	      0.0000
     -3.6428	     12.5462	     -6.7370	    -11.0976
      8.9418	    -23.5095	    -11.8366	     -7.2674
     15.6411	     21.8546	     -1.7142	      7.9471
     28.1226	      4.3099	      0.0000	      7.3737
     10.5935	      0.0000	     -1.2938	      8.8592
    -24.6779	     -7.3059	    -11.5989	     -1.4944
    -18.3110	      5.8358	    -15.6168	    -23.4010
     25.4177	     11.6210	     -0.3250	     12.8347
     27.6868	      6.3179	      1.4483	      1.6083
     21.6719	     10.5532	      4.5687	      7.2569
     -9.8358	     12.1799	    -15.4598	     -8.9393
    -17.2649	      4.3384	    -16.7676	    -17.2634
     31.7789	      3.7400	     -2.7999	      3.7700
      2.6371	      3.7012	     -2.8309	     13.9515
      1.9834	      4.2960	     -5.4401	     15.0842
    -13.4399	     -2.5531	    -15.9062	    -12.1544
    -19.1952	    -42.2869	    -50.0112	    -46.1688
    -33.3744	    -30.6640	    -51.8132	    -21.5377
      5.5071	    -28.6135	    -33.0122	    -27.1257
    -16.3758	    -11.5523	    -31.3184	    -35.6291
    -39.2421	    -52.4284	    -65.8937	    -55.1278
      9.5087	      0.0000	      0.0000	      0.0000
      2.9397	      3.8747	      0.0000	     30.9356
     12.4254	      0.0000	     -9.9931	      0.0000
      2.1278	     20.4782	      0.0000	      0.0000
      2.2521	      0.0000	      0.0000	      3.5342
      0.0000	      0.0000	      0.0000	     29.5223
     38.2855	      6.7920	      3.3486	      1.9083
     21.3495	      0.0000	     -4.6350	      1.7303
     14.9213	      7.0706	      0.0000	      2.8401
     -8.2455	     -1.9069	     -3.7254	     -1.3086
     56.1569	      5.4065	      8.3483	     10.1008
      0.0000	      0.0000	     -0.1007	     27.7971
     20.9177	      0.0000	      0.0000	      0.0375
     23.1872	      3.5923	     -0.8711	      9.7080
    -19.7052	      1.3938	      0.0000	    -16.1288
     24.7790	     23.9504	      0.0000	     23.2443
     -6.1253	     30.0163	     11.3624	      9.7321
      2.7697	      4.7494	     -0.2409	     10.4850
     11.6272	     26.1742	      5.3256	      8.6139
    -23.1433	    -30.6662	    -28.0710	    -26.1341
    -24.6522	    -14.5563	    -30.5824	    -24.2841
    -38.1808	      2.0786	    -47.3398	    -24.8155
    -21.1181	    -30.0087	    -57.7672	     -4.2448
    -61.8001	    -30.3397	    -65.6561	    -19.3485
    -77.2865	    -78.8624	    -88.4214	    -39.1825
     -6.8764	      0.0000	      0.0000	      0.0000
     -4.6268	     -1.6024	      4.1074	      0.0000
      0.0000	      0.0000	      0.0000	      0.0000
     -1.4573	    -15.9950	      5.8844	      0.0000
      0.0000	      0.0000	      0.0000	      0.0000
     -2.3372	     -8.6734	     -8.1325	     -1.3330
     -4.2561	      0.0000	     10.0301	      0.0000
      0.0000	      0.0000	      0.0000	      0.0000
     -3.9071	      0.0000	      0.0000	      0.0000
     -6.7553	      0.0000	      0.0000	      0.0000
    -15.7463	    -35.0530	    -30.1282	    -24.5263
     -6.7467	    -12.0481	     22.4273	     -7.1026
     -1.9266	     -8.2120	      0.0000	      0.0000
     -7.7901	     -9.2533	      0.0000	      0.0000
      0.6045	     -3.2620	     -2.0273	      1.1882
    -26.6559	    -22.4074	    -11.7794	     -7.6654
      2.0475	      7.4737	      0.0000	     37.1992
     -4.5762	     -3.0655	     17.3141	      0.0000
     -8.3376	      0.0000	      0.0000	      0.0000
     -6.1353	      0.0000	      0.0000	      0.0000
    -19.3235	     -0.0970	    -19.1994	     15.8614
     -1.0416	     -3.2357	     -7.3279	     20.3219
     -1.1737	    -11.9761	     -0.6794	     24.2899
     -7.2496	    -10.6410	     16.8246	      0.0000
     -3.9084	    -23.7926	    -11.7935	      0.0000
     -8.4827	     -3.6332	    -14.3631	    -16.7703
    -16.0751	     -3.4709	     -3.8017	      0.1907
      0.0000	      0.0000	      0.0000	     22.5916
     -0.8856	      2.2468	     18.5021	      0.0000
     -5.2295	     -3.5038	     -8.0504	      0.0000
     -0.3539	     -4.1787	      0.0713	      0.0000
     -3.2425	     -2.6711	     -3.6034	      7.2391
      0.0000	      0.0000	     10.7463	     35.6695
      1.7881	      0.0000	     33.0064	      0.0000
     -7.5804	    -12.6771	     11.8364	     -3.7879
     -2.0467	      2.6027	      6.7975	      0.0000
      0.2889	      2.3057	     30.1087	      0.0000
     -0.1731	     -4.9001	     27.6684	      9.4903
      1.7696	     -9.3103	      7.5357	     30.7197
     10.1208	     -5.1768	      1.3403	    -16.2821
     -0.0601	     -3.0978	      8.6731	      0.0000
     -1.7256	     -4.9636	     33.6946	     -0.4637
     -1.7786	     -3.6687	     40.5419	      0.0000
     -1.7565	     -4.9255	     28.5304	      4.1156
    -11.4386	     -9.3380	      1.7409	    -11.0863
      5.1935	      0.3661	     24.9868	      0.0000
    -13.4158	     -7.1342	     42.1604	      0.4960
     -7.3625	     -2.7085	      3.8012	     30.3453
     -1.0766	     -8.6258	     34.7992	    -11.4768
    -15.6387	     -0.9181	    -18.4663	     16.9873
      4.1020	      0.0000	      0.0000	      0.0000
      0.0000	      0.0000	      0.0000	      0.0000
      4.3337	      0.0000	      0.0000	      0.0000
      0.0000	      0.0000	      0.0000	    -18.4308
     -7.1095	     -4.5873	     -1.2279	      1.2866
     -2.4842	      0.0000	      0.0000	      0.0000
     -5.3587	      2.6393	      0.0000	      0.0000
      0.0000	      0.0000	      0.0000	      0.0000
      5.3094	     -0.9661	      0.0000	      0.0000
    -11.7470	     -3.3682	     -3.3408	    -15.8911
      0.0000	      0.0000	      0.0000	      0.0000
     -0.9493	     -5.2352	      3.1878	      0.0000
      0.0000	      0.0000	      0.0000	      0.0000
      0.0000	      0.0000	      9.4643	      0.0000
    -24.4449	    -21.3615	    -19.7066	    -23.1623
      0.0000	      0.0000	      0.0000	      0.0000
      0.0000	      0.0000	      2.3491	      0.0000
     -2.0733	      0.0000	      0.0000	      0.0000
      0.5741	      0.0000	     -1.1174	     27.2587
    -12.3213	    -13.8015	    -13.5437	    -14.3229
      0.8473	      0.0000	      0.0000	      0.0000
    -15.1289	      0.0000	    -15.7581	      0.0000
     -5.8088	     -9.0602	     -2.9622	     12.7975
    -10.0726	     -9.5319	    -11.3377	      9.7511
     -6.6374	     -0.5608	     -8.9699	      1.5697
     -2.3986	    -13.8167	     -3.0559	      5.9754
     -2.6510	    -14.4711	     -6.2410	     -5.5760
      9.6895	      7.5411	      0.0000	      0.0000
     -9.7643	      1.3982	      0.0000	     26.0229
     -0.6860	     -0.7510	     -1.2588	     -6.9342
    -34.4107	    -40.4567	    -36.0644	    -25.9479
     -6.2139	    -10.1024	    -14.1862	     11.1971
     -4.2485	     -7.6639	     -4.1911	     25.1841
     -1.2571	     -4.1367	      0.8040	      8.1844
     -7.2330	     -7.1695	     -7.4254	     -1.2244
    -59.3439	    -44.1004	    -52.4689	    -40.5396
    -12.2805	      3.4078	     -2.8564	     18.5767
     -2.3056	     -7.2556	     20.1479	      0.0000
     -1.1060	     -0.7211	     -6.7644	     17.8852
     -3.6724	     -5.2728	     -1.1650	    -14.2493
    -21.1018	    -54.1646	    -61.4340	    -50.5630
      2.1697	    -11.1221	     -3.7270	     20.6112
     -2.4633	    -13.0457	     -3.7966	     25.4351
    -10.2244	     -0.4988	     -5.2237	     16.7776
     -7.7261	    -10.6303	    -10.2317	    -10.0876
    -61.2564	    -56.9563	    -69.3157	    -62.3943
     -5.1720	    -11.7361	    -24.8820	     13.9373
    -16.6919	    -17.1575	    -21.1136	     13.6342
     -4.9272	      4.3928	    -24.7661	     28.5790
     -1.3633	     -9.2877	     -6.1361	      9.3487
    -24.2897	    -12.3976	     -8.3483	     -5.3774
     -2.1154	     -6.4450	      0.8325	     16.3436
      4.1685	      2.4789	     -0.7293	     48.8177
     13.8762	     -1.8316	      4.4822	      3.3815
    -11.9548	    -14.1865	    -22.1383	      4.5751
    -21.3772	    -25.0654	    -22.6195	     -9.3886
     -8.0379	     -7.8451	    -11.1667	      7.4810
      4.1083	     13.4020	     -2.6673	     21.7070
     -1.0098	     -2.6549	      2.6542	     -3.6735
    -34.7356	    -24.2232	    -10.3505	    -28.2249
    -18.0704	    -30.3174	    -28.1999	    -10.6045
     -2.7158	     -1.0013	     -2.4889	     15.5176
     -1.8304	      7.3042	     -4.2148	     19.3710
      0.2424	      0.9591	      1.0587	      6.7893
    -30.3733	    -34.3452	     -8.3576	    -28.1352
    -27.1736	    -24.6316	    -28.1923	    -14.4631
    -10.3006	     -6.0817	    -13.3811	     16.0770
     15.3122	      0.0205	     11.4994	     24.0336
     -0.0759	     -3.5255	     -3.1597	      2.5405
    -35.7756	    -34.6873	    -34.2442	    -13.7320
    -28.1485	    -39.6231	    -41.8059	     -1.8646
     -2.9324	     10.5095	    -17.9197	     19.1076
      3.8029	     -5.7496	    -24.0945	     26.1433
     -3.3990	     -6.9791	    -18.0673	     18.1083
    -66.4819	    -45.0073	    -36.4852	     12.7077
     -1.2396	     -2.7994	      2.7199	      0.0000
     -0.1746	     -0.6622	      0.0000	      0.0000
      4.9732	      0.0000	      0.0000	      0.0000
     -2.6983	      0.0000	      0.0000	      0.0000
     -1.3073	      6.1670	      0.0000	      0.0000
      0.0000	      0.0000	      4.9278	      0.0000
     -3.1123	     -1.2017	     -0.0357	      4.7708
     -0.5369	     -0.2118	     -3.4192	      3.0453
     -5.1415	     -1.8252	      0.3389	     -3.4829
    -27.6974	    -26.3669	    -41.2635	    -41.5303
     -2.0544	     -1.4177	      3.7383	    -12.4303
     -3.1322	     -4.7943	      2.0120	      1.5186
     -5.7176	     -4.2033	     -5.0886	     -4.8546
    -10.3671	     -9.9854	     -1.2450	    -11.3022
    -35.4412	    -31.6185	    -44.5528	    -21.0898
    -12.5922	    -15.2652	    -15.1115	     -9.6231
     -1.7763	     -5.2109	     -1.2825	      0.0000
     -1.0680	     -3.0267	      1.4639	      0.0000
    -12.6554	    -14.0069	    -13.9727	      4.4554
    -35.7789	    -52.4041	    -56.9001	    -53.0707
     -5.0620	     -5.5044	    -28.6894	     -2.2639
     -8.4144	     -5.1966	    -17.1981	      0.8534
    -34.5610	    -15.9889	    -17.5400	      2.3974
    -26.9836	    -15.6209	    -27.8701	    -17.3142
    -94.6959	    -84.3159	    -79.3353	    -56.2651
    -29.8384	    -23.1248	    -26.0404	     -0.2085
     -6.3619	     -9.9698	     -9.6155	     19.1435
      3.5242	     -4.1741	     -3.7267	     -2.9437
      3.1183	     -0.9660	     -2.1135	     23.8092
    -11.0516	    -11.3408	    -15.5204	      1.6283
    -21.4966	    -42.7209	    -41.0465	    -32.3328
     -4.9236	      6.5456	     -7.0500	      8.7968
     -3.3791	     -0.9870	     -7.4166	     19.0592
     -2.2229	     -0.8044	     -0.6351	      9.7771
    -20.4984	    -20.8371	    -19.7525	      4.5706
    -58.2599	    -58.3546	    -60.3019	    -35.9960
    -10.6210	    -11.2078	    -10.0106	      9.0050
     -8.8137	     -1.4192	    -13.5172	     13.0667
    -18.5375	    -22.6271	    -18.9587	      4.1374
    -24.8487	    -24.6176	    -25.6883	    -23.8742
    -66.6047	    -69.3564	    -61.1842	    -41.5551
    -16.4132	    -19.2533	    -16.7326	     10.6845
     -9.9135	    -14.9973	    -13.1988	      5.4607
     -4.2783	    -11.1758	     -7.0655	    -11.5480
    -28.6097	    -21.5760	    -32.1505	    -11.9694
    -96.8701	   -102.9398	   -112.8590	    -47.7315
    -52.1337	    -57.6348	    -59.6365	    -40.2871
    -61.1795	    -52.5696	    -61.0476	    -21.5213
    -65.7062	    -52.1037	    -57.0444	    -13.0276
    -60.9579	    -60.0618	    -61.1657	    -44.6305
    -20.8973	    -15.4799	    -18.8126	     -5.7835
      3.6689	      8.8006	    -13.4992	     13.5022
     13.1646	      7.4412	     11.3733	     36.5137
     -3.6287	      0.1270	     -5.6705	     24.1474
     -4.0045	    -19.6312	    -24.8498	    -17.2976
    -20.6314	    -32.2067	    -41.8816	    -10.8060
     -4.1679	     -0.4714	     -8.0723	      3.1537
     -0.8488	     -2.1738	    -14.9258	     15.2065
    -10.3508	    -11.8340	    -19.3120	     -0.3593
    -38.1287	    -35.4933	    -42.4626	    -16.9345
    -35.4995	    -50.0298	    -39.3394	    -14.5533
     -6.3994	     -1.9162	    -13.7379	     10.5948
     -5.7140	     -8.0461	     -4.6358	      3.7698
    -12.1673	    -12.3286	    -21.5248	    -10.3287
    -31.2675	    -39.9553	    -47.9701	    -20.6747
    -51.0194	    -59.6123	    -57.7865	    -47.7938
    -18.5802	    -28.1697	    -22.5426	      4.0203
    -15.9727	    -10.0814	    -25.4664	      6.4479
    -21.3769	    -25.2121	    -26.4175	      3.1355
    -41.6322	    -50.4389	    -52.9717	    -25.3055
    -88.2682	    -99.0518	    -96.8902	    -45.4348
   -102.3782	   -102.1960	   -111.9040	    -66.6568
    -41.4646	    -44.4778	    -67.8962	    -13.8986
    -58.2396	    -52.1521	    -62.6933	    -17.9939
    -74.8398	    -58.4699	    -79.8340	    -83.9536
     -1.9688	     -1.4169	     -4.6469	      0.0000
      3.0923	     15.1252	      0.0000	      0.0000
     -1.3044	      6.9983	      0.0000	      0.0000
     -5.9996	      3.9231	      0.0000	      0.0000
     -2.3623	     -3.9768	     -9.9293	     -3.7474
     -2.1289	     -1.8455	     -2.6377	      6.0534
     -7.6947	     -4.8638	     -4.8129	     10.1044
     -5.5939	     -7.0852	     -4.6960	      1.6231
    -15.0407	      0.9287	    -16.6995	    -13.9956
    -43.5425	    -36.3569	    -31.3651	    -30.4709
     -8.3762	    -13.6332	     -7.4753	     -8.1866
     -8.9674	     -7.1777	     -8.4926	     -5.6221
     -5.4875	      5.7636	     -4.3851	     -5.4334
    -18.2355	    -20.4798	    -18.6987	    -15.2876
    -50.6040	    -62.9607	    -59.8888	    -37.4313
    -38.5788	    -32.9170	    -40.5185	    -16.4938
    -38.5821	    -24.8195	    -37.3629	    -45.6737
     -5.2202	     -7.3239	     -6.5420	     -4.7662
    -34.9158	    -29.7932	    -34.9677	    -20.7650
    -58.5470	    -65.2474	    -65.7578	    -45.2790
   -111.7821	   -109.9264	   -106.2756	   -113.7757
   -123.8661	   -122.2319	   -119.7314	   -107.1843
    -78.7976	    -91.1140	    -97.4553	    -32.5114
    -78.2198	    -62.5843	    -67.0463	    -31.1437
   -127.4445	    -97.3170	   -142.3808	   -140.1107
    -64.1617	    -23.6867	    -30.9375	    -32.1963
    -41.3673	    -43.8925	    -46.3552	    -23.6909
    -35.3011	    -29.9069	    -22.6740	     -7.6870
    -59.2622	    -58.2465	    -65.2435	    -58.6676
    -37.7770	    -18.0628	    -32.5104	    -26.5395
    -65.6556	    -83.4001	    -44.8832	    -80.4556
    -43.5420	    -44.4099	    -44.9449	    -42.8026
    -30.5536	    -33.4241	    -31.0291	    -30.4206
    -56.1970	    -51.3943	    -43.0263	    -23.2258
    -30.1156	    -32.4867	    -28.6056	    -12.3106
    -73.4527	    -65.2117	    -81.4221	    -20.2320
    -43.8064	    -49.1050	    -48.9061	    -10.9381
    -29.5742	    -28.5539	    -26.1784	    -28.3693
    -46.3257	    -45.6911	    -55.8760	    -40.8867
    -36.3044	    -40.3363	    -45.0558	    -36.0819
    -19.2020	    -16.4223	    -17.8672	    -12.2407
    -26.2984	    -28.4880	    -35.8643	     18.9234
    -12.7073	    -12.3329	    -13.9613	      1.9837
    -39.1751	    -39.4098	    -40.1842	    -23.1609
    -24.5516	    -24.7433	    -28.8274	    -16.8760
    -36.8573	    -57.5448	    -38.5287	    -25.0723
    -52.6631	    -55.5239	    -53.8388	    -19.9422
    -40.2219	    -36.5421	    -49.4972	    -40.6805
    -50.5256	    -48.7857	    -55.9210	    -14.4175
    -62.7890	    -61.0414	    -64.7780	    -63.0401
    -18.6988	    -35.2191	    -28.7862	    -35.0893
    -12.2229	    -19.6400	    -22.3733	     -0.1554
    -17.7708	    -21.5147	     -3.6227	     13.1452
     -6.9997	    -21.6968	    -28.7506	      9.9146
    -19.3656	    -18.0549	    -19.1531	    -17.4633
    -19.2005	    -34.8289	    -32.6317	    -20.8661
    -24.8988	    -27.2294	    -36.5192	      0.3055
    -13.5144	    -10.8651	    -11.6481	      4.9105
    -37.8617	    -37.5539	     -5.1256	    -36.6782
    -29.2744	    -37.3117	    -24.0310	    -31.5739
    -29.1991	    -26.4222	    -26.8170	    -29.7285
    -28.5912	    -27.7038	    -32.6877	    -10.6221
     -8.5899	     -9.2773	    -11.2680	      3.0487
    -43.4959	    -42.1963	     -6.8491	    -32.5437
    -43.7901	    -59.0404	    -58.1598	    -58.6665
     -7.1982	     -5.8602	     -6.4993	     -4.6216
    -21.7735	    -19.7167	    -23.7970	     -1.6508
     -5.6544	     -5.1663	     -8.2534	      3.1225
    -28.2286	    -26.6282	    -31.5022	     29.4000
    -73.9047	    -76.0793	    -73.6962	    -17.8198
    -42.0814	    -50.2752	    -40.4440	    -46.2878
    -87.1117	    -90.1066	    -47.2474	    -78.5565
    -33.2724	    -36.3552	    -18.4390	    -32.5350
    -56.2235	    -56.6285	     -9.0441	    -56.1766
    -68.8285	    -69.3636	    -68.5637	     16.8719
     -8.3634	     -8.9889	     -2.8460	      0.0000
    -23.9692	     -1.2690	      0.0000	      0.0000
    -18.2398	      0.0000	      0.0000	      0.0000
    -28.0862	     -7.3076	     -6.2292	     -8.2145
    -36.3455	    -27.6067	    -27.9676	    -21.9050
    -13.2110	     -8.4158	    -10.8558	    -13.1831
    -18.3866	    -14.3240	     -1.6661	    -18.0642
     -1.6984	     -2.5151	    -14.4671	      0.0000
    -34.0921	    -49.1708	    -42.9222	    -38.0727
    -58.1357	    -64.0272	    -62.0049	    -25.3108
     -7.6879	    -15.0112	     -8.7362	     -8.1037
    -28.4343	    -32.9412	    -14.5270	    -37.0386
    -10.5814	     -9.5278	    -12.0624	    -18.5336
    -39.1591	    -32.7128	    -33.4976	     -3.1584
    -82.9803	    -68.2288	    -34.1703	    -65.5503
     -7.5662	     -8.1646	    -15.2440	     -1.0257
    -16.8093	    -23.2709	    -17.3250	    -13.2297
    -15.1024	    -15.1253	    -24.8524	      0.5150
    -32.0255	    -27.9251	     11.0747	    -29.6502
    -56.9985	    -57.3320	    -64.0308	    -25.7516
    -28.8505	    -13.3231	    -16.3741	    -11.0624
    -79.0171	    -76.4268	    -78.1160	    -66.5151
    -26.6889	    -31.9516	    -16.2685	     -4.0738
    -59.3183	    -58.1928	    -54.4167	     -9.6351
   -107.3836	   -108.9263	   -121.8295	   -131.8007
    -95.5848	    -93.1381	    -98.7682	    -50.7641
    -36.9804	    -12.4927	    -37.1505	    -29.5310
     13.1166	    -30.2905	    -40.8496	    -40.7297
    -39.5906	    -38.8622	    -63.8687	    -22.7314
    -57.1431	    -46.1137	    -45.6273	    -45.4835
    -86.1754	    -71.6605	    -67.9593	    -13.8211
    -37.4826	    -41.3452	    -35.9791	      3.1734
     -9.9291	    -15.2232	    -14.2682	     13.3847
    -33.1986	    -31.0236	    -32.3930	     10.6313
    -40.6140	    -41.1238	    -34.0211	    -13.7759
    -75.3919	    -85.2095	    -85.1144	    -17.0472
    -39.5088	    -41.2394	    -43.3893	     11.7054
    -24.6091	    -24.4290	    -26.7990	     -8.2348
    -49.0036	    -48.4998	    -22.5025	    -46.9692
    -46.2470	    -44.4074	    -48.3013	      0.1090
    -54.2658	    -72.4503	    -93.3049	     -5.2460
    -16.8412	    -19.2771	    -50.4898	     10.2658
    -37.8283	    -37.0554	    -38.7874	     -4.7561
    -48.4231	    -48.2755	    -60.1646	    -21.0524
    -38.8738	    -43.9387	    -39.9194	    -12.1154
    -72.8605	    -97.8705	   -110.8620	    -32.0791
    -36.7265	    -36.5223	    -52.9184	     -9.7758
    -25.3312	    -32.9675	    -48.2431	      6.0344
    -45.1773	    -50.2577	    -55.5770	     14.3080
    -81.8562	    -82.3124	    -83.9283	    -50.4613
    -29.9592	    -29.7773	    -37.3394	      4.1824
      2.1312	     -7.6636	    -28.6321	     23.4457
     -2.1647	     -2.7186	      3.2294	     41.0531
    -10.5442	    -31.6200	    -14.0686	     26.2309
    -32.5385	    -41.0095	    -38.1253	      5.2854
    -37.2769	    -40.7108	    -45.0366	    -21.0757
     -6.6888	     -8.5527	    -13.4925	     13.8989
    -13.3051	    -13.8600	    -18.6516	     18.2960
    -10.4288	    -17.9065	    -24.8840	      8.9551
    -32.1382	    -34.0224	    -43.6770	     -8.0997
    -44.2068	    -38.5253	    -41.2884	    -23.6095
    -41.3240	    -32.7188	    -43.6413	     12.4813
    -13.5178	    -18.8689	    -23.7904	     13.8311
    -31.9384	    -21.3502	    -26.6708	      7.7725
    -57.2720	    -62.7535	    -41.9569	    -59.8180
    -75.7650	    -77.7345	    -69.9711	    -75.1889
    -39.2797	    -41.0367	    -12.3331	    -39.9499
    -25.1105	    -23.4180	    -14.3842	     19.2461
    -16.8793	    -27.5665	    -12.2033	      5.3762
    -81.9935	    -80.5556	    -49.6287	    -87.0819
    -77.6681	    -81.0598	    -83.2516	    -82.8246
    -56.4362	    -57.6033	    -53.3729	    -56.3850
    -55.3757	    -60.2518	    -60.8068	     14.3898
    -47.5388	    -29.5092	    -59.2202	     -2.1760
    -87.0554	   -107.0828	   -106.4510	     -5.9781
     -0.2485	     -4.4507	     -0.8645	      0.0000
     -3.0849	     -1.7146	      3.3176	      0.0000
     -5.9814	     -0.8805	      1.8682	      0.0000
     -2.7638	    -10.5289	      0.0000	      0.0000
     -2.8911	     -5.5278	      1.5952	      0.0000
    -14.3848	    -19.7076	    -18.1971	     -9.1975
     -2.8506	     -3.1116	      3.6660	     -2.5036
    -12.4439	    -13.4873	    -13.4155	      0.9707
     -2.1337	     -5.0775	     -1.5758	     -4.1507
    -25.6232	    -22.6609	    -19.3811	    -22.2842
    -22.8903	    -21.5525	    -18.8968	    -25.2671
    -27.1390	    -24.1617	    -24.5572	     -4.7066
    -10.7701	    -10.8255	    -12.4488	     -3.1461
    -31.3658	    -34.4452	     -8.9287	    -25.2848
    -56.4562	    -56.2603	    -39.3721	    -56.7285
    -47.2397	    -51.7443	    -48.6914	    -46.5865
    -27.1564	    -25.6616	    -21.8529	    -22.2996
    -19.7113	    -15.0425	    -24.6638	    -21.8580
    -21.1286	    -28.8466	     -1.1802	    -28.3130
    -87.5345	    -86.3943	    -39.3571	    -86.5801
    -15.5186	    -16.7456	    -20.1968	    -14.6832
    -46.1258	    -47.4638	    -65.1952	    -49.6952
    -45.1986	    -45.9208	    -49.9104	      1.6212
    -58.7439	    -68.8224	    -60.7252	    -12.8364
   -127.1424	   -128.4784	   -111.3119	    -33.1756
    -73.2170	    -72.4644	    -88.2167	    -23.3840
    -16.7685	    -14.8758	    -19.9611	      5.7659
    -13.5212	    -12.3457	    -11.0357	     15.3624
    -22.1210	    -27.5686	    -39.3529	     11.4874
    -34.2728	    -23.2296	    -32.4867	     -8.9942
    -60.6054	    -65.4553	    -77.0874	     -7.3434
    -47.7462	    -42.1278	    -60.8095	     -0.3736
    -22.1642	    -22.1203	    -21.5322	      7.1971
    -24.6301	    -25.8142	    -27.0110	     10.8669
    -45.0951	    -47.1911	    -51.9013	      0.3752
    -77.3165	    -68.6369	    -75.2221	    -45.0400
    -27.7474	    -29.2740	    -40.5130	     -1.3112
    -43.4581	    -43.6140	    -54.8853	     -8.3149
    -64.4293	    -56.2373	    -72.0452	      7.6959
    -27.1350	    -25.8362	    -32.1489	    -14.1688
    -93.5129	    -98.4916	   -110.8918	    -58.6529
    -41.1306	    -48.6516	    -68.2991	      4.2267
    -30.6364	    -40.6493	    -50.1802	     -0.6493
    -50.0592	    -41.6935	    -53.1910	      6.6495
    -58.2229	    -55.0776	    -59.3863	    -16.2842
   -126.4659	   -126.7015	   -138.3990	    -81.4761
   -103.4340	   -117.2937	   -108.0152	    -35.6840
    -92.5718	   -101.6945	   -124.1946	    -20.0547
    -94.0397	   -129.3471	   -120.1179	    -15.2108
   -131.9356	   -127.1526	   -141.4961	    -53.6230
    -14.7410	    -19.1151	    -49.8146	     -2.2232
     -9.0510	    -16.8540	     -9.5858	      4.0929
     -8.9123	     -7.5394	    -11.9977	     13.8881
    -10.8884	    -11.1281	    -20.3096	     17.1214
    -33.1492	    -29.2778	    -37.0894	      4.4399
    -34.8827	    -27.2218	    -52.2611	     -7.5291
    -12.6168	    -20.5371	    -22.3152	      3.0131
    -19.4358	    -15.7922	    -28.2410	     11.2454
    -20.4017	    -19.2205	    -27.4223	      5.6603
    -47.9936	    -44.9016	    -57.5067	    -13.0815
    -49.7572	    -49.3425	    -61.7851	    -26.5126
    -38.5330	    -50.8761	    -50.7289	     -1.1804
    -27.9895	    -34.0685	    -41.1116	     -4.9024
    -42.3672	    -39.8987	    -52.6094	     -2.4221
    -56.2441	    -64.0419	    -60.9666	    -41.4665
    -96.2039	   -109.9571	   -100.0902	    -48.8334
    -48.8211	    -54.7755	    -61.5953	    -37.0523
    -27.2683	    -30.8781	    -32.4750	     -6.2665
    -48.9581	    -58.3678	    -63.9943	     -4.4769
    -85.6742	    -91.6508	    -94.4288	    -32.4595
   -133.6214	   -133.1780	   -134.3639	    -83.5141
   -158.1531	   -155.1768	   -152.4130	    -71.7051
   -106.5873	   -100.8899	   -125.6017	    -31.8783
   -121.1611	   -135.3640	   -135.1516	    -31.5339
   -134.9876	   -216.9911	   -112.6824	    -61.5835
     -2.0537	     -2.0146	     -2.0366	     -3.1510
     -3.6755	     -0.5040	     -0.1738	      0.0000
     -7.9132	     -2.7118	     -7.2084	     -5.2983
     -4.6066	     -3.2582	     -4.5729	     -5.1016
    -10.7272	    -18.2714	     -9.0532	    -10.3883
     -4.4033	     -4.8830	     -1.7370	     -3.3483
    -16.9634	    -15.4104	    -12.0414	    -17.2479
     -9.6245	     -8.2982	    -12.7565	    -10.3853
    -24.6988	    -23.3068	    -21.2164	    -14.6082
    -50.6214	    -52.8599	    -37.2020	    -51.7022
     -8.0495	    -10.8198	     -8.9458	     -8.7263
    -32.8670	    -29.4678	    -30.7069	     -7.2353
    -17.2682	    -17.2936	    -17.1888	    -15.5197
    -35.7294	    -34.7400	    -37.6823	    -15.1259
    -68.8534	    -68.1377	    -48.7801	    -69.7102
    -54.3096	    -53.2596	    -55.0597	    -55.5978
    -59.1364	    -63.9050	    -36.2075	    -64.2917
    -35.2112	    -46.5884	    -44.7973	    -44.8149
    -46.6610	    -36.6614	    -46.0081	    -17.6935
   -103.3273	   -108.4803	   -112.4031	    -53.6469
   -128.0355	   -124.6296	   -114.6701	   -125.2399
   -188.2669	   -193.0641	   -154.3752	   -187.9267
   -153.2713	   -147.0383	   -147.6117	    -42.0201
   -102.1593	   -122.2398	   -100.8637	    -38.9506
   -217.6998	   -240.3837	   -254.0630	    -96.2600
      0.0000	      0.0000	      0.0000	      0.0000
      0.0000	      0.0000	      0.0000	    -19.4471
      0.0000	      0.0000	      4.3633	      0.0000
      0.0000	      0.0000	      0.0000	      0.0000
      0.0000	      0.0000	      0.0000	      0.0000
    -19.8318	      0.0000	      0.0000	      0.0000
      0.0000	      0.0000	      0.0000	      0.0000
      0.0000	      0.0000	      0.0000	      0.0000
      0.0000	      0.0000	      0.0000	      0.0000
      0.0000	      0.0000	      0.0000	      0.0000
      0.0000	      0.0000	      0.0000	      0.0000
      0.0000	      0.0000	      0.0000	      0.0000
      0.0000	      0.0000	      0.0000	      0.0000
      0.0000	      0.0000	      0.0000	      0.0000
      0.0000	      0.0000	      0.0000	      0.0000
      0.0000	      0.0000	      0.0000	      0.0000
      0.0000	      0.0000	      0.0000	      0.0000
      0.0000	      0.0000	      0.0000	      0.0000
      0.0000	      0.0000	      0.0000	      0.0000
      0.0000	      0.0000	      0.0000	      0.0000
      0.0000	      0.0000	      0.0000	      0.0000
      0.0000	      0.0000	      0.0000	      0.0000
      0.0000	      0.0000	      0.0000	      0.0000
      0.0000	      0.0000	      0.0000	      0.0000
      0.0000	      0.0000	      0.0000	      0.0000
    -20.0594	     -6.2599	    -24.4828	      0.0000
    -21.6134	      0.0000	      0.0000	      0.0000
      0.0000	      0.0000	      0.0000	      0.0000
      0.0000	      0.0000	      0.0000	      0.0000
      8.2139	      0.0000	      0.0000	      0.0000
      9.3282	      0.0000	      0.0000	      0.0000
      0.0000	    -19.5398	      0.0000	      0.0000
      0.0000	      0.0000	      0.0000	      0.0000
      0.0000	      0.0000	      0.0000	      0.0000
      0.0000	      0.0000	      0.0000	      0.0000
      0.0000	      0.0000	      0.0000	      0.0000
      0.0000	      0.0000	      0.0000	      0.0000
      0.0000	      0.0000	      0.0000	      0.0000
      0.0000	      0.0000	      0.0000	      0.0000
      0.0000	      0.0000	      0.0000	      0.0000
      0.0000	      0.0000	      0.0000	      0.0000
      0.0000	      0.0000	      0.0000	      0.0000
      0.0000	      0.0000	      0.0000	      0.0000
      0.0000	      0.0000	      0.0000	      0.0000
      0.0000	      0.0000	      0.0000	      0.0000
      0.0000	      0.0000	      0.0000	      0.0000
      0.0000	      0.0000	      0.0000	      0.0000
      0.0000	      0.0000	      0.0000	      0.0000
      0.0000	      0.0000	      0.0000	      0.0000
      0.0000	      0.0000	      0.0000	      0.0000
    -15.3963	      0.0000	      0.0000	      0.0000
    -25.0386	    -30.1877	      0.0000	      0.0000
    -30.3614	    -20.1334	      0.0000	      0.0000
      0.0000	      0.0000	    -27.1630	      0.0000
      0.0000	      0.0000	    -26.6899	      0.0000
    -20.1029	      0.0000	      0.0000	      0.0000
      0.0000	      0.0000	      0.0000	      0.0000
      0.0000	      0.0000	      0.0000	      0.0000
      0.0000	      0.0000	      0.0000	      0.0000
      0.0000	      0.0000	      0.0000	      0.0000
      0.0000	      0.0000	      0.0000	      0.0000
      0.0000	      0.0000	      0.0000	      0.0000
      0.0000	      0.0000	      0.0000	      0.0000
      0.0000	      0.0000	      0.0000	      0.0000
      0.0000	      0.0000	      0.0000	      0.0000
      0.0000	      0.0000	      0.0000	      0.0000
      0.0000	      0.0000	      0.0000	      0.0000
      0.0000	      0.0000	      0.0000	      0.0000
      0.0000	      0.0000	      0.0000	      0.0000
      0.0000	      0.0000	      0.0000	      0.0000
      0.0000	      0.0000	      0.0000	      0.0000
      0.0000	      0.0000	      0.0000	      0.0000
      0.0000	      0.0000	      0.0000	      0.0000
      0.0000	      0.0000	      0.0000	      0.0000
      0.0000	      0.0000	      0.0000	      0.0000
    -20.0284	     -0.2748	      0.0000	      0.0000
    -20.7384	      4.4493	      0.0000	      0.0000
      0.0000	      0.0000	      0.0000	      0.0000
      0.0000	      0.0000	      0.0000	      0.0000
      0.0000	      0.0000	      0.0000	      0.0000
      6.0543	      0.0000	      0.0000	      0.0000
      0.0000	      0.0000	      0.0000	      0.0000
      0.0000	      0.0000	      0.0000	      0.0000
      0.0000	      0.0000	      0.0000	      0.0000
      0.0000	      0.0000	      0.0000	      0.0000
      0.0000	      0.0000	      0.0000	      0.0000
      0.0000	      0.0000	      0.0000	      0.0000
      0.0000	      0.0000	      0.0000	      0.0000
      0.0000	      0.0000	      0.0000	      0.0000
      0.0000	      0.0000	      0.0000	      0.0000
      0.0000	      0.0000	      0.0000	      0.0000
      0.0000	      0.0000	      0.0000	      0.0000
      0.0000	      0.0000	      0.0000	      0.0000
      0.0000	      0.0000	      0.0000	      0.0000
      0.0000	      0.0000	      0.0000	      0.0000
      0.0000	      0.0000	      0.0000	      0.0000
      0.0000	      0.0000	      0.0000	      0.0000
      0.0000	      0.0000	      0.0000	      0.0000
      0.0000	      0.0000	      0.0000	      0.0000
      0.0000	      0.0000	      0.0000	      0.0000
    -12.0465	      9.6594	      0.0000	      0.0000
    -16.8098	    -16.6119	     -0.7886	     19.9419
      0.0000	      0.0000	      0.0000	     15.5904
    -17.9654	     19.5140	      0.0000	      0.0000
    -21.5024	     -2.5353	    -10.5805	      2.8156
      4.9711	      0.0000	      0.0000	      0.0000
      5.5718	      0.0000	      0.0000	      0.0000
      0.0000	      0.0000	      0.0000	      0.0000
      0.0000	      0.0000	      0.0000	      0.0000
      0.0000	     -1.8361	      0.0000	      0.0000
      0.0000	      0.0000	      0.0000	      0.0000
      0.0000	      0.0000	      0.0000	      0.0000
      0.0000	      0.0000	      0.0000	      0.0000
      0.0000	      0.0000	      0.0000	      0.0000
      0.0000	      0.0000	      0.0000	      0.0000
      0.0000	      0.0000	      0.0000	      0.0000
      0.0000	      0.0000	      0.0000	      0.0000
      0.0000	      0.0000	      0.0000	      0.0000
      0.0000	      0.0000	      0.0000	      0.0000
      0.0000	      0.0000	      0.0000	      0.0000
      0.0000	      0.0000	      0.0000	      0.0000
      0.0000	      0.0000	      0.0000	      0.0000
      0.0000	      0.0000	      0.0000	      0.0000
      0.0000	      0.0000	      0.0000	      0.0000
      0.0000	      0.0000	      0.0000	      0.0000
    -11.5915	      0.0000	      0.0000	      0.0000
     -9.5992	     -4.2394	      6.6135	      0.0000
      0.0000	      0.0000	      0.0000	      0.0000
    -12.5549	    -23.9879	      0.0000	      0.0000
    -21.2762	    -21.5415	    -16.9908	     -5.3730
    -13.3499	      0.0000	      0.0000	      0.0000
      0.0000	      0.0000	      0.0000	      0.0000
      0.0000	      0.0000	      0.0000	      0.0000
     -6.9556	     -7.6002	    -20.0708	    -14.8295
    -25.3622	    -27.3362	    -26.9455	    -19.5807
      0.0000	      0.0000	      0.0000	      0.0000
      0.0000	      0.0000	      0.0000	      0.0000
      0.0000	      0.0000	      0.0000	      0.0000
      0.0000	      0.0000	      0.0000	      0.0000
      0.0000	      0.0000	      0.0000	      0.0000
      0.0000	      0.0000	      0.0000	      0.0000
      0.0000	      0.0000	      0.0000	      0.0000
      0.0000	      0.0000	      0.0000	      0.0000
      0.0000	      0.0000	      0.0000	      0.0000
      0.0000	      0.0000	      0.0000	      0.0000
      0.0000	      0.0000	      0.0000	      0.0000
      0.0000	      0.0000	      0.0000	      0.0000
      0.0000	      0.0000	      0.0000	      0.0000
      0.0000	      0.0000	      0.0000	      0.0000
      0.0000	      0.0000	      0.0000	      0.0000
      0.0000	      0.0000	      0.0000	      0.0000
      0.0000	      0.0000	      0.0000	      0.0000
     -1.8179	     -2.4317	      3.1394	      0.0000
     -0.4369	      0.0000	      0.0000	      0.0000
      0.0000	      0.0000	      0.0000	      0.0000
      0.0000	      0.0000	      0.0000	      0.0000
      0.0000	      0.0000	      0.0000	      0.0000
      0.0000	      0.0000	      0.0000	      0.0000
      0.0000	      0.0000	      0.0000	      0.0000
      0.0000	      0.0000	      0.0000	      0.0000
      0.0000	      0.0000	      0.0000	      0.0000
      0.0000	      0.0000	      0.0000	      0.0000
      0.0000	      0.0000	      0.0000	      0.0000
      0.0000	      0.0000	      0.0000	      0.0000
      0.0000	      0.0000	      0.0000	      0.0000
      0.0000	      0.0000	      0.0000	      0.0000
      0.0000	      0.0000	      0.0000	      0.0000
      0.0000	      0.0000	      0.0000	      0.0000
      0.0000	      0.0000	      0.0000	      0.0000
      0.0000	      0.0000	      0.0000	      0.0000
      0.0000	      0.0000	      0.0000	      0.0000
      0.0000	      0.0000	      0.0000	      0.0000
      0.0000	      0.0000	      0.0000	      0.0000
      0.0000	      0.0000	      0.0000	      0.0000
      0.0000	      0.0000	      0.0000	      0.0000
     -6.1207	     -1.6311	    -10.4882	    -11.9895
     -1.7411	      5.8748	     -0.7832	     -3.1795
    -20.9051	     -6.7363	     -4.9427	     -3.4299
     -1.2246	     -0.6585	     -8.0554	      0.0000
    -19.8455	      2.4376	      0.0000	      0.0000
    -11.2820	     -9.6285	    -18.1475	      0.0000
      0.0000	      0.0000	      0.0000	      0.0000
      0.0000	      0.0000	      0.0000	      0.0000
     -2.2576	     -1.0379	     -7.2261	      0.0000
     -1.2679	     -3.9497	    -29.2131	      0.0000
      0.0000	      0.0000	      0.0000	      0.0000
      0.0000	      0.0000	      0.0000	      0.0000
      0.0000	      0.0000	      0.0000	      0.0000
      0.0000	      0.0000	      0.0000	      0.0000
      0.0000	      0.0000	      0.0000	      0.0000
      0.0000	      0.0000	      0.0000	      0.0000
      0.0000	      0.0000	      0.0000	      0.0000
      0.0000	      0.0000	      0.0000	      0.0000
      0.0000	      0.0000	      0.0000	      0.0000
      0.0000	      0.0000	      0.0000	      0.0000
      0.0000	      0.0000	      0.0000	      0.0000
      0.0000	      0.0000	      0.0000	      0.0000
      0.0000	      0.0000	      0.0000	      0.0000
      0.0000	      0.0000	      0.0000	      0.0000
      0.0000	      0.0000	      0.0000	      0.0000
      0.0000	      0.0000	      0.0000	      0.0000
     -3.0928	     -1.3869	    -10.8819	     -4.1124
     -4.2935	      2.4115	      0.0000	      0.0000
      0.0000	      0.0000	      0.0000	      0.0000
    -29.3981	    -10.1582	    -20.0650	     -8.6517
     -1.4940	     -0.3687	    -11.0904	      0.0000
     -6.8652	     -7.2791	      0.0000	      0.0000
      0.0000	      0.0000	      0.0000	      0.0000
     -6.3178	     -8.9666	    -18.7203	     -5.9163
     -1.8239	    -10.8064	    -11.6221	     -7.9643
      0.0000	      0.0000	      0.0000	      0.0000
      0.0000	      0.0000	      0.0000	      0.0000
      0.0000	      0.0000	      0.0000	      0.0000
      0.0000	      0.0000	      0.0000	      0.0000
      0.0000	      0.0000	      0.0000	      0.0000
      0.0000	      0.0000	      0.0000	      0.0000
      0.0000	      0.0000	      0.0000	      0.0000
      0.0000	      0.0000	      0.0000	      0.0000
      0.0000	      0.0000	      0.0000	      0.0000
      0.0000	      0.0000	      0.0000	      0.0000
      0.0000	      0.0000	      0.0000	      0.0000
      0.0000	      0.0000	      0.0000	      0.0000
      0.0000	      0.0000	      0.0000	      0.0000
      0.0000	      0.0000	      0.0000	      0.0000
      0.0000	      0.0000	      0.0000	      0.0000
      0.0000	      0.0000	      0.0000	      0.0000
      0.0000	      0.0000	      0.0000	      0.0000
      0.0000	      0.0000	      0.0000	      0.0000
      0.0000	      0.0000	      0.0000	      0.0000
      0.0000	      0.0000	      0.0000	      0.0000
      0.0000	      0.0000	      0.0000	      0.0000
      0.0000	      0.0000	      0.0000	      0.0000
      0.0000	      0.0000	      0.0000	      0.0000
      0.0000	      0.0000	      0.0000	      0.0000
      0.0000	      0.0000	      0.0000	      0.0000
      0.0000	      0.0000	      0.0000	      0.0000
      0.0000	      0.0000	      0.0000	      0.0000
      0.0000	      0.0000	      0.0000	      0.0000
      0.0000	      0.0000	      0.0000	      0.0000
      0.0000	      0.0000	      0.0000	      0.0000
      0.0000	      0.0000	      0.0000	      0.0000
      0.0000	      0.0000	      0.0000	      0.0000
      0.0000	      0.0000	      0.0000	      0.0000
      0.0000	      0.0000	      0.0000	      0.0000
      0.0000	      0.0000	      0.0000	      0.0000
      0.0000	      0.0000	      0.0000	      0.0000
      0.0000	      0.0000	      0.0000	      0.0000
      0.0000	      0.0000	      0.0000	      0.0000
      0.0000	      0.0000	      0.0000	      0.0000
      0.0000	      0.0000	      0.0000	      0.0000
      0.0000	      0.0000	      0.0000	      0.0000
      0.0000	      0.0000	      0.0000	      0.0000
      0.0000	      0.0000	      0.0000	      0.0000
      0.0000	      0.0000	      0.0000	      0.0000
      0.0000	      0.0000	      0.0000	      0.0000
      0.0000	      0.0000	      0.0000	      0.0000
      0.0000	      0.0000	      0.0000	      0.0000
      0.0000	      0.0000	      0.0000	      0.0000
      0.0000	      0.0000	      0.0000	      0.0000
      0.0000	      0.0000	      0.0000	      0.0000
      0.0000	      0.0000	      0.0000	      0.0000
      0.0000	      0.0000	      0.0000	      0.0000
      0.0000	      0.0000	      0.0000	      0.0000
      0.0000	      0.0000	      0.0000	      0.0000
      0.0000	      0.0000	      0.0000	      0.0000
      0.0000	      0.0000	      0.0000	      0.0000
      0.0000	      0.0000	      0.0000	      0.0000
      0.0000	      0.0000	      0.0000	      0.0000
      0.0000	      0.0000	      0.0000	      0.0000
      0.0000	      0.0000	      0.0000	      0.0000
      0.0000	      0.0000	      0.0000	      0.0000
      0.0000	      0.0000	      0.0000	      0.0000
      0.0000	      0.0000	      0.0000	      0.0000
      0.0000	      0.0000	      0.0000	      0.0000
      0.0000	      0.0000	      0.0000	      0.0000
      0.0000	      0.0000	      0.0000	      0.0000
      0.0000	      0.0000	      0.0000	      0.0000
      0.0000	      0.0000	      0.0000	      0.0000
      0.0000	      0.0000	      0.0000	      0.0000
      0.0000	      0.0000	      0.0000	      0.0000
      0.0000	      0.0000	      0.0000	      0.0000
      0.0000	      0.0000	      0.0000	      0.0000
      0.0000	      0.0000	      0.0000	      0.0000
      0.0000	      0.0000	      0.0000	      0.0000
      0.0000	      0.0000	      0.0000	      0.0000
      0.0000	      0.0000	      0.0000	      0.0000
      0.0000	      0.0000	      0.0000	      0.0000
      0.0000	      0.0000	      0.0000	      0.0000
      0.0000	      0.0000	      0.0000	      0.0000
      0.0000	      0.0000	      0.0000	      0.0000
      0.0000	      0.0000	      0.0000	      0.0000
      0.0000	      0.0000	      0.0000	      0.0000
      0.0000	      0.0000	      0.0000	      0.0000
      0.0000	      0.0000	      0.0000	      0.0000
      0.0000	      0.0000	      0.0000	      0.0000
      0.0000	      0.0000	      0.0000	      0.0000
      0.0000	      0.0000	      0.0000	      0.0000
      0.0000	      0.0000	      0.0000	      0.0000
      0.0000	      0.0000	      0.0000	      0.0000
      0.0000	      0.0000	      0.0000	      0.0000
      0.0000	      0.0000	      0.0000	      0.0000
      0.0000	      0.0000	      0.0000	      0.0000
      3.5505	      0.0000	      0.0000	      0.0000
    -16.1185	      3.5685	      0.0000	      0.0000
      0.0000	      0.0000	      0.0000	      0.0000
      0.0000	      0.0000	      0.0000	      0.0000
      0.0000	      0.0000	      0.0000	      0.0000
      0.0000	      0.0000	      0.0000	      0.0000
      0.0000	      0.0000	      0.0000	      0.0000
      0.0000	      0.0000	      0.0000	      0.0000
      0.0000	      0.0000	      0.0000	      0.0000
      0.0000	      0.0000	      0.0000	      0.0000
      0.0000	      0.0000	      0.0000	      0.0000
      0.0000	      0.0000	      0.0000	      0.0000
      0.0000	      0.0000	      0.0000	      0.0000
      0.0000	      0.0000	      0.0000	      0.0000
      0.0000	      0.0000	      0.0000	      0.0000
      0.0000	      0.0000	      0.0000	      0.0000
      0.0000	      0.0000	      0.0000	      0.0000
      0.0000	      0.0000	      0.0000	      0.0000
      0.0000	      0.0000	      0.0000	      0.0000
      0.0000	      0.0000	      0.0000	      0.0000
      0.0000	      0.0000	      0.0000	      0.0000
      0.0000	      0.0000	      0.0000	      0.0000
      0.0000	      0.0000	      0.0000	      0.0000
      4.3398	      0.0000	     -0.8587	      0.0000
     21.9318	     -1.0187	      0.0000	      0.0000
     44.5714	     16.7480	      0.0000	     12.7487
     23.3853	      0.0000	      0.0000	      0.0000
     11.0287	      0.0000	      0.0000	      0.0000
      0.0000	      0.0000	      0.0000	      0.0000
      0.0000	      0.0000	      0.0000	      0.0000
      0.0000	      0.0000	      0.0000	      0.0000
      0.0000	      0.0000	      0.0000	      0.0000
     -0.2402	      0.0000	      0.0000	      0.0000
      0.0000	      0.0000	      0.0000	      0.0000
      0.0000	      0.0000	      0.0000	      0.0000
      0.0000	      0.0000	      0.0000	      0.0000
      0.0000	      0.0000	      0.0000	      0.0000
      0.0000	      0.0000	      0.0000	      0.0000
      0.0000	      0.0000	      0.0000	      0.0000
      0.0000	      0.0000	      0.0000	      0.0000
      0.0000	      0.0000	      0.0000	      0.0000
      0.0000	      0.0000	      0.0000	      0.0000
      0.0000	      0.0000	      0.0000	      0.0000
      0.0000	      0.0000	      0.0000	      0.0000
      0.0000	      0.0000	      0.0000	      0.0000
      0.0000	      0.0000	      0.0000	      0.0000
      0.0000	      0.0000	      0.0000	      0.0000
      0.0000	      0.0000	      0.0000	      0.0000
      0.0000	      0.0000	      0.0000	      0.0000
      0.0000	      0.0000	      0.0000	      0.0000
     10.5675	      0.0000	      0.0000	      0.0000
      0.0000	      0.0000	      0.0000	      0.0000
      0.9110	      0.0000	      0.0000	      0.0000
      0.0000	      0.0000	      0.0000	      0.0000
      0.0000	      0.0000	      0.0000	      0.0000
      0.0000	      0.0000	      0.0000	      0.0000
      0.0000	      0.0000	      0.0000	      0.0000
      1.7744	      0.0000	      0.0000	      0.0000
      0.0000	      0.0000	      0.0000	      0.0000
      0.0000	      0.0000	      0.0000	      0.0000
      0.0000	      0.0000	      0.0000	      0.0000
      0.0000	      0.0000	      0.0000	      0.0000
      0.0000	      0.0000	      0.0000	      0.0000
      0.0000	      0.0000	      0.0000	      0.0000
      0.0000	      0.0000	      0.0000	      0.0000
      0.0000	      0.0000	      0.0000	      0.0000
      0.0000	      0.0000	      0.0000	      0.0000
      0.0000	      0.0000	      0.0000	      0.0000
      0.0000	      0.0000	      0.0000	      0.0000
      0.0000	      0.0000	      0.0000	      0.0000
      0.0000	      0.0000	      0.0000	      0.0000
      0.0000	      0.0000	      0.0000	      0.0000
      0.0000	      0.0000	      0.0000	      0.0000
      0.0000	      0.0000	      0.0000	      0.0000
     -1.0619	     -0.3866	     -2.5682	      0.0000
      3.7948	      0.0000	      0.0000	      0.0000
     -1.2963	      0.0000	      0.0000	      0.0000
      0.0000	      0.0000	      0.0000	      0.0000
      0.0000	      0.0000	      0.0000	      0.0000
      0.0000	      0.0000	      0.0000	      0.0000
      0.0000	      0.0000	      0.0000	      0.0000
      0.0000	      0.0000	      0.0000	      0.0000
      0.0000	      0.0000	      0.0000	      0.0000
      0.0000	      0.0000	      0.0000	      0.0000
      0.0000	      0.0000	      0.0000	      0.0000
      0.0000	      0.0000	      0.0000	      0.0000
      0.0000	      0.0000	      0.0000	      0.0000
      0.0000	      0.0000	      0.0000	      0.0000
      0.0000	      0.0000	      0.0000	      0.0000
      0.0000	      0.0000	      0.0000	      0.0000
      0.0000	      0.0000	      0.0000	      0.0000
      0.0000	      0.0000	      0.0000	      0.0000
      0.0000	      0.0000	      0.0000	      0.0000
      0.0000	      0.0000	      0.0000	      0.0000
      0.0000	      0.0000	      0.0000	      0.0000
      0.0000	      0.0000	      0.0000	      0.0000
      0.0000	      0.0000	      0.0000	      0.0000
      0.0000	      0.0000	      0.0000	      0.0000
     -0.2036	      0.0000	      0.0000	      0.0000
     18.7233	      4.7627	      0.0000	      0.0000
     -1.7684	     41.3864	      0.0000	      0.0000
     -3.2132	     -2.4134	     -1.3554	     16.3594
      0.1068	      0.0000	      0.0000	      0.0000
      0.0000	      0.0000	      0.0000	      0.0000
      0.0000	      0.0000	      0.0000	      0.0000
      0.0000	      0.0000	      0.0000	      0.0000
      0.0000	      0.0000	      0.0000	      0.0000
     -1.6960	     -0.8923	     -8.2224	      0.1559
      0.0000	      0.0000	      0.0000	      0.0000
      0.0000	      0.0000	      0.0000	      0.0000
      0.0000	      0.0000	      0.0000	      0.0000
      0.0000	      0.0000	      0.0000	      0.0000
      0.0000	      0.0000	      0.0000	      0.0000
      0.0000	      0.0000	      0.0000	      0.0000
      0.0000	      0.0000	      0.0000	      0.0000
      0.0000	      0.0000	      0.0000	      0.0000
      0.0000	      0.0000	      0.0000	      0.0000
      0.0000	      0.0000	      0.0000	      0.0000
      0.0000	      0.0000	      0.0000	      0.0000
      0.0000	      0.0000	      0.0000	      0.0000
      0.0000	      0.0000	      0.0000	      0.0000
      0.0000	      0.0000	      0.0000	      0.0000
      0.0000	      0.0000	      0.0000	      0.0000
      1.3411	      0.0000	      0.0000	      0.0000
      0.0000	      0.0000	      0.0000	      0.0000
      0.0000	      0.0000	      0.0000	      0.0000
      0.6820	      0.0000	      0.0000	      0.0000
     -7.3504	      0.0000	      0.0000	      0.0000
      0.0000	      0.0000	      0.0000	      0.0000
      0.0000	      0.0000	      0.0000	      0.0000
      0.0000	      0.0000	      0.0000	      0.0000
      0.0000	      0.0000	      0.0000	      0.0000
     -1.6597	     -2.5083	      0.0000	      0.0000
      0.0000	      0.0000	      0.0000	      0.0000
      0.0000	      0.0000	      0.0000	      0.0000
      0.0000	      0.0000	      0.0000	      0.0000
      0.0000	      0.0000	      0.0000	      0.0000
      0.0000	      0.0000	      0.0000	      0.0000
      0.0000	      0.0000	      0.0000	      0.0000
      0.0000	      0.0000	      0.0000	      0.0000
      0.0000	      0.0000	      0.0000	      0.0000
      0.0000	      0.0000	      0.0000	      0.0000
      0.0000	      0.0000	      0.0000	      0.0000
      0.0000	      0.0000	      0.0000	      0.0000
      0.0000	      0.0000	      0.0000	      0.0000
      0.0000	      0.0000	      0.0000	      0.0000
      0.0000	      0.0000	      0.0000	      0.0000
      0.0000	      0.0000	      0.0000	      0.0000
      0.0000	      0.0000	      0.0000	      0.0000
      0.0000	      0.0000	      0.0000	      0.0000
      0.0000	      0.0000	      0.0000	      0.0000
      0.0000	      0.0000	      0.0000	      0.0000
      0.0000	      0.0000	      0.0000	      0.0000
      0.0000	      0.0000	      0.0000	      0.0000
      0.0000	      0.0000	      0.0000	      0.0000
      0.0000	      0.0000	      0.0000	      0.0000
      0.0000	      0.0000	      0.0000	      0.0000
      0.0000	      0.0000	      0.0000	      0.0000
      0.0000	      0.0000	      0.0000	      0.0000
      0.0000	      0.0000	      0.0000	      0.0000
      0.0000	      0.0000	      0.0000	      0.0000
      0.0000	      0.0000	      0.0000	      0.0000
      0.0000	      0.0000	      0.0000	      0.0000
      0.0000	      0.0000	      0.0000	      0.0000
      0.0000	      0.0000	      0.0000	      0.0000
      0.0000	      0.0000	      0.0000	      0.0000
      0.0000	      0.0000	      0.0000	      0.0000
      0.0000	      0.0000	      0.0000	      0.0000
      0.0000	      0.0000	      0.0000	      0.0000
      0.0000	      0.0000	      0.0000	      0.0000
      0.0000	      0.0000	      0.0000	      0.0000
      0.0000	      0.0000	      0.0000	      0.0000
      0.0000	      0.0000	      0.0000	      0.0000
      0.0000	      0.0000	      0.0000	      0.0000
      0.0000	      0.0000	      0.0000	      0.0000
      0.0000	      0.0000	      0.0000	      0.0000
      0.0000	      0.0000	      0.0000	      0.0000
      0.0000	      0.0000	      0.0000	      0.0000
      0.0000	      0.0000	      0.0000	      0.0000
      0.0000	      0.0000	      0.0000	      0.0000
      0.0000	      0.0000	      0.0000	      0.0000
      0.0000	      0.0000	      0.0000	      0.0000
      0.0000	      0.0000	      0.0000	      0.0000
      0.0000	      0.0000	      0.0000	      0.0000
      0.0000	      0.0000	      0.0000	      0.0000
      0.0000	      0.0000	      0.0000	      0.0000
      0.0000	      0.0000	      0.0000	      0.0000
      0.0000	      0.0000	      0.0000	      0.0000
      0.0000	      0.0000	      0.0000	      0.0000
      0.0000	      0.0000	      0.0000	      0.0000
      0.0000	      0.0000	      0.0000	      0.0000
      0.0000	      0.0000	      0.0000	      0.0000
      0.0000	      0.0000	      0.0000	      0.0000
      0.0000	      0.0000	      0.0000	      0.0000
      0.0000	      0.0000	      0.0000	      0.0000
      0.0000	      0.0000	      0.0000	      0.0000
      0.0000	      0.0000	      0.0000	      0.0000
      0.0000	      0.0000	      0.0000	      0.0000
      0.0000	      0.0000	      0.0000	      0.0000
      0.0000	      0.0000	      0.0000	      0.0000
    -16.9642	      0.0000	      0.0000	      0.0000
    -17.0073	      0.0000	      0.0000	      0.0000
     -9.0244	    -20.4249	    -21.2987	      0.0000
      0.0000	      0.0000	      0.0000	      0.0000
      0.0000	      0.0000	      0.0000	      0.0000
      0.0000	      0.0000	      0.0000	      0.0000
      0.0000	      0.0000	      0.0000	      0.0000
      8.3586	      0.0000	      0.0000	      0.0000
      0.0000	      0.0000	      0.0000	      0.0000
      0.0000	      0.0000	      0.0000	      0.0000
      0.0000	      0.0000	      0.0000	      0.0000
      0.0000	      0.0000	      0.0000	      0.0000
      0.0000	      0.0000	      0.0000	      0.0000
      0.0000	      0.0000	      0.0000	      0.0000
      0.0000	      0.0000	      0.0000	      0.0000
      0.0000	      0.0000	      0.0000	      0.0000
      0.0000	      0.0000	      0.0000	      0.0000
      0.0000	      0.0000	      0.0000	      0.0000
      0.0000	      0.0000	      0.0000	      0.0000
      0.0000	      0.0000	      0.0000	      0.0000
      0.0000	      0.0000	      0.0000	      0.0000
      0.0000	      0.0000	      0.0000	      0.0000
      0.0000	      0.0000	      0.0000	      0.0000
     -1.1861	      0.0000	      0.0000	      0.0000
      0.0000	      0.0000	      0.0000	      0.0000
      7.0277	      0.0000	      0.0000	      0.0000
      6.0272	      0.0000	      0.0000	      0.0000
      0.0000	      0.0000	      0.0000	      0.0000
      0.0000	      0.0000	      0.0000	      0.0000
      0.0000	      0.0000	      0.0000	      0.0000
      0.0000	      0.0000	      0.0000	      0.0000
      0.0000	      0.0000	      0.0000	      0.0000
      0.0000	      0.0000	      0.0000	      0.0000
      0.0000	      0.0000	      0.0000	      0.0000
      0.0000	      0.0000	      0.0000	      0.0000
      0.0000	      0.0000	      0.0000	      0.0000
      0.0000	      0.0000	      0.0000	      0.0000
      0.0000	      0.0000	      0.0000	      0.0000
      0.0000	      0.0000	      0.0000	      0.0000
      0.0000	      0.0000	      0.0000	      0.0000
      0.0000	      0.0000	      0.0000	      0.0000
      0.0000	      0.0000	      0.0000	      0.0000
      0.0000	      0.0000	      0.0000	      0.0000
      0.0000	      0.0000	      0.0000	      0.0000
      0.0000	      0.0000	      0.0000	      0.0000
      0.0000	      0.0000	      0.0000	      0.0000
      0.0000	      0.0000	      0.0000	      0.0000
      0.0000	      0.0000	      0.0000	      0.0000
      0.0000	      0.0000	      0.0000	      0.0000
      0.0000	      0.0000	      0.0000	      0.0000
      0.0000	      0.0000	      0.0000	      0.0000
      0.2156	      0.0000	      0.0000	      0.0000
      0.0000	      0.0000	      0.0000	      0.0000
      0.0000	      0.0000	      0.0000	      0.0000
      0.0000	      0.0000	      0.0000	      0.0000
      0.0000	      0.0000	      0.0000	      0.0000
      5.5812	      0.0000	      0.0000	      0.0000
      0.0000	      0.0000	      0.0000	      0.0000
      0.0000	      0.0000	      0.0000	      0.0000
      0.0000	      0.0000	      0.0000	      0.0000
      0.0000	      0.0000	      0.0000	      0.0000
      0.0000	      0.0000	      0.0000	      0.0000
      0.0000	      0.0000	      0.0000	      0.0000
      0.0000	      0.0000	      0.0000	      0.0000
      0.0000	      0.0000	      0.0000	      0.0000
      0.0000	      0.0000	      0.0000	      0.0000
      0.0000	      0.0000	      0.0000	      0.0000
      0.0000	      0.0000	      0.0000	      0.0000
      0.0000	      0.0000	      0.0000	      0.0000
      0.0000	      0.0000	      0.0000	      0.0000
      0.0000	      0.0000	      0.0000	      0.0000
      0.0000	      0.0000	      0.0000	      0.0000
      0.0000	      0.0000	      0.0000	      0.0000
      4.4025	      0.0000	      0.0000	      0.0000
      0.0000	      0.0000	    -30.5695	      0.0000
      0.0000	      0.0000	      0.0000	      0.0000
      2.7895	      0.0000	      0.0000	      0.0000
      9.0384	      0.0000	    -20.4259	      0.0000
      0.0000	      0.0000	      0.0000	      0.0000
      0.0000	      0.0000	      0.0000	      0.0000
      0.0000	      0.0000	      0.0000	      0.0000
      0.0000	      0.0000	      0.0000	      0.0000
      0.0000	      0.0000	      0.0000	      0.0000
      0.0000	      0.0000	      0.0000	      0.0000
      0.0000	      0.0000	      0.0000	      0.0000
      0.0000	      0.0000	      0.0000	      0.0000
      0.0000	      0.0000	      0.0000	      0.0000
      0.0000	      0.0000	      0.0000	      0.0000
      0.0000	      0.0000	      0.0000	      0.0000
      0.0000	      0.0000	      0.0000	      0.0000
      0.0000	      0.0000	      0.0000	      0.0000
      0.0000	      0.0000	      0.0000	      0.0000
      0.0000	      0.0000	      0.0000	      0.0000
      0.0000	      0.0000	      0.0000	      0.0000
      0.0000	      0.0000	      0.0000	      0.0000
      0.0000	      0.0000	      0.0000	      0.0000
      0.0000	      0.0000	      0.0000	      0.0000
      0.0000	      0.0000	      0.0000	      0.0000
      0.0000	      0.0000	      0.0000	      0.0000
     -3.9323	     -2.0781	      0.0000	      0.0000
      0.0000	      0.0000	      0.0000	      0.0000
      2.4727	      0.0000	      0.0000	      0.0000
      0.0000	      0.0000	      0.0000	      0.0000
      0.0000	      0.0000	      0.0000	      0.0000
      0.0000	      0.0000	      0.0000	      0.0000
      0.0000	      0.0000	      0.0000	      0.0000
      0.0000	      0.0000	      0.0000	      0.0000
      0.0000	      0.0000	      0.0000	      0.0000
      0.0000	      0.0000	      0.0000	      0.0000
      0.0000	      0.0000	      0.0000	      0.0000
      0.0000	      0.0000	      0.0000	      0.0000
      0.0000	      0.0000	      0.0000	      0.0000
      0.0000	      0.0000	      0.0000	      0.0000
      0.0000	      0.0000	      0.0000	      0.0000
      0.0000	      0.0000	      0.0000	      0.0000
      0.0000	      0.0000	      0.0000	      0.0000
      0.0000	      0.0000	      0.0000	      0.0000
      0.0000	      0.0000	      0.0000	      0.0000
      0.0000	      0.0000	      0.0000	      0.0000
      0.0000	      0.0000	      0.0000	      0.0000
      0.0000	      0.0000	      0.0000	      0.0000
      0.0000	      0.0000	      0.0000	      0.0000
      0.0000	      0.0000	      0.0000	      0.0000
      0.0000	      0.0000	      0.0000	      0.0000
      0.6597	      0.0000	      0.0000	      0.0000
      0.0000	      0.0000	      0.0000	      0.0000
      0.0000	      0.0000	      0.0000	      0.0615
      1.8405	      0.0000	      0.0000	      0.0000
      0.0000	      0.0000	      0.0000	      0.0000
      0.0000	      0.0000	      0.0000	      0.0000
      0.0000	      0.0000	      0.0000	      0.0000
      0.0000	      0.0000	      0.0000	      0.0000
     -0.8221	      0.0000	      0.0000	      0.0000
      0.0000	      0.0000	      0.0000	      0.0000
      0.0000	      0.0000	      0.0000	      0.0000
      0.0000	      0.0000	      0.0000	      0.0000
      0.0000	      0.0000	      0.0000	      0.0000
      0.0000	      0.0000	      0.0000	      0.0000
      0.0000	      0.0000	      0.0000	      0.0000
      0.0000	      0.0000	      0.0000	      0.0000
      0.0000	      0.0000	      0.0000	      0.0000
      0.0000	      0.0000	      0.0000	      0.0000
      0.0000	      0.0000	      0.0000	      0.0000
      0.0000	      0.0000	      0.0000	      0.0000
      0.0000	      0.0000	      0.0000	      0.0000
      0.0000	      0.0000	      0.0000	      0.0000
      0.0000	      0.0000	      0.0000	      0.0000
      0.0000	      0.0000	      0.0000	      0.0000
      0.0000	      0.0000	      0.0000	      0.0000
      0.0000	      0.0000	     -0.0861	      0.0000
      0.0000	      0.0000	      0.0000	      0.0000
      0.0000	      0.0000	      0.0000	      0.0000
      0.0000	      0.0000	      0.0000	      0.0000
      0.0000	      0.0000	      0.0000	      0.0000
      0.0000	      0.0000	      0.0000	      0.0000
      0.0000	      0.0000	      0.0000	      0.0000
      0.0000	      0.0000	      0.0000	      0.0000
      0.2368	      0.0000	    -20.7957	      0.0000
      0.0000	      0.0000	      0.0000	      0.0000
      0.0000	      0.0000	      0.0000	      0.0000
      0.0000	      0.0000	      0.0000	      0.0000
      0.0000	      0.0000	      0.0000	      0.0000
      0.0000	      0.0000	      0.0000	      0.0000
      0.0000	      0.0000	      0.0000	      0.0000
      0.0000	      0.0000	      0.0000	      0.0000
      0.0000	      0.0000	      0.0000	      0.0000
      0.0000	      0.0000	      0.0000	      0.0000
      0.0000	      0.0000	      0.0000	      0.0000
      0.0000	      0.0000	      0.0000	      0.0000
      0.0000	      0.0000	      0.0000	      0.0000
      0.0000	      0.0000	      0.0000	      0.0000
      0.0000	      0.0000	      0.0000	      0.0000
      0.0000	      0.0000	      0.0000	      0.0000
      0.0000	      0.0000	      0.0000	      0.0000
      0.0000	      0.0000	      0.0000	      0.0000
      0.0000	      0.0000	      0.0000	      0.0000
      0.0000	      0.0000	      0.0000	      0.0000
      0.0000	      0.0000	      0.0000	      7.1927
      5.2196	      0.0000	      0.0000	      0.0000
      0.0000	      0.0000	      0.0000	      0.0000
      0.0000	      0.0000	      0.0000	      0.0000
      0.0000	      0.0000	      0.0000	      0.0000
      0.0000	      0.0000	      0.0000	      0.0000
      0.0000	      0.0000	      0.0000	      0.0000
      0.0000	      0.0000	      0.0000	      0.0000
      0.0000	      0.0000	      0.0000	      0.0000
      0.0000	      0.0000	      0.0000	      0.0000
      0.0000	      0.0000	      0.0000	      0.0000
      0.0000	      0.0000	      0.0000	      0.0000
      0.0000	      0.0000	      0.0000	      0.0000
      0.0000	      0.0000	      0.0000	      0.0000
      0.0000	      0.0000	      0.0000	      0.0000
      0.0000	      0.0000	      0.0000	      0.0000
      0.0000	      0.0000	      0.0000	      0.0000
      0.0000	      0.0000	      0.0000	      0.0000
      0.0000	      0.0000	      0.0000	      0.0000
      0.0000	      0.0000	      0.0000	      0.0000
      0.0000	      0.0000	      0.0000	      0.0000
      0.0000	      0.0000	      0.0000	      0.0000
      0.0000	      0.0000	      0.0000	      0.0000
      0.0000	      0.0000	     14.6745	      0.0000
      9.5203	      0.0000	      0.0000	      0.0000
      0.0000	      0.0000	      0.0000	      0.0000
      0.0000	      0.0000	      0.0000	      0.0000
      0.0000	      0.0000	      0.0000	      0.0000
      0.0000	      0.0000	      0.0000	      0.0000
      0.0000	      0.0000	      0.0000	      0.0000
      5.4774	      0.0000	      0.0000	      0.0000
      0.0000	      0.0000	      0.0000	      0.0000
      0.0000	      0.0000	      0.0000	      0.0000
      0.0000	      0.0000	      0.0000	      0.0000
      0.0000	      0.0000	      0.0000	      0.0000
      0.0000	      0.0000	      0.0000	      0.0000
      0.0000	      0.0000	      0.0000	      0.0000
      0.0000	      0.0000	      0.0000	      0.0000
      0.0000	      0.0000	      0.0000	      0.0000
      0.0000	      0.0000	      0.0000	      0.0000
      0.0000	      0.0000	      0.0000	      0.0000
      0.0000	      0.0000	      0.0000	      0.0000
      0.0000	      0.0000	      0.0000	      0.0000
      0.0000	      0.0000	      0.0000	      0.0000
      0.0000	      0.0000	      0.0000	      0.0000
      0.0000	      0.0000	      0.0000	      0.0000
      0.0000	      0.0000	      0.0000	      0.0000
      0.0000	      0.0000	      0.0000	      0.0000
      0.0000	      0.0000	      0.0000	      0.0000
      0.0000	      0.0000	      0.0000	      0.0000
      0.0000	      0.0000	      0.0000	      0.0000
      0.0000	      0.0000	      0.0000	      0.0000
      0.0000	      0.0000	      0.0000	      0.0000
      0.0000	      0.0000	      0.0000	      0.0000
      0.0000	      0.0000	      0.0000	      0.0000
    -16.2143	      0.0000	      0.0000	      0.0000
      0.0000	      0.0000	      0.0000	      0.0000
      0.0000	      0.0000	      0.0000	      0.0000
      0.0000	      0.0000	      0.0000	      0.0000
      0.0000	      0.0000	      0.0000	      0.0000
      0.0000	      0.0000	      0.0000	      0.0000
      0.0000	      0.0000	      0.0000	      0.0000
      0.0000	      0.0000	      0.0000	      0.0000
      0.0000	      0.0000	      0.0000	      0.0000
      0.0000	      0.0000	      0.0000	      0.0000
      0.0000	      0.0000	      0.0000	      0.0000
      0.0000	      0.0000	      0.0000	      0.0000
      0.0000	      0.0000	      0.0000	      0.0000
      0.0000	      0.0000	      0.0000	      0.0000
      0.0000	      0.0000	      0.0000	      0.0000
      0.0000	      0.0000	      0.0000	      0.0000
      3.8171	      0.0000	      0.0000	      0.0000
      0.0000	      0.0000	      0.0000	      0.0000
     16.3630	      0.0000	      0.0000	      0.0000
     19.6150	      0.0000	      0.0000	      0.0000
      6.6479	      0.0000	      0.0000	      0.0000
      4.6781	      0.0000	      0.0000	      0.0000
      0.0000	      0.0000	      0.0000	      0.0000
      0.0000	      0.0000	      0.0000	      0.0000
      0.0000	      0.0000	      0.0000	      0.0000
      0.0000	      0.0000	      0.0000	      0.0000
      0.0000	      0.0000	      0.0000	      0.0000
      0.0000	      0.0000	      0.0000	      0.0000
      0.0000	      0.0000	      0.0000	      0.0000
      0.0000	      0.0000	      0.0000	      0.0000
      0.0000	      0.0000	      0.0000	      0.0000
      0.0000	      0.0000	      0.0000	      0.0000
      0.0000	      0.0000	      0.0000	      0.0000
      0.0000	      0.0000	      0.0000	      0.0000
      0.0000	      0.0000	      0.0000	      0.0000
      0.0000	      0.0000	      0.0000	      0.0000
      0.0000	      0.0000	      0.0000	      0.0000
      0.0000	      0.0000	      0.0000	      0.0000
      0.0000	      0.0000	      0.0000	      0.0000
      0.0000	      0.0000	      0.0000	      0.0000
      0.0000	      0.0000	      0.0000	      0.0000
     15.7820	      0.0000	      0.0000	      0.0000
     23.7620	      0.0000	      0.0000	      0.0000
      0.0000	     15.6571	      0.0000	      8.0335
     30.6187	      0.0000	      0.0000	      0.0000
     12.3256	      0.0000	      0.0000	      0.0000
      0.0000	      0.0000	      0.0000	      0.0000
      0.0000	      0.0000	      0.0000	      0.0000
      0.0000	      0.0000	      0.0000	      0.0000
     10.9489	      0.0000	      0.0000	      0.0000
      4.3772	      0.0000	      0.0000	      0.0000
      0.0000	      0.0000	      0.0000	      0.0000
      0.0000	      0.0000	      0.0000	      0.0000
      0.0000	      0.0000	      0.0000	      0.0000
      0.0000	      0.0000	      0.0000	      0.0000
      0.0000	      0.0000	      0.0000	      0.0000
      0.0000	      0.0000	      0.0000	      0.0000
      0.0000	      0.0000	      0.0000	      0.0000
      0.0000	      0.0000	      0.0000	      0.0000
      0.0000	      0.0000	      0.0000	      0.0000
      0.0000	      0.0000	      0.0000	      0.0000
      0.0000	      0.0000	      0.0000	      0.0000
      0.0000	      0.0000	      0.0000	      0.0000
      0.0000	      0.0000	      0.0000	      0.0000
      0.0000	      0.0000	      0.0000	      0.0000
      0.0000	      0.0000	      0.0000	      0.0000
      3.4811	      0.0000	      0.0000	      0.0000
      9.7263	      0.0000	      0.0000	      0.0000
      0.0000	      0.0000	      0.0000	      0.0000
      0.0000	      0.0000	    -15.9547	      0.0000
      3.0800	      0.0000	      0.0000	      0.0000
      1.2143	      0.0000	      0.0000	      0.0000
      4.2842	      0.0000	      0.0000	      0.0000
      0.0000	      0.0000	      0.0000	      0.0000
      0.0000	      0.0000	      0.0000	      0.0000
     -6.9294	    -15.5299	      0.0000	      0.0000
      0.0000	      0.0000	      0.0000	      0.0000
      0.0000	      0.0000	      0.0000	      0.0000
      0.0000	      0.0000	      0.0000	      0.0000
      0.0000	      0.0000	      0.0000	      0.0000
      0.0000	      0.0000	      0.0000	      0.0000
      0.0000	      0.0000	      0.0000	      0.0000
      0.0000	      0.0000	      0.0000	      0.0000
      0.0000	      0.0000	      0.0000	      0.0000
      0.0000	      0.0000	      0.0000	      0.0000
      0.0000	      0.0000	      0.0000	      0.0000
      0.0000	      0.0000	      0.0000	      0.0000
      0.0000	      0.0000	      0.0000	      0.0000
      0.0000	      0.0000	      0.0000	      0.0000
      0.0000	      0.0000	      0.0000	      0.0000
      0.0000	      0.0000	      0.0000	      0.0000
     -1.5655	     -3.8553	     -3.9191	      2.0030
     -0.4941	     -3.8353	      9.2555	      0.0000
     -0.8529	      1.0031	      0.0000	      0.0000
     -0.5765	     -0.1259	     -0.3831	     23.6912
      8.3765	      0.0000	      0.0000	      0.0000
     -5.9900	     -0.9254	     -3.6138	     -3.5905
      2.5844	      0.0000	      0.0000	      0.0000
      0.0000	      0.0000	      0.0000	      0.0000
      0.0000	      0.0000	      0.0000	      0.0000
      0.0000	      0.0000	      0.0000	      0.0000
      0.0000	      0.0000	      0.0000	      0.0000
      0.0000	      0.0000	      0.0000	      0.0000
      0.0000	      0.0000	      0.0000	      0.0000
      0.0000	      0.0000	      0.0000	      0.0000
      0.0000	      0.0000	      0.0000	      0.0000
      0.0000	      0.0000	      0.0000	      0.0000
      0.0000	      0.0000	      0.0000	      0.0000
      0.0000	      0.0000	      0.0000	      0.0000
      0.0000	      0.0000	      0.0000	      0.0000
      0.0000	      0.0000	      0.0000	      0.0000
      0.0000	      0.0000	      0.0000	      0.0000
      0.0000	      0.0000	      0.0000	      0.0000
      0.0000	      0.0000	      0.0000	      0.0000
      0.0000	      0.0000	      0.0000	      0.0000
      0.0000	      0.0000	      0.0000	      0.0000
    -14.4420	     -6.5745	    -11.3764	     -4.5887
     22.0817	      7.0895	     -7.6159	      4.4408
     13.2972	      0.9718	     -4.7463	      3.0038
      2.3689	     23.2039	    -10.3026	    -13.0598
     -0.4346	     -2.0030	     -6.3972	     -1.9276
     -9.6657	    -11.5294	     -9.5390	      0.3592
     -0.5293	      5.6455	      0.0000	      4.7577
      0.0000	      0.0000	      0.0000	      0.0000
     -1.5226	     -0.7144	     -7.4545	      5.7253
     -3.8115	     -2.6166	    -10.4700	     -3.4638
      0.0000	      0.0000	      0.0000	      0.0000
      0.0000	      0.0000	      0.0000	      0.0000
      0.0000	      0.0000	      0.0000	      0.0000
      0.0000	      0.0000	      0.0000	      0.0000
      0.0000	      0.0000	      0.0000	      0.0000
      0.0000	      0.0000	      0.0000	      0.0000
      0.0000	      0.0000	      0.0000	      0.0000
      0.0000	      0.0000	      0.0000	      0.0000
      0.0000	      0.0000	      0.0000	      0.0000
      0.0000	      0.0000	      0.0000	      0.0000
      0.0000	      0.0000	      0.0000	      0.0000
      0.0000	      0.0000	      0.0000	      0.0000
      0.0000	      0.0000	      0.0000	      0.0000
      0.0000	      0.0000	      0.0000	      0.0000
      0.0000	      0.0000	      0.0000	      0.0000
      4.0739	      0.0000	      0.0000	      0.0000
     -0.8563	     18.0305	     -8.5222	      0.7911
     -0.3620	     10.6866	      0.0000	      0.0000
      3.5513	     -1.9656	     -6.8001	     -1.1061
     -3.8774	      2.1769	     -7.9734	     -1.9351
     -2.3761	     -3.1504	     -0.6663	     -2.4812
     -1.9307	      0.0000	      0.0000	      0.0000
      0.0000	      0.0000	      0.0000	      0.0000
      2.5069	      0.0000	      0.0000	      0.0000
     -1.7309	     -1.7730	     -9.2352	    -22.7186
      0.0000	      0.0000	      0.0000	      0.0000
      0.0000	      0.0000	      0.0000	      0.0000
      0.0000	      0.0000	      0.0000	      0.0000
      0.0000	      0.0000	      0.0000	      0.0000
      0.0000	      0.0000	      0.0000	      0.0000
      0.0000	      0.0000	      0.0000	      0.0000
      0.0000	      0.0000	      0.0000	      0.0000
      0.0000	      0.0000	      0.0000	      0.0000
      0.0000	      0.0000	      0.0000	      0.0000
      0.0000	      0.0000	      0.0000	      0.0000
      0.0000	      0.0000	      0.0000	      0.0000
      0.0000	      0.0000	      0.0000	      0.0000
      0.0000	      0.0000	      0.0000	      0.0000
      0.0000	      0.0000	      0.0000	      0.0000
      0.0000	      0.0000	      0.0000	      0.0000
      0.0000	      0.0000	      0.0000	      0.0000
      0.0000	      0.0000	      0.0000	      0.0000
      0.0000	      0.0000	      0.0000	      0.0000
      0.0000	      0.0000	      0.0000	      0.0000
      0.0000	      0.0000	      0.0000	      0.0000
      0.0000	      0.0000	      0.0000	      0.0000
      0.0000	      0.0000	      0.0000	      0.0000
      0.0000	      0.0000	      0.0000	      0.0000
      0.0000	      0.0000	      0.0000	      0.0000
      0.0000	      0.0000	      0.0000	      0.0000
      0.0000	      0.0000	      0.0000	      0.0000
      0.0000	      0.0000	      0.0000	      0.0000
      0.0000	      0.0000	      0.0000	      0.0000
      0.0000	      0.0000	      0.0000	      0.0000
      0.0000	      0.0000	      0.0000	      0.0000
      0.0000	      0.0000	      0.0000	      0.0000
      0.0000	      0.0000	      0.0000	      0.0000
      0.0000	      0.0000	      0.0000	      0.0000
      0.0000	      0.0000	      0.0000	      0.0000
      0.0000	      0.0000	      0.0000	      0.0000
      0.0000	      0.0000	      0.0000	      0.0000
      0.0000	      0.0000	      0.0000	      0.0000
      0.0000	      0.0000	      0.0000	      0.0000
      0.0000	      0.0000	      0.0000	      0.0000
      0.0000	      0.0000	      0.0000	      0.0000
      0.0000	      0.0000	      0.0000	      0.0000
     11.5191	      0.0000	      0.0000	      0.0000
      5.6542	      0.0000	      0.0000	      0.0000
      0.0000	      0.0000	      0.0000	      0.0000
      0.0000	      0.0000	      0.0000	      0.0000
      7.0581	      0.0000	      0.0000	      0.0000
      0.0000	      0.0000	      0.0000	      0.0000
      0.0000	      0.0000	      0.0000	      0.0000
      3.0632	     -2.0807	      0.0000	      0.0000
      0.0000	      0.0000	      0.0000	      0.0000
      0.0000	      0.0000	      0.0000	      0.0000
      0.0000	      0.0000	      0.0000	      0.0000
      0.0000	      0.0000	      0.0000	      0.0000
      0.0000	      0.0000	      0.0000	      0.0000
      0.0000	      0.0000	      0.0000	      0.0000
      0.0000	      0.0000	      0.0000	      0.0000
      0.0000	      0.0000	      0.0000	      0.0000
      0.0000	      0.0000	      0.0000	      0.0000
      0.0000	      0.0000	      0.0000	      0.0000
      0.0000	      0.0000	      0.0000	      0.0000
      0.0000	      0.0000	      0.0000	      0.0000
      0.0000	      0.0000	      0.0000	      0.0000
      0.0000	      0.0000	      0.0000	      0.0000
      0.0000	      0.0000	      0.0000	      0.0000
      0.0000	      0.0000	      0.0000	      0.0000
      0.0000	      0.0000	      0.0000	      0.0000
    -12.8591	      0.0000	      0.0000	      0.0000
      5.9692	      0.0000	      0.0000	      0.0000
      0.0000	      0.0000	      0.0000	      0.0000
      0.0000	      0.0000	      0.0000	      0.0000
      0.0000	      0.0000	      0.0000	      0.0000
      0.0000	      0.0000	      0.0000	      0.0000
      0.0000	      0.0000	      0.0000	      0.0000
      0.0000	      0.0000	      0.0000	      0.0000
      0.0000	      0.0000	      0.0000	      0.0000
      0.0000	      0.0000	      0.0000	      0.0000
      0.0000	      0.0000	      0.0000	      0.0000
      0.0000	      0.0000	      0.0000	      0.0000
      0.0000	      0.0000	      0.0000	      0.0000
      0.0000	      0.0000	      0.0000	      0.0000
      0.0000	      0.0000	      0.0000	      0.0000
      0.0000	      0.0000	      0.0000	      0.0000
      0.0000	      0.0000	      0.0000	      0.0000
      0.0000	      0.0000	      0.0000	      0.0000
      0.0000	      0.0000	      0.0000	      0.0000
      0.0000	      0.0000	      0.0000	      0.0000
      0.0000	      0.0000	      0.0000	      0.0000
      0.0000	      0.0000	      0.0000	      0.0000
      0.0000	      0.0000	      0.0000	      0.0000
      0.0000	      0.0000	      0.0000	      0.0000
      0.0000	      0.0000	      0.0000	      0.0000
      0.0000	      0.0000	      0.0000	      0.0000
      0.0000	      0.0000	     25.8627	      0.0000
    -10.8908	      4.1886	      0.0000	      0.0000
      0.0000	      0.0000	      0.0000	      0.0000
     -0.1764	      0.0000	      0.0000	      0.0000
      0.0000	      0.0000	      0.0000	      0.0000
      0.0000	      0.0000	      0.0000	      0.0000
      0.0000	      0.0000	      0.0000	      0.0000
      0.0000	      0.0000	      0.0000	      0.0000
      0.0000	      0.0000	      0.0000	      0.0000
      0.0000	      0.0000	      0.0000	      0.0000
      0.0000	      0.0000	      0.0000	      0.0000
      0.0000	      0.0000	      0.0000	      0.0000
      0.0000	      0.0000	      0.0000	      0.0000
      0.0000	      0.0000	      0.0000	      0.0000
      0.0000	      0.0000	      0.0000	      0.0000
      0.0000	      0.0000	      0.0000	      0.0000
      0.0000	      0.0000	      0.0000	      0.0000
      0.0000	      0.0000	      0.0000	      0.0000
      0.0000	      0.0000	      0.0000	      0.0000
      0.0000	      0.0000	      0.0000	      0.0000
      0.0000	      0.0000	      0.0000	      0.0000
      0.0000	      0.0000	      0.0000	      0.0000
      0.0000	      0.0000	      0.0000	      0.0000
    -16.8375	      7.1871	      0.0000	      0.0000
     31.6145	      0.0000	      0.0000	      0.0000
     48.3353	      0.0000	      0.0000	      0.0000
     -1.4297	     -1.0604	     -4.6814	     20.0867
     -5.5450	     -0.4026	     -1.5088	     10.1525
      1.6126	      0.0000	      0.0000	      0.0000
      0.0000	      0.0000	      0.0000	      0.0000
      0.0000	      0.0000	      0.0000	      0.0000
      1.3600	      0.0000	      0.0000	      0.0000
      0.2973	      0.0000	      0.0000	      0.0000
      0.0000	      0.0000	      0.0000	      0.0000
      0.0000	      0.0000	      0.0000	      0.0000
      0.0000	      0.0000	      0.0000	      0.0000
      0.0000	      0.0000	      0.0000	      0.0000
      0.0000	      0.0000	      0.0000	      0.0000
      0.0000	      0.0000	      0.0000	      0.0000
      0.0000	      0.0000	      0.0000	      0.0000
      0.0000	      0.0000	      0.0000	      0.0000
      0.0000	      0.0000	      0.0000	      0.0000
      0.0000	      0.0000	      0.0000	      0.0000
      0.0000	      0.0000	      0.0000	      0.0000
      0.0000	      0.0000	      0.0000	      0.0000
      0.0000	      0.0000	      0.0000	      0.0000
      0.0000	      0.0000	      0.0000	      0.0000
      0.0000	      0.0000	      0.0000	      0.0000
      4.2128	      0.0000	      0.0000	      0.0000
      0.0000	      0.0000	      0.0000	      0.0000
      0.0000	      0.0000	      0.0000	      0.0000
      0.0000	      0.0000	      0.0000	      0.0000
      0.0000	      0.0000	      0.0000	      0.0000
      0.0000	      0.0000	      0.0000	      0.0000
      0.0000	      0.0000	      0.0000	      0.0000
      0.0000	      0.0000	      0.0000	      0.0000
      0.0000	      0.0000	      0.0000	      0.0000
      0.0000	      0.0000	      0.0000	      0.0000
      0.0000	      0.0000	      0.0000	      0.0000
      0.0000	      0.0000	      0.0000	      0.0000
      0.0000	      0.0000	      0.0000	      0.0000
      0.0000	      0.0000	      0.0000	      0.0000
      0.0000	      0.0000	      0.0000	      0.0000
      0.0000	      0.0000	      0.0000	      0.0000
      0.0000	      0.0000	      0.0000	      0.0000
      0.0000	      0.0000	      0.0000	      0.0000
      0.0000	      0.0000	      0.0000	      0.0000
      0.0000	      0.0000	      0.0000	      0.0000
      0.0000	      0.0000	      0.0000	      0.0000
      0.0000	      0.0000	      0.0000	      0.0000
      0.0000	      0.0000	      0.0000	      0.0000
      0.0000	      0.0000	      0.0000	      0.0000
      0.0000	      0.0000	      0.0000	      0.0000
      1.5027	     -4.2196	      0.0000	      2.4670
     -3.3319	      1.4601	     -1.8365	     -1.2360
     -0.7205	     -0.8901	     -3.8590	     37.3958
     23.3965	      0.0000	      0.0000	      0.1412
      6.5031	      0.0000	      0.0000	      0.0000
     -3.8249	      0.0000	     -3.2850	      0.0000
      3.9080	      0.0000	      0.0000	      0.0000
      0.0000	      0.0000	      0.0000	      0.0000
      1.9897	      0.0000	      0.0000	      0.0000
      0.1132	      0.0000	      0.0000	      0.0000
      0.0000	      0.0000	      0.0000	      0.0000
      0.0000	      0.0000	      0.0000	      0.0000
      0.0000	      0.0000	      0.0000	      0.0000
      0.0000	      0.0000	      0.0000	      0.0000
      0.0000	      0.0000	      0.0000	      0.0000
      0.0000	      0.0000	      0.0000	      0.0000
      0.0000	      0.0000	      0.0000	      0.0000
      0.0000	      0.0000	      0.0000	      0.0000
      0.0000	      0.0000	      0.0000	      0.0000
      0.0000	      0.0000	      0.0000	      0.0000
      0.0000	      0.0000	      0.0000	      0.0000
      0.0000	      0.0000	      0.0000	      0.0000
      0.0000	      0.0000	      0.0000	      0.0000
      0.0000	      0.0000	      0.0000	      0.0000
      0.0000	      0.0000	      0.0000	      0.0000
     -9.2751	    -13.4357	    -18.5910	      1.5263
     14.1773	     12.7328	     -5.3357	     14.3434
     48.7977	     22.0584	     -1.2656	     30.4163
     31.2171	     22.2912	     -4.4218	     15.8186
     13.3504	    -12.3325	    -19.4445	     -4.6290
     -9.3695	    -12.9730	    -13.8300	    -11.1448
     -2.2787	      0.0000	      0.0000	      0.0000
      0.0000	      0.0000	      0.0000	      0.0000
     -3.1050	     -5.5330	     -6.8075	      4.8131
      5.5977	    -19.9321	    -20.8131	    -10.2306
      0.0000	      0.0000	      0.0000	      0.0000
      0.0000	      0.0000	      0.0000	      0.0000
      0.0000	      0.0000	      0.0000	      0.0000
      0.0000	      0.0000	      0.0000	      0.0000
      0.0000	      0.0000	      0.0000	      0.0000
      0.0000	      0.0000	      0.0000	      0.0000
      0.0000	      0.0000	      0.0000	      0.0000
      0.0000	      0.0000	      0.0000	      0.0000
      0.0000	      0.0000	      0.0000	      0.0000
      0.0000	      0.0000	      0.0000	      0.0000
      0.0000	      0.0000	      0.0000	      0.0000
      0.0000	      0.0000	      0.0000	      0.0000
      0.0000	      0.0000	      0.0000	      0.0000
      0.0000	      0.0000	      0.0000	      0.0000
      0.0000	      0.0000	      0.0000	      0.0000
     13.4127	      0.0000	      0.0000	      0.0000
     25.5483	      0.0000	     -1.4870	     19.3399
     32.4591	      5.2462	      5.5889	      4.1781
     -0.5128	     26.5520	      0.0000	     -1.5726
     -4.9716	     -8.3858	     -5.7329	     -6.8792
      4.7977	     -4.4254	    -19.9978	     -1.3823
      2.0527	      0.0000	      0.0000	      0.0000
      0.0000	      0.0000	      0.0000	      0.0000
     -0.2181	     -4.1052	    -12.2873	     -2.9187
      0.0513	     -3.6073	     -6.9647	     -7.7916
      0.0000	      0.0000	      0.0000	      0.0000
      0.0000	      0.0000	      0.0000	      0.0000
      0.0000	      0.0000	      0.0000	      0.0000
      0.0000	      0.0000	      0.0000	      0.0000
      0.0000	      0.0000	      0.0000	      0.0000
      0.0000	      0.0000	      0.0000	      0.0000
      0.0000	      0.0000	      0.0000	      0.0000
      0.0000	      0.0000	      0.0000	      0.0000
      0.0000	      0.0000	      0.0000	      0.0000
      0.0000	      0.0000	      0.0000	      0.0000
      0.0000	      0.0000	      0.0000	      0.0000
      0.0000	      0.0000	      0.0000	      0.0000
      0.0000	      0.0000	      0.0000	      0.0000
      0.0000	      0.0000	      0.0000	      0.0000
      0.0000	      0.0000	      0.0000	      0.0000
     -1.2771	      4.8750	      0.0000	      0.0000
      0.0000	      0.0000	      0.0000	      0.0000
      0.0000	      0.0000	      0.0000	      0.0000
      0.0000	      0.0000	      0.0000	      0.0000
      0.0000	      0.0000	      0.0000	      0.0000
      0.0000	      0.0000	      0.0000	      0.0000
      0.0000	      0.0000	      0.0000	      0.0000
      0.0000	      0.0000	      0.0000	      0.0000
      0.0000	      0.0000	      0.0000	      0.0000
      0.0000	      0.0000	      0.0000	      0.0000
      0.0000	      0.0000	      0.0000	      0.0000
      0.0000	      0.0000	      0.0000	      0.0000
      0.0000	      0.0000	      0.0000	      0.0000
      0.0000	      0.0000	      0.0000	      0.0000
      0.0000	      0.0000	      0.0000	      0.0000
      0.0000	      0.0000	      0.0000	      0.0000
      0.0000	      0.0000	      0.0000	      0.0000
      0.0000	      0.0000	      0.0000	      0.0000
      0.0000	      0.0000	      0.0000	      0.0000
      0.0000	      0.0000	      0.0000	      0.0000
      0.0000	      0.0000	      0.0000	      0.0000
      0.0000	      0.0000	      0.0000	      0.0000
      0.0000	      0.0000	      0.0000	      0.0000
      0.0000	      0.0000	      0.0000	      0.0000
      0.0000	      0.0000	      0.0000	      0.0000
      0.0000	      0.0000	      0.0000	      0.0000
      0.0000	      0.0000	      0.0000	      0.0000
      0.0000	      0.0000	      0.0000	      0.0000
      0.0000	      0.0000	      0.0000	      0.0000
      0.0000	      0.0000	      0.0000	      0.0000
      0.0000	      0.0000	      0.0000	      0.0000
      0.0000	      0.0000	      0.0000	      0.0000
      0.0000	      0.0000	      0.0000	      0.0000
      0.0000	      0.0000	      0.0000	      0.0000
      0.0000	      0.0000	      0.0000	      0.0000
      0.0000	      0.0000	      0.0000	      0.0000
      0.0000	      0.0000	      0.0000	      0.0000
      0.0000	      0.0000	      0.0000	      0.0000
      0.0000	      0.0000	      0.0000	      0.0000
      0.0000	      0.0000	      0.0000	      0.0000
      0.0000	      0.0000	      0.0000	      0.0000
      0.0000	      0.0000	      0.0000	      0.0000
      0.0000	      0.0000	      0.0000	      0.0000
      0.0000	      0.0000	      0.0000	      0.0000
      0.0000	      0.0000	      0.0000	      0.0000
      0.0000	      0.0000	      0.0000	      0.0000
      0.0000	      0.0000	      0.0000	      0.0000
      0.0000	      0.0000	      0.0000	      0.0000
      0.0000	      0.0000	      0.0000	      0.0000
      0.0000	      0.0000	      0.0000	      0.0000
      0.0000	      0.0000	      0.0000	      0.0000
      0.0000	      0.0000	      0.0000	      0.0000
      0.0000	      0.0000	      0.0000	      0.0000
      0.0000	      0.0000	      0.0000	      0.0000
     14.1240	      0.0000	      0.0000	      0.0000
      0.0000	      0.0000	      0.0000	      0.0000
      0.0000	      0.0000	      0.0000	      0.0000
      0.0000	      0.0000	      0.0000	      0.0000
      0.0000	      0.0000	      0.0000	      0.0000
      0.0000	      0.0000	      0.0000	      0.0000
      0.0000	      0.0000	      0.0000	      0.0000
      0.0000	      0.0000	      0.0000	      0.0000
      0.0000	      0.0000	      0.0000	      0.0000
      0.0000	      0.0000	      0.0000	      0.0000
      0.0000	      0.0000	      0.0000	      0.0000
      0.0000	      0.0000	      0.0000	      0.0000
      0.0000	      0.0000	      0.0000	      0.0000
      0.0000	      0.0000	      0.0000	      0.0000
      0.0000	      0.0000	      0.0000	      0.0000
      0.0000	      0.0000	      0.0000	      0.0000
      0.0000	      0.0000	      0.0000	      0.0000
      0.0000	      0.0000	      0.0000	      0.0000
      0.0000	      0.0000	      0.0000	      0.0000
      0.0000	      0.0000	      0.0000	      0.0000
      0.0000	      0.0000	      0.0000	      0.0000
     -1.3685	    -12.6916	     -5.7964	      0.2261
      0.0000	      0.0000	      0.0000	      0.0000
      0.0000	      0.0000	      0.0000	      0.0000
      0.0000	      0.0000	      0.0000	      0.0000
      0.0000	      0.0000	      0.0000	      0.0000
      0.0000	      0.0000	      0.0000	      0.0000
      0.0000	      0.0000	      0.0000	      0.0000
      0.0000	      0.0000	      0.0000	      0.0000
      0.0000	      1.0469	      0.0000	      0.0000
      0.0000	      0.0000	      0.0000	      0.0000
      0.0000	      0.0000	      0.0000	      0.0000
      0.0000	      0.0000	      0.0000	      0.0000
      0.0000	      0.0000	      0.0000	      0.0000
      0.0000	      0.0000	      0.0000	      0.0000
      0.0000	      0.0000	      0.0000	      0.0000
      0.0000	      0.0000	      0.0000	      0.0000
      0.0000	      0.0000	      0.0000	      0.0000
      0.0000	      0.0000	      0.0000	      0.0000
      0.0000	      0.0000	      0.0000	      0.0000
      0.0000	      0.0000	      0.0000	      0.0000
      0.0000	      0.0000	      0.0000	      0.0000
      0.0000	      0.0000	      0.0000	      0.0000
      0.0000	      0.0000	      0.0000	      0.0000
      0.0000	      0.0000	      0.0000	      0.0000
      0.0000	      0.0000	      0.0000	      0.0000
    -20.0853	     -1.2828	     -8.3501	      0.0000
      2.5284	      0.0000	      0.0000	      0.0000
      0.0000	      0.0000	      0.0000	      0.0000
      0.0000	      0.0000	      0.0000	      0.0000
      0.2356	      0.0000	      0.0000	      0.0000
      0.0000	      0.0000	      0.0000	      0.0000
      0.0000	      0.0000	      0.0000	      0.0000
      0.0000	      0.0000	      0.0000	      0.0000
     -0.1213	      0.0000	      0.0000	      0.0000
      0.0000	      0.0000	      0.0000	      0.0000
      0.0000	      0.0000	      0.0000	      0.0000
      0.0000	      0.0000	      0.0000	      0.0000
      0.0000	      0.0000	      0.0000	      0.0000
      0.0000	      0.0000	      0.0000	      0.0000
      0.0000	      0.0000	      0.0000	      0.0000
      0.0000	      0.0000	      0.0000	      0.0000
      0.0000	      0.0000	      0.0000	      0.0000
      0.0000	      0.0000	      0.0000	      0.0000
      0.0000	      0.0000	      0.0000	      0.0000
      0.0000	      0.0000	      0.0000	      0.0000
      0.0000	      0.0000	      0.0000	      0.0000
      0.0000	      0.0000	      0.0000	      0.0000
      0.0000	      0.0000	      0.0000	      0.0000
      0.0000	      0.0000	      0.0000	      0.0000
      0.0000	      0.0000	      0.0000	      0.0000
      0.0000	      0.0000	      0.0000	      0.0000
      0.0000	      0.0000	      0.0000	      0.0000
      0.0000	      0.0000	      0.0000	      0.0000
      0.0000	      0.0000	      0.0000	      0.0000
      0.0000	      0.0000	      0.0000	      0.0000
      0.0000	      0.0000	      0.0000	      0.0000
      0.0000	      0.0000	      0.0000	      0.0000
      0.0000	      0.0000	      0.0000	      0.0000
      0.0000	      0.0000	      0.0000	      0.0000
      0.0000	      0.0000	      0.0000	      0.0000
      0.0000	      0.0000	      0.0000	      0.0000
      0.0000	      0.0000	      0.0000	      0.0000
      0.0000	      0.0000	      0.0000	      0.0000
      0.0000	      0.0000	      0.0000	      0.0000
      0.0000	      0.0000	      0.0000	      0.0000
      0.0000	      0.0000	      0.0000	      0.0000
      0.0000	      0.0000	      0.0000	      0.0000
      0.0000	      0.0000	      0.0000	      0.0000
      0.0000	      0.0000	      0.0000	      0.0000
      0.0000	      0.0000	      0.0000	      0.0000
      0.0000	      0.0000	      0.0000	      0.0000
      0.0000	      0.0000	      0.0000	      0.0000
      0.0000	      0.0000	      0.0000	      0.0000
      0.0000	      0.0000	      0.0000	      0.0000
      0.0000	      0.0000	      0.0000	      0.0000
     -1.0527	     -2.6639	     -5.3396	      4.8534
      4.2772	      0.0000	      0.0000	      0.0000
     -0.2590	     -1.5572	     -1.7631	     -0.1996
     17.7254	      0.0000	      0.0000	      0.0000
     -0.9566	     -1.4416	     -1.2598	      0.0000
      0.0000	      0.0000	      0.0000	      0.0000
      0.0000	      0.0000	      0.0000	      0.0000
      0.0000	      0.0000	      0.0000	      0.0000
      1.5544	      0.0000	      0.0000	      0.0000
     -0.2789	     -7.3034	     -3.1533	      4.7166
      0.0000	      0.0000	      0.0000	      0.0000
      0.0000	      0.0000	      0.0000	      0.0000
      0.0000	      0.0000	      0.0000	      0.0000
      0.0000	      0.0000	      0.0000	      0.0000
      0.0000	      0.0000	      0.0000	      0.0000
      0.0000	      0.0000	      0.0000	      0.0000
      0.0000	      0.0000	      0.0000	      0.0000
      0.0000	      0.0000	      0.0000	      0.0000
      0.0000	      0.0000	      0.0000	      0.0000
      0.0000	      0.0000	      0.0000	      0.0000
      0.0000	      0.0000	      0.0000	      0.0000
      0.0000	      0.0000	      0.0000	      0.0000
      0.0000	      0.0000	      0.0000	      0.0000
      0.0000	      0.0000	      0.0000	      0.0000
      0.0000	      0.0000	      0.0000	      0.0000
    -23.5375	     -6.1972	     -6.0987	      1.4462
     -0.5814	     -1.0509	     -3.6831	      8.2720
      0.0000	      0.0000	      0.0000	      0.0000
     14.3517	     -3.3796	    -10.5206	      1.9146
     -0.0163	     -0.8619	     -4.1101	     -2.1726
    -20.4423	      0.0000	      0.0000	      0.0000
      0.0000	      0.0000	      0.0000	      0.0000
      0.0000	      0.0000	      0.0000	      0.0000
     -1.6003	      0.5299	     -2.1892	     -1.5840
      2.6822	     -0.2903	     -4.5450	     -0.1666
      0.0000	      0.0000	      0.0000	      0.0000
      0.0000	      0.0000	      0.0000	      0.0000
      0.0000	      0.0000	      0.0000	      0.0000
      0.0000	      0.0000	      0.0000	      0.0000
      0.0000	      0.0000	      0.0000	      0.0000
      0.0000	      0.0000	      0.0000	      0.0000
      0.0000	      0.0000	      0.0000	      0.0000
      0.0000	      0.0000	      0.0000	      0.0000
      0.0000	      0.0000	      0.0000	      0.0000
      0.0000	      0.0000	      0.0000	      0.0000
      0.0000	      0.0000	      0.0000	      0.0000
      0.0000	      0.0000	      0.0000	      0.0000
      0.0000	      0.0000	      0.0000	      0.0000
      0.0000	      0.0000	      0.0000	      0.0000
      0.0000	      0.0000	      0.0000	      0.0000
     -0.0533	      1.2216	      0.0000	      0.0000
     -2.4771	     -1.7134	     -1.5134	     10.0090
      0.0000	      0.0000	      0.0000	      0.0000
      0.0000	      0.0000	      0.0000	      0.0000
      0.0000	      0.0000	      0.0000	      0.0000
     -1.5830	      0.0000	      0.0000	      0.0000
      0.0000	      0.0000	      0.0000	      0.0000
      0.0000	      0.0000	      0.0000	      0.0000
     -0.0082	     -1.3576	     -2.4169	      0.0000
     -7.0286	     -1.9792	     -4.6168	     -1.9725
      0.0000	      0.0000	      0.0000	      0.0000
      0.0000	      0.0000	      0.0000	      0.0000
      0.0000	      0.0000	      0.0000	      0.0000
      0.0000	      0.0000	      0.0000	      0.0000
      0.0000	      0.0000	      0.0000	      0.0000
      0.0000	      0.0000	      0.0000	      0.0000
      0.0000	      0.0000	      0.0000	      0.0000
      0.0000	      0.0000	      0.0000	      0.0000
      0.0000	      0.0000	      0.0000	      0.0000
      0.0000	      0.0000	      0.0000	      0.0000
      0.0000	      0.0000	      0.0000	      0.0000
      0.0000	      0.0000	      0.0000	      0.0000
      0.0000	      0.0000	      0.0000	      0.0000
      0.0000	      0.0000	      0.0000	      0.0000
      0.0000	      0.0000	      0.0000	      0.0000
      0.0000	      0.0000	      0.0000	      0.0000
      0.0000	      0.0000	      0.0000	      0.0000
      0.0000	      0.0000	      0.0000	      0.0000
      0.0000	      0.0000	      0.0000	      0.0000
      0.0000	      0.0000	      0.0000	      0.0000
      9.7327	      0.0000	      0.0000	      0.0000
      0.0000	      0.0000	      0.0000	      0.0000
      0.0000	      0.0000	      0.0000	      0.0000
      0.0000	      0.0000	      0.0000	      0.0000
      0.0000	      0.0000	      0.0000	      0.0000
      0.0000	      0.0000	      0.0000	      0.0000
      0.0000	      0.0000	      0.0000	      0.0000
      0.0000	      0.0000	      0.0000	      0.0000
      0.0000	      0.0000	      0.0000	      0.0000
      0.0000	      0.0000	      0.0000	      0.0000
      0.0000	      0.0000	      0.0000	      0.0000
      0.0000	      0.0000	      0.0000	      0.0000
      0.0000	      0.0000	      0.0000	      0.0000
      0.0000	      0.0000	      0.0000	      0.0000
      0.0000	      0.0000	      0.0000	      0.0000
      0.0000	      0.0000	      0.0000	      0.0000
      0.0000	      0.0000	      0.0000	      0.0000
      0.0000	      0.0000	      0.0000	      0.0000
      0.0000	      0.0000	      0.0000	      0.0000
      0.0000	      0.0000	      0.0000	      0.0000
    -20.0345	      0.0000	      0.0000	      0.0000
      0.0000	      0.0000	      0.0000	      0.0000
     -7.3833	      0.0000	      0.0000	      0.0000
      0.0000	      0.0000	      0.0000	      0.0000
      0.0000	      0.0000	      0.0000	      0.0000
      0.0000	      0.0000	      0.0000	      0.0000
      0.0000	      0.0000	      0.0000	      0.0000
      0.0000	      0.0000	      0.0000	      0.0000
      0.0000	      0.0000	      0.0000	      0.0000
      0.0000	      0.0000	      0.0000	      0.0000
      0.0000	      0.0000	      0.0000	      0.0000
      0.0000	      0.0000	      0.0000	      0.0000
      0.0000	      0.0000	      0.0000	      0.0000
      0.0000	      0.0000	      0.0000	      0.0000
      0.0000	      0.0000	      0.0000	      0.0000
      0.0000	      0.0000	      0.0000	      0.0000
      0.0000	      0.0000	      0.0000	      0.0000
      0.0000	      0.0000	      0.0000	      0.0000
      0.0000	      0.0000	      0.0000	      0.0000
      0.0000	      0.0000	      0.0000	      0.0000
      0.0000	      0.0000	      0.0000	      0.0000
      0.0000	      0.0000	      0.0000	      0.0000
      0.0000	      0.0000	      0.0000	      0.0000
      0.0000	      0.0000	      0.0000	      0.0000
      0.0000	      0.0000	      0.0000	      0.0000
      0.0000	      0.0000	      0.0000	      0.0000
      0.0000	      0.0000	      0.0000	      0.0000
      0.0000	      0.0000	      0.0000	      0.0000
    -25.4005	      0.0000	      0.0000	      0.0000
      0.0000	      0.0000	      0.0000	      0.0000
      8.8010	      0.0000	      0.0000	      0.0000
      0.0000	      0.0000	      0.0000	      0.0000
      0.0000	      0.0000	      0.0000	      0.0000
      0.0000	      0.0000	      0.0000	      0.0000
      0.0000	      0.0000	      0.0000	      0.0000
      0.0000	      0.0000	      0.0000	      0.0000
      0.0000	      0.0000	      0.0000	      0.0000
      0.0000	      0.0000	      0.0000	      0.0000
      0.0000	      0.0000	      0.0000	      0.0000
      0.0000	      0.0000	      0.0000	      0.0000
      0.0000	      0.0000	      0.0000	      0.0000
      0.0000	      0.0000	      0.0000	      0.0000
      0.0000	      0.0000	      0.0000	      0.0000
      0.0000	      0.0000	      0.0000	      0.0000
      0.0000	      0.0000	      0.0000	      0.0000
      0.0000	      0.0000	      0.0000	      0.0000
      0.0000	      0.0000	      0.0000	      0.0000
      0.0000	      0.0000	      0.0000	      0.0000
      0.0000	      0.0000	      0.0000	      0.0000
      0.0000	      0.0000	      0.0000	      0.0000
     -0.0323	      2.2389	      0.0000	      0.0000
      9.0986	      0.0000	      2.3206	      0.0000
      0.0000	      0.0000	     11.2753	      0.0000
     21.7856	      0.0000	      0.0000	      0.0000
      0.0000	      0.1092	      0.0000	      0.0000
     -3.4175	     -1.8834	    -10.5137	      0.0000
      0.0000	      0.0000	      0.0000	      0.0000
      0.0000	      0.0000	      0.0000	      0.0000
      0.0000	      0.0000	      0.0000	      0.0000
      0.0000	      0.0000	      0.0000	      0.0000
      0.0000	      0.0000	      0.0000	      0.0000
      0.0000	      0.0000	      0.0000	      0.0000
      0.0000	      0.0000	      0.0000	      0.0000
      0.0000	      0.0000	      0.0000	      0.0000
      0.0000	      0.0000	      0.0000	      0.0000
      0.0000	      0.0000	      0.0000	      0.0000
      0.0000	      0.0000	      0.0000	      0.0000
      0.0000	      0.0000	      0.0000	      0.0000
      0.0000	      0.0000	      0.0000	      0.0000
      0.0000	      0.0000	      0.0000	      0.0000
      0.0000	      0.0000	      0.0000	      0.0000
      0.0000	      0.0000	      0.0000	      0.0000
      0.0000	      0.0000	      0.0000	      0.0000
      0.0000	      0.0000	      0.0000	      0.0000
      0.0000	      0.0000	      0.0000	      0.0000
     12.9859	      0.0000	      2.3864	      0.0000
     25.0732	      0.0000	      0.0000	      0.0000
      0.0000	      0.0000	      0.0000	     41.7144
      3.4693	      0.0000	      0.0000	     28.6975
     -0.3039	      0.0000	      0.0000	      0.0000
    -13.9253	     -3.1670	     -3.5615	      3.6289
    -12.7899	      0.0000	      0.0000	      0.0000
      0.0000	      0.0000	      0.0000	      0.0000
      7.9909	      0.0000	      0.0000	      0.0000
    -20.0128	      9.3606	      0.0000	      0.0000
      0.0000	      0.0000	      0.0000	      0.0000
      0.0000	      0.0000	      0.0000	      0.0000
      0.0000	      0.0000	      0.0000	      0.0000
      0.0000	      0.0000	      0.0000	      0.0000
      0.0000	      0.0000	      0.0000	      0.0000
      0.0000	      0.0000	      0.0000	      0.0000
      0.0000	      0.0000	      0.0000	      0.0000
      0.0000	      0.0000	      0.0000	      0.0000
      0.0000	      0.0000	      0.0000	      0.0000
      0.0000	      0.0000	      0.0000	      0.0000
      0.0000	      0.0000	      0.0000	      0.0000
      0.0000	      0.0000	      0.0000	      0.0000
      0.0000	      0.0000	      0.0000	      0.0000
      0.0000	      0.0000	      0.0000	      0.0000
      0.0000	      0.0000	      0.0000	      0.0000
      0.0000	      0.0000	      0.0000	      0.0000
      5.3343	      0.0000	      0.0000	      0.0000
      0.0000	      0.0000	      0.0000	      0.0000
    -15.6945	      0.0000	      0.0000	      0.0000
    -17.9191	      0.3451	      0.0000	      0.0000
      0.0000	      0.0000	      0.0000	      0.0000
      0.0000	      0.0000	      0.0000	      0.0000
      0.0000	      0.0000	      0.0000	      0.0000
      0.0000	      0.0000	      0.0000	      0.0000
      3.2934	      0.0000	      0.0000	      0.0000
      0.0000	      0.0000	      0.0000	      0.0000
      0.0000	      0.0000	      0.0000	      0.0000
      0.0000	      0.0000	      0.0000	      0.0000
      0.0000	      0.0000	      0.0000	      0.0000
      0.0000	      0.0000	      0.0000	      0.0000
      0.0000	      0.0000	      0.0000	      0.0000
      0.0000	      0.0000	      0.0000	      0.0000
      0.0000	      0.0000	      0.0000	      0.0000
      0.0000	      0.0000	      0.0000	      0.0000
      0.0000	      0.0000	      0.0000	      0.0000
      0.0000	      0.0000	      0.0000	      0.0000
      0.0000	      0.0000	      0.0000	      0.0000
      0.0000	      0.0000	      0.0000	      0.0000
      0.0000	      0.0000	      0.0000	      0.0000
      0.0000	      0.0000	      0.0000	      0.0000
    -20.0248	      0.0000	      7.6637	      0.0000
      6.4900	      0.0000	      0.0000	      0.0000
      4.9076	      0.0000	      0.0000	      0.0000
     10.7561	      0.0000	      0.0000	      0.0000
      0.0000	      0.0000	      0.0000	      0.0000
      0.0000	      0.0000	      7.5949	      0.0000
      1.7773	      0.0000	      0.0000	      0.0000
      0.0000	      0.0000	      0.0000	      0.0000
      0.0000	      0.0000	      0.0000	      0.0000
      0.0000	      0.0000	      0.0000	      0.0000
      0.0000	      0.0000	      0.0000	      0.0000
      0.0000	      0.0000	      0.0000	      0.0000
      0.0000	      0.0000	      0.0000	      0.0000
      0.0000	      0.0000	      0.0000	      0.0000
      0.0000	      0.0000	      0.0000	      0.0000
      0.0000	      0.0000	      0.0000	      0.0000
      0.0000	      0.0000	      0.0000	      0.0000
      0.0000	      0.0000	      0.0000	      0.0000
      0.0000	      0.0000	      0.0000	      0.0000
      0.0000	      0.0000	      0.0000	      0.0000
      0.0000	      0.0000	      0.0000	      0.0000
      0.0000	      0.0000	      0.0000	      0.0000
      0.0000	      0.0000	      0.0000	      0.0000
      0.0000	      0.0000	      0.0000	      0.0000
      0.0000	      0.0000	      0.0000	      0.0000
     -0.8048	      3.0260	     -1.9794	      1.0823
      4.8810	     22.9929	      2.9060	      0.0000
     25.5829	      0.0000	      0.0000	      0.0000
     29.3726	      0.0000	      0.0000	      0.9708
      8.0874	      0.0000	      0.0000	      0.0000
     -4.7399	      0.8421	      0.0000	      0.0000
      0.0000	      0.0000	      0.0000	      0.0000
      0.0000	      0.0000	      0.0000	      0.0000
      6.2486	      0.0000	      0.0000	      0.0000
      0.0000	      0.0000	      0.0000	      0.0000
      0.0000	      0.0000	      0.0000	      0.0000
      0.0000	      0.0000	      0.0000	      0.0000
      0.0000	      0.0000	      0.0000	      0.0000
      0.0000	      0.0000	      0.0000	      0.0000
      0.0000	      0.0000	      0.0000	      0.0000
      0.0000	      0.0000	      0.0000	      0.0000
      0.0000	      0.0000	      0.0000	      0.0000
      0.0000	      0.0000	      0.0000	      0.0000
      0.0000	      0.0000	      0.0000	      0.0000
      0.0000	      0.0000	      0.0000	      0.0000
      0.0000	      0.0000	      0.0000	      0.0000
      0.0000	      0.0000	      0.0000	      0.0000
      0.0000	      0.0000	      0.0000	      0.0000
      0.0000	      0.0000	      0.0000	      0.0000
      0.0000	      0.0000	      0.0000	      0.0000
      0.0000	      0.0000	      0.0000	      0.0000
      8.8421	      0.0000	      0.0000	      0.0000
      2.8456	      0.0000	      0.0000	      0.0000
      2.6197	      0.0000	      0.0000	      0.0000
      7.0145	      0.0000	     -2.0849	      0.0000
      0.0000	      0.0000	      0.0000	      0.0000
      0.0000	      0.0000	      0.0000	      0.0000
      0.0000	      0.0000	      0.0000	      0.0000
      0.0000	      0.0000	      0.0000	      0.0000
      0.0000	      0.0000	      0.0000	      0.0000
      0.0000	      0.0000	      0.0000	      0.0000
      0.0000	      0.0000	      0.0000	      0.0000
      0.0000	      0.0000	      0.0000	      0.0000
      0.0000	      0.0000	      0.0000	      0.0000
      0.0000	      0.0000	      0.0000	      0.0000
      0.0000	      0.0000	      0.0000	      0.0000
      0.0000	      0.0000	      0.0000	      0.0000
      0.0000	      0.0000	      0.0000	      0.0000
      0.0000	      0.0000	      0.0000	      0.0000
      0.0000	      0.0000	      0.0000	      0.0000
      0.0000	      0.0000	      0.0000	      0.0000
      0.0000	      0.0000	      0.0000	      0.0000
      0.0000	      0.0000	      0.0000	      0.0000
      0.0000	      0.0000	      0.0000	      0.0000
      0.0000	      0.0000	      0.0000	      0.0000
    -21.2620	    -20.0183	      0.0000	      0.0000
      0.0000	      0.0000	      0.0000	      0.0000
      0.0000	      0.0000	      0.0000	      0.0000
      0.0000	      0.0000	      0.0000	      0.0000
    -18.1046	      0.0000	      0.0000	      0.0000
      0.0000	      0.0000	      0.0000	      0.0000
      0.0000	      0.0000	      0.0000	      0.0000
      0.0000	      0.0000	      0.0000	      0.0000
      0.0000	      0.0000	      0.0000	      0.0000
      0.0000	      0.0000	      0.0000	      0.0000
      0.0000	      0.0000	      0.0000	      0.0000
      0.0000	      0.0000	      0.0000	      0.0000
      0.0000	      0.0000	      0.0000	      0.0000
      0.0000	      0.0000	      0.0000	      0.0000
      0.0000	      0.0000	      0.0000	      0.0000
      0.0000	      0.0000	      0.0000	      0.0000
      0.0000	      0.0000	      0.0000	      0.0000
      0.0000	      0.0000	      0.0000	      0.0000
      0.0000	      0.0000	      0.0000	      0.0000
      0.0000	      0.0000	      0.0000	      0.0000
      0.0000	      0.0000	      0.0000	      0.0000
      0.0000	      0.0000	      0.0000	      0.0000
      0.0000	      0.0000	      0.0000	      0.0000
      0.0000	      0.0000	      0.0000	      0.0000
      0.0000	      0.0000	      0.0000	      0.0000
     -0.3735	      0.0000	      0.0000	      0.0000
     -0.7670	      0.0000	     -0.0462	      0.0000
     -9.8181	    -16.8263	     14.1771	      0.0000
    -16.7443	      0.0000	      0.0000	      0.0000
    -14.2037	      0.0000	      0.0000	      0.0000
      0.0000	      0.0000	      0.0000	      0.0000
      0.0000	      0.0000	      0.0000	      0.0000
      0.0000	      0.0000	      0.0000	      0.0000
      0.0000	      0.0000	      0.0000	      0.0000
    -22.6846	      0.0000	      0.0000	      0.0000
      0.0000	      0.0000	      0.0000	      0.0000
      0.0000	      0.0000	      0.0000	      0.0000
      0.0000	      0.0000	      0.0000	      0.0000
      0.0000	      0.0000	      0.0000	      0.0000
      0.0000	      0.0000	      0.0000	      0.0000
      0.0000	      0.0000	      0.0000	      0.0000
      0.0000	      0.0000	      0.0000	      0.0000
      0.0000	      0.0000	      0.0000	      0.0000
      0.0000	      0.0000	      0.0000	      0.0000
      0.0000	      0.0000	      0.0000	      0.0000
      0.0000	      0.0000	      0.0000	      0.0000
      0.0000	      0.0000	      0.0000	      0.0000
      0.0000	      0.0000	      0.0000	      0.0000
      0.0000	      0.0000	      0.0000	      0.0000
      0.0000	      0.0000	      0.0000	      0.0000
      0.0000	      0.0000	     -0.1436	      0.0000
      0.0000	      0.0000	      0.0000	      0.0000
    -13.8745	      0.0000	      0.0000	      0.0000
    -25.7101	    -21.6225	      0.0000	      0.0000
      0.0000	      0.0000	      0.0000	      0.0000
      0.0000	      0.0000	      0.0000	      0.0000
      0.0000	      0.0000	      0.0000	      0.0000
      0.0000	      0.0000	      0.0000	      0.0000
      0.0000	      0.0000	      0.0000	      0.0000
     -0.6487	      0.0000	      0.0000	      0.0000
      0.0000	      0.0000	      0.0000	      0.0000
      0.0000	      0.0000	      0.0000	      0.0000
      0.0000	      0.0000	      0.0000	      0.0000
      0.0000	      0.0000	      0.0000	      0.0000
      0.0000	      0.0000	      0.0000	      0.0000
      0.0000	      0.0000	      0.0000	      0.0000
      0.0000	      0.0000	      0.0000	      0.0000
      0.0000	      0.0000	      0.0000	      0.0000
      0.0000	      0.0000	      0.0000	      0.0000
      0.0000	      0.0000	      0.0000	      0.0000
      0.0000	      0.0000	      0.0000	      0.0000
      0.0000	      0.0000	      0.0000	      0.0000
      0.0000	      0.0000	      0.0000	      0.0000
      0.0000	      0.0000	      0.0000	      0.0000
      0.0000	      0.0000	      0.0000	      0.0000
    -20.1630	     -3.9289	    -10.3397	     -3.0298
     -2.3355	     -4.9713	     -0.7084	     -1.6634
     33.1364	      2.9596	      0.0000	      0.0000
     -0.9564	     -6.6784	     -3.3425	     10.6568
    -10.1014	     -2.9313	     -9.1568	      0.0000
    -20.9983	      0.0000	      0.0000	      0.0000
      0.0000	      0.0000	      0.0000	      0.0000
      0.0000	      0.0000	      0.0000	      0.0000
      0.0000	      0.0000	      0.0000	      0.0000
     -9.1990	      0.0000	      0.0000	     -1.2097
      0.0000	      0.0000	      0.0000	      0.0000
      0.0000	      0.0000	      0.0000	      0.0000
      0.0000	      0.0000	      0.0000	      0.0000
      0.0000	      0.0000	      0.0000	      0.0000
      0.0000	      0.0000	      0.0000	      0.0000
      0.0000	      0.0000	      0.0000	      0.0000
      0.0000	      0.0000	      0.0000	      0.0000
      0.0000	      0.0000	      0.0000	      0.0000
      0.0000	      0.0000	      0.0000	      0.0000
      0.0000	      0.0000	      0.0000	      0.0000
      0.0000	      0.0000	      0.0000	      0.0000
      0.0000	      0.0000	      0.0000	      0.0000
      0.0000	      0.0000	      0.0000	      0.0000
      0.0000	      0.0000	      0.0000	      0.0000
      0.0000	      0.0000	      0.0000	      0.0000
     -8.6689	    -10.4133	     -8.3665	     -7.2152
     -5.1571	    -12.2649	    -10.4372	     -4.5741
      9.6749	      0.0000	      9.3873	     51.7862
      3.4882	     -1.2561	     -3.9574	     -2.3543
     -3.2610	     -3.8084	     -1.3323	     13.3722
    -21.2696	     -5.3143	     -6.2274	     -7.1889
    -17.9407	      7.0888	      0.0000	      0.0000
      0.0000	      0.0000	      0.0000	      0.0000
     -3.9814	    -23.3382	     -5.9850	     -6.8126
    -25.7056	     -6.8597	     -6.5646	     -4.9617
     -2.2467	    -20.0128	      0.0000	      0.0000
      0.0000	      0.0000	      0.0000	      0.0000
      0.0000	      0.0000	      0.0000	      0.0000
      0.0000	      0.0000	      0.0000	      0.0000
      0.0000	      0.0000	      0.0000	      0.0000
      0.0000	      0.0000	      0.0000	      0.0000
      0.0000	      0.0000	      0.0000	      0.0000
      0.0000	      0.0000	      0.0000	      0.0000
      0.0000	      0.0000	      0.0000	      0.0000
      0.0000	      0.0000	      0.0000	      0.0000
      0.0000	      0.0000	      0.0000	      0.0000
      0.0000	      0.0000	      0.0000	      0.0000
      0.0000	      0.0000	      0.0000	      0.0000
      0.0000	      0.0000	      0.0000	      0.0000
      0.0000	      0.0000	      0.0000	      0.0000
      0.0000	      0.0000	      0.0000	      0.0000
     -4.3921	     11.6841	      0.0000	      0.0000
     17.1507	      0.0000	      0.0000	      0.0000
     -2.3279	      6.8437	      0.0000	      0.0000
      0.0199	      0.0000	      0.0000	      0.0000
      0.0000	      0.0000	      0.0000	      0.0000
      0.0000	      0.0000	      0.0000	      0.0000
      0.0000	      0.0000	      0.0000	      0.0000
      0.0000	      0.0000	      0.0000	      0.0000
    -23.5863	      0.0000	      0.0000	      0.0000
      0.0000	      0.0000	      0.0000	      0.0000
      0.0000	      0.0000	      0.0000	      0.0000
      0.0000	      0.0000	      0.0000	      0.0000
      0.0000	      0.0000	      0.0000	      0.0000
      0.0000	      0.0000	      0.0000	      0.0000
      0.0000	      0.0000	      0.0000	      0.0000
      0.0000	      0.0000	      0.0000	      0.0000
      0.0000	      0.0000	      0.0000	      0.0000
      0.0000	      0.0000	      0.0000	      0.0000
      0.0000	      0.0000	      0.0000	      0.0000
      0.0000	      0.0000	      0.0000	      0.0000
      0.0000	      0.0000	      0.0000	      0.0000
      0.0000	      0.0000	      0.0000	      0.0000
      0.0000	      0.0000	      0.0000	      0.0000
      0.0000	      0.0000	      0.0000	      0.0000
     -4.1709	     -2.0495	      0.0000	      0.0000
     -0.4104	     -0.4815	     -2.4455	      3.0122
      2.4345	      0.0000	      0.0000	      0.0000
     13.9619	      0.0000	      0.0000	    -14.3448
      0.0000	      0.0000	      0.0000	      0.0000
      0.0000	      0.0000	      0.0000	      0.0000
      0.0000	      0.0000	      0.0000	      0.0000
      0.0000	      0.0000	      0.0000	      0.0000
      0.0000	      0.0000	      0.0000	      0.0000
      0.0000	      0.0000	      0.0000	      0.0000
      0.0000	      0.0000	      0.0000	      0.0000
      0.0000	      0.0000	      0.0000	      0.0000
      0.0000	      0.0000	      0.0000	      0.0000
      0.0000	      0.0000	      0.0000	      0.0000
      0.0000	      0.0000	      0.0000	      0.0000
      0.0000	      0.0000	      0.0000	      0.0000
      0.0000	      0.0000	      0.0000	      0.0000
      0.0000	      0.0000	      0.0000	      0.0000
      0.0000	      0.0000	      0.0000	      0.0000
      0.0000	      0.0000	      0.0000	      0.0000
      0.0000	      0.0000	      0.0000	      0.0000
      0.0000	      0.0000	      0.0000	      0.0000
      0.0000	      0.0000	      0.0000	      0.0000
      0.0000	      0.0000	      0.0000	      0.0000
      0.0000	      0.0000	      0.0000	      0.0000
     -2.0970	     -6.4268	     -1.7938	     11.5724
      4.7209	     26.6655	      0.0000	      4.8600
     47.8463	     13.2051	      0.0000	      0.0000
     -4.7563	     -3.7281	    -10.5202	     36.5481
     -6.3230	      9.7790	     -7.3928	     -3.5750
     -4.6162	     -2.9272	    -13.4895	     -0.2576
      0.0000	      0.0000	      0.0000	      0.0000
      0.0000	      0.0000	      0.0000	      0.0000
     -5.3612	     -3.5648	     -5.9098	     -1.6779
     -6.9913	     -5.5266	    -19.3341	    -15.7033
     -0.5895	      0.0000	      0.0000	      0.0000
      0.0000	      0.0000	      0.0000	      0.0000
      0.0000	      0.0000	      0.0000	      0.0000
      0.0000	      0.0000	      0.0000	      0.0000
      0.0000	      0.0000	      0.0000	      0.0000
      0.0000	      0.0000	      0.0000	      0.0000
      0.0000	      0.0000	      0.0000	      0.0000
      0.0000	      0.0000	      0.0000	      0.0000
      0.0000	      0.0000	      0.0000	      0.0000
      0.0000	      0.0000	      0.0000	      0.0000
      0.0000	      0.0000	      0.0000	      0.0000
      0.0000	      0.0000	      0.0000	      0.0000
      0.0000	      0.0000	      0.0000	      0.0000
      0.0000	      0.0000	      0.0000	      0.0000
      0.0000	      0.0000	      0.0000	      0.0000
     -0.5980	      5.1387	      0.0000	      0.0000
     -3.2744	      2.3584	      0.0000	      0.0000
     21.4743	      0.0000	      0.0000	      0.0000
     10.4673	      0.0000	      0.0000	      0.0000
      0.0000	      0.0000	      0.0000	      0.0000
      0.0000	      0.0000	      0.0000	      0.0000
      0.0000	      0.0000	      0.0000	      0.0000
      0.0000	      0.0000	      0.0000	      0.0000
      0.0175	      0.0000	      0.0000	      0.0000
      1.4464	      0.0000	      0.0000	      0.0000
      0.0000	      0.0000	      0.0000	      0.0000
      0.0000	      0.0000	      0.0000	      0.0000
      0.0000	      0.0000	      0.0000	      0.0000
      0.0000	      0.0000	      0.0000	      0.0000
      0.0000	      0.0000	      0.0000	      0.0000
      0.0000	      0.0000	      0.0000	      0.0000
      0.0000	      0.0000	      0.0000	      0.0000
      0.0000	      0.0000	      0.0000	      0.0000
      0.0000	      0.0000	      0.0000	      0.0000
      0.0000	      0.0000	      0.0000	      0.0000
      0.0000	      0.0000	      0.0000	      0.0000
      0.0000	      0.0000	      0.0000	      0.0000
      0.0000	      0.0000	      0.0000	      0.0000
      0.0000	      0.0000	      0.0000	      0.0000
      0.0000	      0.0000	      0.0000	      0.0000
     -1.9376	      0.0000	      0.0000	      0.0000
     -7.2781	      0.0000	    -20.1856	     -6.6577
      0.0000	      0.0000	      0.0000	      0.0000
    -24.8133	      0.0000	      0.0000	      0.0000
      0.0000	      0.0000	      0.0000	      0.0000
      0.0000	      0.0000	      0.0000	      0.0000
      0.0000	      0.0000	      0.0000	      0.0000
      0.0000	      0.0000	      0.0000	      0.0000
      0.0000	      0.0000	      0.0000	      0.0000
      0.0000	      0.0000	      0.0000	      0.0000
      0.0000	      0.0000	      0.0000	      0.0000
      0.0000	      0.0000	      0.0000	      0.0000
      0.0000	      0.0000	      0.0000	      0.0000
      0.0000	      0.0000	      0.0000	      0.0000
      0.0000	      0.0000	      0.0000	      0.0000
      0.0000	      0.0000	      0.0000	      0.0000
      0.0000	      0.0000	      0.0000	      0.0000
      0.0000	      0.0000	      0.0000	      0.0000
      0.0000	      0.0000	      0.0000	      0.0000
      0.0000	      0.0000	      0.0000	      0.0000
      0.0000	      0.0000	      0.0000	      0.0000
      0.0000	      0.0000	      0.0000	      0.0000
      0.0000	      0.0000	      0.0000	      0.0000
      0.0000	      0.0000	      0.0000	      0.0000
      0.0000	      0.0000	      0.0000	      0.0000
      0.0000	      0.0000	      0.0000	      0.0000
      0.0000	      0.0000	      0.0000	      0.0000
      0.0000	      0.0000	      0.0000	      0.0000
      0.0000	      0.0000	      0.0000	      0.0000
    -20.1755	      0.0000	      0.0000	      0.0000
      0.0000	      0.0000	      0.0000	      0.0000
      0.0000	      0.0000	      0.0000	      0.0000
      0.0000	      0.0000	      0.0000	      0.0000
      0.0000	      0.0000	      0.0000	      0.0000
      0.0000	      0.0000	      0.0000	      0.0000
      0.0000	      0.0000	      0.0000	      0.0000
      0.0000	      0.0000	      0.0000	      0.0000
      0.0000	      0.0000	      0.0000	      0.0000
      0.0000	      0.0000	      0.0000	      0.0000
      0.0000	      0.0000	      0.0000	      0.0000
      0.0000	      0.0000	      0.0000	      0.0000
      0.0000	      0.0000	      0.0000	      0.0000
      0.0000	      0.0000	      0.0000	      0.0000
      0.0000	      0.0000	      0.0000	      0.0000
      0.0000	      0.0000	      0.0000	      0.0000
      0.0000	      0.0000	      0.0000	      0.0000
      0.0000	      0.0000	      0.0000	      0.0000
      0.0000	      0.0000	      0.0000	      0.0000
      0.0000	      0.0000	      0.0000	      0.0000
      0.0000	      0.0000	      0.0000	      0.0000
    -24.2095	     -9.7444	      0.0000	      0.0000
     10.0024	      0.0000	    -11.4537	      0.0000
     -6.1428	      0.0000	      0.0000	      0.0000
      0.0000	      0.0000	      0.0000	      0.0000
      0.0000	      0.0000	      0.0000	      0.0000
      0.0000	      0.0000	      0.0000	      0.0000
      0.0000	      0.0000	      0.0000	      0.0000
      0.0000	      0.0000	      0.0000	      0.0000
      0.0000	      0.0000	      0.0000	      0.0000
      0.0000	      0.0000	      0.0000	      0.0000
      0.0000	      0.0000	      0.0000	      0.0000
      0.0000	      0.0000	      0.0000	      0.0000
      0.0000	      0.0000	      0.0000	      0.0000
      0.0000	      0.0000	      0.0000	      0.0000
      0.0000	      0.0000	      0.0000	      0.0000
      0.0000	      0.0000	      0.0000	      0.0000
      0.0000	      0.0000	      0.0000	      0.0000
      0.0000	      0.0000	      0.0000	      0.0000
      0.0000	      0.0000	      0.0000	      0.0000
      0.0000	      0.0000	      0.0000	      0.0000
      0.0000	      0.0000	      0.0000	      0.0000
      0.0000	      0.0000	      0.0000	      0.0000
      0.0000	      0.0000	      0.0000	      0.0000
      0.0000	      0.0000	      0.0000	      0.0000
      0.0000	      0.0000	      0.0000	      0.0000
     -7.0691	    -11.8091	     -5.5730	      0.0000
      0.0000	      0.0000	      0.0000	      0.0000
      1.9495	      0.0000	      0.0000	      0.0000
      0.0000	      0.0000	      0.0000	      0.0000
      0.0000	      0.0000	      0.0000	      0.0000
      0.0000	      0.0000	      0.0000	      0.0000
      0.0000	      0.0000	      0.0000	      0.0000
      0.0000	      0.0000	      0.0000	      0.0000
      0.0000	      0.0000	      0.0000	      0.0000
      0.0000	      0.0000	      0.0000	      0.0000
      0.0000	      0.0000	      0.0000	      0.0000
      0.0000	      0.0000	      0.0000	      0.0000
      0.0000	      0.0000	      0.0000	      0.0000
      0.0000	      0.0000	      0.0000	      0.0000
      0.0000	      0.0000	      0.0000	      0.0000
      0.0000	      0.0000	      0.0000	      0.0000
      0.0000	      0.0000	      0.0000	      0.0000
      0.0000	      0.0000	      0.0000	      0.0000
      0.0000	      0.0000	      0.0000	      0.0000
      0.0000	      0.0000	      0.0000	      0.0000
      0.0000	      0.0000	      0.0000	      0.0000
      0.0000	      0.0000	      0.0000	      0.0000
      0.0000	      0.0000	      0.0000	      0.0000
      0.0000	      0.0000	      0.0000	      0.0000
      0.0000	      0.0000	      0.0000	      0.0000
     -0.7750	     -3.0092	    -11.0493	    -21.6892
    -17.8302	     -6.2650	     -5.8425	      4.6909
      0.0000	      0.0000	      0.0000	      0.0000
     -3.9023	     -1.5381	     -5.3848	     11.1061
     -3.1515	     -8.3163	     -4.8635	     -1.5685
      0.0000	      0.0000	      0.0000	      0.0000
      0.0000	      0.0000	      0.0000	      0.0000
      0.0000	      0.0000	      0.0000	      0.0000
    -23.2489	     -3.5208	     -4.1548	      2.0335
     -0.4238	     -6.4245	     -6.6247	     -8.9165
      0.0000	      0.0000	      0.0000	      0.0000
      0.0000	      0.0000	      0.0000	      0.0000
      0.0000	      0.0000	      0.0000	      0.0000
      0.0000	      0.0000	      0.0000	      0.0000
      0.0000	      0.0000	      0.0000	      0.0000
      0.0000	      0.0000	      0.0000	      0.0000
      0.0000	      0.0000	      0.0000	      0.0000
      0.0000	      0.0000	      0.0000	      0.0000
      0.0000	      0.0000	      0.0000	      0.0000
      0.0000	      0.0000	      0.0000	      0.0000
      0.0000	      0.0000	      0.0000	      0.0000
      0.0000	      0.0000	      0.0000	      0.0000
      0.0000	      0.0000	      0.0000	      0.0000
      0.0000	      0.0000	      0.0000	      0.0000
      0.0000	      0.0000	      0.0000	      0.0000
      0.0000	      0.0000	      0.0000	      0.0000
      3.6616	      0.0000	      0.0000	      0.0000
      0.0000	      0.0000	      0.0000	      0.0000
      0.0000	      0.0000	      0.0000	      0.0000
     -2.6634	      0.0000	      0.0000	      0.0000
      0.0000	      0.0000	      0.0000	      0.0000
      0.0000	      0.0000	      0.0000	      0.0000
      0.0000	      0.0000	      0.0000	      0.0000
      0.0000	      0.0000	      0.0000	      0.0000
      0.0000	      0.0000	      0.0000	      0.0000
      0.0000	      0.0000	      0.0000	      0.0000
      0.0000	      0.0000	      0.0000	      0.0000
      0.0000	      0.0000	      0.0000	      0.0000
      0.0000	      0.0000	      0.0000	      0.0000
      0.0000	      0.0000	      0.0000	      0.0000
      0.0000	      0.0000	      0.0000	      0.0000
      0.0000	      0.0000	      0.0000	      0.0000
      0.0000	      0.0000	      0.0000	      0.0000
      0.0000	      0.0000	      0.0000	      0.0000
      0.0000	      0.0000	      0.0000	      0.0000
      0.0000	      0.0000	      0.0000	      0.0000
      0.0000	      0.0000	      0.0000	      0.0000
      0.0000	      0.0000	      0.0000	      0.0000
      0.0000	      0.0000	      0.0000	      0.0000
      0.0000	      0.0000	      0.0000	      0.0000
     -0.0807	     -6.8166	      0.0000	      0.0000
     -3.7189	      0.0000	      0.0000	      0.0000
      0.0000	      0.0000	      0.0000	      0.0000
      0.0000	      0.0000	      0.0000	      0.0000
      0.0000	      0.0000	      0.0000	      0.0000
      0.0000	      0.0000	      0.0000	      0.0000
      0.0000	      0.0000	      0.0000	      0.0000
      0.0000	      0.0000	      0.0000	      0.0000
      0.0000	      0.0000	      0.0000	      0.0000
     -0.8561	      0.0000	      0.0000	      0.0000
      0.0000	      0.0000	      0.0000	      0.0000
      0.0000	      0.0000	      0.0000	      0.0000
      0.0000	      0.0000	      0.0000	      0.0000
      0.0000	      0.0000	      0.0000	      0.0000
      0.0000	      0.0000	      0.0000	      0.0000
      0.0000	      0.0000	      0.0000	      0.0000
      0.0000	      0.0000	      0.0000	      0.0000
      0.0000	      0.0000	      0.0000	      0.0000
      0.0000	      0.0000	      0.0000	      0.0000
      0.0000	      0.0000	      0.0000	      0.0000
      0.0000	      0.0000	      0.0000	      0.0000
      0.0000	      0.0000	      0.0000	      0.0000
      0.0000	      0.0000	      0.0000	      0.0000
      0.0000	      0.0000	      0.0000	      0.0000
      0.0000	      0.0000	      0.0000	      0.0000
     -4.8378	     -8.6761	     -5.8249	     -4.8740
     -4.3344	     -1.9294	      0.9108	      0.0000
      0.0000	      0.0000	      0.0000	      0.0000
      9.8097	     -0.8214	     -5.6396	      3.5853
      3.3837	      0.0000	      0.0000	      0.0000
      0.0000	      0.0000	      0.0000	      0.0000
      0.0000	      0.0000	      0.0000	      0.0000
      0.0000	      0.0000	      0.0000	      0.0000
     -2.0000	     -5.7011	     -5.9448	     -5.7685
     -1.2341	     -2.6754	     -5.9932	      1.1464
      0.0000	      0.0000	      0.0000	      0.0000
      0.0000	      0.0000	      0.0000	      0.0000
      0.0000	      0.0000	      0.0000	      0.0000
      0.0000	      0.0000	      0.0000	      0.0000
      0.0000	      0.0000	      0.0000	      0.0000
      0.0000	      0.0000	      0.0000	      0.0000
      0.0000	      0.0000	      0.0000	      0.0000
      0.0000	      0.0000	      0.0000	      0.0000
      0.0000	      0.0000	      0.0000	      0.0000
      0.0000	      0.0000	      0.0000	      0.0000
      0.0000	      0.0000	      0.0000	      0.0000
      0.0000	      0.0000	      0.0000	      0.0000
      0.0000	      0.0000	      0.0000	      0.0000
      0.0000	      0.0000	      0.0000	      0.0000
      0.0000	      0.0000	      0.0000	      0.0000
      0.0000	      0.0000	      0.0000	      0.0000
      7.3444	      0.0000	      0.0000	      0.0000
      0.0000	      0.0000	      0.0000	      0.0000
      0.0000	      0.0000	      0.0000	      0.0000
      0.0000	      0.0000	      0.0000	      0.0000
      0.0000	      0.0000	      0.0000	      0.0000
      0.0000	      0.0000	      0.0000	      0.0000
      0.0000	      0.0000	      0.0000	      0.0000
      0.0000	      0.0000	      0.0000	      0.0000
      0.0000	    -10.4126	      0.0000	      0.0000
      0.0000	      0.0000	      0.0000	      0.0000
      0.0000	      0.0000	      0.0000	      0.0000
      0.0000	      0.0000	      0.0000	      0.0000
      0.0000	      0.0000	      0.0000	      0.0000
      0.0000	      0.0000	      0.0000	      0.0000
      0.0000	      0.0000	      0.0000	      0.0000
      0.0000	      0.0000	      0.0000	      0.0000
      0.0000	      0.0000	      0.0000	      0.0000
      0.0000	      0.0000	      0.0000	      0.0000
      0.0000	      0.0000	      0.0000	      0.0000
      0.0000	      0.0000	      0.0000	      0.0000
      0.0000	      0.0000	      0.0000	      0.0000
      0.0000	      0.0000	      0.0000	      0.0000
      0.0000	      0.0000	      0.0000	      0.0000
      0.0000	      0.0000	      0.0000	      0.0000
    -20.2043	      0.0000	      0.0000	      0.0000
      0.0000	      0.0000	     -5.6102	      0.0000
      0.0000	      0.0000	    -41.7903	      0.0000
      0.0000	      0.0000	      0.0000	      0.0000
      0.0000	      0.0000	      0.0000	      0.0000
      0.0000	      0.0000	      0.0000	      0.0000
      0.0000	      0.0000	      0.0000	      0.0000
      0.0000	      0.0000	      0.0000	      0.0000
      0.0000	      0.0000	      0.0000	      0.0000
      0.0000	      0.0000	      0.0000	      0.0000
      9.3883	      0.0000	      0.0000	      0.0000
      0.0000	      0.0000	      0.0000	      0.0000
      0.0000	      0.0000	      0.0000	      0.0000
      0.0000	      0.0000	      0.0000	      0.0000
      0.0000	      0.0000	      0.0000	      0.0000
      0.0000	      0.0000	      0.0000	      0.0000
      0.0000	      0.0000	      0.0000	      0.0000
      0.0000	      0.0000	      0.0000	      0.0000
      0.0000	      0.0000	      0.0000	      0.0000
      0.0000	      0.0000	      0.0000	      0.0000
      0.0000	      0.0000	      0.0000	      0.0000
      0.0000	      0.0000	      0.0000	      0.0000
      0.0000	      0.0000	      0.0000	      0.0000
      0.0000	      0.0000	      0.0000	      0.0000
      0.0000	      0.0000	      0.0000	      0.0000
      1.6127	      0.0000	      0.0000	      0.0000
      0.0000	     -1.5513	      0.0000	      0.0000
      0.0000	      0.0000	      0.0000	      0.0000
      0.0000	      0.0000	      0.0000	      0.0000
      0.0000	     -3.3313	      0.0000	      0.0000
      0.0000	      0.0000	      0.0000	      0.0000
      0.0000	      0.0000	      0.0000	      0.0000
      0.0000	      0.0000	      0.0000	      0.0000
      0.0000	      0.0000	      0.0000	      0.0000
      0.0000	      0.0000	      0.0000	      0.0000
      0.0000	      0.0000	      0.0000	      0.0000
      0.0000	      0.0000	      0.0000	      0.0000
      0.0000	      0.0000	      0.0000	      0.0000
      0.0000	      0.0000	      0.0000	      0.0000
      0.0000	      0.0000	      0.0000	      0.0000
      0.0000	      0.0000	      0.0000	      0.0000
      0.0000	      0.0000	      0.0000	      0.0000
      0.0000	      0.0000	      0.0000	      0.0000
      0.0000	      0.0000	      0.0000	      0.0000
      0.0000	      0.0000	      0.0000	      0.0000
      0.0000	      0.0000	      0.0000	      0.0000
      0.0000	      0.0000	      0.0000	      0.0000
      0.0000	      0.0000	      0.0000	      0.0000
      0.0000	      0.0000	      0.0000	      0.0000
      0.0000	      0.0000	      0.0000	      0.0000
      0.0000	      0.0000	      0.0000	      0.0000
    -11.0103	      0.0000	      0.0000	      0.0000
      0.0000	      0.0000	      0.0000	      0.0000
      0.0000	      0.0000	      0.0000	      0.0000
    -10.9401	      0.0000	    -20.2839	      0.0000
      9.5420	      0.0000	      0.0000	      0.0000
      0.0000	      0.0000	      0.0000	      0.0000
      0.0000	      0.0000	      0.0000	      0.0000
      0.0000	      0.0000	      0.0000	      0.0000
      0.0000	      0.0000	      0.0000	      0.0000
      0.0000	      0.0000	      0.0000	      0.0000
      0.0000	      0.0000	      0.0000	      0.0000
      0.0000	      0.0000	      0.0000	      0.0000
      0.0000	      0.0000	      0.0000	      0.0000
      0.0000	      0.0000	      0.0000	      0.0000
      0.0000	      0.0000	      0.0000	      0.0000
      0.0000	      0.0000	      0.0000	      0.0000
      0.0000	      0.0000	      0.0000	      0.0000
      0.0000	      0.0000	      0.0000	      0.0000
      0.0000	      0.0000	      0.0000	      0.0000
      0.0000	      0.0000	      0.0000	      0.0000
      0.0000	      0.0000	      0.0000	      0.0000
      0.0000	      0.0000	      0.0000	      0.0000
      0.0000	      0.0000	      0.0000	      0.0000
      0.0000	      0.0000	      0.0000	      0.0000
      0.0000	      0.0000	      0.0000	      0.0000
      0.0000	      0.0000	      0.0000	      0.0000
      0.0000	      0.0000	      0.0000	      0.0000
      0.0000	      0.0000	      0.0000	      0.0000
      0.0000	      0.0000	      0.0000	      0.0000
      0.0000	      0.0000	      0.0000	      0.0000
      0.0000	      0.0000	      0.0000	      0.0000
      0.0000	      0.0000	      0.0000	      0.0000
      0.0000	      0.0000	      0.0000	      0.0000
      0.0000	      0.0000	      0.0000	      0.0000
      0.0000	      0.0000	      0.0000	      0.0000
      0.0000	      0.0000	      0.0000	      0.0000
      0.0000	      0.0000	      0.0000	      0.0000
      0.0000	      0.0000	      0.0000	      0.0000
      0.0000	      0.0000	      0.0000	      0.0000
      0.0000	      0.0000	      0.0000	      0.0000
      0.0000	      0.0000	      0.0000	      0.0000
      0.0000	      0.0000	      0.0000	      0.0000
      0.0000	      0.0000	      0.0000	      0.0000
      0.0000	      0.0000	      0.0000	      0.0000
      0.0000	      0.0000	      0.0000	      0.0000
      0.0000	      0.0000	      0.0000	      0.0000
      0.0000	      0.0000	      0.0000	      0.0000
      0.0000	      0.0000	      0.0000	      0.0000
      0.0000	      0.0000	      0.0000	      0.0000
     -0.8592	      2.0562	      0.0000	      0.0000
      1.6463	     -0.5436	      6.0583	      0.0000
    -26.7948	      0.0000	      0.0000	      0.0000
     -2.6066	      4.6284	     -4.4477	      0.0000
     -6.3884	     -1.6974	     -8.8688	     -9.2333
     -4.8422	      0.0000	      0.0000	      0.0000
     -2.2564	     -1.5475	     -2.5929	     -3.0684
      0.0000	      0.0000	      0.0000	      0.0000
      0.0000	      0.0000	      0.0000	      0.0000
      0.3312	      0.0000	      0.0000	      0.0000
      0.0000	      0.0000	      0.0000	      0.0000
      0.0000	      0.0000	      0.0000	      0.0000
      0.0000	      0.0000	      0.0000	      0.0000
      0.0000	      0.0000	      0.0000	      0.0000
      0.0000	      0.0000	      0.0000	      0.0000
      0.0000	      0.0000	      0.0000	      0.0000
      0.0000	      0.0000	      0.0000	      0.0000
      0.0000	      0.0000	      0.0000	      0.0000
      0.0000	      0.0000	      0.0000	      0.0000
      0.0000	      0.0000	      0.0000	      0.0000
      0.0000	      0.0000	      0.0000	      0.0000
      0.0000	      0.0000	      0.0000	      0.0000
      0.0000	      0.0000	      0.0000	      0.0000
      0.0000	      0.0000	      0.0000	      0.0000
      0.0000	      0.0000	      0.0000	      0.0000
      0.0000	      0.0000	      0.0000	      0.0000
     -8.5454	      0.0000	      0.0000	      0.0000
      0.0000	      0.0000	      0.0000	      0.0000
      0.0000	      0.0000	      0.0000	      0.0000
    -12.0164	    -21.3901	    -20.0160	      0.0000
      0.0000	      0.0000	      0.0000	      0.0000
      2.6003	      0.0000	      0.0000	      0.0000
      0.0000	      0.0000	      0.0000	      0.0000
      0.0000	      0.0000	      0.0000	      0.0000
      0.0000	      0.0000	      0.0000	      0.0000
      0.0000	      0.0000	      0.0000	      0.0000
      0.0000	      0.0000	      0.0000	      0.0000
      0.0000	      0.0000	      0.0000	      0.0000
      0.0000	      0.0000	      0.0000	      0.0000
      0.0000	      0.0000	      0.0000	      0.0000
      0.0000	      0.0000	      0.0000	      0.0000
      0.0000	      0.0000	      0.0000	      0.0000
      0.0000	      0.0000	      0.0000	      0.0000
      0.0000	      0.0000	      0.0000	      0.0000
      0.0000	      0.0000	      0.0000	      0.0000
      0.0000	      0.0000	      0.0000	      0.0000
      0.0000	      0.0000	      0.0000	      0.0000
      0.0000	      0.0000	      0.0000	      0.0000
      0.0000	      0.0000	      0.0000	      0.0000
      0.0000	      0.0000	      0.0000	      0.0000
     -2.2487	     -5.8004	      0.0000	      0.0000
     -2.6235	      2.8025	      0.0000	      0.0000
      0.0000	      0.0000	      0.0000	      0.0000
      0.0000	      0.0000	      0.0000	      0.0000
      0.0000	      0.0000	      0.0000	      0.0000
      0.0000	      0.0000	      0.0000	      0.0000
     -1.3958	      0.0000	      0.0000	      0.0000
      0.0000	      0.0000	      0.0000	      0.0000
      0.0000	      0.0000	      0.0000	      0.0000
      0.0000	      0.0000	      0.0000	      0.0000
      0.0000	      0.0000	      0.0000	      0.0000
      0.0000	      0.0000	      0.0000	      0.0000
      0.0000	      0.0000	      0.0000	      0.0000
      0.0000	      0.0000	      0.0000	      0.0000
      0.0000	      0.0000	      0.0000	      0.0000
      0.0000	      0.0000	      0.0000	      0.0000
      0.0000	      0.0000	      0.0000	      0.0000
      0.0000	      0.0000	      0.0000	      0.0000
      0.0000	      0.0000	      0.0000	      0.0000
      0.0000	      0.0000	      0.0000	      0.0000
      0.0000	      0.0000	      0.0000	      0.0000
      0.0000	      0.0000	      0.0000	      0.0000
      0.0000	      0.0000	      0.0000	      0.0000
      0.0000	      0.0000	      0.0000	      0.0000
      0.0000	      0.0000	      0.0000	      0.0000
     -3.8930	     -6.3371	     -3.5780	      0.0000
     -1.4574	      1.3676	     -3.2408	     19.3333
     -4.9806	      0.0000	      0.0000	      0.0000
      9.4571	      0.0000	      0.0000	      0.0000
     -0.2800	      0.0000	      0.0000	      0.0000
     -7.8503	    -12.6303	    -13.2911	     -9.6934
     -7.3153	    -12.8659	     -8.7331	    -11.0584
      0.0000	      0.0000	      0.0000	      0.0000
      0.0000	      0.0000	      0.0000	      0.0000
     -1.9283	     -1.6352	      0.0000	      0.0000
      0.0000	      0.0000	      0.0000	      0.0000
      0.0000	      0.0000	      0.0000	      0.0000
      0.0000	      0.0000	      0.0000	      0.0000
      0.0000	      0.0000	      0.0000	      0.0000
      0.0000	      0.0000	      0.0000	      0.0000
      0.0000	      0.0000	      0.0000	      0.0000
      0.0000	      0.0000	      0.0000	      0.0000
      0.0000	      0.0000	      0.0000	      0.0000
      0.0000	      0.0000	      0.0000	      0.0000
      0.0000	      0.0000	      0.0000	      0.0000
      0.0000	      0.0000	      0.0000	      0.0000
      0.0000	      0.0000	      0.0000	      0.0000
      0.0000	      0.0000	      0.0000	      0.0000
      0.0000	      0.0000	      0.0000	      0.0000
      0.0000	      0.0000	      0.0000	      0.0000
      0.0000	      0.0000	      0.0000	      0.0000
      0.0000	      0.0000	      0.0000	      0.0000
      0.0000	      0.0000	      0.0000	      0.0000
      0.0000	      0.0000	      0.0000	      0.0000
      0.0000	      0.0000	      0.0000	      0.0000
      0.0000	      0.0000	      0.0000	      0.0000
      0.0000	      0.0000	      0.0000	      0.0000
      0.0000	      0.0000	      0.0000	      0.0000
      0.0000	      0.0000	      0.0000	      0.0000
      0.0000	      0.0000	      0.0000	      0.0000
      0.0000	      0.0000	      0.0000	      0.0000
      0.0000	      0.0000	      0.0000	      0.0000
      0.0000	      0.0000	      0.0000	      0.0000
      0.0000	      0.0000	      0.0000	      0.0000
      0.0000	      0.0000	      0.0000	      0.0000
      0.0000	      0.0000	      0.0000	      0.0000
      0.0000	      0.0000	      0.0000	      0.0000
      0.0000	      0.0000	      0.0000	      0.0000
      0.0000	      0.0000	      0.0000	      0.0000
      0.0000	      0.0000	      0.0000	      0.0000
      0.0000	      0.0000	      0.0000	      0.0000
      0.0000	      0.0000	      0.0000	      0.0000
      0.0000	      0.0000	      0.0000	      0.0000
      0.0000	      0.0000	      0.0000	      0.0000
      0.0000	      0.0000	      0.0000	      0.0000
    -20.0379	      0.0000	      0.0000	      0.0000
      0.0000	      0.0000	      0.0000	      0.0000
      0.0000	      0.0000	      0.0000	      0.0000
    -14.0423	      0.0000	      0.0000	      0.0000
      0.0000	      0.0000	      0.0000	      0.0000
      0.0000	      0.0000	      0.0000	      0.0000
      0.0000	      0.0000	      0.0000	      0.0000
      0.0000	      0.0000	      0.0000	      0.0000
      0.0000	      0.0000	      0.0000	      0.0000
      0.0000	      0.0000	      0.0000	      0.0000
      0.0000	      0.0000	      0.0000	      0.0000
      0.0000	      0.0000	      0.0000	      0.0000
      0.0000	      0.0000	      0.0000	      0.0000
      0.0000	      0.0000	      0.0000	      0.0000
      0.0000	      0.0000	      0.0000	      0.0000
      0.0000	      0.0000	      0.0000	      0.0000
      0.0000	      0.0000	      0.0000	      0.0000
      0.0000	      0.0000	      0.0000	      0.0000
      0.0000	      0.0000	      0.0000	      0.0000
      0.0000	      0.0000	      0.0000	      0.0000
      0.0000	      0.0000	      0.0000	      0.0000
      0.0000	      0.0000	      0.0000	      0.0000
      0.0000	      0.0000	      0.0000	      0.0000
      0.0000	      0.0000	      0.0000	      0.0000
      0.0000	      0.0000	      0.0000	      0.0000
      0.0000	      0.0000	      0.0000	      0.0000
    -15.4917	      0.0000	      0.0000	      0.0000
     -7.4818	      0.0000	      0.0000	      0.0000
    -15.5827	      0.0000	      0.0000	      0.0000
     -5.9188	      0.0000	      0.0000	      0.0000
      0.0000	      0.0000	      0.0000	      0.0000
      0.0000	      0.0000	      0.0000	      0.0000
      0.0000	      0.0000	      0.0000	      0.0000
      0.0000	      0.0000	      0.0000	      0.0000
      0.0000	      0.0000	      0.0000	      0.0000
      0.0000	      0.0000	      0.0000	      0.0000
      0.0000	      0.0000	      0.0000	      0.0000
      0.0000	      0.0000	      0.0000	      0.0000
      0.0000	      0.0000	      0.0000	      0.0000
      0.0000	      0.0000	      0.0000	      0.0000
      0.0000	      0.0000	      0.0000	      0.0000
      0.0000	      0.0000	      0.0000	      0.0000
      0.0000	      0.0000	      0.0000	      0.0000
      0.0000	      0.0000	      0.0000	      0.0000
      0.0000	      0.0000	      0.0000	      0.0000
      0.0000	      0.0000	      0.0000	      0.0000
      0.0000	      0.0000	      0.0000	      0.0000
      0.0000	      0.0000	      0.0000	      0.0000
      0.0000	      0.0000	      0.0000	      0.0000
      0.0000	      0.0000	      0.0000	      0.0000
      0.0000	      0.0000	      0.0000	      0.0000
      5.9085	      0.0000	      0.0000	      0.0000
      0.0000	      0.0000	      0.0000	      0.0000
      0.0000	      0.0000	      0.0000	      0.0000
      0.0000	      0.0000	      0.0000	      0.0000
      0.0000	      0.0000	      0.0000	      0.0000
      0.0000	      0.0000	      0.0000	      0.0000
      0.0000	      0.0000	      0.0000	      0.0000
      0.0000	      0.0000	      0.0000	      0.0000
     -3.0322	      0.0000	      0.0000	      0.0000
      0.0000	      0.0000	      0.0000	      0.0000
      0.0000	      0.0000	      0.0000	      0.0000
      0.0000	      0.0000	      0.0000	      0.0000
      0.0000	      0.0000	      0.0000	      0.0000
      0.0000	      0.0000	      0.0000	      0.0000
      0.0000	      0.0000	      0.0000	      0.0000
      0.0000	      0.0000	      0.0000	      0.0000
      0.0000	      0.0000	      0.0000	      0.0000
      0.0000	      0.0000	      0.0000	      0.0000
      0.0000	      0.0000	      0.0000	      0.0000
      0.0000	      0.0000	      0.0000	      0.0000
      0.0000	      0.0000	      0.0000	      0.0000
      0.0000	      0.0000	      0.0000	      0.0000
      0.0000	      0.0000	      0.0000	      0.0000
      0.0000	      0.0000	      0.0000	      0.0000
     -6.8825	      3.0539	      0.0000	      0.0000
     -7.2092	     -4.0501	      0.0000	      0.0000
     16.7084	      0.0000	      0.0000	      0.0000
     -2.3692	     10.5645	      0.0000	      0.0000
      0.0000	      0.0000	      0.0000	      0.0000
      0.0000	      0.0000	      0.0000	      0.0000
     -3.6854	      0.0000	      0.0000	      0.0000
      0.0000	      0.0000	      0.0000	      0.0000
      0.0000	      0.0000	      0.0000	      0.0000
      0.0000	      0.0000	      0.0000	      0.0000
      0.0000	      0.0000	      0.0000	      0.0000
      0.0000	      0.0000	      0.0000	      0.0000
      0.0000	      0.0000	      0.0000	      0.0000
      0.0000	      0.0000	      0.0000	      0.0000
      0.0000	      0.0000	      0.0000	      0.0000
      0.0000	      0.0000	      0.0000	      0.0000
      0.0000	      0.0000	      0.0000	      0.0000
      0.0000	      0.0000	      0.0000	      0.0000
      0.0000	      0.0000	      0.0000	      0.0000
      0.0000	      0.0000	      0.0000	      0.0000
      0.0000	      0.0000	      0.0000	      0.0000
      0.0000	      0.0000	      0.0000	      0.0000
      0.0000	      0.0000	      0.0000	      0.0000
      0.0000	      0.0000	      0.0000	      0.0000
      0.0000	      0.0000	      0.0000	      0.0000
    -22.9237	    -10.8855	     -7.6053	     -6.1524
     -4.9679	     10.7941	     -2.6057	     -4.9945
     58.2136	      0.0000	      0.0000	      0.0000
    -10.5559	     -3.0706	      9.1184	    -12.5131
      0.9903	     -4.8338	     -5.8473	    -10.1389
    -18.4126	    -27.6517	    -20.6103	    -21.5074
     -4.4994	     -4.0682	     -8.9977	     -4.0573
      0.0000	      0.0000	      0.0000	      0.0000
      0.7140	      0.0000	      0.0000	      0.0000
    -22.2311	     -6.5871	     -8.2014	      0.0000
      0.0000	      0.0000	      0.0000	      0.0000
      0.0000	      0.0000	      0.0000	      0.0000
      0.0000	      0.0000	      0.0000	      0.0000
      0.0000	      0.0000	      0.0000	      0.0000
      0.0000	      0.0000	      0.0000	      0.0000
      0.0000	      0.0000	      0.0000	      0.0000
      0.0000	      0.0000	      0.0000	      0.0000
      0.0000	      0.0000	      0.0000	      0.0000
      0.0000	      0.0000	      0.0000	      0.0000
      0.0000	      0.0000	      0.0000	      0.0000
      0.0000	      0.0000	      0.0000	      0.0000
      0.0000	      0.0000	      0.0000	      0.0000
      0.0000	      0.0000	      0.0000	      0.0000
      0.0000	      0.0000	      0.0000	      0.0000
      0.0000	      0.0000	      0.0000	      0.0000
      0.5029	      0.0000	      0.0000	      0.0000
      8.1733	     12.7977	      0.0000	      0.0000
     10.6177	      0.0000	      0.0000	      0.0000
    -11.1894	      8.6423	      0.0000	      0.0000
      1.5290	      0.0000	      0.0000	      0.0000
      0.0000	      0.0000	      0.0000	      0.0000
      0.3079	      0.0000	      0.0000	      0.0000
      0.0000	      0.0000	      0.0000	      0.0000
      5.9274	      0.0000	      0.0000	      0.0000
     -6.1005	      1.7782	      0.0000	      0.0000
      0.0000	      0.0000	      0.0000	      0.0000
      0.0000	      0.0000	      0.0000	      0.0000
      0.0000	      0.0000	      0.0000	      0.0000
      0.0000	      0.0000	      0.0000	      0.0000
      0.0000	      0.0000	      0.0000	      0.0000
      0.0000	      0.0000	      0.0000	      0.0000
      0.0000	      0.0000	      0.0000	      0.0000
      0.0000	      0.0000	      0.0000	      0.0000
      0.0000	      0.0000	      0.0000	      0.0000
      0.0000	      0.0000	      0.0000	      0.0000
      0.0000	      0.0000	      0.0000	      0.0000
      0.0000	      0.0000	      0.0000	      0.0000
      0.0000	      0.0000	      0.0000	      0.0000
      0.0000	      0.0000	      0.0000	      0.0000
      0.0000	      0.0000	      0.0000	      0.0000
     -0.3324	     -5.3225	     -4.5222	      1.3967
     -2.3363	      0.0332	      0.0000	      0.0000
     18.8183	      0.0000	      0.0000	      0.0000
     -3.0951	     14.7746	      0.0000	      0.0000
     11.2549	      0.0000	      0.0000	      0.0000
    -10.0364	     -2.2304	      0.0000	      0.0000
      0.0000	      0.0000	      0.0000	      0.0000
      0.0000	      0.0000	      0.0000	      0.0000
      0.0000	      0.0000	      0.0000	      0.0000
      0.0000	      0.0000	      0.0000	      0.0000
      0.0000	      0.0000	      0.0000	      0.0000
      0.0000	      0.0000	      0.0000	      0.0000
      0.0000	      0.0000	      0.0000	      0.0000
      0.0000	      0.0000	      0.0000	      0.0000
      0.0000	      0.0000	      0.0000	      0.0000
      0.0000	      0.0000	      0.0000	      0.0000
      0.0000	      0.0000	      0.0000	      0.0000
      0.0000	      0.0000	      0.0000	      0.0000
      0.0000	      0.0000	      0.0000	      0.0000
      0.0000	      0.0000	      0.0000	      0.0000
      0.0000	      0.0000	      0.0000	      0.0000
      0.0000	      0.0000	      0.0000	      0.0000
      0.0000	      0.0000	      0.0000	      0.0000
      0.0000	      0.0000	      0.0000	      0.0000
      0.0000	      0.0000	      0.0000	      0.0000
     -4.1005	     -8.3728	    -12.3931	     -7.8091
     -1.7449	     14.6953	     -8.5503	     -3.7932
     42.3817	      0.0000	      5.4222	      0.0000
      8.8204	     17.9824	     -7.5718	      0.0000
    -16.2574	     -8.8649	    -16.2932	    -17.5991
    -11.1446	    -10.4149	     -8.6232	    -14.0541
     -2.1066	      9.4702	      0.0000	     -1.1252
      0.0000	      0.0000	      0.0000	      0.0000
      0.7629	      0.0000	      0.0000	      0.0000
     -0.9466	      5.9754	      0.0000	      0.0000
      0.0000	      0.0000	      0.0000	      0.0000
      0.0000	      0.0000	      0.0000	      0.0000
      0.0000	      0.0000	      0.0000	      0.0000
      0.0000	      0.0000	      0.0000	      0.0000
      0.0000	      0.0000	      0.0000	      0.0000
      0.0000	      0.0000	      0.0000	      0.0000
      0.0000	      0.0000	      0.0000	      0.0000
      0.0000	      0.0000	      0.0000	      0.0000
      0.0000	      0.0000	      0.0000	      0.0000
      0.0000	      0.0000	      0.0000	      0.0000
      0.0000	      0.0000	      0.0000	      0.0000
      0.0000	      0.0000	      0.0000	      0.0000
      0.0000	      0.0000	      0.0000	      0.0000
      0.0000	      0.0000	      0.0000	      0.0000
      0.0000	      0.0000	      0.0000	      0.0000
      0.0000	      0.0000	      0.0000	      0.0000
     17.8229	      0.0000	      0.0000	      0.0000
      0.4966	      0.0000	      0.0000	      0.0000
     -1.3055	     25.0969	      0.0000	      0.0000
      5.0265	      0.0000	      0.0000	      0.0000
      0.0000	      0.0000	      0.0000	      0.0000
      3.5362	      0.0000	      0.0000	      0.0000
      0.0000	      0.0000	      0.0000	      0.0000
      0.0000	      0.0000	      0.0000	      0.0000
    -23.1102	      0.0000	      0.0000	      0.0000
      0.0000	      0.0000	      0.0000	      0.0000
      0.0000	      0.0000	      0.0000	      0.0000
      0.0000	      0.0000	      0.0000	      0.0000
      0.0000	      0.0000	      0.0000	      0.0000
      0.0000	      0.0000	      0.0000	      0.0000
      0.0000	      0.0000	      0.0000	      0.0000
      0.0000	      0.0000	      0.0000	      0.0000
      0.0000	      0.0000	      0.0000	      0.0000
      0.0000	      0.0000	      0.0000	      0.0000
      0.0000	      0.0000	      0.0000	      0.0000
      0.0000	      0.0000	      0.0000	      0.0000
      0.0000	      0.0000	      0.0000	      0.0000
      0.0000	      0.0000	      0.0000	      0.0000
      0.0000	      0.0000	      0.0000	      0.0000
      0.0000	      0.0000	      0.0000	      0.0000
    -29.1483	    -16.5726	      0.0000	      0.0000
    -14.0268	      0.0000	      0.0000	      0.0000
    -13.2375	      0.0000	      0.0000	      0.0000
      0.0000	      0.0000	      0.0000	      0.0000
      8.3841	      0.0000	      0.0000	      0.0000
      0.0000	      0.0000	      0.0000	      0.0000
      0.0000	      0.0000	      0.0000	      0.0000
      0.0000	      0.0000	      0.0000	      0.0000
      0.0000	      0.0000	      0.0000	      0.0000
      0.0000	      0.0000	      0.0000	      0.0000
      0.0000	      0.0000	      0.0000	      0.0000
      0.0000	      0.0000	      0.0000	      0.0000
      0.0000	      0.0000	      0.0000	      0.0000
      0.0000	      0.0000	      0.0000	      0.0000
      0.0000	      0.0000	      0.0000	      0.0000
      0.0000	      0.0000	      0.0000	      0.0000
      0.0000	      0.0000	      0.0000	      0.0000
      0.0000	      0.0000	      0.0000	      0.0000
      0.0000	      0.0000	      0.0000	      0.0000
      0.0000	      0.0000	      0.0000	      0.0000
      0.0000	      0.0000	      0.0000	      0.0000
      0.0000	      0.0000	      0.0000	      0.0000
      0.0000	      0.0000	      0.0000	      0.0000
      0.0000	      0.0000	      0.0000	      0.0000
      0.0000	      0.0000	      0.0000	      0.0000
     12.6903	      0.0000	      0.0000	      0.0000
      0.0000	      0.0000	      0.0000	      0.0000
      0.0000	      0.0000	      0.0000	    -14.8260
      7.6384	      0.0000	      0.0000	      0.0000
      0.0000	      0.0000	      0.0000	      0.0000
      0.0000	      0.0000	      0.0000	      0.0000
      0.0000	      0.0000	      0.0000	      0.0000
      0.0000	      0.0000	      0.0000	      0.0000
      0.0000	      0.0000	      0.0000	      0.0000
      0.0000	      0.0000	      0.0000	      0.0000
      0.0000	      0.0000	      0.0000	      0.0000
      0.0000	      0.0000	      0.0000	      0.0000
      0.0000	      0.0000	      0.0000	      0.0000
      0.0000	      0.0000	      0.0000	      0.0000
      0.0000	      0.0000	      0.0000	      0.0000
      0.0000	      0.0000	      0.0000	      0.0000
      0.0000	      0.0000	      0.0000	      0.0000
      0.0000	      0.0000	      0.0000	      0.0000
      0.0000	      0.0000	      0.0000	      0.0000
      0.0000	      0.0000	      0.0000	      0.0000
      0.0000	      0.0000	      0.0000	      0.0000
      0.0000	      0.0000	      0.0000	      0.0000
      0.0000	      0.0000	      0.0000	      0.0000
      0.0000	      0.0000	      0.0000	      0.0000
      0.0000	      0.0000	      0.0000	      0.0000
      0.0000	      0.0000	      0.0000	      0.0000
      0.0000	      0.0000	      0.0000	      0.0000
      0.0000	      0.0000	      0.0000	      0.0000
      0.0000	      0.0000	      0.0000	      0.0000
    -20.0496	      0.0000	      0.0000	      0.0000
      0.0000	      0.0000	      0.0000	      0.0000
      0.0000	      0.0000	      0.0000	      0.0000
      0.0000	      0.0000	      0.0000	      0.0000
      0.0000	      0.0000	      0.0000	      0.0000
      0.0000	      0.0000	      0.0000	      0.0000
      0.0000	      0.0000	      0.0000	      0.0000
      0.0000	      0.0000	      0.0000	      0.0000
      0.0000	      0.0000	      0.0000	      0.0000
      0.0000	      0.0000	      0.0000	      0.0000
      0.0000	      0.0000	      0.0000	      0.0000
      0.0000	      0.0000	      0.0000	      0.0000
      0.0000	      0.0000	      0.0000	      0.0000
      0.0000	      0.0000	      0.0000	      0.0000
      0.0000	      0.0000	      0.0000	      0.0000
      0.0000	      0.0000	      0.0000	      0.0000
      0.0000	      0.0000	      0.0000	      0.0000
      0.0000	      0.0000	      0.0000	      0.0000
      0.0000	      0.0000	      0.0000	      0.0000
      0.0000	      0.0000	      0.0000	      0.0000
      0.0000	      0.0000	      0.0000	      0.0000
      6.7499	      0.0000	      0.0000	      0.0000
      0.0000	      0.0000	      4.2178	      0.0000
     11.5185	      0.0000	      0.0000	      0.0000
     18.9447	      0.0000	      0.0000	      0.0000
      0.0000	      0.0000	      0.0000	      0.0000
      3.8806	      0.0000	      0.0000	      0.0000
      0.0000	      0.0000	      0.0000	      0.0000
      0.0000	      0.0000	      0.0000	      0.0000
      0.0000	      0.0000	      0.0000	      0.0000
     11.5099	      0.0000	      0.0000	      0.0000
      0.0000	      0.0000	      0.0000	      0.0000
      0.0000	      0.0000	      0.0000	      0.0000
      0.0000	      0.0000	      0.0000	      0.0000
      0.0000	      0.0000	      0.0000	      0.0000
      0.0000	      0.0000	      0.0000	      0.0000
      0.0000	      0.0000	      0.0000	      0.0000
      0.0000	      0.0000	      0.0000	      0.0000
      0.0000	      0.0000	      0.0000	      0.0000
      0.0000	      0.0000	      0.0000	      0.0000
      0.0000	      0.0000	      0.0000	      0.0000
      0.0000	      0.0000	      0.0000	      0.0000
      0.0000	      0.0000	      0.0000	      0.0000
      0.0000	      0.0000	      0.0000	      0.0000
      0.0000	      0.0000	      0.0000	      0.0000
      0.0000	      0.0000	      0.0000	      0.0000
     15.6474	      0.0000	      0.0000	      4.1426
     21.2643	      0.0000	      0.0000	      0.0000
    -17.9959	     -9.4005	     46.3454	      0.0000
     24.5876	      0.0000	      0.0000	      0.0000
     19.9565	      0.0000	      0.0000	      0.0000
     -0.6957	      0.0000	      0.0000	      0.0000
      9.4794	      0.0000	      0.0000	      0.0000
      0.0000	      0.0000	      0.0000	      0.0000
     13.1373	      0.0000	      0.0000	      0.0000
    -14.4514	     -0.8842	      0.0000	      0.0000
      0.0000	      0.0000	      0.0000	      0.0000
      0.0000	      0.0000	      0.0000	      0.0000
      0.0000	      0.0000	      0.0000	      0.0000
      0.0000	      0.0000	      0.0000	      0.0000
      0.0000	      0.0000	      0.0000	      0.0000
      0.0000	      0.0000	      0.0000	      0.0000
      0.0000	      0.0000	      0.0000	      0.0000
      0.0000	      0.0000	      0.0000	      0.0000
      0.0000	      0.0000	      0.0000	      0.0000
      0.0000	      0.0000	      0.0000	      0.0000
      0.0000	      0.0000	      0.0000	      0.0000
      0.0000	      0.0000	      0.0000	      0.0000
      0.0000	      0.0000	      0.0000	      0.0000
      0.0000	      0.0000	      0.0000	      0.0000
      0.0000	      0.0000	      0.0000	      0.0000
      0.0000	      0.0000	      0.0000	      0.0000
      4.9520	      0.0000	      0.0000	      0.0000
      8.3904	      0.0000	      0.0000	      0.0000
     -0.5552	      9.9324	      0.0000	      0.0000
    -15.2600	      5.3212	      0.0000	      0.0000
      0.0000	      0.0000	      0.0000	      0.0000
      0.0000	      0.0000	      0.0000	      0.0000
      0.0000	      0.0000	      0.0000	      0.0000
      0.0000	      0.0000	      0.0000	      0.0000
      4.7761	      0.0000	      0.0000	      0.0000
      0.0000	      0.0000	      0.0000	      0.0000
      0.0000	      0.0000	      0.0000	      0.0000
      0.0000	      0.0000	      0.0000	      0.0000
      0.0000	      0.0000	      0.0000	      0.0000
      0.0000	      0.0000	      0.0000	      0.0000
      0.0000	      0.0000	      0.0000	      0.0000
      0.0000	      0.0000	      0.0000	      0.0000
      0.0000	      0.0000	      0.0000	      0.0000
      0.0000	      0.0000	      0.0000	      0.0000
      0.0000	      0.0000	      0.0000	      0.0000
      0.0000	      0.0000	      0.0000	      0.0000
      0.0000	      0.0000	      0.0000	      0.0000
      0.0000	      0.0000	      0.0000	      0.0000
      0.0000	      0.0000	      0.0000	      0.0000
      0.0000	      0.0000	      0.0000	      0.0000
      0.0000	      0.0000	      0.0000	      0.0000
      8.0416	      0.0000	      0.0000	      0.0000
     -0.2983	      8.1722	      0.0000	      0.0000
      1.1215	      0.0000	      0.0000	      7.6238
      0.3074	      0.0000	      0.0000	      0.0000
     -0.9619	      2.2883	      0.0000	      0.0000
      0.0000	      0.0000	      0.0000	      0.0000
      0.0000	      0.0000	      0.0000	      0.0000
      0.0000	      0.0000	      0.0000	      0.0000
      5.3968	      0.0000	      0.0000	      0.0000
      0.0000	      0.0000	      0.0000	      0.0000
      0.0000	      0.0000	      0.0000	      0.0000
      0.0000	      0.0000	      0.0000	      0.0000
      0.0000	      0.0000	      0.0000	      0.0000
      0.0000	      0.0000	      0.0000	      0.0000
      0.0000	      0.0000	      0.0000	      0.0000
      0.0000	      0.0000	      0.0000	      0.0000
      0.0000	      0.0000	      0.0000	      0.0000
      0.0000	      0.0000	      0.0000	      0.0000
      0.0000	      0.0000	      0.0000	      0.0000
      0.0000	      0.0000	      0.0000	      0.0000
      0.0000	      0.0000	      0.0000	      0.0000
      0.0000	      0.0000	      0.0000	      0.0000
      0.0000	      0.0000	      0.0000	      0.0000
      0.0000	      0.0000	      0.0000	      0.0000
     13.6968	      0.0000	      0.0000	      0.0000
     23.9340	      0.0000	     -4.0575	      0.0000
      0.6100	      0.0000	      0.0000	     34.8137
     21.3652	      0.0000	      0.0000	      0.0000
      2.6519	      1.0656	     -2.5160	      6.3664
      2.5007	      0.0000	      0.0000	      0.0000
     -0.7922	      1.6025	      0.0000	      0.0000
      0.0000	      0.0000	      0.0000	      0.0000
      9.8725	      0.0000	      0.0000	      0.0000
      2.9539	      0.9909	      0.0000	      9.0157
      0.0000	      0.0000	      0.0000	      0.0000
      0.0000	      0.0000	      0.0000	      0.0000
      0.0000	      0.0000	      0.0000	      0.0000
      0.0000	      0.0000	      0.0000	      0.0000
      0.0000	      0.0000	      0.0000	      0.0000
      0.0000	      0.0000	      0.0000	      0.0000
      0.0000	      0.0000	      0.0000	      0.0000
      0.0000	      0.0000	      0.0000	      0.0000
      0.0000	      0.0000	      0.0000	      0.0000
      0.0000	      0.0000	      0.0000	      0.0000
      0.0000	      0.0000	      0.0000	      0.0000
      0.0000	      0.0000	      0.0000	      0.0000
      0.0000	      0.0000	      0.0000	      0.0000
      0.0000	      0.0000	      0.0000	      0.0000
      0.0000	      0.0000	      0.0000	      0.0000
      2.8627	      0.0000	      0.0000	      0.0000
      6.0137	      0.0000	      0.0000	      0.0000
      3.8758	      0.0000	      0.0000	      0.0000
      3.4303	      0.0000	      0.0000	      0.0000
      3.7728	      0.0000	      0.0000	      0.0000
      0.0000	      0.0000	      0.0000	      0.0000
      0.4015	      0.0000	      0.0000	      0.0000
      0.0000	      0.0000	      0.0000	      0.0000
      0.0000	      0.0000	      0.0000	      0.0000
     -0.6706	      0.0000	      0.0000	      0.0000
      0.0000	      0.0000	      0.0000	      0.0000
      0.0000	      0.0000	      0.0000	      0.0000
      0.0000	      0.0000	      0.0000	      0.0000
      0.0000	      0.0000	      0.0000	      0.0000
      0.0000	      0.0000	      0.0000	      0.0000
      0.0000	      0.0000	      0.0000	      0.0000
      0.0000	      0.0000	      0.0000	      0.0000
      0.0000	      0.0000	      0.0000	      0.0000
      0.0000	      0.0000	      0.0000	      0.0000
      0.0000	      0.0000	      0.0000	      0.0000
      0.0000	      0.0000	      0.0000	      0.0000
      0.0000	      0.0000	      0.0000	      0.0000
      0.0000	      0.0000	      0.0000	      0.0000
      0.0000	      0.0000	      0.0000	      0.0000
      0.0000	      0.0000	      0.0000	      0.0000
      0.0000	      0.0000	      0.0000	      0.0000
      0.0000	      0.0000	      0.0000	      0.0000
      0.0000	      0.0000	    -11.7308	      0.0000
      0.0000	      0.0000	      0.0000	      0.0000
      0.0000	      0.0000	      0.0000	      0.0000
      0.0000	      0.0000	      0.0000	      0.0000
      0.0000	      0.0000	      0.0000	      0.0000
      0.0000	      0.0000	      0.0000	      0.0000
      0.0000	      0.0000	      0.0000	      0.0000
      0.0000	      0.0000	      0.0000	      0.0000
      0.0000	      0.0000	      0.0000	      0.0000
      0.0000	      0.0000	      0.0000	      0.0000
      0.0000	      0.0000	      0.0000	      0.0000
      0.0000	      0.0000	      0.0000	      0.0000
      0.0000	      0.0000	      0.0000	      0.0000
      0.0000	      0.0000	      0.0000	      0.0000
      0.0000	      0.0000	      0.0000	      0.0000
      0.0000	      0.0000	      0.0000	      0.0000
      0.0000	      0.0000	      0.0000	      0.0000
      0.0000	      0.0000	      0.0000	      0.0000
      0.0000	      0.0000	      0.0000	      0.0000
      0.0000	      0.0000	      0.0000	      0.0000
      0.0000	      0.0000	      0.0000	      0.0000
      0.0000	      0.0000	      0.0000	      0.0000
      0.0000	      0.0000	      0.0000	      0.0000
      0.0000	      0.0000	      0.0000	      0.0000
      7.4416	      0.0000	      0.0000	      0.0000
      0.0000	      0.0000	      0.0000	      0.0000
      0.0000	      0.0000	      0.0000	      0.0000
      0.0000	      0.0000	      0.0000	      0.0000
      0.0000	      0.0000	      0.0000	      0.0000
      0.0000	      0.0000	      0.0000	      0.0000
      0.0000	      0.0000	      0.0000	      0.0000
      0.0000	      0.0000	      0.0000	      0.0000
      0.0000	      0.0000	      0.0000	      0.0000
      0.0000	      0.0000	      0.0000	      0.0000
      0.0000	      0.0000	      0.0000	      0.0000
      0.0000	      0.0000	      0.0000	      0.0000
      0.0000	      0.0000	      0.0000	      0.0000
      0.0000	      0.0000	      0.0000	      0.0000
      0.0000	      0.0000	      0.0000	      0.0000
      0.0000	      0.0000	      0.0000	      0.0000
      0.0000	      0.0000	      0.0000	      0.0000
      0.0000	      0.0000	      0.0000	      0.0000
      0.0000	      0.0000	      0.0000	      0.0000
      0.0000	      0.0000	      0.0000	      0.0000
      0.0000	      0.0000	      0.0000	      0.0000
      0.0000	      0.0000	      0.0000	      0.0000
      0.0000	      0.0000	      0.0000	      0.0000
      0.0000	      0.0000	      0.0000	      0.0000
      0.0000	      0.0000	      0.0000	      0.0000
      0.0000	      0.0000	      0.0000	      0.0000
      0.0000	      0.0000	      0.0000	      0.0000
      0.0000	      0.0000	      0.0000	      0.0000
      0.0000	      0.0000	      0.0000	      0.0000
      0.0000	      0.0000	      0.0000	      0.0000
      0.0000	      0.0000	      0.0000	      0.0000
      0.0000	      0.0000	      0.0000	      0.0000
      0.0000	      0.0000	      0.0000	      0.0000
      0.0000	      0.0000	      0.0000	      0.0000
      0.0000	      0.0000	      0.0000	      0.0000
      0.0000	      0.0000	      0.0000	      0.0000
      0.0000	      0.0000	      0.0000	      0.0000
      0.0000	      0.0000	      0.0000	      0.0000
      0.0000	      0.0000	      0.0000	      0.0000
      0.0000	      0.0000	      0.0000	      0.0000
      0.0000	      0.0000	      0.0000	      0.0000
      0.0000	      0.0000	      0.0000	      0.0000
      0.0000	      0.0000	      0.0000	      0.0000
      0.0000	      0.0000	      0.0000	      0.0000
      0.0000	      0.0000	      0.0000	      0.0000
      0.0000	      0.0000	      0.0000	      0.0000
      0.0000	      0.0000	      0.0000	      0.0000
      0.0000	      0.0000	      0.0000	      0.0000
      0.0000	      0.0000	      0.0000	      0.0000
      0.0000	      0.0000	      0.0000	      0.0000
      0.6575	      0.0000	      0.0000	      0.0000
      0.0000	      0.0000	      0.0000	      0.0000
      5.9487	      0.0000	      0.0000	      0.0000
      0.0000	      0.0000	      0.0000	      0.0000
      0.0000	      0.0000	      0.0000	      0.0000
      0.0000	      0.0000	      0.0000	      0.0000
      0.0000	      0.0000	      0.0000	      0.0000
      0.0000	      0.0000	      0.0000	      0.0000
      0.0000	      0.0000	      0.0000	      0.0000
      0.0000	      0.0000	      0.0000	      0.0000
      0.0000	      0.0000	      0.0000	      0.0000
      0.0000	      0.0000	      0.0000	      0.0000
      0.0000	      0.0000	      0.0000	      0.0000
      0.0000	      0.0000	      0.0000	      0.0000
      0.0000	      0.0000	      0.0000	      0.0000
      0.0000	      0.0000	      0.0000	      0.0000
      0.0000	      0.0000	      0.0000	      0.0000
      0.0000	      0.0000	      0.0000	      0.0000
      0.0000	      0.0000	      0.0000	      0.0000
      0.0000	      0.0000	      0.0000	      0.0000
      0.0000	      0.0000	      0.0000	      0.0000
      0.0000	      0.0000	      0.0000	      0.0000
      0.0000	      0.0000	      0.0000	      0.0000
      0.0000	      0.0000	      0.0000	      0.0000
    -20.9357	     -0.5012	      0.0000	      0.0000
      0.0000	      2.2934	      0.0000	      0.0000
      0.0000	      0.0000	      0.0000	      0.0000
     -2.0024	     -0.4956	     -3.3992	      0.0000
     -1.5762	      1.9780	      0.0000	      0.0000
      4.4493	      0.0000	      0.0000	      0.0000
      0.9035	      0.0000	      0.0000	      0.0000
      0.0000	      0.0000	      0.0000	      0.0000
      0.0000	      0.0000	      0.0000	      0.0000
      0.0000	      0.0000	      0.0000	      0.0000
      0.0000	      0.0000	      0.0000	      0.0000
      0.0000	      0.0000	      0.0000	      0.0000
      0.0000	      0.0000	      0.0000	      0.0000
      0.0000	      0.0000	      0.0000	      0.0000
      0.0000	      0.0000	      0.0000	      0.0000
      0.0000	      0.0000	      0.0000	      0.0000
      0.0000	      0.0000	      0.0000	      0.0000
      0.0000	      0.0000	      0.0000	      0.0000
      0.0000	      0.0000	      0.0000	      0.0000
      0.0000	      0.0000	      0.0000	      0.0000
      0.0000	      0.0000	      0.0000	      0.0000
      0.0000	      0.0000	      0.0000	      0.0000
      0.0000	      0.0000	      0.0000	      0.0000
      0.0000	      0.0000	      0.0000	      0.0000
      0.0000	      0.0000	      0.0000	      0.0000
      0.0000	      0.0000	      0.0000	      0.0000
      0.0000	      0.0000	      0.0000	      0.0000
      0.0000	      0.0000	      0.0000	      0.0000
      0.0000	      0.0000	      0.0000	      0.0000
      0.0000	      0.0000	      0.0000	      0.0000
      0.0000	      0.0000	      0.0000	      0.0000
      0.0000	      0.0000	      0.0000	      0.0000
      0.0000	      0.0000	      0.0000	      0.0000
      0.0000	      0.0000	      0.0000	      0.0000
      0.0000	      0.0000	      0.0000	      0.0000
      0.0000	      0.0000	      0.0000	      0.0000
      0.0000	      0.0000	      0.0000	      0.0000
      0.0000	      0.0000	      0.0000	      0.0000
      0.0000	      0.0000	      0.0000	      0.0000
      0.0000	      0.0000	      0.0000	      0.0000
      0.0000	      0.0000	      0.0000	      0.0000
      0.0000	      0.0000	      0.0000	      0.0000
      0.0000	      0.0000	      0.0000	      0.0000
      0.0000	      0.0000	      0.0000	      0.0000
      0.0000	      0.0000	      0.0000	      0.0000
      0.0000	      0.0000	      0.0000	      0.0000
      0.0000	      0.0000	      0.0000	      0.0000
      0.0000	      0.0000	      0.0000	      0.0000
      0.0000	      0.0000	      0.0000	      0.0000
      0.0000	      0.0000	      0.0000	      0.0000
     -4.1880	     -0.0846	      0.0000	      0.0000
     -2.1826	     -4.6449	     -3.2256	      9.3805
      0.0000	      0.0000	      0.0000	      0.0000
     25.0207	      0.0000	      0.0000	      0.0000
      9.1642	      0.0000	      0.0000	      0.0000
     -9.5303	      0.0000	      0.0000	      0.0000
      0.0000	      0.0000	      0.0000	      0.0000
      0.0000	      0.0000	      0.0000	      0.0000
      0.0000	      0.0000	      0.0000	      0.0000
      0.0000	      0.0000	      0.0000	      0.0000
      0.0000	      0.0000	      0.0000	      0.0000
      0.0000	      0.0000	      0.0000	      0.0000
      0.0000	      0.0000	      0.0000	      0.0000
      0.0000	      0.0000	      0.0000	      0.0000
      0.0000	      0.0000	      0.0000	      0.0000
      0.0000	      0.0000	      0.0000	      0.0000
      0.0000	      0.0000	      0.0000	      0.0000
      0.0000	      0.0000	      0.0000	      0.0000
      0.0000	      0.0000	      0.0000	      0.0000
      0.0000	      0.0000	      0.0000	      0.0000
      0.0000	      0.0000	      0.0000	      0.0000
      0.0000	      0.0000	      0.0000	      0.0000
      0.0000	      0.0000	      0.0000	      0.0000
      0.0000	      0.0000	      0.0000	      0.0000
      0.0000	      0.0000	      0.0000	      0.0000
      2.8255	     -2.4424	    -13.6535	     -5.4729
     13.2860	      7.8030	    -10.7149	      7.3259
      3.3548	      0.0000	      0.0000	      0.0000
     23.3676	      3.9333	     -2.4843	      3.7525
      4.5639	     -4.2592	    -11.6816	     -3.8346
      2.0415	     -3.4420	     -3.5637	     -5.2344
     -5.8262	     -5.6817	     -8.3671	     -8.4683
      0.0000	      0.0000	      0.0000	      0.0000
      0.0000	      0.0000	      0.0000	      0.0000
     -0.9110	      2.8869	     -6.2759	     -3.8778
      0.0000	      0.0000	      0.0000	      0.0000
      0.0000	      0.0000	      0.0000	      0.0000
      0.0000	      0.0000	      0.0000	      0.0000
      0.0000	      0.0000	      0.0000	      0.0000
      0.0000	      0.0000	      0.0000	      0.0000
      0.0000	      0.0000	      0.0000	      0.0000
      0.0000	      0.0000	      0.0000	      0.0000
      0.0000	      0.0000	      0.0000	      0.0000
      0.0000	      0.0000	      0.0000	      0.0000
      0.0000	      0.0000	      0.0000	      0.0000
      0.0000	      0.0000	      0.0000	      0.0000
      0.0000	      0.0000	      0.0000	      0.0000
      0.0000	      0.0000	      0.0000	      0.0000
      0.0000	      0.0000	      0.0000	      0.0000
      0.0000	      0.0000	      0.0000	      0.0000
     -0.9148	      2.0036	      0.0000	      0.0000
     -0.4177	     13.7442	      0.0000	      0.0000
      0.0000	      0.0000	      0.0000	      0.0000
      0.0000	      0.0000	      0.0000	      0.0000
      0.0000	      0.0000	      0.0000	      0.0000
      0.0000	      0.0000	      0.0000	      0.0000
      1.0694	      0.4357	      0.0000	      0.0000
      0.0000	      0.0000	      0.0000	      0.0000
      0.0000	      0.0000	      0.0000	      0.0000
     -0.3787	      0.8919	      0.0000	     -2.3075
      0.0000	      0.0000	      0.0000	      0.0000
      0.0000	      0.0000	      0.0000	      0.0000
      0.0000	      0.0000	      0.0000	      0.0000
      0.0000	      0.0000	      0.0000	      0.0000
      0.0000	      0.0000	      0.0000	      0.0000
      0.0000	      0.0000	      0.0000	      0.0000
      0.0000	      0.0000	      0.0000	      0.0000
      0.0000	      0.0000	      0.0000	      0.0000
      0.0000	      0.0000	      0.0000	      0.0000
      0.0000	      0.0000	      0.0000	      0.0000
      0.0000	      0.0000	      0.0000	      0.0000
      0.0000	      0.0000	      0.0000	      0.0000
      0.0000	      0.0000	      0.0000	      0.0000
      0.0000	      0.0000	      0.0000	      0.0000
      0.0000	      0.0000	      0.0000	      0.0000
      0.0000	      0.0000	      0.0000	      0.0000
      0.0000	      0.0000	      0.0000	      0.0000
      0.0000	      0.0000	      0.0000	      0.0000
      0.0000	      0.0000	      0.0000	      0.0000
      0.0000	      0.0000	      0.0000	      0.0000
      0.0000	      0.0000	      0.0000	      0.0000
      0.0000	      0.0000	      0.0000	      0.0000
      0.0000	      0.0000	      0.0000	      0.0000
      0.0000	      0.0000	      0.0000	      0.0000
      0.0000	      0.0000	      0.0000	      0.0000
      0.0000	      0.0000	      0.0000	      0.0000
      0.0000	      0.0000	      0.0000	      0.0000
      0.0000	      0.0000	      0.0000	      0.0000
      0.0000	      0.0000	      0.0000	      0.0000
      0.0000	      0.0000	      0.0000	      0.0000
      0.0000	      0.0000	      0.0000	      0.0000
      0.0000	      0.0000	      0.0000	      0.0000
      0.0000	      0.0000	      0.0000	      0.0000
      0.0000	      0.0000	      0.0000	      0.0000
      0.0000	      0.0000	      0.0000	      0.0000
      0.0000	      0.0000	      0.0000	      0.0000
      0.0000	      0.0000	      0.0000	      0.0000
      0.0000	      0.0000	      0.0000	      0.0000
      0.0000	      0.0000	      0.0000	      0.0000
      0.0000	      0.0000	      0.0000	      0.0000
      0.0000	      0.0000	      0.0000	      0.0000
     15.0688	      0.0000	      0.0000	      0.0000
     -7.6162	      5.0555	      0.0000	      0.0000
      0.0000	      0.0000	      0.0000	      0.0000
      0.0000	      0.0000	      0.0000	      0.0000
      0.0000	      0.0000	      0.0000	      0.0000
      0.0000	      0.0000	      0.0000	      0.0000
      0.0000	      0.0000	      0.0000	      0.0000
      0.0000	      0.0000	      0.0000	      0.0000
      0.0000	      0.0000	      0.0000	      0.0000
      0.0000	      0.0000	      0.0000	      0.0000
      0.0000	      0.0000	      0.0000	      0.0000
      0.0000	      0.0000	      0.0000	      0.0000
      0.0000	      0.0000	      0.0000	      0.0000
      0.0000	      0.0000	      0.0000	      0.0000
      0.0000	      0.0000	      0.0000	      0.0000
      0.0000	      0.0000	      0.0000	      0.0000
      0.0000	      0.0000	      0.0000	      0.0000
      0.0000	      0.0000	      0.0000	      0.0000
      0.0000	      0.0000	      0.0000	      0.0000
      0.0000	      0.0000	      0.0000	      0.0000
      0.0000	      0.0000	      0.0000	      0.0000
      0.0000	      0.0000	      0.0000	      0.0000
      0.0000	      0.0000	      0.0000	      0.0000
      0.0000	      0.0000	      0.0000	      0.0000
     -1.8724	      0.0000	      0.0000	      0.0000
    -13.7962	      0.0000	      0.0000	      0.0000
      0.0000	      0.0000	      0.0000	      0.0000
      0.0000	      0.0000	      0.0000	      0.0000
      0.0000	      0.0000	      0.0000	      0.0000
      0.0000	      0.0000	      0.0000	      0.0000
      0.0000	      0.0000	      0.0000	      0.0000
      0.0000	      0.0000	      0.0000	      0.0000
      0.0000	      0.0000	      0.0000	      0.0000
      0.0000	      0.0000	      0.0000	      0.0000
      0.0000	      0.0000	      0.0000	      0.0000
      0.0000	      0.0000	      0.0000	      0.0000
      0.0000	      0.0000	      0.0000	      0.0000
      0.0000	      0.0000	      0.0000	      0.0000
      0.0000	      0.0000	      0.0000	      0.0000
      0.0000	      0.0000	      0.0000	      0.0000
      0.0000	      0.0000	      0.0000	      0.0000
      0.0000	      0.0000	      0.0000	      0.0000
      0.0000	      0.0000	      0.0000	      0.0000
      0.0000	      0.0000	      0.0000	      0.0000
      0.0000	      0.0000	      0.0000	      0.0000
      0.0000	      0.0000	      0.0000	      0.0000
      0.0000	      0.0000	      0.0000	      0.0000
      0.0000	      0.0000	      0.0000	      0.0000
      0.0000	      0.0000	      0.0000	      0.0000
    -16.9027	      0.0000	      0.0000	      0.0000
     12.9444	      0.0000	      0.0000	      0.0000
     18.5459	      0.0000	      0.0000	      6.0278
      0.0000	      0.0000	      0.0000	      0.0000
      2.0187	      0.0000	      0.0000	      0.0000
      0.0000	      0.0000	      0.0000	      0.0000
      1.4028	      0.0000	      0.0000	      0.0000
      0.0000	      0.0000	      0.0000	      0.0000
      0.0000	      0.0000	      0.0000	      0.0000
      0.0000	      0.0000	      0.0000	      0.0000
      0.0000	      0.0000	      0.0000	      0.0000
      0.0000	      0.0000	      0.0000	      0.0000
      0.0000	      0.0000	      0.0000	      0.0000
      0.0000	      0.0000	      0.0000	      0.0000
      0.0000	      0.0000	      0.0000	      0.0000
      0.0000	      0.0000	      0.0000	      0.0000
      0.0000	      0.0000	      0.0000	      0.0000
      0.0000	      0.0000	      0.0000	      0.0000
      0.0000	      0.0000	      0.0000	      0.0000
      0.0000	      0.0000	      0.0000	      0.0000
      0.0000	      0.0000	      0.0000	      0.0000
      0.0000	      0.0000	      0.0000	      0.0000
      0.0000	      0.0000	      0.0000	      0.0000
      0.0000	      0.0000	      0.0000	      0.0000
      0.0000	      0.0000	      0.0000	      0.0000
     -3.1186	      0.4627	      0.0000	      0.0000
     24.8728	      3.6332	      0.0000	      0.0000
     58.9711	      0.0000	      0.0000	      0.0000
     17.8346	      0.0000	      0.0000	      0.0000
     -1.7119	     -1.4097	     -0.9422	      0.0579
      0.0000	      0.0000	      0.0000	      0.0000
     -1.7726	     -0.5122	     -2.3744	     -0.5344
      0.0000	      0.0000	      0.0000	      0.0000
    -18.8370	     -1.2556	      0.0000	      0.0000
     19.1660	      0.0000	      0.0000	      0.0000
      0.0000	      0.0000	      0.0000	      0.0000
      0.0000	      0.0000	      0.0000	      0.0000
      0.0000	      0.0000	      0.0000	      0.0000
      0.0000	      0.0000	      0.0000	      0.0000
      0.0000	      0.0000	      0.0000	      0.0000
      0.0000	      0.0000	      0.0000	      0.0000
      0.0000	      0.0000	      0.0000	      0.0000
      0.0000	      0.0000	      0.0000	      0.0000
      0.0000	      0.0000	      0.0000	      0.0000
      0.0000	      0.0000	      0.0000	      0.0000
      0.0000	      0.0000	      0.0000	      0.0000
      0.0000	      0.0000	      0.0000	      0.0000
      0.0000	      0.0000	      0.0000	      0.0000
      0.0000	      0.0000	      0.0000	      0.0000
      0.0000	      0.0000	      0.0000	      0.0000
      0.0000	      0.0000	      0.0000	      0.0000
      5.5653	      0.0000	      0.0000	      0.0000
     15.8933	      0.0000	      0.0000	      0.0000
      0.0000	      0.0000	      0.0000	      0.0000
      4.7417	      0.0000	      0.0000	      0.0000
     -1.1176	      0.0000	      0.0000	      0.0000
     -1.3709	      0.0000	      0.0000	      0.0000
      0.0000	      0.0000	      0.0000	      0.0000
      0.0000	      0.0000	      0.0000	      0.0000
      0.0000	      0.0000	      0.0000	      0.0000
      0.0000	      0.0000	      0.0000	      0.0000
      0.0000	      0.0000	      0.0000	      0.0000
      0.0000	      0.0000	      0.0000	      0.0000
      0.0000	      0.0000	      0.0000	      0.0000
      0.0000	      0.0000	      0.0000	      0.0000
      0.0000	      0.0000	      0.0000	      0.0000
      0.0000	      0.0000	      0.0000	      0.0000
      0.0000	      0.0000	      0.0000	      0.0000
      0.0000	      0.0000	      0.0000	      0.0000
      0.0000	      0.0000	      0.0000	      0.0000
      0.0000	      0.0000	      0.0000	      0.0000
      0.0000	      0.0000	      0.0000	      0.0000
      0.0000	      0.0000	      0.0000	      0.0000
      0.0000	      0.0000	      0.0000	      0.0000
      0.0000	      0.0000	      0.0000	      0.0000
     -4.8766	     -6.5190	     -7.2255	     -3.5021
     -2.4509	     -1.7511	     -3.1239	      4.2250
     -1.3136	     -2.4620	     -4.8239	     27.7666
      2.4089	      0.0000	     -5.8519	     25.5345
     11.8553	     -1.7588	     -4.6010	     -9.8465
    -14.0507	    -11.5417	    -11.4979	    -15.5687
     -8.5794	      0.0000	      0.0000	      0.0000
      0.0000	      0.0000	      0.0000	      0.0000
      3.2906	      0.0000	      0.0000	      0.0000
     -0.7611	      0.0000	      0.0000	      0.0000
      0.0000	      0.0000	      0.0000	      0.0000
      0.0000	      0.0000	      0.0000	      0.0000
      0.0000	      0.0000	      0.0000	      0.0000
      0.0000	      0.0000	      0.0000	      0.0000
      0.0000	      0.0000	      0.0000	      0.0000
      0.0000	      0.0000	      0.0000	      0.0000
      0.0000	      0.0000	      0.0000	      0.0000
      0.0000	      0.0000	      0.0000	      0.0000
      0.0000	      0.0000	      0.0000	      0.0000
      0.0000	      0.0000	      0.0000	      0.0000
      0.0000	      0.0000	      0.0000	      0.0000
      0.0000	      0.0000	      0.0000	      0.0000
      0.0000	      0.0000	      0.0000	      0.0000
      0.0000	      0.0000	      0.0000	      0.0000
      0.0000	      0.0000	      0.0000	      0.0000
      7.4863	    -11.3146	    -23.9030	     -7.9701
     48.0065	     11.5277	    -16.1602	     11.2880
     39.3682	     31.9740	      6.3151	     31.9760
     45.7972	     24.5687	     -3.1955	      6.7904
    -20.8565	      6.2690	    -17.9083	    -16.4933
    -30.6922	    -18.2050	    -18.5689	    -17.5028
      2.1091	     -4.2795	    -14.6454	     -8.1976
      0.0000	      0.0000	      0.0000	      0.0000
     10.8312	     -1.3955	     -6.4605	     -2.0138
      9.8265	     -8.3550	    -14.0409	     -9.2237
      0.0000	      0.0000	      0.0000	      0.0000
      0.0000	      0.0000	      0.0000	      0.0000
      0.0000	      0.0000	      0.0000	      0.0000
      0.0000	      0.0000	      0.0000	      0.0000
      0.0000	      0.0000	      0.0000	      0.0000
      0.0000	      0.0000	      0.0000	      0.0000
      0.0000	      0.0000	      0.0000	      0.0000
      0.0000	      0.0000	      0.0000	      0.0000
      0.0000	      0.0000	      0.0000	      0.0000
      0.0000	      0.0000	      0.0000	      0.0000
      0.0000	      0.0000	      0.0000	      0.0000
      0.0000	      0.0000	      0.0000	      0.0000
      0.0000	      0.0000	      0.0000	      0.0000
      0.0000	      0.0000	      0.0000	      0.0000
      0.0000	      0.0000	      0.0000	      0.0000
      8.9779	      0.6010	      0.0000	      0.0000
     -0.3428	     29.0612	      0.0000	      0.0000
     33.3788	      8.7737	      0.0000	      0.0000
     -0.1581	     17.2602	     -3.7660	      0.0000
     -4.6513	      2.7153	      0.0000	      0.0000
      0.5022	      0.0000	      0.0000	      0.0000
      4.2368	      0.0000	      0.0000	      0.0000
      0.0000	      0.0000	      0.0000	      0.0000
      0.0000	      0.0000	      0.0000	      0.0000
     -5.1272	      0.6977	      0.0000	      0.0000
      0.0000	      0.0000	      0.0000	      0.0000
      0.0000	      0.0000	      0.0000	      0.0000
      0.0000	      0.0000	      0.0000	      0.0000
      0.0000	      0.0000	      0.0000	      0.0000
      0.0000	      0.0000	      0.0000	      0.0000
      0.0000	      0.0000	      0.0000	      0.0000
      0.0000	      0.0000	      0.0000	      0.0000
      0.0000	      0.0000	      0.0000	      0.0000
      0.0000	      0.0000	      0.0000	      0.0000
      0.0000	      0.0000	      0.0000	      0.0000
      0.0000	      0.0000	      0.0000	      0.0000
      0.0000	      0.0000	      0.0000	      0.0000
      0.0000	      0.0000	      0.0000	      0.0000
      0.0000	      0.0000	      0.0000	      0.0000
      0.0000	      0.0000	      0.0000	      0.0000
    -18.3116	      0.0000	      0.0000	      0.0000
      0.0000	      0.0000	      0.0000	      0.0000
      0.0000	      0.0000	      0.0000	      0.0000
      0.0000	      0.0000	      0.0000	    -19.4048
      0.0000	      0.0000	      0.0000	      0.0000
      6.4126	      0.0000	      0.0000	      0.0000
      0.0000	      0.0000	      0.0000	      0.0000
      0.0000	      0.0000	      0.0000	      0.0000
      0.0000	      0.0000	      0.0000	      0.0000
      0.0000	      0.0000	      0.0000	      0.0000
      0.0000	      0.0000	      0.0000	      0.0000
      0.0000	      0.0000	      0.0000	      0.0000
      0.0000	      0.0000	      0.0000	      0.0000
      0.0000	      0.0000	      0.0000	      0.0000
      0.0000	      0.0000	      0.0000	      0.0000
      0.0000	      0.0000	      0.0000	      0.0000
      0.0000	      0.0000	      0.0000	      0.0000
      0.0000	      0.0000	      0.0000	      0.0000
      0.0000	      0.0000	      0.0000	      0.0000
      0.0000	      0.0000	      0.0000	      0.0000
      0.0000	      0.0000	      0.0000	      0.0000
      0.0000	      0.0000	      0.0000	      0.0000
      0.0000	      0.0000	      0.0000	      0.0000
      0.0000	      0.0000	      0.0000	      0.0000
      0.0000	      0.0000	      0.0000	      0.0000
      7.7822	      0.0000	      0.0000	      0.0000
      0.0000	      0.0000	      0.0000	      0.0000
     19.4934	      0.0000	      0.0000	      0.0000
      5.9543	      0.0000	      0.0000	      0.0000
      5.1006	      0.0000	      0.0000	      0.0000
      0.0000	      0.0000	      0.0000	      0.0000
      0.0000	      0.0000	      0.0000	      0.0000
      0.0000	      0.0000	      0.0000	      0.0000
      0.0000	      0.0000	      0.0000	      0.0000
      0.0000	      0.0000	      0.0000	      0.0000
      0.0000	      0.0000	      0.0000	      0.0000
      0.0000	      0.0000	      0.0000	      0.0000
      0.0000	      0.0000	      0.0000	      0.0000
      0.0000	      0.0000	      0.0000	      0.0000
      0.0000	      0.0000	      0.0000	      0.0000
      0.0000	      0.0000	      0.0000	      0.0000
      0.0000	      0.0000	      0.0000	      0.0000
      0.0000	      0.0000	      0.0000	      0.0000
      0.0000	      0.0000	      0.0000	      0.0000
      0.0000	      0.0000	      0.0000	      0.0000
      0.0000	      0.0000	      0.0000	      0.0000
      0.0000	      0.0000	      0.0000	      0.0000
      0.0000	      0.0000	      0.0000	      0.0000
      0.0000	      0.0000	      0.0000	      0.0000
      0.0000	      0.0000	      0.0000	      0.0000
      0.0000	      0.0000	      0.0000	      0.0000
      0.0000	      0.0000	      0.0000	      0.0000
      0.0000	      0.0000	      0.0000	      0.0000
      0.0000	      0.0000	      0.0000	      0.0000
    -20.2643	      0.0000	      0.0000	      0.0000
      0.0000	      0.0000	      0.0000	      0.0000
      0.0000	      0.0000	      0.0000	      0.0000
      0.0000	      0.0000	      0.0000	      0.0000
      0.0000	      0.0000	      0.0000	      0.0000
      0.0000	      0.0000	      0.0000	      0.0000
      0.0000	      0.0000	      0.0000	      0.0000
      0.0000	      0.0000	      0.0000	      0.0000
      0.0000	      0.0000	      0.0000	      0.0000
      0.0000	      0.0000	      0.0000	      0.0000
      0.0000	      0.0000	      0.0000	      0.0000
      0.0000	      0.0000	      0.0000	      0.0000
      0.0000	      0.0000	      0.0000	      0.0000
      0.0000	      0.0000	      0.0000	      0.0000
      0.0000	      0.0000	      0.0000	      0.0000
      0.0000	      0.0000	      0.0000	      0.0000
      0.0000	      0.0000	      0.0000	      0.0000
      0.0000	      0.0000	      0.0000	      0.0000
      0.0000	      0.0000	      0.0000	      0.0000
      0.0000	      0.0000	      0.0000	      0.0000
      0.0000	      0.0000	      0.0000	      0.0000
      6.2437	      0.0000	      0.0000	      0.0000
     -3.0289	      7.4625	      0.0000	      0.0000
      0.0000	      0.0000	      3.7084	      0.0000
     10.7976	      0.0000	      0.0000	      0.0000
      1.1616	      0.0000	      0.0000	      0.0000
      0.0000	      0.0000	      0.0000	      0.0000
      0.0000	      0.0000	      0.0000	      0.0000
      0.0000	      0.0000	      0.0000	      0.0000
      2.0533	      0.0000	      0.0000	      0.0000
      0.0000	      0.0000	     -1.0080	      0.0000
      0.0000	      0.0000	      0.0000	      0.0000
      0.0000	      0.0000	      0.0000	      0.0000
      0.0000	      0.0000	      0.0000	      0.0000
      0.0000	      0.0000	      0.0000	      0.0000
      0.0000	      0.0000	      0.0000	      0.0000
      0.0000	      0.0000	      0.0000	      0.0000
      0.0000	      0.0000	      0.0000	      0.0000
      0.0000	      0.0000	      0.0000	      0.0000
      0.0000	      0.0000	      0.0000	      0.0000
      0.0000	      0.0000	      0.0000	      0.0000
      0.0000	      0.0000	      0.0000	      0.0000
      0.0000	      0.0000	      0.0000	      0.0000
      0.0000	      0.0000	      0.0000	      0.0000
      0.0000	      0.0000	      0.0000	      0.0000
      0.0000	      0.0000	      0.0000	      0.0000
      8.8881	      0.0000	      0.0000	      0.0000
      7.7696	      0.0000	     -0.4682	      0.0000
     58.7096	      0.0000	     11.7216	      0.0000
     28.6557	      0.0000	      0.0000	      0.0000
     15.9960	      0.0000	      0.0000	      0.0000
      7.7094	      0.0000	      0.0000	      0.0000
      2.7835	      0.0000	      0.0000	      0.0000
      0.0000	      0.0000	      0.0000	      0.0000
    -17.3390	      3.8183	      0.0000	      0.0000
     10.6872	      0.0000	      0.0000	      0.0000
     -1.4154	      0.0000	      0.0000	      0.0000
      0.0000	      0.0000	      0.0000	      0.0000
      0.0000	      0.0000	      0.0000	      0.0000
      0.0000	      0.0000	      0.0000	      0.0000
      0.0000	      0.0000	      0.0000	      0.0000
      0.0000	      0.0000	      0.0000	      0.0000
      0.0000	      0.0000	      0.0000	      0.0000
      0.0000	      0.0000	      0.0000	      0.0000
      0.0000	      0.0000	      0.0000	      0.0000
      0.0000	      0.0000	      0.0000	      0.0000
      0.0000	      0.0000	      0.0000	      0.0000
      0.0000	      0.0000	      0.0000	      0.0000
      0.0000	      0.0000	      0.0000	      0.0000
      0.0000	      0.0000	      0.0000	      0.0000
      0.0000	      0.0000	      0.0000	      0.0000
      0.0000	      0.0000	      0.0000	      0.0000
     13.7160	      0.0000	      0.0000	      0.0000
      0.0000	      0.0000	      0.0000	      0.0000
    -14.5466	      0.0000	      0.0000	      0.0000
      9.1348	      0.0000	      0.0000	      0.0000
      0.0000	      0.0000	      0.0000	      0.0000
      6.9932	      0.0000	      0.0000	      0.0000
      0.0000	      0.0000	      0.0000	      0.0000
      0.0000	      0.0000	      0.0000	      0.0000
      3.0312	      0.0000	      0.0000	      0.0000
      0.0000	      0.0000	      0.0000	      0.0000
      0.0000	      0.0000	      0.0000	      0.0000
      0.0000	      0.0000	      0.0000	      0.0000
      0.0000	      0.0000	      0.0000	      0.0000
      0.0000	      0.0000	      0.0000	      0.0000
      0.0000	      0.0000	      0.0000	      0.0000
      0.0000	      0.0000	      0.0000	      0.0000
      0.0000	      0.0000	      0.0000	      0.0000
      0.0000	      0.0000	      0.0000	      0.0000
      0.0000	      0.0000	      0.0000	      0.0000
      0.0000	      0.0000	      0.0000	      0.0000
      0.0000	      0.0000	      0.0000	      0.0000
      0.0000	      0.0000	      0.0000	      0.0000
      0.0000	      0.0000	      0.0000	      0.0000
      0.0000	      0.0000	      0.0000	      0.0000
     -2.0485	     -2.9069	     -4.4342	     -2.4288
     -2.7448	     -1.8731	     -5.6357	      4.2774
     -1.1945	     -0.7060	      0.4179	      0.0000
     -2.2287	     -0.3246	     -3.8623	     19.7041
     -1.0749	     -2.3284	     -3.2557	      5.3653
    -20.0507	     -6.5904	    -30.7242	     -1.5992
      0.0000	      0.0000	      0.0000	      0.0000
      0.0000	      0.0000	      0.0000	      0.0000
      6.4417	      0.0000	      0.0000	      0.0000
     -1.0995	     -1.8823	     -2.6571	      2.3987
      0.0000	      0.0000	      0.0000	      0.0000
      0.0000	      0.0000	      0.0000	      0.0000
      0.0000	      0.0000	      0.0000	      0.0000
      0.0000	      0.0000	      0.0000	      0.0000
      0.0000	      0.0000	      0.0000	      0.0000
      0.0000	      0.0000	      0.0000	      0.0000
      0.0000	      0.0000	      0.0000	      0.0000
      0.0000	      0.0000	      0.0000	      0.0000
      0.0000	      0.0000	      0.0000	      0.0000
      0.0000	      0.0000	      0.0000	      0.0000
      0.0000	      0.0000	      0.0000	      0.0000
      0.0000	      0.0000	      0.0000	      0.0000
      0.0000	      0.0000	      0.0000	      0.0000
      0.0000	      0.0000	      0.0000	      0.0000
      0.0000	      0.0000	      0.0000	      0.0000
      0.2818	    -14.4089	    -17.4283	     -4.1358
     -1.2203	      1.2288	     -8.4322	      8.6777
     23.2488	      0.0000	      0.0000	      0.0000
     -0.8141	     -0.2213	     -9.6983	      9.9374
     12.1332	     -7.6996	     -6.8039	     -3.1203
     -5.3777	     -5.8941	    -12.9865	     -9.0326
     -0.4153	     -0.4427	     -4.2386	     -0.8275
      0.0000	      0.0000	      0.0000	      0.0000
      2.7961	     -0.4438	     -9.4007	      0.5603
     -0.2497	     -6.5593	    -11.3268	    -10.2266
      0.0000	      0.0000	      0.0000	      0.0000
      0.0000	      0.0000	      0.0000	      0.0000
      0.0000	      0.0000	      0.0000	      0.0000
      0.0000	      0.0000	      0.0000	      0.0000
      0.0000	      0.0000	      0.0000	      0.0000
      0.0000	      0.0000	      0.0000	      0.0000
      0.0000	      0.0000	      0.0000	      0.0000
      0.0000	      0.0000	      0.0000	      0.0000
      0.0000	      0.0000	      0.0000	      0.0000
      0.0000	      0.0000	      0.0000	      0.0000
      0.0000	      0.0000	      0.0000	      0.0000
      0.0000	      0.0000	      0.0000	      0.0000
      0.0000	      0.0000	      0.0000	      0.0000
      0.0000	      0.0000	      0.0000	      0.0000
      0.0000	      0.0000	      0.0000	      0.0000
      5.8074	      0.0000	      0.0000	      0.0000
     14.0813	      0.0000	      0.0000	      0.0000
      0.0000	      0.0000	      0.0000	      0.0000
      5.3047	      0.0000	      0.0000	      0.0000
     -3.6111	      0.0000	      0.0000	      0.0000
     -0.7534	      1.1094	      0.0000	      0.0000
      0.0000	      0.0000	      0.0000	      0.0000
      0.0000	      0.0000	      0.0000	      0.0000
     -2.1530	      1.5229	      0.0000	      0.0000
     -0.0449	     -0.0733	     -2.5104	      0.0000
      0.0000	      0.0000	      0.0000	      0.0000
      0.0000	      0.0000	      0.0000	      0.0000
      0.0000	      0.0000	      0.0000	      0.0000
      0.0000	      0.0000	      0.0000	      0.0000
      0.0000	      0.0000	      0.0000	      0.0000
      0.0000	      0.0000	      0.0000	      0.0000
      0.0000	      0.0000	      0.0000	      0.0000
      0.0000	      0.0000	      0.0000	      0.0000
      0.0000	      0.0000	      0.0000	      0.0000
      0.0000	      0.0000	      0.0000	      0.0000
      0.0000	      0.0000	      0.0000	      0.0000
      0.0000	      0.0000	      0.0000	      0.0000
      0.0000	      0.0000	      0.0000	      0.0000
      0.0000	      0.0000	      0.0000	      0.0000
      0.0000	      0.0000	      0.0000	      0.0000
      8.5256	      0.0000	      0.0000	      0.0000
      0.0000	      0.0000	    -23.4743	      0.0000
      0.0000	      0.0000	      0.0000	      0.0000
      0.0000	      0.0000	      0.0000	      0.0000
      0.0000	      0.0000	      0.0000	      0.0000
      0.0000	      0.0000	      0.0000	      0.0000
      0.0000	      0.0000	      0.0000	      0.0000
      0.0000	      0.0000	      0.0000	      0.0000
      0.0000	      0.0000	      0.0000	      0.0000
      0.0000	      0.0000	      0.0000	      0.0000
      0.0000	      0.0000	      0.0000	      0.0000
      0.0000	      0.0000	      0.0000	      0.0000
      0.0000	      0.0000	      0.0000	      0.0000
      0.0000	      0.0000	      0.0000	      0.0000
      0.0000	      0.0000	      0.0000	      0.0000
      0.0000	      0.0000	      0.0000	      0.0000
      0.0000	      0.0000	      0.0000	      0.0000
      0.0000	      0.0000	      0.0000	      0.0000
      0.0000	      0.0000	      0.0000	      0.0000
      0.0000	      0.0000	      0.0000	      0.0000
      0.0000	      0.0000	      0.0000	      0.0000
      0.0000	      0.0000	      0.0000	      0.0000
      0.0000	      0.0000	      0.0000	      0.0000
      0.0000	      0.0000	      0.0000	      0.0000
      0.0000	      0.0000	      0.0000	      0.0000
      0.0000	      0.0000	      0.0000	      0.0000
      0.0000	      0.0000	      0.0000	      0.0000
      0.0000	      0.0000	      0.0000	      0.0000
      0.0000	      0.0000	      0.0000	      0.0000
    -16.2908	      0.0000	      0.0000	      0.0000
      0.0000	      0.0000	      0.0000	      0.0000
      0.0000	      0.0000	      0.0000	      0.0000
      0.0000	      0.0000	      0.0000	      0.0000
      0.0000	      0.0000	      0.0000	      0.0000
      0.0000	      0.0000	      0.0000	      0.0000
      0.0000	      0.0000	      0.0000	      0.0000
      0.0000	      0.0000	      0.0000	      0.0000
      0.0000	      0.0000	      0.0000	      0.0000
      0.0000	      0.0000	      0.0000	      0.0000
      0.0000	      0.0000	      0.0000	      0.0000
      0.0000	      0.0000	      0.0000	      0.0000
      0.0000	      0.0000	      0.0000	      0.0000
      0.0000	      0.0000	      0.0000	      0.0000
      0.0000	      0.0000	      0.0000	      0.0000
      0.0000	      0.0000	      0.0000	      0.0000
      0.0000	      0.0000	      0.0000	      0.0000
      0.0000	      0.0000	      0.0000	      0.0000
      0.0000	      0.0000	      0.0000	      0.0000
      0.0000	      0.0000	      0.0000	      0.0000
      0.0000	      0.0000	      0.0000	      0.0000
      0.0000	      0.0000	      0.0000	      0.0000
    -16.6133	      0.0000	      0.0000	      0.0000
      0.0000	      0.0000	      0.0000	      0.0000
    -10.3134	      0.0000	      0.0000	      0.0000
      0.0000	      0.0000	      0.0000	      0.0000
      0.0000	      0.0000	      0.0000	      0.0000
      0.0000	      0.0000	      0.0000	      0.0000
      0.0000	      0.0000	      0.0000	      0.0000
      0.0000	      0.0000	      0.0000	      0.0000
      0.0000	      0.0000	      0.0000	      0.0000
      0.0000	      0.0000	      0.0000	      0.0000
      0.0000	      0.0000	      0.0000	      0.0000
      0.0000	      0.0000	      0.0000	      0.0000
      0.0000	      0.0000	      0.0000	      0.0000
      0.0000	      0.0000	      0.0000	      0.0000
      0.0000	      0.0000	      0.0000	      0.0000
      0.0000	      0.0000	      0.0000	      0.0000
      0.0000	      0.0000	      0.0000	      0.0000
      0.0000	      0.0000	      0.0000	      0.0000
      0.0000	      0.0000	      0.0000	      0.0000
      0.0000	      0.0000	      0.0000	      0.0000
      0.0000	      0.0000	      0.0000	      0.0000
      0.0000	      0.0000	      0.0000	      0.0000
      0.0000	      0.0000	      0.0000	      0.0000
      0.0000	      0.0000	      0.0000	      0.0000
      1.6327	      0.0000	      0.0000	      0.0000
    -18.9945	      0.0000	      0.0000	      0.0000
      0.0000	      0.0000	      0.0000	      0.0000
      0.0000	      0.0000	      0.0000	      0.0000
      0.0000	      0.0000	      0.0000	      0.0000
    -20.0916	      0.0000	      0.0000	      0.0000
      0.0000	      0.0000	      0.0000	      1.8620
      0.0000	      0.0000	      0.0000	      0.0000
      0.0000	      0.0000	      0.0000	      0.0000
      7.1097	      0.0000	      0.0000	      0.0000
      0.0000	      0.0000	      0.0000	      0.0000
      0.0000	      0.0000	      0.0000	      0.0000
      0.0000	      0.0000	      0.0000	      0.0000
      0.0000	      0.0000	      0.0000	      0.0000
      0.0000	      0.0000	      0.0000	      0.0000
      0.0000	      0.0000	      0.0000	      0.0000
      0.0000	      0.0000	      0.0000	      0.0000
      0.0000	      0.0000	      0.0000	      0.0000
      0.0000	      0.0000	      0.0000	      0.0000
      0.0000	      0.0000	      0.0000	      0.0000
      0.0000	      0.0000	      0.0000	      0.0000
      0.0000	      0.0000	      0.0000	      0.0000
      0.0000	      0.0000	      0.0000	      0.0000
      0.0000	      0.0000	      0.0000	      0.0000
      0.0000	      0.0000	      0.0000	      0.0000
      0.0000	      0.0000	      0.0000	      0.0000
     12.7577	      0.0000	      0.0000	      0.0000
      0.0000	      0.0000	      0.0000	      0.0000
      1.9948	      0.0000	      0.0000	      0.0000
      0.0000	      0.0000	      0.0000	      0.0000
      0.0000	      0.0000	      0.0000	      0.0000
      0.0000	      0.0000	      0.0000	      0.0000
      0.0000	      0.0000	      0.0000	      0.0000
      0.0000	      0.0000	      0.0000	      0.0000
      0.0000	      0.0000	      0.0000	      0.0000
      0.0000	      0.0000	      0.0000	      0.0000
      0.0000	      0.0000	      0.0000	      0.0000
      0.0000	      0.0000	      0.0000	      0.0000
      0.0000	      0.0000	      0.0000	      0.0000
      0.0000	      0.0000	      0.0000	      0.0000
      0.0000	      0.0000	      0.0000	      0.0000
      0.0000	      0.0000	      0.0000	      0.0000
      0.0000	      0.0000	      0.0000	      0.0000
      0.0000	      0.0000	      0.0000	      0.0000
      0.0000	      0.0000	      0.0000	      0.0000
      0.0000	      0.0000	      0.0000	      0.0000
      0.0000	      0.0000	      0.0000	      0.0000
      0.0000	      0.0000	      0.0000	      0.0000
      0.0000	      0.0000	      0.0000	      0.0000
      0.0000	      0.0000	      0.0000	      0.0000
      0.0000	      0.0000	      0.0000	      0.0000
    -11.7574	      0.0000	      0.0000	      0.0000
    -14.1796	      0.0000	      0.0000	      0.0000
      0.0000	      0.0000	      0.0000	      0.0000
      0.0000	      0.0000	      0.0000	      0.0000
      0.0000	      0.0000	      0.0000	      0.0000
      0.0000	      0.0000	      0.0000	      0.0000
      0.0000	      0.0000	      0.0000	      0.0000
      0.0000	      0.0000	      0.0000	      0.0000
      0.0000	      0.0000	      0.0000	      0.0000
      0.0000	      0.0000	      0.0000	      0.0000
      0.0000	      0.0000	      0.0000	      0.0000
      0.0000	      0.0000	      0.0000	      0.0000
      0.0000	      0.0000	      0.0000	      0.0000
      0.0000	      0.0000	      0.0000	      0.0000
      0.0000	      0.0000	      0.0000	      0.0000
      0.0000	      0.0000	      0.0000	      0.0000
      0.0000	      0.0000	      0.0000	      0.0000
      0.0000	      0.0000	      0.0000	      0.0000
      0.0000	      0.0000	      0.0000	      0.0000
      0.0000	      0.0000	      0.0000	      0.0000
      0.0000	      0.0000	      0.0000	      0.0000
      0.0000	      0.0000	      0.0000	      0.0000
      0.0000	      0.0000	      0.0000	      0.0000
      0.0000	      0.0000	      0.0000	      0.0000
      1.1996	      0.0000	      0.0000	    -19.8197
      0.0000	      0.0000	      0.0000	      0.0000
      0.0000	      0.0000	      0.0000	      0.0000
      0.0000	      0.0000	      0.0000	      0.0000
      0.0000	      0.0000	      0.0000	      0.0000
      0.0000	      0.0000	      0.0000	      0.0000
      0.0000	      0.0000	      0.0000	      0.0000
      0.0000	      0.0000	      0.0000	      0.0000
      0.0000	      0.0000	      0.0000	      0.0000
      2.6611	      0.0000	      0.0000	      0.0000
      1.0927	      0.0000	      0.0000	      0.0000
      0.0000	      0.0000	      0.0000	      0.0000
      0.0000	      0.0000	      0.0000	      0.0000
      0.0000	      0.0000	      0.0000	      0.0000
      0.0000	      0.0000	      0.0000	      0.0000
      0.0000	      0.0000	      0.0000	      0.0000
      0.0000	      0.0000	      0.0000	      0.0000
      0.0000	      0.0000	      0.0000	      0.0000
      0.0000	      0.0000	      0.0000	      0.0000
      0.0000	      0.0000	      0.0000	      0.0000
      0.0000	      0.0000	      0.0000	      0.0000
      0.0000	      0.0000	      0.0000	      0.0000
      0.0000	      0.0000	      0.0000	      0.0000
      0.0000	      0.0000	      0.0000	      0.0000
      0.0000	      0.0000	      0.0000	      0.0000
      0.0000	      0.0000	      0.0000	      0.0000
      8.0990	      0.0000	      0.0000	      0.0000
      0.0000	      0.0000	     -3.8937	      0.0000
      0.0000	      0.0000	      0.0000	      0.0000
     -0.5256	      0.0000	      0.0000	      0.0000
      0.7060	      0.0000	      0.0000	      0.0000
    -18.9837	      0.0000	      0.0000	      0.0000
      0.0000	      0.0000	      0.0000	      0.0000
      0.0000	      0.0000	      0.0000	      0.0000
      0.0000	      0.0000	      0.0000	      0.0000
      0.0000	      0.0000	      0.0000	      0.0000
      0.0000	      0.0000	      0.0000	      0.0000
      0.0000	      0.0000	      0.0000	      0.0000
      0.0000	      0.0000	      0.0000	      0.0000
      0.0000	      0.0000	      0.0000	      0.0000
      0.0000	      0.0000	      0.0000	      0.0000
      0.0000	      0.0000	      0.0000	      0.0000
      0.0000	      0.0000	      0.0000	      0.0000
      0.0000	      0.0000	      0.0000	      0.0000
      0.0000	      0.0000	      0.0000	      0.0000
      0.0000	      0.0000	      0.0000	      0.0000
      0.0000	      0.0000	      0.0000	      0.0000
      0.0000	      0.0000	      0.0000	      0.0000
      0.0000	      0.0000	      0.0000	      0.0000
      0.0000	      0.0000	      0.0000	      0.0000
      0.0000	      0.0000	      0.0000	      0.0000
      0.0000	      0.0000	      0.0000	      0.0000
      0.0000	      0.0000	      0.0000	      0.0000
      0.0000	      0.0000	      0.0000	      0.0000
      0.0000	      0.0000	      0.0000	      0.0000
      0.0000	      0.0000	      0.0000	      0.0000
      0.0000	      0.0000	      0.0000	      0.0000
      0.0000	      0.0000	      0.0000	      0.0000
      0.0000	      0.0000	      0.0000	      0.0000
      0.0000	      0.0000	      0.0000	      0.0000
      0.0000	      0.0000	      0.0000	      0.0000
      0.0000	      0.0000	      0.0000	      0.0000
      0.0000	      0.0000	      0.0000	      0.0000
      0.0000	      0.0000	      0.0000	      0.0000
      0.0000	      0.0000	      0.0000	      0.0000
      0.0000	      0.0000	      0.0000	      0.0000
      0.0000	      0.0000	      0.0000	      0.0000
      0.0000	      0.0000	      0.0000	      0.0000
      0.0000	      0.0000	      0.0000	      0.0000
      0.0000	      0.0000	      0.0000	      0.0000
      0.0000	      0.0000	      0.0000	      0.0000
      0.0000	      0.0000	      0.0000	      0.0000
      0.0000	      0.0000	      0.0000	      0.0000
      0.0000	      0.0000	      0.0000	      0.0000
      0.0000	      0.0000	      0.0000	      0.0000
      0.0000	      0.0000	      0.0000	      0.0000
      0.0000	      0.0000	      0.0000	      0.0000
      0.0000	      0.0000	      0.0000	      0.0000
      0.0000	      0.0000	      0.0000	      0.0000
      0.0000	      0.0000	      0.0000	      0.0000
      0.0000	      0.0000	      0.0000	      0.0000
      0.0000	      0.0000	      0.0000	      0.0000
      0.0000	      0.0000	      0.0000	      0.0000
      0.0000	      0.0000	      0.0000	      0.0000
      0.0000	      0.0000	      0.0000	      0.0000
      0.0000	      0.0000	      0.0000	      0.0000
      0.0000	      0.0000	      0.0000	      0.0000
      0.0000	      0.0000	      0.0000	      0.0000
      0.0000	      0.0000	      0.0000	      0.0000
      0.0000	      0.0000	      0.0000	      0.0000
      0.0000	      0.0000	      0.0000	      0.0000
      0.0000	      0.0000	      0.0000	      0.0000
      0.0000	      0.0000	      0.0000	      0.0000
      0.0000	      0.0000	      0.0000	      0.0000
      0.0000	      0.0000	      0.0000	      0.0000
      0.0000	      0.0000	      0.0000	      0.0000
      0.0000	      0.0000	      0.0000	      0.0000
      0.0000	      0.0000	      0.0000	      0.0000
      0.0000	      0.0000	      0.0000	      0.0000
      0.0000	      0.0000	      0.0000	      0.0000
      0.0000	      0.0000	      0.0000	      0.0000
      7.9825	      0.0000	      0.0000	      0.0000
      0.0000	      0.0000	      0.0000	      0.0000
      0.0000	      0.0000	      0.0000	      0.0000
      0.0000	      0.0000	      0.0000	      0.0000
      0.0000	      0.0000	      0.0000	      0.0000
      0.0000	      0.0000	      0.0000	      0.0000
      0.0000	      0.0000	      0.0000	      0.0000
      0.0000	      0.0000	      0.0000	      0.0000
      0.0000	      0.0000	      0.0000	      0.0000
      0.0000	      0.0000	      0.0000	      0.0000
      0.0000	      0.0000	      0.0000	      0.0000
      0.0000	      0.0000	      0.0000	      0.0000
      0.0000	      0.0000	      0.0000	      0.0000
      0.0000	      0.0000	      0.0000	      0.0000
      0.0000	      0.0000	      0.0000	      0.0000
      0.0000	      0.0000	      0.0000	      0.0000
      0.0000	      0.0000	      0.0000	      0.0000
      0.0000	      0.0000	      0.0000	      0.0000
      0.0000	      0.0000	      0.0000	      0.0000
      0.0000	      0.0000	      0.0000	      0.0000
      0.0000	      0.0000	      0.0000	      0.0000
      0.0000	      0.0000	      0.0000	      0.0000
      0.0000	      0.0000	      0.0000	      0.0000
      0.0000	      0.0000	      0.0000	      0.0000
      0.0000	      0.0000	      0.0000	      0.0000
      0.0000	      0.0000	      0.0000	      0.0000
      0.0000	      0.0000	      0.0000	      0.0000
    -18.8693	      0.0000	      0.0000	      0.0000
    -17.8581	      0.0000	      0.0000	      0.0000
      0.0000	      0.0000	      0.0000	      0.0000
      0.0000	      0.0000	      0.0000	      0.0000
      0.0000	      0.0000	      0.0000	      0.0000
      0.0000	      0.0000	      0.0000	      0.0000
      0.0000	      0.0000	      0.0000	      0.0000
      0.0000	      0.0000	      0.0000	      0.0000
      0.0000	      0.0000	      0.0000	      0.0000
      0.0000	      0.0000	      0.0000	      0.0000
      0.0000	      0.0000	      0.0000	      0.0000
      0.0000	      0.0000	      0.0000	      0.0000
      0.0000	      0.0000	      0.0000	      0.0000
      0.0000	      0.0000	      0.0000	      0.0000
      0.0000	      0.0000	      0.0000	      0.0000
      0.0000	      0.0000	      0.0000	      0.0000
      0.0000	      0.0000	      0.0000	      0.0000
      0.0000	      0.0000	      0.0000	      0.0000
      0.0000	      0.0000	      0.0000	      0.0000
      0.0000	      0.0000	      0.0000	      0.0000
      0.0000	      0.0000	      0.0000	      0.0000
      0.0000	      0.0000	      0.0000	      0.0000
      5.0154	      0.0000	      0.0000	      0.0000
     12.4218	      0.0000	      0.0000	      0.0000
      1.3249	      0.0000	      0.0000	      0.0000
      5.3617	      0.0000	      0.0000	      0.0000
      0.0000	      0.0000	      0.0000	      0.0000
      4.6231	      0.0000	      0.0000	      0.0000
      0.0000	      0.0000	      0.0000	      0.0000
      0.0000	      0.0000	      0.0000	      0.0000
      0.0000	      0.0000	      0.0000	      0.0000
      0.0000	      0.0000	      0.0000	      0.0000
      0.0000	      0.0000	      0.0000	      0.0000
      0.0000	      0.0000	      0.0000	      0.0000
      0.0000	      0.0000	      0.0000	      0.0000
      0.0000	      0.0000	      0.0000	      0.0000
      0.0000	      0.0000	      0.0000	      0.0000
      0.0000	      0.0000	      0.0000	      0.0000
      0.0000	      0.0000	      0.0000	      0.0000
      0.0000	      0.0000	      0.0000	      0.0000
      0.0000	      0.0000	      0.0000	      0.0000
      0.0000	      0.0000	      0.0000	      0.0000
      0.0000	      0.0000	      0.0000	      0.0000
      0.0000	      0.0000	      0.0000	      0.0000
      0.0000	      0.0000	      0.0000	      0.0000
      0.0000	      0.0000	      0.0000	      0.0000
      0.0000	      0.0000	      0.0000	      0.0000
      5.9408	      0.0000	      0.0000	      0.0000
     -1.0672	    -18.6315	      0.0000	      0.0000
     -2.5157	     -3.4566	     23.8533	      0.0000
     25.3432	      0.0000	      0.0000	      0.0000
     -0.5497	      2.9009	      0.0000	      0.0000
      6.3393	      0.0000	      0.0000	      0.0000
      0.0000	      0.0000	      0.0000	      0.0000
      0.0000	      0.0000	      0.0000	      0.0000
      0.0000	      0.0000	      0.0000	      0.0000
      8.6680	      0.0000	      0.0000	      0.0000
      0.0000	      0.0000	      0.0000	      0.0000
      0.0000	      0.0000	      0.0000	      0.0000
      0.0000	      0.0000	      0.0000	      0.0000
      0.0000	      0.0000	      0.0000	      0.0000
      0.0000	      0.0000	      0.0000	      0.0000
      0.0000	      0.0000	      0.0000	      0.0000
      0.0000	      0.0000	      0.0000	      0.0000
      0.0000	      0.0000	      0.0000	      0.0000
      0.0000	      0.0000	      0.0000	      0.0000
      0.0000	      0.0000	      0.0000	      0.0000
      0.0000	      0.0000	      0.0000	      0.0000
      0.0000	      0.0000	      0.0000	      0.0000
      0.0000	      0.0000	      0.0000	      0.0000
      0.0000	      0.0000	      0.0000	      0.0000
      0.0000	      0.0000	      0.0000	      0.0000
      0.0000	      0.0000	      0.0000	      0.0000
      6.7704	      0.0000	      0.0000	      0.0000
      0.0000	      0.0000	      0.0000	      0.0000
    -17.5285	      0.0000	      0.0000	      0.0000
      3.7262	      0.0000	      0.0000	      0.0000
      0.0000	      0.0000	      0.0000	      0.0000
      0.0000	      0.0000	      0.0000	      0.0000
      0.0000	      0.0000	      0.0000	      0.0000
      0.0000	      0.0000	      0.0000	      0.0000
      0.0000	      0.0000	      0.0000	      0.0000
      0.0000	      0.0000	      0.0000	      0.0000
      0.0000	      0.0000	      0.0000	      0.0000
      0.0000	      0.0000	      0.0000	      0.0000
      0.0000	      0.0000	      0.0000	      0.0000
      0.0000	      0.0000	      0.0000	      0.0000
      0.0000	      0.0000	      0.0000	      0.0000
      0.0000	      0.0000	      0.0000	      0.0000
      0.0000	      0.0000	      0.0000	      0.0000
      0.0000	      0.0000	      0.0000	      0.0000
      0.0000	      0.0000	      0.0000	      0.0000
      0.0000	      0.0000	      0.0000	      0.0000
      0.0000	      0.0000	      0.0000	      0.0000
      0.0000	      0.0000	      0.0000	      0.0000
      0.0000	      0.0000	      0.0000	      0.0000
      0.0000	      0.0000	      0.0000	      0.0000
      0.0000	      0.0000	      0.0000	      0.0000
      0.0000	      0.0000	      0.0000	      0.0000
      1.5653	      0.0000	      0.0000	      0.0000
      0.0000	      0.0000	      0.0000	      0.0000
      0.5822	      0.0000	      0.0000	      0.0000
      1.2966	      0.0000	      0.0000	      0.0000
      0.4801	      0.0000	      0.0000	      0.0000
      0.0000	      0.0000	      0.0000	      0.0000
      0.0000	      0.0000	      0.0000	      0.0000
      0.1408	      0.0000	      0.0000	      0.0000
      0.0000	      0.0000	      0.0000	      0.0000
      0.0000	      0.0000	      0.0000	      0.0000
      0.0000	      0.0000	      0.0000	      0.0000
      0.0000	      0.0000	      0.0000	      0.0000
      0.0000	      0.0000	      0.0000	      0.0000
      0.0000	      0.0000	      0.0000	      0.0000
      0.0000	      0.0000	      0.0000	      0.0000
      0.0000	      0.0000	      0.0000	      0.0000
      0.0000	      0.0000	      0.0000	      0.0000
      0.0000	      0.0000	      0.0000	      0.0000
      0.0000	      0.0000	      0.0000	      0.0000
      0.0000	      0.0000	      0.0000	      0.0000
      0.0000	      0.0000	      0.0000	      0.0000
      0.0000	      0.0000	      0.0000	      0.0000
      0.0000	      0.0000	      0.0000	      0.0000
      5.1520	     -1.1586	     -7.1718	     -4.2644
     -2.8061	      6.1049	      0.0000	      0.0000
     31.4303	      0.0000	      0.0000	      0.0000
     -3.9239	     -0.6697	     -1.6743	     13.3767
     -0.4233	     -0.9581	     -5.2022	      6.1007
     -3.4233	      0.0000	      0.0000	      0.0000
      0.0000	      0.0000	      0.0000	      0.0000
      0.0000	      0.0000	      0.0000	      0.0000
      1.1843	      0.0000	      0.0000	      0.0000
      0.0000	      0.0000	      0.0000	      0.0000
      0.0000	      0.0000	      0.0000	      0.0000
      0.0000	      0.0000	      0.0000	      0.0000
      0.0000	      0.0000	      0.0000	      0.0000
      0.0000	      0.0000	      0.0000	      0.0000
      0.0000	      0.0000	      0.0000	      0.0000
      0.0000	      0.0000	      0.0000	      0.0000
      0.0000	      0.0000	      0.0000	      0.0000
      0.0000	      0.0000	      0.0000	      0.0000
      0.0000	      0.0000	      0.0000	      0.0000
      0.0000	      0.0000	      0.0000	      0.0000
      0.0000	      0.0000	      0.0000	      0.0000
      0.0000	      0.0000	      0.0000	      0.0000
      0.0000	      0.0000	      0.0000	      0.0000
      0.0000	      0.0000	      0.0000	      0.0000
      0.0000	      0.0000	      0.0000	      0.0000
      0.0000	      0.0000	      0.0000	      0.0000
      1.2611	      0.0000	      0.0000	      0.0000
      0.0000	      0.0000	      0.0000	      0.0000
     -1.3842	      0.0000	      0.0000	      0.0000
     -2.5348	      0.8909	      0.0000	      0.0000
      0.0000	      0.0000	      0.0000	      0.0000
      0.0000	      0.0000	      0.0000	      0.0000
      0.0000	      0.0000	      0.0000	      0.0000
      0.0000	      0.0000	      0.0000	      0.0000
      0.0000	      0.0000	      0.0000	      0.0000
      0.0000	      0.0000	      0.0000	      0.0000
      0.0000	      0.0000	      0.0000	      0.0000
      0.0000	      0.0000	      0.0000	      0.0000
      0.0000	      0.0000	      0.0000	      0.0000
      0.0000	      0.0000	      0.0000	      0.0000
      0.0000	      0.0000	      0.0000	      0.0000
      0.0000	      0.0000	      0.0000	      0.0000
      0.0000	      0.0000	      0.0000	      0.0000
      0.0000	      0.0000	      0.0000	      0.0000
      0.0000	      0.0000	      0.0000	      0.0000
      0.0000	      0.0000	      0.0000	      0.0000
      0.0000	      0.0000	      0.0000	      0.0000
      0.0000	      0.0000	      0.0000	      0.0000
      0.0000	      0.0000	      0.0000	      0.0000
      0.0000	      0.0000	      0.0000	      0.0000
    -20.0781	    -14.4723	    -42.2331	      0.0000
      4.6996	      0.0000	      0.0000	      0.0000
      0.0000	      0.0000	      0.0000	      0.0000
     -3.5378	     11.1595	      0.0000	      0.0000
      0.0000	      0.0000	      0.0000	      0.0000
      0.0000	      0.0000	      0.0000	      0.0000
      0.0000	      0.0000	      0.0000	      0.0000
      0.0000	      0.0000	      0.0000	      0.0000
    -22.1620	      0.0000	      0.0000	      0.0000
    -18.3304	      0.0000	      0.0000	      0.0000
      0.0000	      0.0000	      0.0000	      0.0000
      0.0000	      0.0000	      0.0000	      0.0000
      0.0000	      0.0000	      0.0000	      0.0000
      0.0000	      0.0000	      0.0000	      0.0000
      0.0000	      0.0000	      0.0000	      0.0000
      0.0000	      0.0000	      0.0000	      0.0000
      0.0000	      0.0000	      0.0000	      0.0000
      0.0000	      0.0000	      0.0000	      0.0000
      0.0000	      0.0000	      0.0000	      0.0000
      0.0000	      0.0000	      0.0000	      0.0000
      0.0000	      0.0000	      0.0000	      0.0000
      0.0000	      0.0000	      0.0000	      0.0000
      0.0000	      0.0000	      0.0000	      0.0000
      0.0000	      0.0000	      0.0000	      0.0000
      0.0000	      0.0000	      0.0000	      0.0000
      0.0000	      0.0000	      0.0000	      0.0000
    -19.7027	    -20.5178	      0.0000	      0.0000
      5.8643	      0.0000	      0.0000	      0.0000
      2.4954	      0.0000	      0.0000	      0.0000
    -28.3595	      0.0000	      0.0000	      0.0000
      0.0000	      0.0000	      0.0000	      0.0000
      0.0000	      0.0000	      0.0000	      0.0000
      0.0000	      0.0000	      0.0000	      0.0000
      0.0000	      0.0000	      0.0000	      0.0000
      0.0000	      0.0000	      0.0000	      0.0000
      0.0000	      0.0000	      0.0000	      0.0000
      0.0000	      0.0000	      0.0000	      0.0000
      0.0000	      0.0000	      0.0000	      0.0000
      0.0000	      0.0000	      0.0000	      0.0000
      0.0000	      0.0000	      0.0000	      0.0000
      0.0000	      0.0000	      0.0000	      0.0000
      0.0000	      0.0000	      0.0000	      0.0000
      0.0000	      0.0000	      0.0000	      0.0000
      0.0000	      0.0000	      0.0000	      0.0000
      0.0000	      0.0000	      0.0000	      0.0000
      0.0000	      0.0000	      0.0000	      0.0000
      0.0000	      0.0000	      0.0000	      0.0000
      0.0000	      0.0000	      0.0000	      0.0000
      0.0000	      0.0000	      0.0000	      0.0000
      0.0000	      0.0000	      0.0000	      0.0000
    -19.0619	      0.0000	      0.0000	      0.0000
      0.0000	      0.0000	      0.0000	      0.0000
      2.8813	      0.0000	      0.0000	      0.0000
      0.0000	      0.0000	      0.0000	      0.0000
      2.5711	      0.0000	      0.0000	      0.0000
     -9.3247	      0.0000	      0.0000	      0.0000
      0.0000	      0.0000	      0.0000	      0.0000
      0.0000	      0.0000	      0.0000	      0.0000
      0.0000	      0.0000	      0.0000	      0.0000
    -26.5435	      0.0000	      0.0000	      0.0000
      0.0000	      0.0000	      0.0000	      0.0000
      0.0000	      0.0000	      0.0000	      0.0000
      0.0000	      0.0000	      0.0000	      0.0000
      0.0000	      0.0000	      0.0000	      0.0000
      0.0000	      0.0000	      0.0000	      0.0000
      0.0000	      0.0000	      0.0000	      0.0000
      0.0000	      0.0000	      0.0000	      0.0000
      0.0000	      0.0000	      0.0000	      0.0000
      0.0000	      0.0000	      0.0000	      0.0000
      0.0000	      0.0000	      0.0000	      0.0000
      0.0000	      0.0000	      0.0000	      0.0000
      0.0000	      0.0000	      0.0000	      0.0000
      0.0000	      0.0000	      0.0000	      0.0000
      0.0000	      0.0000	      0.0000	      0.0000
      0.0000	      0.0000	      0.0000	      0.0000
    -43.7688	    -39.5584	    -24.6443	    -24.1420
     11.1613	    -12.5629	     -4.9402	    -21.8080
      0.0000	      0.0000	      0.0000	      0.0000
    -33.5609	    -26.0366	    -13.8223	    -11.2356
    -18.8375	    -29.6931	    -34.9586	    -29.0015
     -3.3073	      0.0000	      0.0000	      0.0000
    -33.1927	      0.0000	      0.0000	      0.0000
      0.0000	      0.0000	      0.0000	      0.0000
      0.0000	      0.0000	      0.0000	      0.0000
    -11.0584	      0.0000	      0.0000	      0.0000
      0.0000	      0.0000	      0.0000	      0.0000
      0.0000	      0.0000	      0.0000	      0.0000
      0.0000	      0.0000	      0.0000	      0.0000
      0.0000	      0.0000	      0.0000	      0.0000
      0.0000	      0.0000	      0.0000	      0.0000
      0.0000	      0.0000	      0.0000	      0.0000
      0.0000	      0.0000	      0.0000	      0.0000
      0.0000	      0.0000	      0.0000	      0.0000
      0.0000	      0.0000	      0.0000	      0.0000
      0.0000	      0.0000	      0.0000	      0.0000
      0.0000	      0.0000	      0.0000	      0.0000
      0.0000	      0.0000	      0.0000	      0.0000
      0.0000	      0.0000	      0.0000	      0.0000
      0.0000	      0.0000	      0.0000	      0.0000
      0.0000	      0.0000	      0.0000	      0.0000
     -5.7719	     -0.0924	      1.6822	      0.0000
    -15.2510	    -20.0564	      0.1998	      0.0000
     26.8355	      0.0000	      0.0000	      0.0000
     28.1909	      0.0000	      0.0000	      0.0000
    -11.6535	      7.9980	      0.0000	      0.0000
      3.8715	      0.0000	      0.0000	      0.0000
      0.0000	      0.0000	      0.0000	      0.0000
      0.0000	      0.0000	      0.0000	      0.0000
      3.7051	      0.0000	      0.0000	      0.0000
     -4.1889	    -28.2171	     -1.7375	     16.9427
      0.0000	      0.0000	      0.0000	      0.0000
      0.0000	      0.0000	      0.0000	      0.0000
      0.0000	      0.0000	      0.0000	      0.0000
      0.0000	      0.0000	      0.0000	      0.0000
      0.0000	      0.0000	      0.0000	      0.0000
      0.0000	      0.0000	      0.0000	      0.0000
      0.0000	      0.0000	      0.0000	      0.0000
      0.0000	      0.0000	      0.0000	      0.0000
      0.0000	      0.0000	      0.0000	      0.0000
      0.0000	      0.0000	      0.0000	      0.0000
      0.0000	      0.0000	      0.0000	      0.0000
      0.0000	      0.0000	      0.0000	      0.0000
      0.0000	      0.0000	      0.0000	      0.0000
      0.0000	      0.0000	      0.0000	      0.0000
      0.0000	      0.0000	      0.0000	      0.0000
     -7.8120	      0.0000	      0.0000	      0.0000
    -12.3147	      0.0000	      0.0000	      0.0000
     -1.2175	      4.2850	      0.0000	      0.0000
     -1.3494	      0.0000	      0.0000	      0.0000
     -9.3705	      5.4569	    -27.9986	      0.0000
      0.0000	      0.0000	      0.0000	      0.0000
      0.0000	      0.0000	      0.0000	      0.0000
      0.0000	      0.0000	      0.0000	      0.0000
      0.0000	      0.0000	      0.0000	      0.0000
      0.0000	      0.0000	     10.6135	      0.0000
      0.0000	      0.0000	      0.0000	      0.0000
      0.0000	      0.0000	      0.0000	      0.0000
      0.0000	      0.0000	      0.0000	      0.0000
      0.0000	      0.0000	      0.0000	      0.0000
      0.0000	      0.0000	      0.0000	      0.0000
      0.0000	      0.0000	      0.0000	      0.0000
      0.0000	      0.0000	      0.0000	      0.0000
      0.0000	      0.0000	      0.0000	      0.0000
      0.0000	      0.0000	      0.0000	      0.0000
      0.0000	      0.0000	      0.0000	      0.0000
      0.0000	      0.0000	      0.0000	      0.0000
      0.0000	      0.0000	      0.0000	      0.0000
      0.0000	      0.0000	      0.0000	      0.0000
      0.0000	      0.0000	      0.0000	      0.0000
      0.0000	      0.0000	      0.0000	      0.0000
    -28.0641	    -28.4239	    -19.4422	    -39.8610
     -2.6070	     -6.9745	    -10.9584	     12.1850
     -2.7477	      0.0000	      0.0000	      0.0000
    -34.1881	    -31.1943	    -24.5033	     -3.1859
     -8.0617	     -5.6279	    -15.2525	     -8.2638
    -25.9447	    -19.6515	    -24.2986	    -21.1142
     -3.3458	      0.0000	      0.0000	      0.0000
      0.0000	      0.0000	      0.0000	      0.0000
      0.0000	      0.0000	      0.0000	      0.0000
     -6.2845	    -28.3731	    -10.9312	     -2.1245
    -13.0265	      0.0000	      0.0000	      0.0000
      0.0000	      0.0000	      0.0000	      0.0000
      0.0000	      0.0000	      0.0000	      0.0000
      0.0000	      0.0000	      0.0000	      0.0000
      0.0000	      0.0000	      0.0000	      0.0000
      0.0000	      0.0000	      0.0000	      0.0000
      0.0000	      0.0000	      0.0000	      0.0000
      0.0000	      0.0000	      0.0000	      0.0000
      0.0000	      0.0000	      0.0000	      0.0000
      0.0000	      0.0000	      0.0000	      0.0000
      0.0000	      0.0000	      0.0000	      0.0000
      0.0000	      0.0000	      0.0000	      0.0000
      0.0000	      0.0000	      0.0000	      0.0000
      0.0000	      0.0000	      0.0000	      0.0000
      0.0000	      0.0000	      0.0000	      0.0000
     -5.5193	     -6.7750	     -1.8016	     -3.7440
     -6.5138	     -2.4002	    -10.6511	      6.3414
     -4.8039	      0.0000	      0.0000	      0.0000
     18.2935	      0.0000	      0.0000	      0.0000
     -6.7134	    -13.6837	     -8.3530	     -2.2427
     -7.2747	     -7.5365	    -10.4480	      0.0000
      0.0000	      0.0000	      0.0000	      0.0000
      0.0000	      0.0000	      0.0000	      0.0000
     -0.7061	      0.9677	      0.0000	      0.0000
    -10.1299	     -8.3235	     -5.5666	      0.0000
      0.0000	      0.0000	      0.0000	      0.0000
      0.0000	      0.0000	      0.0000	      0.0000
      0.0000	      0.0000	      0.0000	      0.0000
      0.0000	      0.0000	      0.0000	      0.0000
      0.0000	      0.0000	      0.0000	      0.0000
      0.0000	      0.0000	      0.0000	      0.0000
      0.0000	      0.0000	      0.0000	      0.0000
      0.0000	      0.0000	      0.0000	      0.0000
      0.0000	      0.0000	      0.0000	      0.0000
      0.0000	      0.0000	      0.0000	      0.0000
      0.0000	      0.0000	      0.0000	      0.0000
      0.0000	      0.0000	      0.0000	      0.0000
      0.0000	      0.0000	      0.0000	      0.0000
      0.0000	      0.0000	      0.0000	      0.0000
      0.0000	      0.0000	      0.0000	      0.0000
      0.0000	      0.0000	      0.0000	      0.0000
      0.0000	      0.0000	      0.0000	      0.0000
      0.0000	      0.0000	      0.0000	      0.0000
      0.0000	      0.0000	      0.0000	      0.0000
      0.0000	      0.0000	      0.0000	     -7.8615
      0.0000	      0.0000	      0.0000	      0.0000
      0.0000	      0.0000	      0.0000	      0.0000
      0.0000	      0.0000	      0.0000	      0.0000
      0.0000	      0.0000	      0.0000	      0.0000
      2.3501	      0.0000	      0.0000	      0.0000
      0.0000	      0.0000	      0.0000	      0.0000
      0.0000	      0.0000	      0.0000	      0.0000
      0.0000	      0.0000	      0.0000	      0.0000
      0.0000	      0.0000	      0.0000	      0.0000
      0.0000	      0.0000	      0.0000	      0.0000
      0.0000	      0.0000	      0.0000	      0.0000
      0.0000	      0.0000	      0.0000	      0.0000
      0.0000	      0.0000	      0.0000	      0.0000
      0.0000	      0.0000	      0.0000	      0.0000
      0.0000	      0.0000	      0.0000	      0.0000
      0.0000	      0.0000	      0.0000	      0.0000
      0.0000	      0.0000	      0.0000	      0.0000
      0.0000	      0.0000	      0.0000	      0.0000
      0.0000	      0.0000	      0.0000	      0.0000
      0.0000	      0.0000	      0.0000	      0.0000
      0.0000	      0.0000	      0.0000	      0.0000
      0.0000	      0.0000	      0.0000	      0.0000
      0.0000	      0.0000	      0.0000	      0.0000
      0.0000	      0.0000	      0.0000	      0.0000
      0.0000	      0.0000	      0.0000	      0.0000
      0.0000	      0.0000	      0.0000	      0.0000
      0.0000	      0.0000	      0.0000	      0.0000
      0.0000	      0.0000	      0.0000	      0.0000
      0.0000	      0.0000	      0.0000	      0.0000
      0.0000	      0.0000	      0.0000	      0.0000
      0.0000	      0.0000	      0.0000	      0.0000
      0.0000	      0.0000	      0.0000	      0.0000
      0.0000	      0.0000	      0.0000	      0.0000
      0.0000	      0.0000	      0.0000	      0.0000
      0.0000	      0.0000	      0.0000	      0.0000
      0.0000	      0.0000	      0.0000	      0.0000
      0.0000	      0.0000	      0.0000	      0.0000
      0.0000	      0.0000	      0.0000	      0.0000
      0.0000	      0.0000	      0.0000	      0.0000
      0.0000	      0.0000	      0.0000	      0.0000
      0.0000	      0.0000	      0.0000	      0.0000
      0.0000	      0.0000	      0.0000	      0.0000
      0.0000	      0.0000	      0.0000	      0.0000
      0.0000	      0.0000	      0.0000	      0.0000
      0.0000	      0.0000	      0.0000	      0.0000
      0.0000	      0.0000	      0.0000	      0.0000
      0.0000	      0.0000	      0.0000	      0.0000
      0.0000	      0.0000	      0.0000	      0.0000
      0.0000	      0.0000	      0.0000	      0.0000
      0.0000	      0.0000	      0.0000	      0.0000
      0.0000	      0.0000	      0.0000	      0.0000
      0.0000	      0.0000	      0.0000	      0.0000
      0.0000	      0.0000	      0.0000	      0.0000
      0.0000	      0.0000	      0.0000	      0.0000
      0.0000	      0.0000	      0.0000	      0.0000
      0.0000	      0.0000	      0.0000	      0.0000
      0.0000	      0.0000	      0.0000	      0.0000
      0.0000	      0.0000	      0.0000	      0.0000
      0.0000	      0.0000	      0.0000	      0.0000
      0.0000	      0.0000	      0.0000	      0.0000
      0.0000	      0.0000	      0.0000	      0.0000
      0.0000	      0.0000	      0.0000	      0.0000
      0.0000	      0.0000	      0.0000	      0.0000
      0.0000	      0.0000	      0.0000	      0.0000
      0.0000	      0.0000	      0.0000	      0.0000
      0.0000	      0.0000	      0.0000	      0.0000
      0.0000	      0.0000	      0.0000	      0.0000
      0.0000	      0.0000	      0.0000	      0.0000
      0.0000	      0.0000	      0.0000	      0.0000
      0.0000	      0.0000	      0.0000	      0.0000
      0.0000	      0.0000	      0.0000	      0.0000
    -20.8188	      0.0000	      0.0000	      0.0000
      0.0000	      0.0000	      0.0000	      0.0000
      0.0000	      0.0000	      0.0000	      0.0000
      0.0000	      0.0000	      0.0000	      0.0000
      0.0000	      0.0000	      0.0000	      0.0000
      0.0000	      0.0000	      0.0000	      0.0000
      0.0000	      0.0000	      0.0000	      0.0000
      0.0000	      0.0000	      0.0000	      0.0000
      0.0000	      0.0000	      0.0000	      0.0000
      0.0000	      0.0000	      0.0000	      0.0000
      0.0000	      0.0000	      0.0000	      0.0000
      0.0000	      0.0000	      0.0000	      0.0000
      0.0000	      0.0000	      0.0000	      0.0000
      0.0000	      0.0000	      0.0000	      0.0000
      0.0000	      0.0000	      0.0000	      0.0000
      0.0000	      0.0000	      0.0000	      0.0000
      0.0000	      0.0000	      0.0000	      0.0000
      0.0000	      0.0000	      0.0000	      0.0000
      0.0000	      0.0000	      0.0000	      0.0000
      0.0000	      0.0000	      0.0000	      0.0000
      0.0000	      0.0000	      0.0000	      0.0000
      0.0000	      0.0000	      0.0000	      0.0000
      0.0000	      0.0000	      0.0000	      0.0000
      0.0000	      0.0000	      0.0000	      0.0000
      0.0000	      0.0000	      0.0000	      0.0000
     -1.3839	      0.0000	      0.0000	      0.0000
      0.0000	      0.0000	      0.0000	      0.0000
    -18.5635	    -18.6248	      3.2244	      0.0000
      0.0000	      0.0000	      0.0000	      0.0000
      0.0000	      0.0000	      0.0000	      0.0000
      0.0000	      0.0000	      0.0000	      0.0000
      0.0000	      0.0000	      0.0000	      0.0000
      0.0000	      0.0000	      0.0000	      0.0000
      0.0000	      0.0000	      0.0000	      0.0000
      0.0000	      0.0000	      0.0000	      0.0000
      0.0000	      0.0000	      0.0000	      0.0000
      0.0000	      0.0000	      0.0000	      0.0000
      0.0000	      0.0000	      0.0000	      0.0000
      0.0000	      0.0000	      0.0000	      0.0000
      0.0000	      0.0000	      0.0000	      0.0000
      0.0000	      0.0000	      0.0000	      0.0000
      0.0000	      0.0000	      0.0000	      0.0000
      0.0000	      0.0000	      0.0000	      0.0000
      0.0000	      0.0000	      0.0000	      0.0000
      0.0000	      0.0000	      0.0000	      0.0000
      0.0000	      0.0000	      0.0000	      0.0000
      0.0000	      0.0000	      0.0000	      0.0000
      0.0000	      0.0000	      0.0000	      0.0000
      0.0000	      0.0000	      0.0000	      0.0000
     -0.4262	    -19.9973	     -1.0191	      0.0000
     -0.7452	     -0.5132	     -1.9562	      0.0000
      0.0000	      0.0000	      0.0000	      0.0000
    -19.9659	    -19.5105	     -0.6104	      2.2303
    -20.3941	      1.5638	      0.0000	      0.0000
      1.5697	      0.0000	      0.0000	      0.0000
      1.1182	      0.0000	      0.0000	      0.0000
      0.0000	      0.0000	      0.0000	      0.0000
      0.0000	      0.0000	      0.0000	      0.0000
    -20.2090	      1.5995	      0.0000	      0.0000
      0.0000	      0.0000	      0.0000	      0.0000
      0.0000	      0.0000	      0.0000	      0.0000
      0.0000	      0.0000	      0.0000	      0.0000
      0.0000	      0.0000	      0.0000	      0.0000
      0.0000	      0.0000	      0.0000	      0.0000
      0.0000	      0.0000	      0.0000	      0.0000
      0.0000	      0.0000	      0.0000	      0.0000
      0.0000	      0.0000	      0.0000	      0.0000
      0.0000	      0.0000	      0.0000	      0.0000
      0.0000	      0.0000	      0.0000	      0.0000
      0.0000	      0.0000	      0.0000	      0.0000
      0.0000	      0.0000	      0.0000	      0.0000
      0.0000	      0.0000	      0.0000	      0.0000
      0.0000	      0.0000	      0.0000	      0.0000
      0.0000	      0.0000	      0.0000	      0.0000
      0.0000	      0.0000	      0.0000	      0.0000
      0.0000	      0.0000	      0.0000	      0.0000
      0.0000	      0.0000	      0.0000	      0.0000
      0.0000	      0.0000	      0.0000	      0.0000
      0.0000	      0.0000	      0.0000	      0.0000
      0.0000	      0.0000	      0.0000	      0.0000
      0.0000	      0.0000	      0.0000	      0.0000
      0.0000	      0.0000	      0.0000	      0.0000
      0.0000	      0.0000	      0.0000	      0.0000
      0.0000	      0.0000	      0.0000	      0.0000
      0.0000	      0.0000	      0.0000	      0.0000
      0.0000	      0.0000	      0.0000	      0.0000
      0.0000	      0.0000	      0.0000	      0.0000
      0.0000	      0.0000	      0.0000	      0.0000
      0.0000	      0.0000	      0.0000	      0.0000
      0.0000	      0.0000	      0.0000	      0.0000
      0.0000	      0.0000	      0.0000	      0.0000
      0.0000	      0.0000	      0.0000	      0.0000
      0.0000	      0.0000	      0.0000	      0.0000
      0.0000	      0.0000	      0.0000	      0.0000
      0.0000	      0.0000	      0.0000	      0.0000
      0.0000	      0.0000	      0.0000	      0.0000
      0.0000	      0.0000	      0.0000	      0.0000
      0.0000	      0.0000	      0.0000	      0.0000
      0.0000	      0.0000	      0.0000	      0.0000
      0.0000	      0.0000	      0.0000	      0.0000
      0.0000	      0.0000	      0.0000	      0.0000
      0.0000	      0.0000	      0.0000	      0.0000
      0.0000	      0.0000	      0.0000	      0.0000
      0.0000	      0.0000	      0.0000	      0.0000
      0.0000	      0.0000	      0.0000	      0.0000
      0.0000	      0.0000	      0.0000	      0.0000
      0.0000	      0.0000	      0.0000	      0.0000
      0.0000	      0.0000	      0.0000	      0.0000
      0.0000	      0.0000	      0.0000	      0.0000
      0.0000	      0.0000	      0.0000	      0.0000
      0.0000	      0.0000	      0.0000	      0.0000
      0.0000	      0.0000	      0.0000	      0.0000
      0.0000	      0.0000	      0.0000	      0.0000
      0.0000	      0.0000	      0.0000	      0.0000
      0.0000	      0.0000	      0.0000	      0.0000
      0.0000	      0.0000	      0.0000	      0.0000
      0.0000	      0.0000	      0.0000	      0.0000
      0.0000	      0.0000	      0.0000	      0.0000
      0.0000	      0.0000	      0.0000	      0.0000
      0.0000	      0.0000	      0.0000	      0.0000
      0.0000	      0.0000	      0.0000	      0.0000
      0.0000	      0.0000	      0.0000	      0.0000
      0.0000	      0.0000	      0.0000	      0.0000
      0.0000	      0.0000	      0.0000	      0.0000
      0.0000	      0.0000	      0.0000	      0.0000
      2.1219	      0.0000	      0.0000	      0.0000
      0.0000	      0.0000	      0.0000	      0.0000
      2.5393	      0.0000	      0.0000	      0.0000
    -20.6628	      0.3408	      0.0000	      0.0000
      0.0000	      0.0000	      0.0000	      0.0000
      0.0000	      0.0000	      0.0000	      0.0000
      0.0000	      0.0000	      0.0000	      0.0000
      0.0000	      0.0000	      0.0000	      0.0000
      0.0000	      0.0000	      0.0000	      0.0000
      0.0000	      0.0000	      0.0000	      0.0000
      0.0000	      0.0000	      0.0000	      0.0000
      0.0000	      0.0000	      0.0000	      0.0000
      0.0000	      0.0000	      0.0000	      0.0000
      0.0000	      0.0000	      0.0000	      0.0000
      0.0000	      0.0000	      0.0000	      0.0000
      0.0000	      0.0000	      0.0000	      0.0000
      0.0000	      0.0000	      0.0000	      0.0000
      0.0000	      0.0000	      0.0000	      0.0000
      0.0000	      0.0000	      0.0000	      0.0000
      0.0000	      0.0000	      0.0000	      0.0000
      0.0000	      0.0000	      0.0000	      0.0000
      0.0000	      0.0000	      0.0000	      0.0000
      0.0000	      0.0000	      0.0000	      0.0000
      0.0000	      0.0000	      0.0000	      0.0000
      0.0000	      0.0000	      0.0000	      0.0000
      0.0000	      0.0000	      0.0000	      0.0000
      0.0000	      0.0000	      0.0000	      0.0000
      0.0000	      0.0000	      0.0000	      0.0000
      0.0000	      0.0000	      0.0000	      0.0000
      0.0000	      0.0000	      0.0000	      0.0000
      0.0000	      0.0000	      0.0000	      0.0000
      0.0000	      0.0000	      0.0000	      0.0000
      0.0000	      0.0000	      0.0000	      0.0000
      0.0000	      0.0000	      0.0000	      0.0000
      0.0000	      0.0000	      0.0000	      0.0000
      0.0000	      0.0000	      0.0000	      0.0000
      0.0000	      0.0000	      0.0000	      0.0000
      0.0000	      0.0000	      0.0000	      0.0000
      0.0000	      0.0000	      0.0000	      0.0000
      0.0000	      0.0000	      0.0000	      0.0000
      0.0000	      0.0000	      0.0000	      0.0000
      0.0000	      0.0000	      0.0000	      0.0000
      0.0000	      0.0000	      0.0000	      0.0000
      0.0000	      0.0000	      0.0000	      0.0000
      0.0000	      0.0000	      0.0000	      0.0000
      0.0000	      0.0000	      0.0000	      0.0000
      0.0000	      0.0000	      0.0000	      0.0000
      0.0000	      0.0000	      0.0000	      0.0000
      0.0000	      0.0000	      0.0000	      0.0000
      0.0000	      0.0000	      0.0000	      0.0000
      0.0000	      0.0000	      0.0000	      0.0000
     -3.8818	      0.0000	      0.0000	      0.0000
      0.0000	      0.0000	      0.0000	      0.0000
      0.0000	      0.0000	      0.0000	      0.0000
      0.0000	      0.0000	      0.0000	      0.0000
      0.0000	      0.0000	      0.0000	      0.0000
      0.0000	      0.0000	      0.0000	      0.0000
      0.0000	      0.0000	      0.0000	      0.0000
      0.0000	      0.0000	      0.0000	      0.0000
      0.0000	      0.0000	      0.0000	      0.0000
      0.0000	      0.0000	      0.0000	      0.0000
      0.0000	      0.0000	      0.0000	      0.0000
      0.0000	      0.0000	      0.0000	      0.0000
      0.0000	      0.0000	      0.0000	      0.0000
      0.0000	      0.0000	      0.0000	      0.0000
      0.0000	      0.0000	      0.0000	      0.0000
      0.0000	      0.0000	      0.0000	      0.0000
      0.0000	      0.0000	      0.0000	      0.0000
      0.0000	      0.0000	      0.0000	      0.0000
      0.0000	      0.0000	      0.0000	      0.0000
      0.0000	      0.0000	      0.0000	      0.0000
      0.0000	      0.0000	      0.0000	      0.0000
      0.0000	      0.0000	      0.0000	      0.0000
      0.0000	      0.0000	      0.0000	      0.0000
      0.0000	      0.0000	      0.0000	      0.0000
    -16.3515	      0.0000	      0.0000	      0.0000
      0.0000	      0.0000	      0.0000	      0.0000
      0.0000	      0.0000	      0.0000	      0.0000
      0.0000	      0.0000	      0.0000	      0.0000
      0.0000	      0.0000	      0.0000	      0.0000
      0.0000	      0.0000	      0.0000	      0.0000
      0.0000	      0.0000	      0.0000	      0.0000
      0.0000	      0.0000	      0.0000	      0.0000
      0.0000	      0.0000	      0.0000	      0.0000
      0.0000	      0.0000	      0.0000	      0.0000
      0.0000	      0.0000	      0.0000	      0.0000
      0.0000	      0.0000	      0.0000	      0.0000
      0.0000	      0.0000	      0.0000	      0.0000
      0.0000	      0.0000	      0.0000	      0.0000
      0.0000	      0.0000	      0.0000	      0.0000
      0.0000	      0.0000	      0.0000	      0.0000
      0.0000	      0.0000	      0.0000	      0.0000
      0.0000	      0.0000	      0.0000	      0.0000
      0.0000	      0.0000	      0.0000	      0.0000
      0.0000	      0.0000	      0.0000	      0.0000
      0.0000	      0.0000	      0.0000	      0.0000
      0.0000	      0.0000	      0.0000	      0.0000
      0.0000	      0.0000	      0.0000	      0.0000
      0.0000	      0.0000	      0.0000	      0.0000
      0.0000	      0.0000	      0.0000	      0.0000
      0.0000	      0.0000	      0.0000	      0.0000
      0.0000	      0.0000	      0.0000	      0.0000
      0.0000	      0.0000	      0.0000	      0.0000
      0.0000	      0.0000	      0.0000	      0.0000
      0.0000	      0.0000	      0.0000	      0.0000
      0.0000	      0.0000	      0.0000	      0.0000
      0.0000	      0.0000	      0.0000	      0.0000
      0.0000	      0.0000	      0.0000	      0.0000
      0.0000	      0.0000	      0.0000	      0.0000
      0.0000	      0.0000	      0.0000	      0.0000
      0.0000	      0.0000	      0.0000	      0.0000
      0.0000	      0.0000	      0.0000	      0.0000
      0.0000	      0.0000	      0.0000	      0.0000
      0.0000	      0.0000	      0.0000	      0.0000
      0.0000	      0.0000	      0.0000	      0.0000
      0.0000	      0.0000	      0.0000	      0.0000
      0.0000	      0.0000	      0.0000	      0.0000
      0.0000	      0.0000	      0.0000	      0.0000
      0.0000	      0.0000	      0.0000	      0.0000
      0.0000	      0.0000	      0.0000	      0.0000
      0.0000	      0.0000	      0.0000	      0.0000
      0.0000	      0.0000	      0.0000	      0.0000
      0.0000	      0.0000	      0.0000	      0.0000
      0.0000	      0.0000	      0.0000	      0.0000
    -19.9811	      0.0000	      0.0000	      0.0000
      9.7314	      0.0000	      0.0000	      0.0000
      9.8329	      0.0000	      0.0000	      0.0000
      5.6632	      0.0000	      0.0000	      0.0000
      0.0000	      0.0000	      0.0000	      0.0000
      0.0000	      0.0000	      0.0000	      0.0000
      0.0000	      0.0000	      0.0000	      0.0000
      0.0000	      0.0000	      0.0000	      0.0000
      0.0000	      0.0000	      0.0000	      0.0000
      0.0000	      0.0000	      0.0000	      0.0000
      0.0000	      0.0000	      0.0000	      0.0000
      0.0000	      0.0000	      0.0000	      0.0000
      0.0000	      0.0000	      0.0000	      0.0000
      0.0000	      0.0000	      0.0000	      0.0000
      0.0000	      0.0000	      0.0000	      0.0000
      0.0000	      0.0000	      0.0000	      0.0000
      0.0000	      0.0000	      0.0000	      0.0000
      0.0000	      0.0000	      0.0000	      0.0000
      0.0000	      0.0000	      0.0000	      0.0000
      0.0000	      0.0000	      0.0000	      0.0000
      0.0000	      0.0000	      0.0000	      0.0000
      0.0000	      0.0000	      0.0000	      0.0000
      0.0000	      0.0000	      0.0000	      0.0000
      0.0000	      0.0000	      0.0000	      0.0000
      0.0000	      0.0000	      0.0000	      0.0000
    -18.0893	    -19.9902	    -19.9882	      2.6215
    -13.4276	     -4.6381	      4.0568	      0.0000
    -19.9721	    -19.2471	     32.8867	    -19.4333
     -4.7506	    -23.4599	    -11.9758	      0.0000
      0.2328	      0.0000	      0.0000	      0.0000
     -0.2781	      0.0000	      0.0000	      0.0000
    -19.8183	      0.0000	      0.0000	      0.0000
      0.0000	      0.0000	      0.0000	      0.0000
      0.0000	      0.0000	      0.0000	      0.0000
    -18.6971	      3.1043	      0.0000	      0.0000
      0.0000	      0.0000	      0.0000	      0.0000
      0.0000	      0.0000	      0.0000	      0.0000
      0.0000	      0.0000	      0.0000	      0.0000
      0.0000	      0.0000	      0.0000	      0.0000
      0.0000	      0.0000	      0.0000	      0.0000
      0.0000	      0.0000	      0.0000	      0.0000
      0.0000	      0.0000	      0.0000	      0.0000
      0.0000	      0.0000	      0.0000	      0.0000
      0.0000	      0.0000	      0.0000	      0.0000
      0.0000	      0.0000	      0.0000	      0.0000
      0.0000	      0.0000	      0.0000	      0.0000
      0.0000	      0.0000	      0.0000	      0.0000
      0.0000	      0.0000	      0.0000	      0.0000
      0.0000	      0.0000	      0.0000	      0.0000
      0.0000	      0.0000	      0.0000	      0.0000
      0.0000	      0.0000	      0.0000	      0.0000
    -12.3424	      0.0000	      0.0000	      0.0000
    -13.6255	      0.0000	      0.0000	      0.0000
      0.0000	      0.0000	      0.0000	      0.0000
      1.3929	      0.0000	      0.0000	      0.0000
      0.0000	      0.0000	      0.0000	      0.0000
      0.0000	      0.0000	      0.0000	      0.0000
      0.0000	      0.0000	      0.0000	      0.0000
      0.0000	      0.0000	      0.0000	      0.0000
      0.0000	      0.0000	      0.0000	      0.0000
      0.0000	      0.0000	      0.0000	      0.0000
      0.0000	      0.0000	      0.0000	      0.0000
      0.0000	      0.0000	      0.0000	      0.0000
      0.0000	      0.0000	      0.0000	      0.0000
      0.0000	      0.0000	      0.0000	      0.0000
      0.0000	      0.0000	      0.0000	      0.0000
      0.0000	      0.0000	      0.0000	      0.0000
      0.0000	      0.0000	      0.0000	      0.0000
      0.0000	      0.0000	      0.0000	      0.0000
      0.0000	      0.0000	      0.0000	      0.0000
      0.0000	      0.0000	      0.0000	      0.0000
      0.0000	      0.0000	      0.0000	      0.0000
      0.0000	      0.0000	      0.0000	      0.0000
      0.0000	      0.0000	      0.0000	      0.0000
      0.0000	      0.0000	      0.0000	      0.0000
      0.0000	      0.0000	      0.0000	      0.0000
     -0.8388	      0.0000	      0.0000	      0.0000
      0.0000	      0.0000	      0.0000	      0.0000
      0.0000	      0.0000	      0.0000	      0.0000
      0.0000	      0.0000	      0.0000	      0.0000
     -0.3601	      0.0000	      0.0000	      0.0000
      0.0000	      0.0000	      0.0000	      0.0000
      0.0000	      0.0000	      0.0000	      0.0000
      0.0000	      0.0000	      0.0000	      0.0000
      0.0000	      0.0000	      0.0000	      0.0000
      0.0000	      0.0000	      0.0000	      0.0000
      0.0000	      0.0000	      0.0000	      0.0000
      0.0000	      0.0000	      0.0000	      0.0000
      0.0000	      0.0000	      0.0000	      0.0000
      0.0000	      0.0000	      0.0000	      0.0000
      0.0000	      0.0000	      0.0000	      0.0000
      0.0000	      0.0000	      0.0000	      0.0000
      0.0000	      0.0000	      0.0000	      0.0000
      0.0000	      0.0000	      0.0000	      0.0000
      0.0000	      0.0000	      0.0000	      0.0000
      0.0000	      0.0000	      0.0000	      0.0000
      0.0000	      0.0000	      0.0000	      0.0000
      0.0000	      0.0000	      0.0000	      0.0000
      0.0000	      0.0000	      0.0000	      0.0000
      0.0000	      0.0000	      0.0000	      0.0000
      2.0806	      0.0000	      0.0000	      0.0000
     24.3456	      0.0000	      0.0000	      0.0000
     30.4014	      0.0000	      0.0000	      0.0000
     20.1286	      0.0000	      0.0000	      0.0000
     -0.9924	     -1.0286	      0.0000	      0.0000
      0.7637	      0.0000	      0.0000	      0.0000
      0.0000	      0.0000	      0.0000	      0.0000
      0.0000	      0.0000	      0.0000	      0.0000
      0.0000	      0.0000	      0.0000	      0.0000
      4.8077	      0.0000	      0.0000	      0.0000
      0.0000	      0.0000	      0.0000	      0.0000
      0.0000	      0.0000	      0.0000	      0.0000
      0.0000	      0.0000	      0.0000	      0.0000
      0.0000	      0.0000	      0.0000	      0.0000
      0.0000	      0.0000	      0.0000	      0.0000
      0.0000	      0.0000	      0.0000	      0.0000
      0.0000	      0.0000	      0.0000	      0.0000
      0.0000	      0.0000	      0.0000	      0.0000
      0.0000	      0.0000	      0.0000	      0.0000
      0.0000	      0.0000	      0.0000	      0.0000
      0.0000	      0.0000	      0.0000	      0.0000
      0.0000	      0.0000	      0.0000	      0.0000
      0.0000	      0.0000	      0.0000	      0.0000
      0.0000	      0.0000	      0.0000	      0.0000
      0.0000	      0.0000	      0.0000	      0.0000
      0.0000	      0.0000	      0.0000	      0.0000
     -1.3189	      0.0000	      0.0000	      0.0000
     12.7992	      0.0000	      0.0000	      0.0000
      0.0000	      0.0000	     -1.2234	      0.0000
     -0.5362	      0.0000	      0.0000	      0.0000
      0.0000	      0.0000	      0.0000	      0.0000
      0.0000	      0.0000	      0.0000	      0.0000
      0.0000	      0.0000	      0.0000	      0.0000
      0.0000	      0.0000	      0.0000	      0.0000
      0.0000	      0.0000	      0.0000	      0.0000
      0.0000	      0.0000	      0.0000	      0.0000
      0.0000	      0.0000	      0.0000	      0.0000
      0.0000	      0.0000	      0.0000	      0.0000
      0.0000	      0.0000	      0.0000	      0.0000
      0.0000	      0.0000	      0.0000	      0.0000
      0.0000	      0.0000	      0.0000	      0.0000
      0.0000	      0.0000	      0.0000	      0.0000
      0.0000	      0.0000	      0.0000	      0.0000
      0.0000	      0.0000	      0.0000	      0.0000
      0.0000	      0.0000	      0.0000	      0.0000
      0.0000	      0.0000	      0.0000	      0.0000
      0.0000	      0.0000	      0.0000	      0.0000
      0.0000	      0.0000	      0.0000	      0.0000
      0.0000	      0.0000	      0.0000	      0.0000
      0.0000	      0.0000	      0.0000	      0.0000
      0.0000	      0.0000	      0.0000	      0.0000
      0.0000	      0.0000	      0.0000	      0.0000
      0.0000	      0.0000	      0.0000	      0.0000
      0.0000	      0.0000	      0.0000	      0.0000
      0.0000	      0.0000	      0.0000	      0.0000
      0.0000	      0.0000	      0.0000	      0.0000
      0.0000	      0.0000	      0.0000	      0.0000
      0.0000	      0.0000	      0.0000	      0.0000
      0.0000	      0.0000	      0.0000	      0.0000
      0.0000	      0.0000	      0.0000	      0.0000
      0.0000	      0.0000	      0.0000	      0.0000
      0.0000	      0.0000	      0.0000	      0.0000
      0.0000	      0.0000	      0.0000	      0.0000
      0.0000	      0.0000	      0.0000	      0.0000
      0.0000	      0.0000	      0.0000	      0.0000
      0.0000	      0.0000	      0.0000	      0.0000
      0.0000	      0.0000	      0.0000	      0.0000
      0.0000	      0.0000	      0.0000	      0.0000
      0.0000	      0.0000	      0.0000	      0.0000
      0.0000	      0.0000	      0.0000	      0.0000
      0.0000	      0.0000	      0.0000	      0.0000
      0.0000	      0.0000	      0.0000	      0.0000
      0.0000	      0.0000	      0.0000	      0.0000
      0.0000	      0.0000	      0.0000	      0.0000
      0.0000	      0.0000	      0.0000	      0.0000
      0.0000	      0.0000	      0.0000	      0.0000
    -18.6860	      0.0000	      0.0000	      0.0000
      0.0000	      0.0000	      0.0000	      0.0000
      0.0000	      0.0000	      0.0000	      0.0000
      0.0000	      0.0000	      0.0000	      0.0000
      0.0000	      0.0000	      0.0000	      0.0000
      0.0000	      0.0000	      0.0000	      0.0000
      0.0000	      0.0000	      0.0000	      0.0000
      0.0000	      0.0000	      0.0000	      0.0000
      0.0000	      0.0000	      0.0000	      0.0000
      0.0000	      0.0000	      0.0000	      0.0000
      0.0000	      0.0000	      0.0000	      0.0000
      0.0000	      0.0000	      0.0000	      0.0000
      0.0000	      0.0000	      0.0000	      0.0000
      0.0000	      0.0000	      0.0000	      0.0000
      0.0000	      0.0000	      0.0000	      0.0000
      0.0000	      0.0000	      0.0000	      0.0000
      0.0000	      0.0000	      0.0000	      0.0000
      0.0000	      0.0000	      0.0000	      0.0000
      0.0000	      0.0000	      0.0000	      0.0000
      0.0000	      0.0000	      0.0000	      0.0000
      0.0000	      0.0000	      0.0000	      0.0000
      0.0000	      0.0000	      0.0000	      0.0000
      0.0000	      0.0000	      0.0000	      0.0000
      0.0000	      0.0000	      0.0000	      0.0000
      0.0000	      0.0000	      0.0000	      0.0000
      0.0000	      0.0000	      0.0000	      0.0000
      0.0000	      0.0000	      0.0000	      0.0000
      0.0000	      0.0000	      0.0000	      0.0000
      0.0000	      0.0000	      0.0000	      0.0000
      0.0000	      0.0000	      0.0000	      0.0000
      0.0000	      0.0000	      0.0000	      0.0000
      0.0000	      0.0000	      0.0000	      0.0000
      0.0000	      0.0000	      0.0000	      0.0000
      0.0000	      0.0000	      0.0000	      0.0000
      0.0000	      0.0000	      0.0000	      0.0000
      0.0000	      0.0000	      0.0000	      0.0000
      0.0000	      0.0000	      0.0000	      0.0000
      0.0000	      0.0000	      0.0000	      0.0000
      0.0000	      0.0000	      0.0000	      0.0000
      0.0000	      0.0000	      0.0000	      0.0000
      0.0000	      0.0000	      0.0000	      0.0000
      0.0000	      0.0000	      0.0000	      0.0000
      0.0000	      0.0000	      0.0000	      0.0000
      0.0000	      0.0000	      0.0000	      0.0000
      0.0000	      0.0000	      0.0000	      0.0000
      0.0000	      0.0000	      0.0000	      0.0000
      0.0000	      0.0000	      0.0000	      0.0000
      0.0000	      0.0000	      0.0000	      0.0000
      0.0000	      0.0000	      0.0000	      0.0000
      1.4830	      0.0000	      0.0000	      0.0000
      0.0000	      0.0000	      0.0000	      0.0000
      0.0000	      0.0000	      0.0000	      0.0000
      0.0000	      0.0000	      0.0000	      0.0000
      0.0000	      0.0000	      0.0000	      0.0000
      0.0000	      0.0000	      0.0000	      0.0000
      0.0000	      0.0000	      0.0000	      0.0000
      0.0000	      0.0000	      0.0000	      0.0000
      0.0000	      0.0000	      0.0000	      0.0000
      0.0000	      0.0000	      0.0000	      0.0000
      0.0000	      0.0000	      0.0000	      0.0000
      0.0000	      0.0000	      0.0000	      0.0000
      0.0000	      0.0000	      0.0000	      0.0000
      0.0000	      0.0000	      0.0000	      0.0000
      0.0000	      0.0000	      0.0000	      0.0000
      0.0000	      0.0000	      0.0000	      0.0000
      0.0000	      0.0000	      0.0000	      0.0000
      0.0000	      0.0000	      0.0000	      0.0000
      0.0000	      0.0000	      0.0000	      0.0000
      0.0000	      0.0000	      0.0000	      0.0000
      0.0000	      0.0000	      0.0000	      0.0000
      0.0000	      0.0000	      0.0000	      0.0000
      0.0000	      0.0000	      0.0000	      0.0000
      0.0000	      0.0000	      0.0000	      0.0000
      0.0000	      0.0000	      0.0000	      0.0000
      2.0635	      0.0000	      0.0000	      0.0000
     -8.9012	      0.0000	      0.0000	      0.0000
      0.0000	      0.0000	      0.0000	      0.0000
      0.0000	      0.0000	      0.0000	      0.0000
    -14.1346	      0.0000	      0.0000	      0.0000
      0.0000	      0.0000	      0.0000	      0.0000
      0.0000	      0.0000	      0.0000	      0.0000
      0.0000	      0.0000	      0.0000	      0.0000
      0.0000	      0.0000	      0.0000	      0.0000
     -9.8515	      0.0000	      0.0000	      0.0000
      0.0000	      0.0000	      0.0000	      0.0000
      0.0000	      0.0000	      0.0000	      0.0000
      0.0000	      0.0000	      0.0000	      0.0000
      0.0000	      0.0000	      0.0000	      0.0000
      0.0000	      0.0000	      0.0000	      0.0000
      0.0000	      0.0000	      0.0000	      0.0000
      0.0000	      0.0000	      0.0000	      0.0000
      0.0000	      0.0000	      0.0000	      0.0000
      0.0000	      0.0000	      0.0000	      0.0000
      0.0000	      0.0000	      0.0000	      0.0000
      0.0000	      0.0000	      0.0000	      0.0000
      0.0000	      0.0000	      0.0000	      0.0000
      0.0000	      0.0000	      0.0000	      0.0000
      0.0000	      0.0000	      0.0000	      0.0000
      0.0000	      0.0000	      0.0000	      0.0000
      0.0000	      0.0000	      0.0000	      0.0000
      0.0000	      0.0000	      0.0000	      0.0000
      0.0000	      0.0000	      0.0000	      0.0000
      0.0000	      0.0000	      0.0000	      0.0000
      0.0000	      0.0000	      0.0000	      0.0000
      0.0000	      0.0000	      0.0000	      0.0000
      0.0000	      0.0000	      0.0000	      0.0000
      0.0000	      0.0000	      0.0000	      0.0000
      0.0000	      0.0000	      0.0000	      0.0000
      0.0000	      0.0000	      0.0000	      0.0000
      0.0000	      0.0000	      0.0000	      0.0000
      0.0000	      0.0000	      0.0000	      0.0000
      0.0000	      0.0000	      0.0000	      0.0000
      0.0000	      0.0000	      0.0000	      0.0000
      0.0000	      0.0000	      0.0000	      0.0000
      0.0000	      0.0000	      0.0000	      0.0000
      0.0000	      0.0000	      0.0000	      0.0000
      0.0000	      0.0000	      0.0000	      0.0000
      0.0000	      0.0000	      0.0000	      0.0000
      0.0000	      0.0000	      0.0000	      0.0000
      0.0000	      0.0000	      0.0000	      0.0000
      0.0000	      0.0000	      0.0000	      0.0000
      0.0000	      0.0000	      0.0000	      0.0000
      0.0000	      0.0000	      0.0000	      0.0000
      0.0000	      0.0000	      0.0000	      0.0000
      0.0000	      0.0000	      0.0000	      0.0000
     -0.4822	      0.0000	      0.0000	      0.0000
      0.0000	      0.0000	      0.0000	      0.0000
      0.0000	      0.0000	      0.0000	      0.0000
      0.0000	      0.0000	      0.0000	      0.0000
      0.0000	      0.0000	      0.0000	      0.0000
      0.0000	      0.0000	      0.0000	      0.0000
      0.0000	      0.0000	      0.0000	      0.0000
      0.0000	      0.0000	      0.0000	      0.0000
      0.0000	      0.0000	      0.0000	      0.0000
      0.0000	      0.0000	      0.0000	      0.0000
      0.0000	      0.0000	      0.0000	      0.0000
      0.0000	      0.0000	      0.0000	      0.0000
      0.0000	      0.0000	      0.0000	      0.0000
      0.0000	      0.0000	      0.0000	      0.0000
      0.0000	      0.0000	      0.0000	      0.0000
      0.0000	      0.0000	      0.0000	      0.0000
      0.0000	      0.0000	      0.0000	      0.0000
      0.0000	      0.0000	      0.0000	      0.0000
      0.0000	      0.0000	      0.0000	      0.0000
      0.0000	      0.0000	      0.0000	      0.0000
      0.0000	      0.0000	      0.0000	      0.0000
      0.0000	      0.0000	      0.0000	      0.0000
      0.0000	      0.0000	      0.0000	      0.0000
      0.0000	      0.0000	      0.0000	      0.0000
     -0.7850	      0.0000	      0.0000	      0.0000
      0.0000	      0.0000	      0.0000	      0.0000
      0.0000	      0.0000	      0.0000	      0.0000
      1.2656	      0.0000	      0.0000	      0.0000
      0.0000	      0.0000	      0.0000	      0.0000
      0.0000	      0.0000	      0.0000	      0.0000
      0.0000	      0.0000	      0.0000	      0.0000
      0.0000	      0.0000	      0.0000	      0.0000
      0.0000	      0.0000	      0.0000	      0.0000
     -0.9192	      1.7187	      0.0000	      0.0000
      0.0000	      0.0000	      0.0000	      0.0000
      0.0000	      0.0000	      0.0000	      0.0000
      0.0000	      0.0000	      0.0000	      0.0000
      0.0000	      0.0000	      0.0000	      0.0000
      0.0000	      0.0000	      0.0000	      0.0000
      0.0000	      0.0000	      0.0000	      0.0000
      0.0000	      0.0000	      0.0000	      0.0000
      0.0000	      0.0000	      0.0000	      0.0000
      0.0000	      0.0000	      0.0000	      0.0000
      0.0000	      0.0000	      0.0000	      0.0000
      0.0000	      0.0000	      0.0000	      0.0000
      0.0000	      0.0000	      0.0000	      0.0000
      0.0000	      0.0000	      0.0000	      0.0000
      0.0000	      0.0000	      0.0000	      0.0000
      0.0000	      0.0000	      0.0000	      0.0000
      0.0000	      0.0000	      0.0000	      0.0000
     -2.6031	      0.0000	      0.0000	      0.0000
      0.0000	      0.0000	      0.0000	      0.0000
      0.0000	      0.0000	      0.0000	      0.0000
      0.0000	      0.0000	      0.0000	      0.0000
      0.0000	      0.0000	      0.0000	      0.0000
      0.0000	      0.0000	      0.0000	      0.0000
      0.0000	      0.0000	      0.0000	      0.0000
      0.0000	      0.0000	      0.0000	      0.0000
      0.0000	      0.0000	      0.0000	      0.0000
      0.0000	      0.0000	      0.0000	      0.0000
      0.0000	      0.0000	      0.0000	      0.0000
      0.0000	      0.0000	      0.0000	      0.0000
      0.0000	      0.0000	      0.0000	      0.0000
      0.0000	      0.0000	      0.0000	      0.0000
      0.0000	      0.0000	      0.0000	      0.0000
      0.0000	      0.0000	      0.0000	      0.0000
      0.0000	      0.0000	      0.0000	      0.0000
      0.0000	      0.0000	      0.0000	      0.0000
      0.0000	      0.0000	      0.0000	      0.0000
      0.0000	      0.0000	      0.0000	      0.0000
      0.0000	      0.0000	      0.0000	      0.0000
      0.0000	      0.0000	      0.0000	      0.0000
      0.0000	      0.0000	      0.0000	      0.0000
      0.0000	      0.0000	      0.0000	      0.0000
      0.0000	      0.0000	      0.0000	      0.0000
      0.0000	      0.0000	      0.0000	      0.0000
      0.0000	      0.0000	      0.0000	      0.0000
      0.0000	      0.0000	      0.0000	      0.0000
      0.0000	      0.0000	      0.0000	      0.0000
      0.0000	      0.0000	      0.0000	      0.0000
      0.0000	      0.0000	      0.0000	      0.0000
      0.0000	      0.0000	      0.0000	      0.0000
      0.0000	      0.0000	      0.0000	      0.0000
      0.0000	      0.0000	      0.0000	      0.0000
      0.0000	      0.0000	      0.0000	      0.0000
      0.0000	      0.0000	      0.0000	      0.0000
      0.0000	      0.0000	      0.0000	      0.0000
      0.0000	      0.0000	      0.0000	      0.0000
      0.0000	      0.0000	      0.0000	      0.0000
      0.0000	      0.0000	      0.0000	      0.0000
      0.0000	      0.0000	      0.0000	      0.0000
      0.0000	      0.0000	      0.0000	      0.0000
      0.0000	      0.0000	      0.0000	      0.0000
      0.0000	      0.0000	      0.0000	      0.0000
      0.0000	      0.0000	      0.0000	      0.0000
      0.0000	      0.0000	      0.0000	      0.0000
      0.0000	      0.0000	      0.0000	      0.0000
      0.0000	      0.0000	      0.0000	      0.0000
      0.0000	      0.0000	      0.0000	      0.0000
    -18.2683	      0.0000	      0.0000	      0.0000
      0.0000	      0.0000	      0.0000	      0.0000
      0.0000	      0.0000	      0.0000	      0.0000
      0.0000	      0.0000	      0.0000	      0.0000
      0.0000	      0.0000	      0.0000	      0.0000
      0.0000	      0.0000	      0.0000	      0.0000
      0.0000	      0.0000	      0.0000	      0.0000
      0.0000	      0.0000	      0.0000	      0.0000
      0.0000	      0.0000	      0.0000	      0.0000
      0.0000	      0.0000	      0.0000	      0.0000
      0.0000	      0.0000	      0.0000	      0.0000
      0.0000	      0.0000	      0.0000	      0.0000
      0.0000	      0.0000	      0.0000	      0.0000
      0.0000	      0.0000	      0.0000	      0.0000
      0.0000	      0.0000	      0.0000	      0.0000
      0.0000	      0.0000	      0.0000	      0.0000
      0.0000	      0.0000	      0.0000	      0.0000
      0.0000	      0.0000	      0.0000	      0.0000
      0.0000	      0.0000	      0.0000	      0.0000
      0.0000	      0.0000	      0.0000	      0.0000
      0.0000	      0.0000	      0.0000	      0.0000
      0.0000	      0.0000	      0.0000	      0.0000
      0.0000	      0.0000	      0.0000	      0.0000
      0.0000	      0.0000	      0.0000	      0.0000
      0.0000	      0.0000	      0.0000	      0.0000
      0.0000	      0.0000	      0.0000	      0.0000
      0.0000	      0.0000	      0.0000	      0.0000
      0.0000	      0.0000	      0.0000	      0.0000
      0.0000	      0.0000	      0.0000	      0.0000
      0.0000	      0.0000	      0.0000	      0.0000
      0.0000	      0.0000	      0.0000	      0.0000
      0.0000	      0.0000	      0.0000	      0.0000
      0.0000	      0.0000	      0.0000	      0.0000
      0.0000	      0.0000	      0.0000	      0.0000
      0.0000	      0.0000	      0.0000	      0.0000
      0.0000	      0.0000	      0.0000	      0.0000
      0.0000	      0.0000	      0.0000	      0.0000
      0.0000	      0.0000	      0.0000	      0.0000
      0.0000	      0.0000	      0.0000	      0.0000
      0.0000	      0.0000	      0.0000	      0.0000
      0.0000	      0.0000	      0.0000	      0.0000
      0.0000	      0.0000	      0.0000	      0.0000
      0.0000	      0.0000	      0.0000	      0.0000
      0.0000	      0.0000	      0.0000	      0.0000
      0.0000	      0.0000	      0.0000	      0.0000
      0.0000	      0.0000	      0.0000	      0.0000
      0.0000	      0.0000	      0.0000	      0.0000
      0.0000	      0.0000	      0.0000	      0.0000
      0.0000	      0.0000	      0.0000	      0.0000
      0.0000	      0.0000	      0.0000	      0.0000
      0.0000	      0.0000	      0.0000	      0.0000
      0.0000	      0.0000	      0.0000	      0.0000
      0.0000	      0.0000	      0.0000	      0.0000
      0.0000	      0.0000	      0.0000	      0.0000
      0.0000	      0.0000	      0.0000	      0.0000
      0.0000	      0.0000	      0.0000	      0.0000
      0.0000	      0.0000	      0.0000	      0.0000
      0.0000	      0.0000	      0.0000	      0.0000
      0.0000	      0.0000	      0.0000	      0.0000
      0.0000	      0.0000	      0.0000	      0.0000
      0.0000	      0.0000	      0.0000	      0.0000
      0.0000	      0.0000	      0.0000	      0.0000
      0.0000	      0.0000	      0.0000	      0.0000
      0.0000	      0.0000	      0.0000	      0.0000
      0.0000	      0.0000	      0.0000	      0.0000
      0.0000	      0.0000	      0.0000	      0.0000
      0.0000	      0.0000	      0.0000	      0.0000
      0.0000	      0.0000	      0.0000	      0.0000
      0.0000	      0.0000	      0.0000	      0.0000
      0.0000	      0.0000	      0.0000	      0.0000
      0.0000	      0.0000	      0.0000	      0.0000
      0.0000	      0.0000	      0.0000	      0.0000
      0.0000	      0.0000	      0.0000	      0.0000
      0.0000	      0.0000	      0.0000	      0.0000
      0.0000	      0.0000	      0.0000	      0.0000
      0.0000	      0.0000	      0.0000	      0.0000
      0.0000	      6.2558	      0.0000	      0.0000
      0.0000	      0.0000	      0.0000	      0.0000
    -17.1052	      0.0000	      0.0000	      0.0000
     -2.0081	      0.0000	      0.0000	      0.0000
      0.0000	      0.0000	      0.0000	      0.0000
      0.0000	      0.0000	      0.0000	      0.0000
      0.0000	      0.0000	      0.0000	      0.0000
      0.0000	      0.0000	      0.0000	      0.0000
      0.0000	      0.0000	      0.0000	      0.0000
      0.0000	      0.0000	      0.0000	      0.0000
      0.0000	      0.0000	      0.0000	      0.0000
      0.0000	      0.0000	      0.0000	      0.0000
      0.0000	      0.0000	      0.0000	      0.0000
      0.0000	      0.0000	      0.0000	      0.0000
      0.0000	      0.0000	      0.0000	      0.0000
      0.0000	      0.0000	      0.0000	      0.0000
      0.0000	      0.0000	      0.0000	      0.0000
      0.0000	      0.0000	      0.0000	      0.0000
      0.0000	      0.0000	      0.0000	      0.0000
      0.0000	      0.0000	      0.0000	      0.0000
      0.0000	      0.0000	      0.0000	      0.0000
      0.0000	      0.0000	      0.0000	      0.0000
      0.0000	      0.0000	      0.0000	      0.0000
      0.0000	      0.0000	      0.0000	      0.0000
    -19.1052	      0.0000	      0.0000	      0.0000
    -18.4926	      0.0000	      0.0000	      0.0000
      0.0000	      0.0000	      0.0000	      0.0000
      0.0000	      0.0000	      0.0000	      0.0000
      2.0928	      0.0000	      0.0000	      0.0000
      0.0000	      0.0000	      0.0000	      0.0000
     -0.7528	      0.0000	      0.0000	      0.0000
      0.0000	      0.0000	      0.0000	      0.0000
      0.0000	      0.0000	      0.0000	      0.0000
      0.0000	      0.0000	      0.0000	    -19.9929
      0.0000	      0.0000	      0.0000	      0.0000
      0.0000	      0.0000	      0.0000	      0.0000
      0.0000	      0.0000	      0.0000	      0.0000
      0.0000	      0.0000	      0.0000	      0.0000
      0.0000	      0.0000	      0.0000	      0.0000
      0.0000	      0.0000	      0.0000	      0.0000
      0.0000	      0.0000	      0.0000	      0.0000
      0.0000	      0.0000	      0.0000	      0.0000
      0.0000	      0.0000	      0.0000	      0.0000
      0.0000	      0.0000	      0.0000	      0.0000
      0.0000	      0.0000	      0.0000	      0.0000
      0.0000	      0.0000	      0.0000	      0.0000
      0.0000	      0.0000	      0.0000	      0.0000
      0.0000	      0.0000	      0.0000	      0.0000
      0.0000	      0.0000	      0.0000	      0.0000
      0.2637	     -2.0505	     -7.4434	     -3.8414
     -1.9153	     -3.8969	     -6.4155	     -3.0773
     -0.2216	      0.0000	      0.0000	      0.0000
     22.8900	      0.0000	      0.0000	      0.0000
      1.7014	     -1.7950	     -4.2731	     -1.1139
      0.4476	      0.0000	      0.0000	      0.0000
      0.0000	      0.0000	      0.0000	      0.0000
      0.0000	      0.0000	      0.0000	      0.0000
      0.0000	      0.0000	      0.0000	      0.0000
      0.2377	      0.0000	      0.0000	      0.0000
      0.0000	      0.0000	      0.0000	      0.0000
      0.0000	      0.0000	      0.0000	      0.0000
      0.0000	      0.0000	      0.0000	      0.0000
      0.0000	      0.0000	      0.0000	      0.0000
      0.0000	      0.0000	      0.0000	      0.0000
      0.0000	      0.0000	      0.0000	      0.0000
      0.0000	      0.0000	      0.0000	      0.0000
      0.0000	      0.0000	      0.0000	      0.0000
      0.0000	      0.0000	      0.0000	      0.0000
      0.0000	      0.0000	      0.0000	      0.0000
      0.0000	      0.0000	      0.0000	      0.0000
      0.0000	      0.0000	      0.0000	      0.0000
      0.0000	      0.0000	      0.0000	      0.0000
      0.0000	      0.0000	      0.0000	      0.0000
      0.0000	      0.0000	      0.0000	      0.0000
    -10.8053	     -1.4910	    -14.9834	    -10.3714
     15.3453	      6.2144	    -23.3777	      0.8867
     -2.4967	      0.0000	      0.0000	      0.0000
     -1.1768	     12.1184	    -13.5404	      0.9634
    -12.2402	     -4.3066	    -20.7423	     -6.3723
     -7.9450	     -8.4175	    -19.1153	    -11.9306
     -5.0784	     -5.5917	     -6.9499	     -6.2891
      0.0000	      0.0000	      0.0000	      0.0000
      0.0000	      0.0000	      0.0000	      0.0000
     -3.2448	     -2.4062	     -5.8931	     -4.6065
      0.0000	      0.0000	      0.0000	      0.0000
      0.0000	      0.0000	      0.0000	      0.0000
      0.0000	      0.0000	      0.0000	      0.0000
      0.0000	      0.0000	      0.0000	      0.0000
      0.0000	      0.0000	      0.0000	      0.0000
      0.0000	      0.0000	      0.0000	      0.0000
      0.0000	      0.0000	      0.0000	      0.0000
      0.0000	      0.0000	      0.0000	      0.0000
      0.0000	      0.0000	      0.0000	      0.0000
      0.0000	      0.0000	      0.0000	      0.0000
      0.0000	      0.0000	      0.0000	      0.0000
      0.0000	      0.0000	      0.0000	      0.0000
      0.0000	      0.0000	      0.0000	      0.0000
      0.0000	      0.0000	      0.0000	      0.0000
      0.0000	      0.0000	      0.0000	      0.0000
     -0.7067	     -0.3922	     -8.3727	     -0.7923
     -2.8989	      5.2809	      0.0000	      0.0000
      0.0000	      0.0000	      0.0000	      0.0000
     -3.3669	      3.3873	     -7.2912	     -3.7420
     -4.8473	     -3.7143	     -8.7332	     -6.4010
     -0.3994	     -0.0114	     -1.7031	      0.0000
     -0.9116	     -0.1024	      0.0000	      0.0000
      0.0000	      0.0000	      0.0000	      0.0000
      0.0000	      0.0000	      0.0000	      0.0000
     -2.1701	     -1.3150	      0.0000	      0.0000
      0.0000	      0.0000	      0.0000	      0.0000
      0.0000	      0.0000	      0.0000	      0.0000
      0.0000	      0.0000	      0.0000	      0.0000
      0.0000	      0.0000	      0.0000	      0.0000
      0.0000	      0.0000	      0.0000	      0.0000
      0.0000	      0.0000	      0.0000	      0.0000
      0.0000	      0.0000	      0.0000	      0.0000
      0.0000	      0.0000	      0.0000	      0.0000
      0.0000	      0.0000	      0.0000	      0.0000
      0.0000	      0.0000	      0.0000	      0.0000
      0.0000	      0.0000	      0.0000	      0.0000
      0.0000	      0.0000	      0.0000	      0.0000
      0.0000	      0.0000	      0.0000	      0.0000
      0.0000	      0.0000	      0.0000	      0.0000
      0.0000	      0.0000	      0.0000	      0.0000
      0.0000	      0.0000	      0.0000	      0.0000
      0.0000	      0.0000	      0.0000	      0.0000
      0.0000	      0.0000	      0.0000	      0.0000
      0.0000	      0.0000	      0.0000	      0.0000
      0.0000	      0.0000	      0.0000	      0.0000
      0.0000	      0.0000	      0.0000	      0.0000
      0.0000	      0.0000	      0.0000	      0.0000
      0.0000	      0.0000	      0.0000	      0.0000
      0.0000	      0.0000	      0.0000	      0.0000
      0.0000	      0.0000	      0.0000	      0.0000
      0.0000	      0.0000	      0.0000	      0.0000
      0.0000	      0.0000	      0.0000	      0.0000
      0.0000	      0.0000	      0.0000	      0.0000
      0.0000	      0.0000	      0.0000	      0.0000
      0.0000	      0.0000	      0.0000	      0.0000
      0.0000	      0.0000	      0.0000	      0.0000
      0.0000	      0.0000	      0.0000	      0.0000
      0.0000	      0.0000	      0.0000	      0.0000
      0.0000	      0.0000	      0.0000	      0.0000
      0.0000	      0.0000	      0.0000	      0.0000
      0.0000	      0.0000	      0.0000	      0.0000
      0.0000	      0.0000	      0.0000	      0.0000
      0.0000	      0.0000	      0.0000	      0.0000
      0.0000	      0.0000	      0.0000	      0.0000
      0.0000	      0.0000	      0.0000	      0.0000
      0.0000	      0.0000	      0.0000	      0.0000
      0.0000	    -14.7363	      0.0000	      0.0000
      0.0000	      0.0000	      0.0000	      0.0000
      0.0000	      0.0000	      0.0000	      0.0000
      0.0000	      0.0000	      0.0000	      0.0000
      0.0000	      0.0000	      0.0000	      0.0000
      0.0000	      0.0000	      0.0000	      0.0000
      0.0000	      0.0000	      0.0000	      0.0000
      0.0000	      0.0000	      0.0000	      0.0000
      0.0000	      0.0000	      0.0000	      0.0000
      0.0000	      0.0000	      0.0000	      0.0000
      0.0000	      0.0000	      0.0000	      0.0000
      0.0000	      0.0000	      0.0000	      0.0000
      0.0000	      0.0000	      0.0000	      0.0000
      0.0000	      0.0000	      0.0000	      0.0000
      0.0000	      0.0000	      0.0000	      0.0000
      0.0000	      0.0000	      0.0000	      0.0000
      0.0000	      0.0000	      0.0000	      0.0000
      0.0000	      0.0000	      0.0000	      0.0000
      0.0000	      0.0000	      0.0000	      0.0000
      0.0000	      0.0000	      0.0000	      0.0000
      0.0000	      0.0000	      0.0000	      0.0000
      0.0000	      0.0000	      0.0000	      0.0000
      0.0000	      0.0000	      0.0000	      0.0000
      0.0000	      0.0000	      0.0000	      0.0000
      0.0000	      0.0000	      0.0000	      0.0000
      0.0000	      0.0000	      0.0000	      0.0000
      0.0000	      0.0000	      0.0000	      0.0000
      0.0000	      0.0000	      0.0000	      0.0000
      0.0000	      0.0000	      0.0000	      0.0000
      0.0000	      0.0000	      0.0000	      0.0000
      0.0000	      0.0000	      0.0000	      0.0000
      0.0000	      0.0000	      0.0000	      0.0000
      0.0000	      0.0000	      0.0000	      0.0000
      0.0000	      0.0000	      0.0000	      0.0000
      0.0000	      0.0000	      0.0000	      0.0000
      0.0000	      0.0000	      0.0000	      0.0000
      0.0000	      0.0000	      0.0000	      0.0000
      0.0000	      0.0000	      0.0000	      0.0000
      0.0000	      0.0000	      0.0000	      0.0000
      0.0000	      0.0000	      0.0000	      0.0000
      0.0000	      0.0000	      0.0000	      0.0000
      0.0000	      0.0000	      0.0000	      0.0000
      0.0000	      0.0000	      0.0000	      0.0000
      0.0000	      0.0000	      0.0000	      0.0000
      0.0000	      0.0000	      0.0000	      0.0000
      0.0000	      0.0000	      0.0000	      0.0000
      0.0000	      0.0000	      0.0000	      0.0000
      0.0000	      0.0000	      0.0000	      0.0000
      0.0000	      0.0000	      0.0000	      0.0000
      0.0000	      0.0000	      0.0000	      0.0000
      0.0000	      0.0000	      0.0000	      0.0000
    -19.7454	      2.7350	      0.0000	      0.0000
      0.0000	      0.0000	      0.0000	      0.0000
      0.0000	      0.0000	      0.0000	      0.0000
      0.0000	      0.0000	      0.0000	      0.0000
      0.0000	      0.0000	      0.0000	      0.0000
      0.0000	      0.0000	      0.0000	      0.0000
      0.0000	      0.0000	      0.0000	      0.0000
      0.0000	      0.0000	      0.0000	      0.0000
      0.0000	      0.0000	      0.0000	      0.0000
      0.0000	      0.0000	      0.0000	      0.0000
      0.0000	      0.0000	      0.0000	      0.0000
      0.0000	      0.0000	      0.0000	      0.0000
      0.0000	      0.0000	      0.0000	      0.0000
      0.0000	      0.0000	      0.0000	      0.0000
      0.0000	      0.0000	      0.0000	      0.0000
      0.0000	      0.0000	      0.0000	      0.0000
      0.0000	      0.0000	      0.0000	      0.0000
      0.0000	      0.0000	      0.0000	      0.0000
      0.0000	      0.0000	      0.0000	      0.0000
      0.0000	      0.0000	      0.0000	      0.0000
      0.0000	      0.0000	      0.0000	      0.0000
      0.0000	      0.0000	      0.0000	      0.0000
      0.0000	      0.0000	      0.0000	      0.0000
    -18.6170	      6.9891	      0.0000	      0.0000
    -20.9916	    -28.8461	      7.6356	     -9.8831
     42.4239	      0.0000	      0.0000	      0.0000
    -19.4121	     23.9006	      0.0000	      0.0000
      9.6995	      0.0000	      0.0000	      0.0000
      0.0000	      0.0000	      0.0000	      0.0000
      0.0000	      0.0000	      0.0000	      0.0000
      0.0000	      0.0000	      0.0000	      0.0000
      0.0000	      0.0000	      0.0000	      0.0000
      0.0000	      0.0000	      0.0000	      0.0000
      0.0000	      0.0000	      0.0000	      0.0000
      0.0000	      0.0000	      0.0000	      0.0000
      0.0000	      0.0000	      0.0000	      0.0000
      0.0000	      0.0000	      0.0000	      0.0000
      0.0000	      0.0000	      0.0000	      0.0000
      0.0000	      0.0000	      0.0000	      0.0000
      0.0000	      0.0000	      0.0000	      0.0000
      0.0000	      0.0000	      0.0000	      0.0000
      0.0000	      0.0000	      0.0000	      0.0000
      0.0000	      0.0000	      0.0000	      0.0000
      0.0000	      0.0000	      0.0000	      0.0000
      0.0000	      0.0000	      0.0000	      0.0000
      0.0000	      0.0000	      0.0000	      0.0000
      0.0000	      0.0000	      0.0000	      0.0000
      0.0000	      0.0000	      0.0000	      0.0000
      0.0000	      0.0000	      0.0000	      0.0000
      0.0000	      0.0000	      0.0000	      0.0000
    -19.7101	      7.9717	      0.0000	      0.0000
      0.0000	      0.0000	      0.0000	      0.0000
      0.0000	      0.0000	      0.0000	      0.0000
      0.0000	      0.0000	      0.0000	      0.0000
      0.0000	      0.0000	      0.0000	      0.0000
      0.0000	      0.0000	      0.0000	      0.0000
      0.0000	      0.0000	      0.0000	      0.0000
    -19.8489	      0.0000	      0.0000	      0.0000
      0.0000	      0.0000	      0.0000	      0.0000
      0.0000	      0.0000	      0.0000	      0.0000
      0.0000	      0.0000	      0.0000	      0.0000
      0.0000	      0.0000	      0.0000	      0.0000
      0.0000	      0.0000	      0.0000	      0.0000
      0.0000	      0.0000	      0.0000	      0.0000
      0.0000	      0.0000	      0.0000	      0.0000
      0.0000	      0.0000	      0.0000	      0.0000
      0.0000	      0.0000	      0.0000	      0.0000
      0.0000	      0.0000	      0.0000	      0.0000
      0.0000	      0.0000	      0.0000	      0.0000
      0.0000	      0.0000	      0.0000	      0.0000
      0.0000	      0.0000	      0.0000	      0.0000
      0.0000	      0.0000	      0.0000	      0.0000
      0.0000	      0.0000	      0.0000	      0.0000
     -6.5240	     -6.0127	     -6.8759	     11.5969
     -2.1482	     -1.1081	     -4.5697	      8.0818
     -1.4904	     -0.3689	     -4.0640	     16.9799
     13.3148	     10.5307	     -6.4202	     32.7887
      0.9307	      0.6187	     -6.4958	      0.0000
     -0.0720	    -11.1886	     -8.4799	     -1.0335
      0.0000	      0.0000	      0.0000	      0.0000
      0.0000	      0.0000	      0.0000	      0.0000
      0.0713	      0.0000	      0.0000	      0.0000
      0.2301	     -0.3678	      0.0000	      0.0000
      0.0000	      0.0000	      0.0000	      0.0000
      0.0000	      0.0000	      0.0000	      0.0000
      0.0000	      0.0000	      0.0000	      0.0000
      0.0000	      0.0000	      0.0000	      0.0000
      0.0000	      0.0000	      0.0000	      0.0000
      0.0000	      0.0000	      0.0000	      0.0000
      0.0000	      0.0000	      0.0000	      0.0000
      0.0000	      0.0000	      0.0000	      0.0000
      0.0000	      0.0000	      0.0000	      0.0000
      0.0000	      0.0000	      0.0000	      0.0000
      0.0000	      0.0000	      0.0000	      0.0000
      0.0000	      0.0000	      0.0000	      0.0000
      0.0000	      0.0000	      0.0000	      0.0000
      0.0000	      0.0000	      0.0000	      0.0000
      0.0000	      0.0000	      0.0000	      0.0000
     33.6987	     -3.7592	    -31.1306	    -26.0379
     18.0961	     10.4289	    -23.6516	     10.6151
     45.7164	     24.9351	     -6.0381	     30.3230
     38.9849	     19.6701	    -19.0234	     12.3681
     50.3450	      7.4731	    -37.1013	      6.4240
    -31.3111	    -24.4808	    -26.0765	    -33.2832
     -0.2242	     -4.2299	     -7.5993	      0.0000
      0.0000	      0.0000	      0.0000	      0.0000
      3.9062	     -5.0999	    -16.0235	     -2.0479
      6.7624	      1.3330	    -36.3475	      1.5075
      0.0000	      0.0000	      0.0000	      0.0000
      0.0000	      0.0000	      0.0000	      0.0000
      0.0000	      0.0000	      0.0000	      0.0000
      0.0000	      0.0000	      0.0000	      0.0000
      0.0000	      0.0000	      0.0000	      0.0000
      0.0000	      0.0000	      0.0000	      0.0000
      0.0000	      0.0000	      0.0000	      0.0000
      0.0000	      0.0000	      0.0000	      0.0000
      0.0000	      0.0000	      0.0000	      0.0000
      0.0000	      0.0000	      0.0000	      0.0000
      0.0000	      0.0000	      0.0000	      0.0000
      0.0000	      0.0000	      0.0000	      0.0000
      0.0000	      0.0000	      0.0000	      0.0000
      0.0000	      0.0000	      0.0000	      0.0000
      0.0000	      0.0000	      0.0000	      0.0000
      1.3422	      0.0000	      0.0000	      0.0000
     28.1164	      4.2032	     -4.9709	      2.0888
     -2.7293	     36.6113	     -3.9841	      5.6550
     -0.2555	     22.2360	     -4.4061	     -1.0678
     -4.2562	      0.1247	     -6.5471	     -4.2657
      2.6991	     -1.9333	      0.0000	      0.0000
      2.3973	      0.0000	      0.0000	      0.0000
      0.0000	      0.0000	      0.0000	      0.0000
     -1.2835	     -1.3504	      0.0000	      0.0000
     -1.2843	      4.2411	     -7.8406	     -0.5829
      0.0000	      0.0000	      0.0000	      0.0000
      0.0000	      0.0000	      0.0000	      0.0000
      0.0000	      0.0000	      0.0000	      0.0000
      0.0000	      0.0000	      0.0000	      0.0000
      0.0000	      0.0000	      0.0000	      0.0000
      0.0000	      0.0000	      0.0000	      0.0000
      0.0000	      0.0000	      0.0000	      0.0000
      0.0000	      0.0000	      0.0000	      0.0000
      0.0000	      0.0000	      0.0000	      0.0000
      0.0000	      0.0000	      0.0000	      0.0000
      0.0000	      0.0000	      0.0000	      0.0000
      0.0000	      0.0000	      0.0000	      0.0000
      0.0000	      0.0000	      0.0000	      0.0000
      0.0000	      0.0000	      0.0000	      0.0000
      0.0000	      0.0000	      0.0000	      0.0000
      0.0000	      0.0000	      0.0000	      0.0000
      0.0000	      0.0000	      0.0000	      0.0000
      0.0000	      0.0000	      0.0000	      0.0000
      0.0000	      0.0000	      0.0000	      0.0000
      0.0000	      0.0000	      0.0000	      0.0000
      0.0000	      0.0000	      0.0000	      0.0000
      0.0000	      0.0000	      0.0000	      0.0000
      0.0000	      0.0000	      0.0000	      0.0000
      0.0000	      0.0000	      0.0000	      0.0000
      0.0000	      0.0000	      0.0000	      0.0000
      0.0000	      0.0000	      0.0000	      0.0000
      0.0000	      0.0000	      0.0000	      0.0000
      0.0000	      0.0000	      0.0000	      0.0000
      0.0000	      0.0000	      0.0000	      0.0000
      0.0000	      0.0000	      0.0000	      0.0000
      0.0000	      0.0000	      0.0000	      0.0000
      0.0000	      0.0000	      0.0000	      0.0000
      0.0000	      0.0000	      0.0000	      0.0000
      0.0000	      0.0000	      0.0000	      0.0000
      0.0000	      0.0000	      0.0000	      0.0000
      0.0000	      0.0000	      0.0000	      0.0000
      0.0000	      0.0000	      0.0000	      0.0000
      0.0000	      0.0000	      0.0000	      0.0000
      0.0000	      0.0000	      0.0000	      0.0000
      0.0000	      0.0000	      0.0000	      0.0000
      0.0000	      0.0000	      0.0000	      0.0000
      0.0000	      0.0000	      0.0000	      0.0000
      0.0000	      0.0000	      0.0000	      0.0000
      0.0000	      0.0000	      0.0000	      0.0000
      0.0000	      0.0000	      0.0000	      0.0000
      0.0000	      0.0000	      0.0000	      0.0000
      0.0000	      0.0000	      0.0000	      0.0000
      0.0000	      0.0000	      0.0000	      0.0000
      0.0000	      0.0000	      0.0000	      0.0000
      0.0000	      0.0000	      0.0000	      0.0000
      0.0000	      0.0000	      0.0000	      0.0000
      0.0000	      0.0000	      0.0000	      0.0000
      0.0000	      0.0000	      0.0000	      0.0000
      0.0000	      0.0000	      0.0000	      0.0000
      0.0000	      0.0000	      0.0000	      0.0000
      0.0000	      0.0000	      0.0000	      0.0000
      0.0000	      0.0000	      0.0000	      0.0000
      0.0000	      0.0000	      0.0000	      0.0000
      0.0000	      0.0000	      0.0000	      0.0000
      0.0000	      0.0000	      0.0000	      0.0000
      0.0000	      0.0000	      0.0000	      0.0000
      0.0000	      0.0000	      0.0000	      0.0000
      0.0000	      0.0000	      0.0000	      0.0000
      0.0000	      0.0000	      0.0000	      0.0000
      0.0000	      0.0000	      0.0000	      0.0000
      0.0000	      0.0000	      0.0000	      0.0000
      0.0000	      0.0000	      0.0000	      0.0000
      0.0000	      0.0000	      0.0000	      0.0000
      0.0000	      0.0000	      0.0000	      0.0000
      0.0000	      0.0000	      0.0000	      0.0000
      0.0000	      0.0000	      0.0000	      0.0000
      0.0000	      0.0000	      0.0000	      0.0000
      0.0000	      0.0000	      0.0000	      0.0000
      0.0000	      0.0000	      0.0000	      0.0000
      0.0000	      0.0000	      0.0000	      0.0000
      0.0000	      0.0000	      0.0000	      0.0000
      0.0000	      0.0000	      0.0000	      0.0000
      0.0000	      0.0000	      0.0000	      0.0000
      0.0000	      0.0000	      0.0000	      0.0000
      0.0000	      0.0000	      0.0000	      0.0000
      0.0000	      0.0000	      0.0000	      0.0000
      0.0000	      0.0000	      0.0000	      0.0000
      0.0000	      0.0000	      0.0000	      0.0000
      0.0000	      0.0000	      0.0000	      0.0000
      0.0000	      0.0000	      0.0000	      0.0000
      0.0000	      0.0000	      0.0000	      0.0000
      0.0000	      0.0000	      0.0000	      0.0000
      0.0000	      0.0000	      0.0000	      0.0000
      0.0000	      0.0000	      0.0000	      0.0000
      0.0000	      0.0000	      0.0000	      0.0000
     -0.5875	      0.0000	      0.0000	      0.0000
     -0.7576	     -1.8611	      0.0000	      0.0000
      0.0000	      0.0000	      0.0000	      0.0000
     -0.4697	      0.0000	      0.0000	      0.0000
      0.6832	      0.0000	      0.0000	      0.0000
     -0.2893	      0.0000	      0.0000	      0.0000
      0.0000	      0.0000	      0.0000	      0.0000
      0.0000	      0.0000	      0.0000	      0.0000
      0.0000	      0.0000	      0.0000	      0.0000
      0.0000	      0.0000	      0.0000	      0.0000
      0.0000	      0.0000	      0.0000	      0.0000
      0.0000	      0.0000	      0.0000	      0.0000
      0.0000	      0.0000	      0.0000	      0.0000
      0.0000	      0.0000	      0.0000	      0.0000
      0.0000	      0.0000	      0.0000	      0.0000
      0.0000	      0.0000	      0.0000	      0.0000
      0.0000	      0.0000	      0.0000	      0.0000
      0.0000	      0.0000	      0.0000	      0.0000
      0.0000	      0.0000	      0.0000	      0.0000
      0.0000	      0.0000	      0.0000	      0.0000
      0.0000	      0.0000	      0.0000	      0.0000
      0.0000	      0.0000	      0.0000	      0.0000
      0.0000	      0.0000	      0.0000	      0.0000
      0.0000	      0.0000	      0.0000	      0.0000
      0.0000	      0.0000	      0.0000	      0.0000
      0.0000	      0.0000	      0.0000	      0.0000
      0.0000	      0.0000	      0.0000	      0.0000
      0.0000	      0.0000	      0.0000	      0.0000
      0.2970	      0.0000	      0.0000	      0.0000
     11.9474	      0.0000	      0.0000	      0.0000
      0.0000	      0.0000	      0.0000	      0.0000
      0.0000	      0.0000	      0.0000	      0.0000
      0.0000	      0.0000	      0.0000	      0.0000
      0.0000	      0.0000	      0.0000	      0.0000
      0.0000	      0.0000	      0.0000	      0.0000
      0.0000	      0.0000	      0.0000	      0.0000
      0.0000	      0.0000	      0.0000	      0.0000
      0.0000	      0.0000	      0.0000	      0.0000
      0.0000	      0.0000	      0.0000	      0.0000
      0.0000	      0.0000	      0.0000	      0.0000
      0.0000	      0.0000	      0.0000	      0.0000
      0.0000	      0.0000	      0.0000	      0.0000
      0.0000	      0.0000	      0.0000	      0.0000
      0.0000	      0.0000	      0.0000	      0.0000
      0.0000	      0.0000	      0.0000	      0.0000
      0.0000	      0.0000	      0.0000	      0.0000
      0.0000	      0.0000	      0.0000	      0.0000
      0.0000	      0.0000	      0.0000	      0.0000
      0.0000	      0.0000	      0.0000	      0.0000
      0.0000	      0.0000	      0.0000	      0.0000
      0.0000	      0.0000	      0.0000	      0.0000
      0.0000	      0.0000	      0.0000	      0.0000
      0.0000	      0.0000	      0.0000	      0.0000
      0.0000	      0.0000	      0.0000	      0.0000
    -17.4844	      0.0000	      0.0000	      0.0000
      0.0000	      0.0000	      0.0000	      0.0000
      0.0000	      0.0000	      0.0000	      0.0000
      0.0000	      0.0000	      0.0000	      0.0000
      0.0000	      0.0000	      0.0000	      0.0000
      0.0000	      0.0000	      0.0000	      0.0000
      0.0000	      0.0000	      0.0000	      0.0000
      0.0000	      0.0000	      0.0000	      0.0000
      0.0000	      0.0000	      0.0000	      0.0000
      0.0000	      0.0000	      0.0000	      0.0000
      0.0000	      0.0000	      0.0000	      0.0000
      0.0000	      0.0000	      0.0000	      0.0000
      0.0000	      0.0000	      0.0000	      0.0000
      0.0000	      0.0000	      0.0000	      0.0000
      0.0000	      0.0000	      0.0000	      0.0000
      0.0000	      0.0000	      0.0000	      0.0000
      0.0000	      0.0000	      0.0000	      0.0000
      0.0000	      0.0000	      0.0000	      0.0000
      0.0000	      0.0000	      0.0000	      0.0000
      0.0000	      0.0000	      0.0000	      0.0000
      0.0000	      0.0000	      0.0000	      0.0000
     -2.2643	     -7.3171	     -5.0777	     -3.3892
     -2.9772	     -2.0553	     -4.9618	      2.3770
      0.0000	      0.0000	      0.0000	      0.0000
     -4.7634	     -2.2642	     -6.8286	      5.8872
     -2.9755	     -4.3537	     -5.0262	      1.2746
     -3.4766	     -1.7928	    -10.9204	     -1.0986
      0.0000	      0.0000	      0.0000	      0.0000
      0.0000	      0.0000	      0.0000	      0.0000
     -1.0085	     -0.8807	     -1.7042	      0.0000
     -0.1460	     -1.1363	     -6.1223	      2.5146
      0.0000	      0.0000	      0.0000	      0.0000
      0.0000	      0.0000	      0.0000	      0.0000
      0.0000	      0.0000	      0.0000	      0.0000
      0.0000	      0.0000	      0.0000	      0.0000
      0.0000	      0.0000	      0.0000	      0.0000
      0.0000	      0.0000	      0.0000	      0.0000
      0.0000	      0.0000	      0.0000	      0.0000
      0.0000	      0.0000	      0.0000	      0.0000
      0.0000	      0.0000	      0.0000	      0.0000
      0.0000	      0.0000	      0.0000	      0.0000
      0.0000	      0.0000	      0.0000	      0.0000
      0.0000	      0.0000	      0.0000	      0.0000
      0.0000	      0.0000	      0.0000	      0.0000
      0.0000	      0.0000	      0.0000	      0.0000
      0.0000	      0.0000	      0.0000	      0.0000
    -25.9390	    -11.8478	    -25.3188	    -29.3636
     -0.6369	     -5.8957	    -15.5895	      2.7393
      0.0000	      0.0000	      0.0000	      0.0000
    -14.4966	      1.4148	    -10.6197	     -2.1500
     14.7512	     -4.0884	    -14.2099	      0.2657
     -0.0214	     -1.1933	     -9.8630	     -2.5518
      0.0000	      0.0000	      0.0000	      0.0000
      0.0000	      0.0000	      0.0000	      0.0000
     -2.9950	     -9.0264	    -12.7420	     -8.4041
    -20.2859	     -7.6071	     -9.5530	     -1.8939
      0.0000	      0.0000	      0.0000	      0.0000
      0.0000	      0.0000	      0.0000	      0.0000
      0.0000	      0.0000	      0.0000	      0.0000
      0.0000	      0.0000	      0.0000	      0.0000
      0.0000	      0.0000	      0.0000	      0.0000
      0.0000	      0.0000	      0.0000	      0.0000
      0.0000	      0.0000	      0.0000	      0.0000
      0.0000	      0.0000	      0.0000	      0.0000
      0.0000	      0.0000	      0.0000	      0.0000
      0.0000	      0.0000	      0.0000	      0.0000
      0.0000	      0.0000	      0.0000	      0.0000
      0.0000	      0.0000	      0.0000	      0.0000
      0.0000	      0.0000	      0.0000	      0.0000
      0.0000	      0.0000	      0.0000	      0.0000
      0.0000	      0.0000	      0.0000	      0.0000
    -20.1539	     -0.7328	     -4.3528	     -1.4008
     16.0166	      0.0000	      0.0000	      2.8043
     -5.1575	      0.0000	      0.0000	      0.0000
      1.7674	      0.0000	      0.0000	      0.0000
     -2.7086	     -5.8331	     -5.4830	      0.0000
      0.0000	      0.0000	      0.0000	      0.0000
      0.0000	      0.0000	      0.0000	      0.0000
      0.0000	      0.0000	      0.0000	      0.0000
     -1.7841	      0.0000	      0.0000	      0.0000
     -2.6786	      3.9404	      0.0000	      0.0000
      0.0000	      0.0000	      0.0000	      0.0000
      0.0000	      0.0000	      0.0000	      0.0000
      0.0000	      0.0000	      0.0000	      0.0000
      0.0000	      0.0000	      0.0000	      0.0000
      0.0000	      0.0000	      0.0000	      0.0000
      0.0000	      0.0000	      0.0000	      0.0000
      0.0000	      0.0000	      0.0000	      0.0000
      0.0000	      0.0000	      0.0000	      0.0000
      0.0000	      0.0000	      0.0000	      0.0000
      0.0000	      0.0000	      0.0000	      0.0000
      0.0000	      0.0000	      0.0000	      0.0000
      0.0000	      0.0000	      0.0000	      0.0000
      0.0000	      0.0000	      0.0000	      0.0000
      0.0000	      0.0000	      0.0000	      0.0000
      0.0000	      0.0000	      0.0000	      0.0000
      0.0000	      0.0000	      0.0000	      0.0000
      0.0000	      0.0000	      0.0000	      0.0000
      0.0000	      0.0000	      0.0000	      0.0000
      0.0000	      0.0000	      0.0000	      0.0000
      0.0000	      0.0000	      0.0000	      0.0000
      0.0000	      0.0000	      0.0000	      0.0000
      0.0000	      0.0000	      0.0000	      0.0000
      0.0000	      0.0000	      0.0000	      0.0000
      0.0000	      0.0000	      0.0000	      0.0000
      0.0000	      0.0000	      0.0000	      0.0000
      0.0000	      0.0000	      0.0000	      0.0000
      0.0000	      0.0000	      0.0000	      0.0000
      0.0000	      0.0000	      0.0000	      0.0000
      0.0000	      0.0000	      0.0000	      0.0000
      0.0000	      0.0000	      0.0000	      0.0000
      0.0000	      0.0000	      0.0000	      0.0000
      0.0000	      0.0000	      0.0000	      0.0000
      0.0000	      0.0000	      0.0000	      0.0000
      0.0000	      0.0000	      0.0000	      0.0000
      0.0000	      0.0000	      0.0000	      0.0000
      0.0000	      0.0000	      0.0000	      0.0000
      0.0000	      0.0000	      0.0000	      0.0000
      0.0000	      0.0000	      0.0000	      0.0000
      0.0000	      0.0000	      0.0000	      0.0000
      0.0000	      0.0000	      0.0000	      0.0000
      0.0000	      0.0000	      0.0000	      0.0000
      0.0000	      0.0000	      0.0000	      0.0000
      0.0000	      0.0000	      0.0000	      0.0000
      0.0000	      0.0000	      0.0000	      0.0000
      0.0000	      0.0000	      0.0000	      0.0000
      0.0000	      0.0000	      0.0000	      0.0000
      0.0000	      0.0000	      0.0000	      0.0000
      0.0000	      0.0000	      0.0000	      0.0000
      0.0000	      0.0000	      0.0000	      0.0000
      0.0000	      0.0000	      0.0000	      0.0000
      0.0000	      0.0000	      0.0000	      0.0000
      0.0000	      0.0000	      0.0000	      0.0000
      0.0000	      0.0000	      0.0000	      0.0000
      0.0000	      0.0000	      0.0000	      0.0000
      0.0000	      0.0000	      0.0000	      0.0000
      0.0000	      0.0000	      0.0000	      0.0000
      0.0000	      0.0000	      0.0000	      0.0000
      0.0000	      0.0000	      0.0000	      0.0000
      0.0000	      0.0000	      0.0000	      0.0000
      0.0000	      0.0000	      0.0000	      0.0000
      0.0000	      0.0000	      0.0000	      0.0000
      0.0000	      0.0000	      0.0000	      0.0000
      0.0000	      0.0000	      0.0000	      0.0000
      0.0000	      0.0000	      0.0000	      0.0000
      0.0000	      0.0000	      0.0000	      0.0000
      0.0000	      0.0000	      0.0000	      0.0000
      0.0000	      0.0000	      0.0000	      0.0000
      0.0000	      0.0000	      0.0000	      0.0000
      0.0000	      0.0000	      0.0000	      0.0000
      0.0000	      0.0000	      0.0000	      0.0000
      0.0000	      0.0000	      0.0000	      0.0000
      0.0000	      0.0000	      0.0000	      0.0000
      0.0000	      0.0000	      0.0000	      0.0000
      0.0000	      0.0000	      0.0000	      0.0000
      0.0000	      0.0000	      0.0000	      0.0000
      0.0000	      0.0000	      0.0000	      0.0000
      0.0000	      0.0000	      0.0000	      0.0000
      0.0000	      0.0000	      0.0000	      0.0000
      0.0000	      0.0000	      0.0000	      0.0000
      0.0000	      0.0000	      0.0000	      0.0000
      0.0000	      0.0000	      0.0000	      0.0000
      0.0000	      0.0000	      0.0000	      0.0000
      0.0000	      0.0000	      0.0000	      0.0000
      0.0000	      0.0000	      0.0000	      0.0000
      0.0000	      0.0000	      0.0000	      0.0000
      0.0000	      0.0000	      0.0000	      0.0000
      0.0000	      0.0000	      0.0000	      0.0000
      0.0000	      0.0000	      0.0000	      0.0000
      0.0000	      0.0000	      0.0000	      0.0000
      0.0000	      0.0000	      0.0000	      0.0000
      0.0000	      0.0000	      0.0000	      0.0000
      0.0000	      0.0000	      0.0000	      0.0000
      0.0000	      0.0000	      0.0000	      0.0000
      0.0000	      0.0000	      0.0000	      0.0000
      0.0000	      0.0000	      0.0000	      0.0000
      0.0000	      0.0000	      0.0000	      0.0000
      0.0000	      0.0000	      0.0000	      0.0000
      0.0000	      0.0000	      0.0000	      0.0000
      0.0000	      0.0000	      0.0000	      0.0000
      0.0000	      0.0000	      0.0000	      0.0000
      0.0000	      0.0000	      0.0000	      0.0000
      0.0000	      0.0000	      0.0000	      0.0000
      0.0000	      0.0000	      0.0000	      0.0000
      0.0000	      0.0000	      0.0000	      0.0000
      0.0000	      0.0000	      0.0000	      0.0000
      0.0000	      0.0000	      0.0000	      0.0000
      0.0000	      0.0000	      0.0000	      0.0000
      0.0000	      0.0000	      0.0000	      0.0000
      0.0000	      0.0000	      0.0000	      0.0000
      0.0000	      0.0000	      0.0000	      0.0000
      0.0000	      0.0000	      0.0000	      0.0000
      0.0000	      0.0000	      0.0000	      0.0000
      0.0000	      0.0000	      0.0000	      0.0000
      0.0000	      0.0000	      0.0000	      0.0000
      0.0000	      0.0000	      0.0000	      0.0000
      0.0000	      0.0000	      0.0000	      0.0000
      0.0000	      0.0000	      0.0000	      0.0000
      0.0000	      0.0000	      0.0000	      0.0000
      3.0110	      0.0000	      0.0000	      0.0000
      0.5508	      0.0000	      0.0000	      0.0000
      0.0000	      0.0000	      0.0000	      0.0000
      0.0000	      0.0000	      0.0000	      0.0000
      0.0000	      0.0000	      0.0000	      0.0000
      0.0000	      0.0000	      0.0000	      0.0000
      0.0000	      0.0000	      0.0000	      0.0000
      0.0000	      0.0000	      0.0000	      0.0000
      0.0000	      0.0000	      0.0000	      0.0000
      0.0000	      0.0000	      0.0000	      0.0000
      0.0000	      0.0000	      0.0000	      0.0000
      0.0000	      0.0000	      0.0000	      0.0000
      0.0000	      0.0000	      0.0000	      0.0000
      0.0000	      0.0000	      0.0000	      0.0000
      0.0000	      0.0000	      0.0000	      0.0000
      0.0000	      0.0000	      0.0000	      0.0000
      0.0000	      0.0000	      0.0000	      0.0000
      0.0000	      0.0000	      0.0000	      0.0000
      0.0000	      0.0000	      0.0000	      0.0000
      0.0000	      0.0000	      0.0000	      0.0000
      0.0000	      0.0000	      0.0000	      0.0000
      0.0000	      0.0000	      0.0000	      0.0000
      0.0000	      0.0000	      0.0000	      0.0000
      0.0000	      0.0000	      0.0000	      0.0000
      0.0000	      0.0000	      0.0000	      0.0000
      0.0000	      0.0000	      0.0000	      0.0000
      0.0000	      0.0000	      0.0000	      0.0000
      0.0000	      0.0000	      0.0000	      0.0000
      0.0000	      0.0000	      0.0000	      0.0000
      0.0000	      0.0000	      0.0000	      0.0000
      0.0000	      0.0000	      0.0000	      0.0000
      0.0000	      0.0000	      0.0000	      0.0000
      0.0000	      0.0000	      0.0000	      0.0000
      0.0000	      0.0000	      0.0000	      0.0000
      0.0000	      0.0000	      0.0000	      0.0000
      0.0000	      0.0000	      0.0000	      0.0000
      0.0000	      0.0000	      0.0000	      0.0000
      0.0000	      0.0000	      0.0000	      0.0000
      0.0000	      0.0000	      0.0000	      0.0000
      0.0000	      0.0000	      0.0000	      0.0000
      0.0000	      0.0000	      0.0000	      0.0000
      0.0000	      0.0000	      0.0000	      0.0000
      0.0000	      0.0000	      0.0000	      0.0000
      0.0000	      0.0000	      0.0000	      0.0000
      0.0000	      0.0000	      0.0000	      0.0000
      0.0000	      0.0000	      0.0000	      0.0000
      0.0000	      0.0000	      0.0000	      0.0000
      0.1051	      0.0000	      0.0000	      0.0000
      0.0000	      0.0000	      0.0000	      0.0000
      0.0000	      0.0000	      0.0000	      0.0000
      0.0000	      0.0000	      0.0000	      0.0000
      0.0000	      0.0000	      0.0000	      0.0000
      0.0000	      0.0000	      0.0000	      0.0000
      0.0000	      0.0000	      0.0000	      0.0000
      0.0000	      0.0000	      0.0000	      0.0000
      0.0000	      0.0000	      0.0000	      0.0000
      0.0000	      0.0000	      0.0000	      0.0000
      0.0000	      0.0000	      0.0000	      0.0000
      0.0000	      0.0000	      0.0000	      0.0000
      0.0000	      0.0000	      0.0000	      0.0000
      0.0000	      0.0000	      0.0000	      0.0000
      0.0000	      0.0000	      0.0000	      0.0000
      0.0000	      0.0000	      0.0000	      0.0000
      0.0000	      0.0000	      0.0000	      0.0000
      0.0000	      0.0000	      0.0000	      0.0000
      0.0000	      0.0000	      0.0000	      0.0000
      0.0000	      0.0000	      0.0000	      0.0000
      0.0000	      0.0000	      0.0000	      0.0000
      0.0000	      0.0000	      0.0000	      0.0000
      0.0000	      0.0000	      0.0000	      0.0000
      0.0000	      0.0000	      0.0000	      0.0000
      0.0000	      0.0000	      0.0000	      0.0000
      0.0000	      0.0000	      0.0000	      0.0000
      7.2670	      0.0000	      0.0000	      0.0000
      0.0000	      0.0000	      0.0000	      0.0000
      7.4271	      0.0000	    -17.8330	      0.0000
     -1.7994	      0.0000	      0.0000	      0.0000
      0.1260	      0.0000	      0.0000	      0.0000
     -0.9584	      0.0000	      0.0000	      0.0000
      0.0000	      0.0000	      0.0000	      0.0000
      0.0000	      0.0000	      0.0000	      0.0000
      0.0000	      0.0000	      0.0000	      0.0000
      0.0000	      0.0000	      0.0000	      0.0000
      0.0000	      0.0000	      0.0000	      0.0000
      0.0000	      0.0000	      0.0000	      0.0000
      0.0000	      0.0000	      0.0000	      0.0000
      0.0000	      0.0000	      0.0000	      0.0000
      0.0000	      0.0000	      0.0000	      0.0000
      0.0000	      0.0000	      0.0000	      0.0000
      0.0000	      0.0000	      0.0000	      0.0000
      0.0000	      0.0000	      0.0000	      0.0000
      0.0000	      0.0000	      0.0000	      0.0000
      0.0000	      0.0000	      0.0000	      0.0000
      0.0000	      0.0000	      0.0000	      0.0000
      0.0000	      0.0000	      0.0000	      0.0000
      0.0000	      0.0000	      0.0000	      0.0000
      0.0000	      0.0000	      0.0000	      0.0000
      0.0000	      0.0000	      0.0000	      0.0000
      1.5348	      0.0000	      0.0000	      0.0000
      0.0000	      0.0000	      0.0000	      0.0000
      0.0000	      0.0000	      0.0000	      0.0000
      0.0000	      0.0000	      0.0000	      0.0000
      0.0000	      0.0000	      0.0000	      0.0000
      0.0000	      0.0000	      0.0000	      0.0000
      0.0000	      0.0000	      0.0000	      0.0000
      0.0000	      0.0000	      0.0000	      0.0000
      0.0000	      0.0000	      0.0000	      0.0000
      0.0000	      0.0000	      0.0000	      0.0000
      0.0000	      0.0000	      0.0000	      0.0000
      0.0000	      0.0000	      0.0000	      0.0000
      0.0000	      0.0000	      0.0000	      0.0000
      0.0000	      0.0000	      0.0000	      0.0000
      0.0000	      0.0000	      0.0000	      0.0000
      0.0000	      0.0000	      0.0000	      0.0000
      0.0000	      0.0000	      0.0000	      0.0000
      0.0000	      0.0000	      0.0000	      0.0000
      0.0000	      0.0000	      0.0000	      0.0000
      0.0000	      0.0000	      0.0000	      0.0000
      0.0000	      0.0000	      0.0000	      0.0000
      0.0000	      0.0000	      0.0000	      0.0000
      0.0000	      0.0000	      0.0000	      0.0000
      0.0000	      0.0000	      0.0000	      0.0000
      0.0000	      0.0000	      0.0000	      0.0000
      0.0000	      0.0000	      0.0000	      0.0000
      0.0000	      0.0000	      0.0000	      0.0000
      0.0000	      0.0000	      0.0000	      0.0000
      0.0000	      0.0000	      0.0000	      0.0000
      0.0000	      0.0000	      0.0000	      0.0000
      0.0000	      0.0000	      0.0000	      0.0000
      0.0000	      0.0000	      0.0000	      0.0000
      0.0000	      0.0000	      0.0000	      0.0000
      0.0000	      0.0000	      0.0000	      0.0000
      0.0000	      0.0000	      0.0000	      0.0000
      0.0000	      0.0000	      0.0000	      0.0000
      0.0000	      0.0000	      0.0000	      0.0000
      0.0000	      0.0000	      0.0000	      0.0000
      0.0000	      0.0000	      0.0000	      0.0000
      0.0000	      0.0000	      0.0000	      0.0000
      0.0000	      0.0000	      0.0000	      0.0000
      0.0000	      0.0000	      0.0000	      0.0000
      0.0000	      0.0000	      0.0000	      0.0000
      0.0000	      0.0000	      0.0000	      0.0000
      0.0000	      0.0000	      0.0000	      0.0000
      0.0000	      0.0000	      0.0000	      0.0000
      0.0000	      0.0000	      0.0000	      0.0000
      0.0000	      0.0000	      0.0000	      0.0000
      0.0000	      0.0000	      0.0000	      0.0000
      0.0000	      0.0000	      0.0000	      0.0000
      0.0000	      0.0000	      0.0000	      0.0000
      0.0000	      0.0000	      0.0000	      0.0000
    -19.9805	      0.0000	      0.0000	      0.0000
      0.0000	      0.0000	      0.0000	      0.0000
      0.0000	      0.0000	      0.0000	      0.0000
      0.0000	      0.0000	      0.0000	      0.0000
      0.0000	      0.0000	      0.0000	      0.0000
      0.0000	      0.0000	      0.0000	      0.0000
      0.0000	      0.0000	      0.0000	      0.0000
      0.0000	      0.0000	      0.0000	      0.0000
      0.0000	      0.0000	      0.0000	      0.0000
      0.0000	      0.0000	      0.0000	      0.0000
      0.0000	      0.0000	      0.0000	      0.0000
      0.0000	      0.0000	      0.0000	      0.0000
      0.0000	      0.0000	      0.0000	      0.0000
      0.0000	      0.0000	      0.0000	      0.0000
      0.0000	      0.0000	      0.0000	      0.0000
      0.0000	      0.0000	      0.0000	      0.0000
      0.0000	      0.0000	      0.0000	      0.0000
      0.0000	      0.0000	      0.0000	      0.0000
      0.0000	      0.0000	      0.0000	      0.0000
      0.0000	      0.0000	      0.0000	      0.0000
      0.0000	      0.0000	      0.0000	      0.0000
      0.0000	      0.0000	      0.0000	      0.0000
      0.0000	      0.0000	      0.0000	      0.0000
      0.0000	      0.0000	      0.0000	      0.0000
      0.0000	      0.0000	      0.0000	      0.0000
      0.0000	      0.0000	      0.0000	      0.0000
      0.0000	      0.0000	      0.0000	      0.0000
      0.0000	      0.0000	      0.0000	      0.0000
      0.0000	      0.0000	      0.0000	      0.0000
      0.0000	      0.0000	      0.0000	      0.0000
      0.0000	      0.0000	      0.0000	      0.0000
      0.0000	      0.0000	      0.0000	      0.0000
      0.0000	      0.0000	      0.0000	      0.0000
      0.0000	      0.0000	      0.0000	      0.0000
      0.0000	      0.0000	      0.0000	      0.0000
      0.0000	      0.0000	      0.0000	      0.0000
      0.0000	      0.0000	      0.0000	      0.0000
      0.0000	      0.0000	      0.0000	      0.0000
      0.0000	      0.0000	      0.0000	      0.0000
      0.0000	      0.0000	      0.0000	      0.0000
      0.0000	      0.0000	      0.0000	      0.0000
      0.0000	      0.0000	      0.0000	      0.0000
      0.0000	      0.0000	      0.0000	      0.0000
      0.0000	      0.0000	      0.0000	      0.0000
      0.0000	      0.0000	      0.0000	      0.0000
      0.0000	      0.0000	      0.0000	      0.0000
      0.0000	      0.0000	      0.0000	      0.0000
     -0.3154	      0.0000	      0.0000	      0.0000
     -4.7635	      0.0000	      0.0000	      0.0000
     15.1753	      0.0000	      0.0000	      0.0000
      7.3146	      0.0000	      0.0000	      0.0000
      0.0000	      0.0000	      0.0000	      0.0000
    -22.3546	      0.0000	      0.0000	      0.0000
      0.0000	      0.0000	      0.0000	      0.0000
      0.0000	      0.0000	      0.0000	      0.0000
      0.0000	      0.0000	      0.0000	      0.0000
      0.0000	      0.0000	      0.0000	      0.0000
      0.0000	      0.0000	      0.0000	      0.0000
      0.0000	      0.0000	      0.0000	      0.0000
      0.0000	      0.0000	      0.0000	      0.0000
      0.0000	      0.0000	      0.0000	      0.0000
      0.0000	      0.0000	      0.0000	      0.0000
      0.0000	      0.0000	      0.0000	      0.0000
      0.0000	      0.0000	      0.0000	      0.0000
      0.0000	      0.0000	      0.0000	      0.0000
      0.0000	      0.0000	      0.0000	      0.0000
      0.0000	      0.0000	      0.0000	      0.0000
      0.0000	      0.0000	      0.0000	      0.0000
      0.0000	      0.0000	      0.0000	      0.0000
      0.0000	      0.0000	      0.0000	      0.0000
      0.0000	      0.0000	      0.0000	      0.0000
      0.0000	      0.0000	      0.0000	      0.0000
      5.5543	      0.0000	      0.0000	      0.0000
    -15.7286	     -3.8773	     -7.3544	      0.0000
    -21.7110	    -13.0410	     -9.5985	    -12.3737
    -19.9763	    -20.4966	     25.7853	    -18.7488
     10.9358	      0.0000	     -1.8240	      0.0000
    -21.4963	     -2.7499	      0.2939	      0.0000
    -18.4056	    -17.9548	      0.0000	      0.0000
      0.0000	      0.0000	      0.0000	      0.0000
      0.0000	      0.0000	      0.0000	      0.0000
      7.2166	      0.0000	      0.0000	      0.0000
      0.0000	      0.0000	      0.0000	      0.0000
      0.0000	      0.0000	      0.0000	      0.0000
      0.0000	      0.0000	      0.0000	      0.0000
      0.0000	      0.0000	      0.0000	      0.0000
      0.0000	      0.0000	      0.0000	      0.0000
      0.0000	      0.0000	      0.0000	      0.0000
      0.0000	      0.0000	      0.0000	      0.0000
      0.0000	      0.0000	      0.0000	      0.0000
      0.0000	      0.0000	      0.0000	      0.0000
      0.0000	      0.0000	      0.0000	      0.0000
      0.0000	      0.0000	      0.0000	      0.0000
      0.0000	      0.0000	      0.0000	      0.0000
      0.0000	      0.0000	      0.0000	      0.0000
      0.0000	      0.0000	      0.0000	      0.0000
      0.0000	      0.0000	      0.0000	      0.0000
      0.0000	      0.0000	      0.0000	      0.0000
      0.0000	      0.0000	      0.0000	      0.0000
    -18.3710	      0.0000	      0.0000	      0.0000
      3.9928	      0.0000	      0.0000	      0.0000
      0.0000	      0.0000	      0.0000	      0.0000
      0.0000	      0.0000	      0.0000	      0.0000
      0.0000	      0.0000	      0.0000	      0.0000
      0.0000	      0.0000	      0.0000	      0.0000
      0.0000	      0.0000	      0.0000	      0.0000
      0.0000	      0.0000	      0.0000	      0.0000
      0.0000	      0.0000	      0.0000	      0.0000
      0.0000	      0.0000	      0.0000	      0.0000
      0.0000	      0.0000	      0.0000	      0.0000
      0.0000	      0.0000	      0.0000	      0.0000
      0.0000	      0.0000	      0.0000	      0.0000
      0.0000	      0.0000	      0.0000	      0.0000
      0.0000	      0.0000	      0.0000	      0.0000
      0.0000	      0.0000	      0.0000	      0.0000
      0.0000	      0.0000	      0.0000	      0.0000
      0.0000	      0.0000	      0.0000	      0.0000
      0.0000	      0.0000	      0.0000	      0.0000
      0.0000	      0.0000	      0.0000	      0.0000
      0.0000	      0.0000	      0.0000	      0.0000
      0.0000	      0.0000	      0.0000	      0.0000
      0.0000	      0.0000	      0.0000	      0.0000
      0.0000	      0.0000	      0.0000	      0.0000
      0.9163	      0.0000	      0.0000	      0.0000
      6.9560	      0.0000	      0.0000	      0.0000
      4.0467	      0.0000	      0.0000	      0.0000
      0.0000	      0.0000	      0.0000	      0.0000
      0.0000	      0.0000	      0.0000	      0.0000
      0.0000	      0.0000	      0.0000	      0.0000
      0.0000	      0.0000	      0.0000	      0.0000
      0.0000	      0.0000	      0.0000	      0.0000
      0.0000	      0.0000	      0.0000	      0.0000
      0.0000	      0.0000	      0.0000	      0.0000
      0.0000	      0.0000	      0.0000	      0.0000
      0.0000	      0.0000	      0.0000	      0.0000
      0.0000	      0.0000	      0.0000	      0.0000
      0.0000	      0.0000	      0.0000	      0.0000
      0.0000	      0.0000	      0.0000	      0.0000
      0.0000	      0.0000	      0.0000	      0.0000
      0.0000	      0.0000	      0.0000	      0.0000
      0.0000	      0.0000	      0.0000	      0.0000
      0.0000	      0.0000	      0.0000	      0.0000
      0.0000	      0.0000	      0.0000	      0.0000
      0.0000	      0.0000	      0.0000	      0.0000
      0.0000	      0.0000	      0.0000	      0.0000
      0.0000	      0.0000	      0.0000	      0.0000
      0.0000	      0.0000	      0.0000	      0.0000
      2.0421	      0.0000	      0.0000	      0.0000
     13.6593	      0.0000	     -4.0079	      0.0000
     -0.8125	     -0.8002	     -3.8809	     39.1770
     22.1527	      0.0000	      0.0000	      0.0000
     -1.6874	     -2.2961	     -9.1197	     -1.0066
      0.0000	      0.0000	      0.0000	      0.0000
      0.0000	      0.0000	      0.0000	      0.0000
      0.0000	      0.0000	      0.0000	      0.0000
      0.0000	      0.0000	      0.0000	      0.0000
     -1.9871	      0.0000	      0.0000	      0.0000
      0.0000	      0.0000	      0.0000	      0.0000
      0.0000	      0.0000	      0.0000	      0.0000
      0.0000	      0.0000	      0.0000	      0.0000
      0.0000	      0.0000	      0.0000	      0.0000
      0.0000	      0.0000	      0.0000	      0.0000
      0.0000	      0.0000	      0.0000	      0.0000
      0.0000	      0.0000	      0.0000	      0.0000
      0.0000	      0.0000	      0.0000	      0.0000
      0.0000	      0.0000	      0.0000	      0.0000
      0.0000	      0.0000	      0.0000	      0.0000
      0.0000	      0.0000	      0.0000	      0.0000
      0.0000	      0.0000	      0.0000	      0.0000
      0.0000	      0.0000	      0.0000	      0.0000
      0.0000	      0.0000	      0.0000	      0.0000
      0.0000	      0.0000	      0.0000	      0.0000
      0.0000	      0.0000	      0.0000	      0.0000
      0.0000	      0.0000	      0.0000	      0.0000
      9.9111	      0.0000	      0.0000	      0.0000
      0.0000	      0.0000	      0.0000	      0.0000
     -2.2057	     -0.3702	     -6.8293	      0.0000
      0.0000	      0.0000	      0.0000	      0.0000
      0.0000	      0.0000	      0.0000	      0.0000
      0.0000	      0.0000	      0.0000	      0.0000
      0.0000	      0.0000	      0.0000	      0.0000
      0.0000	      0.0000	      0.0000	      0.0000
      0.0000	      0.0000	      0.0000	      0.0000
      0.0000	      0.0000	      0.0000	      0.0000
      0.0000	      0.0000	      0.0000	      0.0000
      0.0000	      0.0000	      0.0000	      0.0000
      0.0000	      0.0000	      0.0000	      0.0000
      0.0000	      0.0000	      0.0000	      0.0000
      0.0000	      0.0000	      0.0000	      0.0000
      0.0000	      0.0000	      0.0000	      0.0000
      0.0000	      0.0000	      0.0000	      0.0000
      0.0000	      0.0000	      0.0000	      0.0000
      0.0000	      0.0000	      0.0000	      0.0000
      0.0000	      0.0000	      0.0000	      0.0000
      0.0000	      0.0000	      0.0000	      0.0000
      0.0000	      0.0000	      0.0000	      0.0000
      0.0000	      0.0000	      0.0000	      0.0000
      0.0000	      0.0000	      0.0000	      0.0000
      0.0000	      0.0000	      0.0000	      0.0000
      0.0000	      0.0000	      0.0000	      0.0000
      0.0000	      0.0000	      0.0000	      0.0000
      0.0000	      0.0000	      0.0000	      0.0000
      0.0000	      0.0000	      0.0000	      0.0000
      0.0000	      0.0000	      0.0000	      0.0000
      0.0000	      0.0000	      0.0000	      0.0000
      0.0000	      0.0000	      0.0000	      0.0000
      0.0000	      0.0000	      0.0000	      0.0000
      0.0000	      0.0000	      0.0000	      0.0000
      0.0000	      0.0000	      0.0000	      0.0000
      0.0000	      0.0000	      0.0000	      0.0000
      0.0000	      0.0000	      0.0000	      0.0000
      0.0000	      0.0000	      0.0000	      0.0000
      0.0000	      0.0000	      0.0000	      0.0000
      0.0000	      0.0000	      0.0000	      0.0000
      0.0000	      0.0000	      0.0000	      0.0000
      0.0000	      0.0000	      0.0000	      0.0000
      0.0000	      0.0000	      0.0000	      0.0000
      0.0000	      0.0000	      0.0000	      0.0000
      0.0000	      0.0000	      0.0000	      0.0000
      0.0000	      0.0000	      0.0000	      0.0000
      0.0000	      0.0000	      0.0000	      0.0000
      0.0000	      0.0000	      0.0000	      0.0000
      0.0000	      0.0000	      0.0000	      0.0000
    -20.2274	      0.0000	      0.0000	      0.0000
      0.0000	      0.0000	      0.0000	      0.0000
      0.0000	      0.0000	      0.0000	      0.0000
      0.0000	      0.0000	      0.0000	      0.0000
      0.0000	      0.0000	      0.0000	      0.0000
      0.0000	      0.0000	      0.0000	      0.0000
      0.0000	      0.0000	      0.0000	      0.0000
      0.0000	      0.0000	      0.0000	      0.0000
      0.0000	      0.0000	      0.0000	      0.0000
      0.0000	      0.0000	      0.0000	      0.0000
      0.0000	      0.0000	      0.0000	      0.0000
      0.0000	      0.0000	      0.0000	      0.0000
      0.0000	      0.0000	      0.0000	      0.0000
      0.0000	      0.0000	      0.0000	      0.0000
      0.0000	      0.0000	      0.0000	      0.0000
      0.0000	      0.0000	      0.0000	      0.0000
      0.0000	      0.0000	      0.0000	      0.0000
      0.0000	      0.0000	      0.0000	      0.0000
      0.0000	      0.0000	      0.0000	      0.0000
      0.0000	      0.0000	      0.0000	      0.0000
      0.0000	      0.0000	      0.0000	      0.0000
      0.0000	      0.0000	      0.0000	      0.0000
      0.0000	      0.0000	      0.0000	      0.0000
      0.0000	      0.0000	      0.0000	      0.0000
      0.0000	      0.0000	      0.0000	      0.0000
      0.0000	      0.0000	      0.0000	      0.0000
      0.0000	      0.0000	      0.0000	      0.0000
      0.0000	      0.0000	      0.0000	      0.0000
    -20.0361	      0.0000	      0.0000	      0.0000
      0.0000	      0.0000	      0.0000	      0.0000
      0.0000	      0.0000	      0.0000	      0.0000
      0.0000	      0.0000	      0.0000	      0.0000
    -20.1706	      0.0000	      0.0000	      0.0000
    -20.0243	      0.0000	      0.0000	      0.0000
      0.0000	      0.0000	      0.0000	      0.0000
      0.0000	      0.0000	      0.0000	      0.0000
      0.0000	      0.0000	      0.0000	      0.0000
      0.0000	      0.0000	      0.0000	      0.0000
      0.0000	      0.0000	      0.0000	      0.0000
      0.0000	      0.0000	      0.0000	      0.0000
      0.0000	      0.0000	      0.0000	      0.0000
      0.0000	      0.0000	      0.0000	      0.0000
      0.0000	      0.0000	      0.0000	      0.0000
      0.0000	      0.0000	      0.0000	      0.0000
      0.0000	      0.0000	      0.0000	      0.0000
      0.0000	      0.0000	      0.0000	      0.0000
      0.0000	      0.0000	      0.0000	      0.0000
      0.0000	      0.0000	      0.0000	      0.0000
      0.0000	      0.0000	      0.0000	      0.0000
    -20.0086	      0.0000	      0.0000	      0.0000
     -0.5691	      0.0000	      0.0000	      0.0000
      0.0000	      0.0000	      0.0000	      0.0000
      0.0000	      0.0000	      0.0000	      0.0000
      0.0000	      0.0000	      0.0000	      0.0000
    -20.4840	     -2.5552	     -1.3543	      0.0000
      0.0000	      0.0000	      0.0000	      0.0000
      0.0000	      0.0000	      0.0000	      0.0000
     -0.0201	      0.0000	      0.0000	      0.0000
      0.0000	      0.0000	      0.0000	      0.0000
      0.0000	      0.0000	      0.0000	      0.0000
      0.0000	      0.0000	      0.0000	      0.0000
      0.0000	      0.0000	      0.0000	      0.0000
      0.0000	      0.0000	      0.0000	      0.0000
      0.0000	      0.0000	      0.0000	      0.0000
      0.0000	      0.0000	      0.0000	      0.0000
      0.0000	      0.0000	      0.0000	      0.0000
      0.0000	      0.0000	      0.0000	      0.0000
      0.0000	      0.0000	      0.0000	      0.0000
      0.0000	      0.0000	      0.0000	      0.0000
      0.0000	      0.0000	      0.0000	      0.0000
      0.0000	      0.0000	      0.0000	      0.0000
      0.0000	      0.0000	      0.0000	      0.0000
      0.0000	      0.0000	      0.0000	      0.0000
      0.0000	      0.0000	      0.0000	      0.0000
    -18.1017	      3.4729	      0.0000	      0.0000
    -20.4562	    -22.6396	    -20.6238	    -11.5059
      0.0000	      0.0000	      0.0000	      0.0000
    -20.4434	      2.5307	     -1.0423	      0.0000
      7.3474	      0.0000	      0.0000	      0.0000
      0.0000	      0.0000	      0.0000	      0.0000
      0.0000	      0.0000	      0.0000	      0.0000
      0.0000	      0.0000	      0.0000	      0.0000
      1.4049	      0.0000	      0.0000	      0.0000
    -20.3611	    -20.1360	     -0.4316	     -0.3404
      0.0000	      0.0000	      0.0000	      0.0000
      0.0000	      0.0000	      0.0000	      0.0000
      0.0000	      0.0000	      0.0000	      0.0000
      0.0000	      0.0000	      0.0000	      0.0000
      0.0000	      0.0000	      0.0000	      0.0000
      0.0000	      0.0000	      0.0000	      0.0000
      0.0000	      0.0000	      0.0000	      0.0000
      0.0000	      0.0000	      0.0000	      0.0000
      0.0000	      0.0000	      0.0000	      0.0000
      0.0000	      0.0000	      0.0000	      0.0000
      0.0000	      0.0000	      0.0000	      0.0000
      0.0000	      0.0000	      0.0000	      0.0000
      0.0000	      0.0000	      0.0000	      0.0000
      0.0000	      0.0000	      0.0000	      0.0000
      0.0000	      0.0000	      0.0000	      0.0000
      0.0000	      0.0000	      0.0000	      0.0000
      0.0000	      0.0000	      0.0000	      0.0000
      0.0000	      0.0000	      0.0000	      0.0000
      0.0000	      0.0000	      0.0000	      0.0000
    -18.1136	      0.0000	      0.0000	      0.0000
      0.0000	      0.0000	      0.0000	      0.0000
      0.0000	      0.0000	      0.0000	      0.0000
      0.0000	      0.0000	      0.0000	      0.0000
      0.0000	      0.0000	      0.0000	      0.0000
    -20.5107	      0.0000	      0.0000	      0.0000
      0.0000	      0.0000	      0.0000	      0.0000
      0.0000	      0.0000	      0.0000	      0.0000
      0.0000	      0.0000	      0.0000	      0.0000
      0.0000	      0.0000	      0.0000	      0.0000
      0.0000	      0.0000	      0.0000	      0.0000
      0.0000	      0.0000	      0.0000	      0.0000
      0.0000	      0.0000	      0.0000	      0.0000
      0.0000	      0.0000	      0.0000	      0.0000
      0.0000	      0.0000	      0.0000	      0.0000
      0.0000	      0.0000	      0.0000	      0.0000
      0.0000	      0.0000	      0.0000	      0.0000
      0.0000	      0.0000	      0.0000	      0.0000
      0.0000	      0.0000	      0.0000	      0.0000
      0.0000	      0.0000	      0.0000	      0.0000
      0.0000	      0.0000	      0.0000	      0.0000
      0.0000	      0.0000	      0.0000	      0.0000
      2.4732	      0.0000	      0.0000	      0.0000
      0.0000	      0.0000	      0.0000	      0.0000
      0.0000	      0.0000	      0.0000	      0.0000
      0.0000	      0.0000	      0.0000	      0.0000
      0.0000	      0.0000	      0.0000	      0.0000
      0.0000	      0.0000	      0.0000	      0.0000
      0.0000	      0.0000	      0.0000	      0.0000
      0.0000	      0.0000	      0.0000	      0.0000
      0.0000	      0.0000	      0.0000	      0.0000
      0.0000	      0.0000	      0.0000	      0.0000
      0.0000	      0.0000	      0.0000	      0.0000
      0.0000	      0.0000	      0.0000	      0.0000
      0.0000	      0.0000	      0.0000	      0.0000
      0.0000	      0.0000	      0.0000	      0.0000
      0.0000	      0.0000	      0.0000	      0.0000
      0.0000	      0.0000	      0.0000	      0.0000
      0.0000	      0.0000	      0.0000	      0.0000
      0.0000	      0.0000	      0.0000	      0.0000
      0.0000	      0.0000	      0.0000	      0.0000
      0.0000	      0.0000	      0.0000	      0.0000
      0.0000	      0.0000	      0.0000	      0.0000
      0.0000	      0.0000	      0.0000	      0.0000
      0.0000	      0.0000	      0.0000	      0.0000
      0.0000	      0.0000	      0.0000	      0.0000
     -0.9126	      0.0000	      0.0000	      0.0000
      0.0000	      0.0000	      0.0000	      0.0000
      0.0000	      0.0000	      0.0000	      0.0000
      0.1607	      0.0000	      0.0000	      1.0773
      2.0459	      0.0000	      0.0000	      0.0000
      0.0000	      0.0000	      0.0000	      0.0000
      0.0000	      0.0000	      0.0000	      0.0000
      0.0000	      0.0000	      0.0000	      0.0000
     -2.2991	      0.0000	      0.0000	      0.0000
      0.0000	      0.0000	      0.0000	      0.0000
      0.0000	      0.0000	      0.0000	      0.0000
      0.0000	      0.0000	      0.0000	      0.0000
      0.0000	      0.0000	      0.0000	      0.0000
      0.0000	      0.0000	      0.0000	      0.0000
      0.0000	      0.0000	      0.0000	      0.0000
      0.0000	      0.0000	      0.0000	      0.0000
      0.0000	      0.0000	      0.0000	      0.0000
      0.0000	      0.0000	      0.0000	      0.0000
      0.0000	      0.0000	      0.0000	      0.0000
      0.0000	      0.0000	      0.0000	      0.0000
      0.0000	      0.0000	      0.0000	      0.0000
      0.0000	      0.0000	      0.0000	      0.0000
      0.0000	      0.0000	      0.0000	      0.0000
      0.0000	      0.0000	      0.0000	      0.0000
      0.0000	      0.0000	      0.0000	      0.0000
      0.0000	      0.0000	      0.0000	      0.0000
      0.0000	      0.0000	      0.0000	      0.0000
      0.0000	      0.0000	      0.0000	      0.0000
      0.0000	      0.0000	      0.0000	      0.0000
      0.0000	     -7.2147	      0.0000	      0.0000
      0.0000	      0.0000	      0.0000	      0.0000
      0.0000	      0.0000	      0.0000	      0.0000
      0.0000	      0.0000	      0.0000	      0.0000
      0.8461	      0.0000	      0.0000	      0.0000
      0.0000	      0.0000	      0.0000	      0.0000
      0.0000	      0.0000	      0.0000	      0.0000
      0.0000	      0.0000	      0.0000	      0.0000
      0.0000	      0.0000	      0.0000	      0.0000
      0.0000	      0.0000	      0.0000	      0.0000
      0.0000	      0.0000	      0.0000	      0.0000
      0.0000	      0.0000	      0.0000	      0.0000
      0.0000	      0.0000	      0.0000	      0.0000
      0.0000	      0.0000	      0.0000	      0.0000
      0.0000	      0.0000	      0.0000	      0.0000
      0.0000	      0.0000	      0.0000	      0.0000
      0.0000	      0.0000	      0.0000	      0.0000
      0.0000	      0.0000	      0.0000	      0.0000
      0.0000	      0.0000	      0.0000	      0.0000
      0.0000	      0.0000	      0.0000	      0.0000
      0.0000	      0.0000	      0.0000	      0.0000
