# a0	a1	a2	a3
    -36.4969	    -26.2057	    -21.7308	    -16.9767
    -24.1356	     -6.2670	      0.0000	     -8.3196
    -19.5812	     -1.8596	      0.0000	      0.0000
     -1.9856	    -21.0287	      0.0000	      0.0000
     -5.4717	     -6.0342	      4.2734	      0.0000
    -55.7147	    -20.4421	    -53.1480	    -51.5916
    -26.2737	    -32.5555	    -21.2847	    -21.7030
    -11.2397	    -10.9211	     -3.1204	    -10.2417
    -13.1661	    -11.3183	     -7.8336	     -9.3683
    -25.3090	      0.0280	     -5.3994	     -5.3522
    -39.0122	     -2.0812	    -40.0540	    -40.8114
    -15.5988	     -3.5842	    -23.0797	    -20.3890
     -3.8609	     -3.4221	     -4.1952	     -4.5830
    -13.2216	    -15.4565	    -10.7311	    -13.8141
     -1.2903	     -0.2247	     -4.7284	     -4.6141
    -16.0249	    -18.2591	     -0.2287	    -35.6711
    -16.6196	     -3.0886	     24.4118	    -12.0828
     -2.2582	     -2.4115	     -0.6750	     -1.9893
    -13.5600	    -10.7693	    -16.1603	     -9.0452
      0.0000	     -5.2545	      0.0000	      0.0000
    -52.6201	     13.2519	    -63.1432	    -66.2794
    -50.1118	    -53.3217	    -14.4324	    -50.9195
    -27.6478	     -6.2683	    -28.3342	    -27.6375
    -34.3504	    -34.2191	    -26.8578	    -35.2579
    -24.0792	    -13.6756	    -32.4337	    -23.5896
     -8.7452	     -3.0423	    -22.2778	     -7.2486
    -21.4132	     20.7812	      0.0000	      0.0000
     -4.7305	    -23.1491	     17.7744	      0.0000
    -35.5250	    -36.3044	    -15.9081	    -35.4862
    -21.8926	    -20.4853	     12.1599	      0.0000
    -27.7479	     -5.4279	    -29.1762	    -27.8233
     -2.2929	    -24.6175	    -15.6206	    -10.5104
     -2.9806	      5.6137	     -7.4099	     -9.3917
    -22.9438	    -23.0818	      3.8592	    -22.0892
     -5.1201	     -6.2060	    -16.6648	    -20.0000
    -31.7101	    -31.8265	      5.3085	    -34.8958
    -25.1323	     16.7678	    -27.7557	    -22.9829
     -1.3655	      6.9187	      0.0000	      0.0000
    -29.9962	      3.0071	    -33.4135	    -29.2563
    -15.8758	    -13.0718	    -23.1282	    -19.6066
    -21.1114	    -19.6620	     15.1761	    -16.0085
    -26.1070	    -26.7359	     17.7623	    -25.2857
     -2.6465	     -5.4290	     28.0463	      2.3228
    -11.7352	    -11.5644	    -14.8138	    -15.8298
     -9.6405	    -11.8846	     -6.5836	    -11.8627
    -10.5845	     33.9670	    -20.1621	    -18.7941
    -39.2302	     26.1505	    -23.5032	    -40.0298
    -20.9350	    -21.8679	      2.6788	    -22.2706
    -12.4438	     -8.7040	    -13.6724	     -8.4101
    -44.0282	    -47.9532	    -20.7243	    -60.2543
    -23.6044	    -20.1991	    -33.7266	    -22.2128
    -23.4692	    -10.7696	    -21.5496	    -32.1127
    -21.5720	    -20.2233	    -22.3922	    -30.8544
    -18.8293	    -49.7453	    -54.2931	    -51.4213
    -40.6517	    -25.2144	    -30.6376	    -45.1663
     -8.5646	    -24.3005	    -30.5890	    -38.2762
    -19.2956	    -28.4403	    -22.1811	    -21.2368
     -6.1109	     -2.7190	     -3.5365	     -4.2461
    -26.7011	      2.3275	    -39.9524	    -23.9507
    -74.1691	    -79.3141	    -74.8168	    -74.5007
    -20.2407	    -22.6139	    -26.2248	    -20.9542
    -21.5405	    -13.0887	    -22.5825	    -19.2573
     -6.1729	    -13.1322	    -25.4433	    -10.1460
    -28.8992	      0.9295	    -22.5118	    -27.9265
    -60.9122	    -19.4923	    -61.4967	    -83.4945
    -12.2909	    -10.1024	    -17.3276	    -10.9834
    -18.4693	     -4.2817	    -16.2334	    -14.5587
     -8.8927	     -1.2286	    -21.8462	    -12.1866
    -28.0843	    -22.1574	    -28.2697	    -29.3347
    -48.4554	    -41.5115	    -44.5236	    -50.2493
    -17.0214	     -3.3417	    -19.9163	    -16.1323
    -36.3899	    -17.3085	    -38.4471	    -36.5069
    -22.2494	     -8.5488	    -20.8804	    -19.5182
    -36.5797	     -5.5580	    -32.4537	    -34.7945
    -53.8235	    -25.1378	    -42.8361	    -51.3348
     -5.5822	     -7.1249	      0.0000	      0.0000
      0.0006	      0.0000	      8.4214	      0.0000
     -2.3482	      5.7791	      0.0000	      0.0000
      9.8801	      0.0000	      0.0000	      0.0000
      0.0000	      0.0000	      0.0000	      0.0000
    -26.9479	    -16.1176	    -36.9999	    -26.3264
    -10.5378	     -6.1749	     -0.3331	    -10.2618
     -9.6498	     -9.6101	      2.5274	    -10.1925
     -6.7437	     -3.7555	     -2.8139	     -3.6671
     -1.0748	     -0.1097	     -3.0140	      0.0000
    -42.2545	    -31.4201	    -18.1219	    -42.7864
    -13.9386	     20.2236	    -19.7099	    -14.7866
     -7.7376	     -0.4410	     -9.4337	     -7.1151
     -9.5692	      3.0388	     -8.7082	     -9.3956
     -2.1038	     -1.5712	      5.6666	     -2.1115
    -51.2443	    -63.8186	    -12.3369	    -46.6822
     -7.6704	     20.0326	    -11.9315	     -8.7088
     -1.9724	     -1.4330	     21.0456	     -3.9760
    -23.9382	    -22.8034	    -23.0383	    -14.5447
     -1.4552	      1.9739	      0.0000	      0.0000
    -60.3234	     -9.9976	    -61.4749	    -50.6235
    -40.3812	      6.7277	    -42.7844	    -37.8091
    -20.2789	      1.9966	    -33.2518	    -28.5693
    -57.4776	    -16.8307	    -56.3892	    -56.7841
    -29.7612	    -17.6699	    -41.7689	    -25.3585
    -26.4299	      4.9786	    -24.8135	    -19.8320
     21.5434	      0.0000	     -0.5921	      0.0000
    -32.2256	     31.7102	    -19.3786	     -6.1776
    -27.5901	     22.0674	    -29.1823	    -16.7927
    -22.7546	    -23.9017	    -33.1349	     -8.4507
     -8.4062	      6.3077	    -10.2223	     -8.9928
    -16.1024	     22.4268	    -25.6491	    -18.0234
    -24.4465	     31.9994	    -31.0591	    -23.3647
    -13.2539	     21.6373	    -26.0019	    -20.0975
    -17.2747	     -8.3543	    -19.4690	    -15.1747
    -29.6699	     14.1622	    -34.4408	    -29.9399
     -8.5451	     20.1696	    -21.7595	    -10.8634
    -20.8120	     11.4570	    -26.6792	    -27.4880
    -19.7819	     22.8164	     -9.1291	    -16.1082
    -33.9761	      4.4700	    -28.0491	    -15.1239
    -20.4950	     10.0258	    -28.4246	    -35.0541
    -17.0282	     21.6068	    -23.5873	    -15.4838
    -13.8073	     19.6723	    -10.2931	    -17.0466
    -32.5838	      5.0874	    -37.6010	    -34.0104
    -16.7940	      1.3661	    -31.8591	    -20.4933
    -14.8338	      1.2084	    -43.8043	    -14.0978
    -25.5869	     19.6470	    -41.0415	    -14.7346
    -21.0035	     21.4323	    -39.7065	    -16.0986
    -15.0700	     10.4465	    -37.4088	    -30.4871
    -33.9068	      2.0362	    -59.5399	    -39.2621
    -30.8878	    -37.9882	    -23.1651	    -22.6661
     -3.8464	    -31.0541	    -29.3622	    -30.8854
    -27.7881	     11.4630	    -28.8854	    -38.0265
    -23.8096	    -32.1233	    -42.0513	    -39.4393
    -34.9784	    -34.8067	    -32.3555	    -49.2936
    -11.4065	      7.8096	    -14.9991	    -14.1065
    -21.3833	     15.8687	    -26.7149	    -22.0131
    -15.6020	      6.9078	    -17.1425	    -17.7926
    -32.1316	      8.1757	    -32.7807	    -33.2372
    -41.2561	    -16.7397	    -54.4341	    -49.9496
    -27.6515	     12.0535	    -40.3688	    -37.2790
    -21.2109	     22.3314	    -20.4175	    -19.8006
    -15.5648	     -0.7009	    -17.6519	    -18.5170
    -21.8016	     17.2046	    -22.6280	    -23.8486
    -82.6052	    -69.2450	    -45.2917	    -60.0880
    -26.1110	     10.8251	    -32.5381	    -26.1968
    -17.0834	     26.3076	    -26.3185	    -16.7522
    -14.7549	     11.1318	    -15.9981	    -17.5274
    -19.3871	      3.9025	    -31.0058	    -27.6689
    -51.4792	     -2.0642	    -62.1658	    -79.5205
    -29.1201	    -13.7049	    -35.4216	    -32.0823
    -34.7817	     -2.0431	    -33.4027	    -33.8718
    -27.3406	     21.8410	    -46.6154	    -30.4502
    -44.0481	     28.3234	    -47.1568	    -41.1760
    -49.1688	     -7.8789	    -95.0994	    -56.3500
    -22.7691	    -23.9015	    -11.9100	    -24.3674
     -5.0955	     -5.3687	     -3.5556	      0.7191
     -0.7897	     -1.1963	     -1.8814	     -1.9710
    -12.5643	      0.8627	     -9.4353	     -8.5943
      0.0000	      0.0000	      0.0000	      0.0000
    -27.4512	    -16.1160	    -29.3874	    -41.9070
    -22.7386	    -14.2356	    -23.7256	    -22.4652
    -18.8416	     -4.3193	    -14.1196	    -16.3592
    -19.2959	     -5.8631	    -19.0631	    -18.5430
    -12.0097	    -13.0711	    -10.2232	    -10.5433
    -55.7173	    -57.7194	    -46.5535	    -55.7870
    -34.9349	     -5.5120	    -34.8483	    -33.7251
    -21.9212	    -20.5942	    -22.5991	    -24.1929
    -21.4127	    -21.7947	    -23.2479	    -17.4631
     -9.6329	     -9.9529	    -13.0387	     -9.2475
    -56.2997	    -57.6679	    -27.4468	    -56.4757
    -46.3299	    -44.9625	    -13.3302	    -35.2024
    -27.7550	    -28.6029	    -18.7283	    -26.5966
    -40.0417	    -40.8287	    -39.5551	    -38.9942
    -10.2492	    -10.5410	    -13.2856	     -9.5954
    -98.0130	    -50.9511	    -92.1279	   -105.7112
    -49.0965	    -20.6332	    -53.7622	    -59.1549
   -114.0610	    -25.0696	   -114.8204	    -98.1370
   -140.3331	   -140.1211	   -117.1569	   -143.5720
   -133.1855	   -130.4289	   -136.6928	   -135.0154
    -23.1217	      1.8813	    -30.9402	    -26.7650
      2.2532	     20.9049	    -16.8192	    -10.4818
     -9.8575	     16.6002	    -14.1723	    -11.4708
    -18.2369	     15.9496	    -31.7247	    -20.7831
    -12.1037	      1.9081	    -34.4268	    -10.9945
    -14.9112	      5.8577	    -27.9993	    -22.1195
    -29.7219	     18.4535	    -45.1331	    -38.6622
    -22.5578	      8.3707	    -25.1628	    -22.6715
    -15.7099	      6.6234	    -29.9153	    -19.0445
    -24.2298	      1.2458	    -34.1718	    -25.1025
    -47.8743	      4.0948	    -52.9262	    -46.2733
     -8.0585	      9.1753	    -23.6254	    -17.6631
    -36.5146	    -19.3234	    -36.7317	    -39.0370
    -42.9042	     12.6598	    -52.8735	    -50.8615
    -20.2044	     -0.7174	    -34.6528	    -21.1050
    -33.0810	    -15.8648	    -57.3576	    -42.2467
    -25.0911	    -13.0619	    -49.1756	    -31.1390
    -28.3462	     -1.4968	    -39.4677	    -34.4402
    -57.8014	    -20.1562	    -61.3992	    -60.1194
    -47.5493	    -20.5188	    -50.2756	    -47.2027
   -118.3294	    -16.7918	    -98.3716	    -96.0125
    -44.9950	     -8.1183	    -66.9198	    -52.1402
    -74.8672	     -6.2638	    -91.3294	    -78.0523
    -89.6573	    -89.5947	    -79.1775	    -87.7575
   -137.8817	   -137.7237	   -131.1799	   -138.3823
     -1.7903	      6.7307	      0.0000	      0.0000
    -13.9454	     17.5174	    -11.8859	    -11.8137
     -8.6693	      8.6013	     -7.5678	     -7.8025
    -22.8747	      3.6993	    -26.0988	    -24.4491
     -6.8133	     -3.0780	    -40.2746	     -7.9512
     -1.9757	     10.7050	      0.0000	      0.0000
    -38.6057	      8.5921	    -41.6199	    -41.8883
    -19.8551	     10.7589	    -21.4916	    -18.4262
    -37.1959	      6.2097	    -47.7076	    -38.6005
    -48.0655	     -5.5184	    -52.4377	    -40.6891
    -17.2295	      8.6132	    -19.7355	    -20.6394
    -25.3891	     18.0867	    -31.5632	    -21.1828
    -35.4817	     -8.4110	    -36.8769	    -34.6481
    -20.5222	     16.2285	    -41.9186	    -25.4404
    -62.0391	    -30.5380	    -53.1497	    -48.9563
    -45.5550	     -0.1235	    -54.9769	    -55.2496
    -35.6009	      9.5706	    -26.7897	    -40.7129
    -20.6284	      1.8766	    -52.6515	    -11.2069
    -32.5855	    -30.1429	    -30.1039	    -32.7363
    -43.6751	    -18.9006	    -53.8800	    -58.8191
    -92.9118	    -44.8591	    -91.3525	    -93.8330
    -59.0246	    -11.3616	    -69.6057	    -71.3815
    -66.2698	      0.2391	    -80.1379	    -59.4013
    -51.3502	      0.0089	    -73.6279	    -40.5812
    -91.1352	    -43.3059	   -123.7908	   -102.9904
     -0.1827	      0.0000	      0.0000	      0.0000
    -11.4206	      0.0000	      0.0000	      0.0000
      4.1947	      0.0000	      0.0000	      0.0000
      8.7521	      0.0000	      0.0000	      0.0000
      0.0830	      0.0000	      0.0000	      0.0000
     -1.5285	     -6.0732	      4.4069	      0.0000
      0.0000	      0.0000	      0.0000	      0.0000
     -3.9635	     -3.0725	      7.7694	      0.0000
     -3.4747	     -5.1118	      0.0000	      0.0000
     -3.2074	     -0.5398	      7.8209	     -0.7255
    -17.0506	     -0.5140	    -20.0000	    -16.0824
     -1.1278	     18.8059	      0.0000	      0.0000
     -4.2461	     -0.9019	      2.5705	      0.0000
     -4.5585	     -0.1650	     12.9015	      0.0000
     -7.4802	      0.0000	      0.0000	      0.0000
     -7.2485	      2.1507	     -0.0354	     -9.4446
      1.7094	     29.3414	      4.5786	      0.0000
     11.2809	      0.0000	      0.0000	      0.0000
     -1.7195	      0.0000	      0.0000	      0.0000
     -1.3123	     -2.1268	      1.1069	      0.0000
    -10.9033	     -0.2221	     -2.8447	      8.5621
     -1.2985	     -1.4703	     10.8596	     -1.7018
     -5.6969	      4.3707	     27.9145	     -4.1742
     -5.2510	     -5.8377	    -11.8332	     -2.1660
      0.0000	      0.0000	     10.0015	      0.0000
    -11.7324	      0.0000	      0.0000	      0.0000
      0.0000	      0.0000	      0.0000	      0.0000
     27.0119	      0.0000	      0.0000	      0.0000
     14.1961	      0.0000	      0.0000	      0.0000
      0.0000	      0.0000	      0.0000	      0.0000
     -5.2144	     -1.8833	      8.9906	      0.0000
      0.6986	      0.0000	     24.5772	      0.0000
      0.0000	      0.0000	     41.8008	      0.0000
     -3.6480	     25.7843	      0.0000	     -5.7833
      0.0000	      0.0000	      0.0000	      0.0000
     -5.9862	     -1.0010	     21.2110	     -7.1285
     -4.5240	     37.1165	      0.0000	     -5.4596
     -1.8772	     48.1009	      0.0000	      0.0000
      3.7058	     33.6674	     14.0570	      0.0000
     -0.7339	     -0.0664	     18.1810	      0.0000
     -5.2790	     -0.2585	     29.4640	      0.0000
     -1.5578	     28.7738	      0.0000	      4.9729
     23.2578	     -0.6131	     58.9663	     10.3225
     -1.9621	     21.1656	      0.0000	     -1.1846
      3.3153	      3.8775	      0.0000	      0.0000
     -3.7612	     -4.1341	     38.4413	    -22.9357
      2.2136	      7.9173	     45.8248	     12.8326
     -1.5994	      3.2091	     39.1739	      0.0000
      0.0000	      0.0000	     46.6239	     -6.3015
     -3.5082	    -10.2033	     17.3847	      0.0000
      0.0000	      0.0000	      0.0000	      0.0000
     -2.4057	     -5.3132	     12.2969	      0.0000
     -0.5284	      6.0493	      0.0000	      0.0000
      7.1429	      0.0000	      0.0000	      0.0000
      0.3963	      0.0000	      0.0324	      0.0000
      0.0000	      0.0000	      0.0000	      0.0000
      6.1295	      0.0000	      0.0000	     -5.7949
      4.2509	      0.0000	      0.0000	     -3.1816
     -2.4878	     -5.7171	     35.9315	      0.0000
     -0.4075	    -12.7469	      0.0000	      0.0000
      0.0000	      0.0000	      0.0000	      0.0000
     -1.0552	      6.2800	      0.0000	      0.0000
     -1.7024	      7.1677	      0.0000	      0.0000
     -2.4630	     -4.8379	     18.3888	    -12.4978
     -7.1482	    -12.8876	    -28.4941	    -13.8290
      0.0000	      0.0000	      0.0000	      0.0000
     -2.2291	      0.0000	      0.0000	      0.0000
     -0.9606	     20.9150	      0.0000	      0.0000
     -0.2160	     29.0314	     -2.9812	     -7.6973
     -9.2586	     -2.3187	    -16.2995	    -12.1820
      0.0000	      0.0000	      0.0000	      0.0000
     -5.9066	     43.2488	      0.0000	      5.2857
     -4.2477	     -4.5057	     28.7734	     -4.1855
     -3.6505	     -3.3250	     26.5208	      0.0000
     -4.0493	     20.9596	      0.3760	    -14.0410
    -20.5742	     -1.7787	     -0.2765	     -0.7107
     -0.3824	      0.0000	      0.0000	      0.0000
     -1.6154	      4.9672	      0.0000	      0.0000
     -0.0332	      7.9638	      0.0000	      0.0000
      1.7031	      0.0000	      0.0000	      0.0000
    -22.9058	    -15.1950	    -22.1301	     -5.4860
    -18.5789	      3.3867	     -5.7226	     -1.7308
     -4.0593	     -4.3343	      0.7616	      0.0000
     -0.7319	     -0.3823	     -0.8516	      3.4493
     -1.3004	     -1.3294	      0.5821	      0.0000
    -29.6548	    -36.6421	    -28.7210	    -45.6645
     -1.8764	     10.9736	      4.3510	     -2.3814
     -4.0167	     -7.7838	     -7.1122	     -4.2322
     -5.7603	      7.1061	     -6.3313	     -4.0355
      4.0533	     -1.9344	     -0.1081	     -2.8756
    -36.4073	     -7.4120	    -30.5124	    -27.9502
      2.2268	      7.9296	      7.1273	      5.2341
     -1.2105	      5.7816	     -0.4150	      0.0000
     -8.8299	     -6.7938	     -5.1871	     -3.9295
     -0.4385	      6.4437	      0.0000	      0.0000
    -30.3758	     -5.3706	    -44.6167	    -53.1980
     -6.9117	      7.0508	    -18.8152	     -6.1814
    -14.1090	      1.0384	    -12.4842	     -3.1437
     -9.7136	     20.1187	    -20.7714	     -8.4388
     -5.3753	      7.2592	     -4.1775	      0.0000
     -2.6977	    -16.9893	      7.3081	     -4.4202
      3.9222	     17.8185	      0.0000	     -0.5202
     38.2298	     13.6323	     17.1027	      0.2816
     -4.7637	     19.0628	      0.0400	     -3.4563
     -5.4676	     -2.2920	     -4.7278	     -4.1785
     -4.8593	     -5.2851	      1.9415	     -3.4858
      5.4463	      5.5302	      5.6682	      4.2867
     17.4188	     31.2410	      9.9069	      7.1216
      3.0308	     11.2625	     16.9129	     -6.8627
     -2.8974	    -21.5344	     -3.0243	     -9.6441
     -8.5878	      6.8172	    -10.4425	     -7.9200
      4.1314	     13.3986	     13.6868	     10.2567
     -3.9170	     25.3185	     17.1963	      0.9163
     10.5036	     13.3341	      9.0904	      9.6570
     -9.3549	      0.3270	     -7.2183	     -6.9036
     -3.9135	      6.9589	     -8.2077	     -8.6656
     13.3646	     19.2049	      3.1918	      4.1755
     10.7237	     37.0477	     21.3131	     12.8565
     -4.1872	     24.5500	      6.4472	      1.1772
     -9.9335	     -4.1490	    -15.1684	    -12.4359
     -7.9977	     15.1299	    -27.0058	    -14.3267
     11.7024	     27.5337	      1.0901	     10.1768
      1.6077	     13.9477	     -4.0623	     -0.0837
     10.9961	     31.7570	      6.7014	     15.4099
     -9.7342	     -0.9526	    -10.6870	    -17.8504
     -1.0041	      5.9079	      0.0000	      0.0000
     -3.2328	     24.6647	     -3.9135	     -9.1937
     -0.0174	     46.7215	      0.0000	      0.0000
     -4.5394	     -1.2564	      1.0627	      0.0000
     -8.5720	    -20.7912	    -10.2504	    -10.5723
     -3.2392	      7.1019	     -3.4968	     -5.1044
      1.7889	     18.8749	     -8.8292	     -6.1127
     -5.2397	     31.9587	      9.7101	      6.6831
     -0.8451	     13.7476	      1.9681	    -10.4713
    -11.5093	     -7.3511	     -8.0430	    -17.1102
     -0.6366	      2.3303	      1.9556	      1.6423
     -0.9117	     22.0602	     10.9622	     -6.3547
     -0.0972	     29.6080	      9.4027	     -3.8344
      7.4109	     24.2439	      4.7359	      7.9710
    -38.2400	    -45.4878	    -33.6162	    -38.0890
     -5.1978	      5.0880	     -8.9545	    -10.8190
     -2.9593	     20.1651	     -1.6535	      0.0000
      2.7211	     -3.2497	     29.7398	      0.0000
      3.4478	     21.8682	     -0.8803	     14.6758
    -26.3143	    -21.7456	      5.3265	    -27.6814
     -3.2538	     19.0920	     -9.4269	     -7.1869
      8.5257	     35.8447	      0.0000	      8.8352
     -0.3557	     27.7137	    -12.3149	      1.7913
     10.6182	     22.0805	    -15.3309	      2.4458
    -57.5974	    -49.5187	    -24.7792	    -36.0100
     -6.8972	     -6.2392	     -6.5244	      7.7560
     -1.7144	      6.2816	     -3.4447	     -1.6161
     -0.8382	     15.8085	      0.0000	     -2.7329
      2.0339	     16.0438	     -2.6311	     -3.6645
      2.6213	      0.0000	      0.0000	      0.0000
    -13.1324	    -11.8264	    -16.1796	     -8.2731
     -9.3967	      0.0063	    -10.5154	     -7.1508
     -6.6267	     -6.0203	     -9.3942	      2.9148
     -4.4554	      7.2601	     -4.5209	     -3.0191
     -1.7824	     -0.5734	     -3.2566	      5.6833
    -35.7001	    -35.9211	    -53.6534	    -37.6207
    -14.1238	    -16.9777	    -16.6985	      6.3671
     -8.0881	     -1.2434	    -11.4045	    -11.0388
     -5.8215	     11.5249	     -5.3378	     -7.9310
     -2.8637	      9.8220	     -8.8763	     -3.9093
    -46.3531	    -21.2405	    -50.7395	    -45.5583
    -21.5636	     -6.8733	    -26.5945	    -23.8395
    -13.4342	    -14.8690	    -12.5577	    -15.3850
    -22.5969	    -24.6652	    -18.9066	    -16.3970
     -1.2466	      6.3131	     -4.5211	     -3.2349
    -93.8167	    -32.8129	    -92.9714	    -72.1339
    -34.7227	    -15.9637	    -32.1003	    -21.0567
    -43.9394	    -18.2038	    -50.9355	    -32.5364
    -64.7808	    -27.0515	   -113.1950	    -86.2238
    -69.7302	    -81.4560	    -89.1233	    -71.9588
    -20.1243	     -0.2382	    -20.3028	    -15.8915
      0.7440	     27.2772	     -8.6078	      8.0998
     14.7512	     28.1040	     11.2354	      4.4997
      2.2817	     20.0999	     -4.5770	     -6.6590
    -20.2030	    -21.0116	    -20.3041	    -14.6753
     -7.8253	     -1.5276	    -17.4811	    -26.9908
     -6.5179	     15.0037	    -17.7907	    -11.8494
     -5.1000	     11.9200	     -7.8616	     -2.3910
      4.3137	     11.1041	     -1.8714	      4.9572
    -18.9992	     -3.5539	    -20.3532	    -19.8329
    -31.8478	      0.6264	    -41.6830	    -24.7187
      3.5347	     10.9660	    -10.5155	      1.8300
      1.7101	      9.6833	     -4.8608	     -0.3357
     -5.4951	     16.9597	     -3.8320	     -3.4617
    -25.6718	     -7.5560	    -17.5899	    -18.6235
    -28.7113	      0.0445	    -31.9594	    -31.8775
     -2.8632	     -6.8788	     -8.3924	     -3.5051
     -2.7148	     23.5162	    -11.7633	     -7.6100
    -10.1308	     15.3211	    -18.8661	      3.0018
    -18.4365	     -0.6638	    -24.2759	    -22.8928
    -40.6176	    -49.0910	    -61.2708	    -50.9415
    -22.1355	     -3.9468	    -31.8433	    -17.7894
    -28.4431	    -14.8722	    -64.7692	    -27.8340
    -32.5963	     -9.2454	    -46.0756	    -32.6674
    -59.8671	    -21.5335	    -57.8440	    -65.9912
     -1.8336	     -1.2721	     -0.0326	      0.0000
     -1.4836	     33.5081	     -1.9168	     -4.4145
     -6.0223	     24.4609	      0.0000	      2.7624
     -3.1103	     20.1477	     -9.3981	     -5.5080
     -3.2055	     -0.1282	     -6.2175	     -6.1993
     -0.9989	     16.7460	     -2.9421	      0.0000
     -7.3214	     18.3240	      0.2508	      5.4350
     -0.3346	     19.6357	     -4.5898	     -3.5667
      1.1613	     16.9771	     -0.8628	     -2.6763
    -24.3719	    -23.3641	    -24.0601	    -20.1430
     15.5738	     -1.0912	     -3.3857	    -15.2341
     -3.9167	     24.7976	      0.2358	      3.5201
    -15.5680	     23.0970	    -18.2934	    -12.0326
      2.3132	     16.7963	     -4.7088	     -0.8076
    -20.3527	     -4.0485	    -22.3353	    -17.6896
    -24.1858	      5.8053	    -26.5678	    -24.8632
      3.3033	     14.4430	    -23.5874	     -8.7956
     -9.9673	     23.4850	     -7.9473	    -10.6121
      8.3548	     13.9369	    -18.9381	      9.6255
    -30.2925	    -26.4777	    -28.3071	    -30.0384
    -57.3251	    -38.7566	    -56.3256	    -60.1772
    -27.8785	    -17.2226	    -55.6583	    -33.7772
    -37.3047	    -11.3444	    -46.5141	    -23.8148
    -22.4991	    -16.7854	    -28.6920	    -20.4572
    -58.4824	    -62.4011	    -61.8270	    -77.4031
    -17.2342	    -19.8935	    -17.9239	    -15.8009
    -19.4445	     -1.2675	      1.3623	      0.0000
      1.2967	      0.0000	      0.0000	      0.0000
    -14.1233	     -1.3067	      0.0000	      0.0000
    -18.8224	      0.5754	      0.0000	      0.0000
     -9.3825	     15.8093	     -3.6028	    -13.0748
      1.3206	      2.4111	      4.9091	     47.2518
     41.4508	      4.9857	     -0.1213	      0.0000
     42.4743	      0.0000	     11.7633	      0.0000
     50.8050	      0.0000	      0.0000	      0.0000
     -9.3052	    -11.4884	     -4.6445	     25.3517
     35.5685	      0.0000	      0.0000	      9.0156
     39.6114	      0.0000	      2.5623	      0.0000
     22.3782	     19.9661	      4.5853	     71.2203
      8.1954	      2.5634	      0.0000	     66.6152
    -14.4101	      3.5809	     -1.7844	      0.0000
     38.7433	      0.0000	     11.5124	      9.1439
      0.0000	      0.0000	      0.0000	      0.0000
     74.7541	      0.0000	      0.0000	      0.0000
     86.4698	      6.2074	      0.0000	      0.0000
     56.1377	     -0.6824	     -2.7634	      3.8826
     32.5108	      5.3865	      1.7048	      0.0000
      5.2261	      0.0000	      5.4107	     30.3792
    120.0223	     66.5674	     13.8617	    190.6225
     20.8240	     17.0999	      8.4579	    134.9413
    -20.0000	      6.7641	      0.0000	      0.0000
    -14.2633	      0.0000	      0.0000	      0.0000
      0.0000	      0.0000	      0.0000	      0.0000
     21.2168	      5.0406	      0.0000	      0.0000
      2.6381	      0.7174	      0.0000	      0.0000
      2.5588	      0.0000	     10.9071	      0.0000
     14.4888	      0.0000	      0.0000	      0.0000
      0.0000	      0.0000	      0.0000	      0.0000
     32.5840	      0.0000	      0.0000	      0.0000
      0.0000	      0.0000	     18.7674	      0.0000
     20.9726	      0.0000	      0.0000	      0.0000
     46.0894	      3.4628	      0.0000	      0.0000
      0.0000	      1.8438	      0.0000	     29.7189
     25.5210	      0.0000	      0.0000	      0.0000
     15.6033	      0.0000	      2.8537	      0.0000
     32.4108	      0.0000	      0.0000	      0.0000
     46.8465	      0.0000	      9.3132	      0.0000
     32.8563	      0.0000	      0.0000	      0.0000
      3.4217	      2.4995	      0.0000	      0.0000
      0.0000	      2.6672	     40.4970	      0.0000
      0.0000	      0.0000	     44.9665	      0.0000
     59.1723	     13.0000	      6.5601	     11.2330
     24.6475	      0.0000	      0.0000	      0.0000
     48.3512	     16.5113	     19.7195	     19.8298
     44.4169	     29.0941	     20.3348	     56.6228
      0.0000	      0.0000	      0.0000	      0.0000
      0.0000	      0.0000	      0.0000	      0.0000
      0.0000	      0.0000	      0.0000	      0.0000
    -19.4734	     -9.3664	     10.7936	      0.0000
    -27.8208	    -13.1855	    -21.6614	    -17.8301
      0.0000	      0.0000	      0.0000	      0.0000
     18.1553	      0.0000	      0.0000	      0.0000
      0.0000	      0.0000	      0.0000	      0.0000
     14.8606	      0.0000	      0.0000	      0.0000
    -17.5445	      0.0000	      0.0000	      0.0000
      0.0000	      0.0000	      0.0000	      0.0000
      0.0000	      0.0000	      0.0000	      0.0000
     13.5388	      0.0000	      0.0000	      0.0000
      5.5292	      8.3121	      0.0000	      0.0000
      4.2013	     -2.4274	      0.0000	      0.0000
      0.0000	      0.0000	      0.0000	      0.0000
      0.0000	      0.0000	      0.0000	      0.0000
      0.0000	      0.0000	      0.0000	      0.0000
      8.1111	      0.0000	      0.0000	      0.0000
      8.2426	     15.7519	      0.0000	      0.0000
      6.6957	      4.3735	      4.0668	      6.0192
      0.0000	     15.1906	      0.0000	     39.1805
      6.8192	      7.2278	      0.0000	     15.6413
     50.2176	     14.0419	      3.3854	     10.6431
     42.0542	     30.2494	     33.2491	     77.9817
     11.2500	      0.0000	      0.0000	      0.0000
    -17.1356	      5.8167	      0.0000	      0.0000
     16.7618	      0.0000	      0.0000	      0.0000
     30.9700	      0.0000	      0.0000	      0.0000
      8.9016	      0.0000	      0.0000	      0.0000
     18.1453	      0.0000	    -21.1707	      0.0000
     32.7131	      4.2081	     -0.8763	      5.1502
     26.7934	      2.9256	      0.0000	      8.8982
     34.7231	      4.2711	     11.3679	      0.0000
     48.5082	      0.0000	      0.0000	     14.3749
      1.1462	      0.4539	     -2.2994	      7.7478
      5.1224	     24.0771	     -5.7599	      8.6348
      3.6234	     11.3812	     -0.8498	     55.7990
     57.7791	      1.0770	     -3.9969	     19.4341
     41.5282	      0.0000	      0.0885	      0.0000
      9.5907	     -2.5282	    -10.6375	     -0.4361
     39.9966	      0.0000	      9.0262	     22.7079
     19.4091	      0.0000	     -4.9567	      4.3061
     84.1826	      0.0000	     14.4143	     22.2997
     69.5082	      3.3848	     -4.4172	     11.7348
    -20.7709	     -8.4088	    -19.2414	     23.2267
     20.2144	      7.2624	     -2.7755	     23.4670
     49.8199	     17.8324	      0.0000	     24.3140
    103.4661	     45.2239	      4.1897	     13.5174
     61.6244	      7.6388	      6.1484	      3.4683
     26.2232	      0.0000	      0.0000	      0.0000
     29.8408	      0.0000	      0.0000	      0.0000
     37.8699	      8.3086	      0.0000	     -9.9989
     19.3228	      0.0000	      0.0000	      0.0000
     -5.0496	     28.4709	      0.0000	      4.1863
     28.1876	      4.2225	      5.3272	      5.7517
     35.0078	      6.9850	      0.0000	      6.1060
     38.4410	      7.6712	      0.0000	      0.0000
    -16.0099	     24.8276	      0.0000	      0.0000
     -0.6578	     -4.0844	     23.9657	      8.0521
     20.1791	      0.0000	     -2.4876	     16.5290
      1.8137	     10.0872	     30.4209	     15.5949
     41.4498	      0.0000	      0.0000	      0.0000
     33.2739	     13.5023	     21.5055	      8.9780
     14.7629	     -8.0563	     13.4566	     12.7306
     30.3128	      0.0000	      9.6595	      4.9240
     10.2705	     13.0826	     35.7454	     15.7533
     39.8750	     21.7789	     11.3057	      7.3635
     22.6321	      9.8122	     47.2867	     19.2475
     12.0583	     12.4789	     12.1924	     19.7795
     27.8647	     14.3651	     -0.1617	      9.1441
     38.3753	     29.6643	     17.1300	     23.2528
     13.5347	     14.2110	      0.5419	     35.8990
     20.3633	      9.7418	     -1.3707	     53.6352
     44.3857	     16.9370	      8.8473	      6.2244
      5.2080	      0.0000	      0.0000	      0.0000
      0.0000	     20.3190	      0.0000	      0.0000
    -13.8055	      0.0000	      0.0000	      0.0000
      9.9105	      0.0000	      0.0000	      0.0000
    -14.8377	     14.2082	      0.0000	      0.0000
      8.6619	      0.0000	      0.0000	      0.0000
      7.1058	      0.0000	     36.8077	      0.0000
     22.2597	      0.0000	      0.0000	      0.0000
     22.6390	      0.0000	     16.9907	      9.2022
    -14.6985	      0.0000	      0.0000	      0.0000
     23.8604	      3.8981	      0.0000	      0.0000
      8.5054	      0.0000	     36.1635	      0.0000
     28.2297	      0.0000	      0.0000	      0.0000
     34.8783	      0.0000	      0.0000	      0.0000
     -1.7550	     13.1900	    -14.4437	      7.6352
     11.0082	      0.0000	      0.0000	      0.0000
     28.5531	      0.0000	      0.0000	      0.0000
     19.9475	      4.7006	      7.3421	      1.8246
     21.8549	      7.7269	     44.8954	     21.4835
     -0.4906	     12.2868	      0.4099	    -13.2490
     20.7254	      0.0000	      3.8283	      0.0000
     52.1709	      8.3098	     10.6298	      0.0000
     30.8731	      0.0000	      0.0000	      0.0000
     16.1898	     34.5360	     10.0673	     20.5559
    -29.3972	     -7.4745	    -14.2429	     -1.3167
     20.1550	      0.0000	      0.0000	      0.0000
     21.1001	      4.0472	     -5.4642	      5.9908
     15.7225	      0.0000	      0.0000	      4.6370
      4.6247	     25.4937	      0.0000	      0.0000
     34.0559	      0.0000	      0.0000	      0.0000
      7.1776	      0.0000	     -0.3050	      3.7316
     29.7640	      4.8280	     -3.7290	     12.9643
     34.1547	      0.0000	      0.0000	      0.0000
     34.1245	      0.0000	      6.4242	      9.5297
     51.7581	      0.0000	      8.1835	      8.7901
     15.0998	      5.9610	     15.2473	     68.1958
      2.8058	      1.4079	     -5.9930	     48.0331
      3.1565	      0.0000	     -0.2674	     44.1552
     11.0001	      9.6465	      9.8279	     52.0994
     48.6186	      5.6812	      0.0000	     11.1149
    -29.5404	    -25.5133	    -24.3923	    -19.9929
     20.4521	     -1.0608	      4.8125	     41.4292
      8.8828	      8.5301	      8.7954	     27.1027
     34.6519	      4.2914	     -1.4835	     56.5890
     60.4029	      2.3638	      0.0000	     12.5712
    -38.9985	    -36.1045	    -74.7161	    -36.5980
     -7.4865	    -22.2377	    -37.1551	      6.3096
    -13.5150	    -13.7144	    -24.0309	     20.4067
     -2.2990	     -5.2614	    -13.4342	     -7.1016
      4.6045	     12.0941	      9.8167	     32.1867
     15.2811	      4.5783	      0.0000	      3.0681
     28.5354	      7.1600	     -0.8317	     15.2071
      0.0000	     11.4901	      9.6522	     36.0634
     16.7133	      4.4943	      7.4507	     33.6654
     -0.7410	      3.2159	      0.0000	     24.6108
     14.9012	      3.8967	      4.7192	      4.7205
     10.2506	      1.9439	      4.5149	     28.4325
      1.9533	      4.9504	     -3.5367	     35.0380
     24.9764	     16.3770	      5.6051	     11.9149
     13.6582	      4.0265	     -2.6295	     10.6780
      1.5819	      0.6297	      6.2943	     17.1417
     22.0140	     13.8236	      8.1704	     14.5251
     24.8704	      4.9601	      0.0000	      0.0000
     25.4526	      9.3949	      5.6180	     19.6935
     20.1622	      7.1282	      5.9102	      7.4853
     20.4407	      4.5138	    -10.8191	     -0.2521
      7.5155	     14.2808	      9.2506	     42.7920
     37.6581	      2.8056	      5.9151	     10.6782
     22.9275	     23.0545	     18.3804	     26.3199
      9.2537	    -11.1227	     -2.6737	     18.2926
    -24.7589	    -24.5467	    -36.4973	    -16.0788
     12.5983	     -3.7758	    -20.5013	     -3.9707
    -10.7361	      6.4722	    -29.2573	     -9.6745
     22.1346	     -0.6520	    -12.0040	     -8.0864
     14.9388	    -17.4812	    -12.4793	    -17.9525
      0.0000	      0.0000	      0.0000	      0.0000
      0.0000	     19.0055	      0.0000	      0.0000
     15.4047	      0.0000	      0.0000	      0.0000
     29.5017	      0.0000	      0.0000	      0.0000
     23.4361	      0.0000	      6.4941	      0.0000
     18.8761	      0.0000	      0.0000	      0.0000
     34.5082	      4.4909	      0.0000	      0.0000
      0.0000	      0.0000	      3.8792	     37.0605
      7.3692	      4.8866	      5.7734	     23.0539
    -12.2491	    -14.5533	      4.5991	    -10.9032
     23.3483	      0.0000	      0.0000	      0.0000
     36.3541	      4.8684	      8.7371	      8.3213
     31.4792	      0.0000	      0.0000	      0.0000
     23.3718	      0.0000	      0.0000	      4.4311
     -7.3709	     -2.7979	      4.2790	      8.9744
      0.0000	      0.0000	      0.0000	     13.1207
      6.0273	      0.0000	     27.4659	      0.0000
     22.3381	      0.0000	      0.0000	      0.0000
     20.5596	     10.9858	     27.7918	     17.3494
      9.2218	     -8.3451	     -1.8401	     -4.7680
    -11.7626	    -11.5233	    -16.4379	     -0.7274
    -13.6664	     10.3936	    -10.9389	    -10.8819
     -5.9762	    -10.9895	    -11.6728	     -0.2305
      9.9484	     -1.9161	    -11.9525	    -19.7020
    -24.6052	    -28.4120	    -37.5883	    -49.6127
     -0.9756	     -1.9310	      3.8139	     -1.2521
      9.3019	      0.0000	      0.0000	      0.0000
    -20.0409	      0.0000	      0.0000	      0.0000
    -20.0000	     14.1562	      0.0000	      0.0000
      0.0000	      0.0000	      0.0000	      0.0000
     -0.2877	     -0.5611	     24.2493	     -6.1364
    -18.5435	     16.5092	     -0.2271	     -3.1603
      0.3235	      0.0000	     26.5090	      0.0000
      6.0550	      0.0000	     31.1099	      1.0039
      1.7389	      0.0000	      0.0000	      0.0000
     -0.7233	     -0.2479	     30.9541	    -20.3643
      1.3015	     29.1290	      8.6801	      3.5901
      1.4584	      0.0000	      0.0000	      0.0000
     11.7033	      1.7024	      0.0000	      3.6021
      2.0969	      0.0000	     -2.6000	      0.0000
     -0.3726	     -0.3682	     23.6720	     -2.0518
      3.9873	      5.1169	     44.4102	      4.1256
      0.0000	      3.0540	      4.6671	     26.3132
      8.1364	      0.0000	     35.3214	      0.0000
     11.8176	      2.0975	     -4.4279	      0.0000
    -15.1117	      0.8154	     10.2526	      0.5714
      6.4608	      3.5978	     50.2472	     -9.8493
     13.1815	     43.6848	      9.4477	      7.1298
     22.8364	      6.2247	     12.9828	      5.3066
     17.9388	      9.4262	      2.7975	      5.1154
     -6.6012	     -1.0578	      6.1571	      0.0000
    -19.6344	    -18.3883	     42.0463	      0.0000
     -0.5398	     29.7696	      0.0000	      0.4491
     11.7992	      0.0000	    -20.0000	      0.0000
      0.0000	      0.0000	      0.0000	      0.0000
     -0.1270	     15.8398	      0.0000	     -6.9670
     29.8911	     14.3903	      6.0408	    -15.0937
     14.2776	     41.9730	     10.4985	      7.3341
     10.0859	     39.6190	     22.8179	      3.5893
      1.1501	      0.0000	     15.8226	     -0.7550
     -0.0468	     27.4903	      2.2495	     -1.0096
      5.1172	     34.5755	      6.8050	      5.3326
     31.4063	      8.1047	     13.3265	      3.2132
     40.2867	     23.9531	     18.8213	     -4.0818
      8.3896	     32.8870	      0.0000	      0.0000
      2.9550	      1.3086	     33.8942	      0.0000
      1.9359	     46.3403	      0.1594	      2.3204
     12.9680	      8.0546	     48.8646	     -1.0954
     34.9674	      9.3885	     12.8783	      0.0000
     -0.9550	     20.3983	      0.0000	     -0.5426
     12.0610	     49.1616	     19.0402	     19.6880
     28.7856	     50.4269	     -2.5210	     -8.1030
      6.7234	      4.3804	     42.9473	     -0.8580
     17.2705	     17.4128	     47.4143	      3.5977
     27.3432	     50.8364	     -3.0854	     13.5351
      9.6281	      0.0000	      0.0000	      0.0000
    -19.2638	    -20.1554	    -20.8513	      4.9473
    -20.1464	     33.7466	      0.0000	      0.0000
    -20.2158	    -21.0004	      0.0000	      0.0000
     -0.0136	    -19.5599	      0.0000	      0.0000
     -0.0701	      3.3197	      0.0000	     -0.5351
     -0.0298	    -17.3906	     21.1797	     -3.2871
     -0.0603	     10.1751	     -5.9876	      0.0000
     -0.8907	     28.4615	     -7.0208	      0.0000
     -2.2589	     12.6924	    -36.3206	     -5.6478
     -0.0368	     12.6210	      0.0000	      0.0000
      4.0974	      0.0000	     -3.7314	     -0.8194
     -0.1882	      9.3564	      0.0000	      0.0000
      0.9932	     28.5919	     -7.7756	     -0.3155
    -12.1657	     15.5756	    -30.1880	    -15.0881
     -0.6689	      3.2166	      0.0000	      0.0000
      1.2448	     18.8567	      0.0000	     -2.7426
      3.9615	     13.8234	      0.0000	      0.0000
      0.1210	     28.2160	     -5.1094	      6.5695
    -19.0683	    -17.5446	      4.9126	    -32.4566
     -0.3079	     20.2138	      0.0000	      0.0000
      1.8587	     67.9809	     -2.6378	     -5.8955
     14.0618	      3.1521	    -18.1437	     -3.8786
     18.3812	     70.3866	     -3.7840	      7.0433
     -4.2305	     -9.0104	     12.6539	    -12.9625
      0.0000	      0.0000	     18.1805	      0.0000
     -1.3356	     -0.1717	     22.2625	      0.0000
     -1.3956	     -1.7437	     31.8032	      0.0000
      5.7773	     -0.6286	     30.4072	      0.0000
     -1.0625	     -0.5260	     16.9164	      0.0000
     -0.7865	      5.6961	     -3.8733	     -6.6033
      0.0000	     17.0766	      0.0000	      0.0000
      0.1135	      0.0000	     30.4820	      0.0000
      0.2249	      0.0000	     31.0378	      2.2568
     -0.2923	     -0.2886	     18.3913	      0.0000
     -1.2741	      3.8147	     27.8538	     -1.5357
     10.9569	      8.8865	     37.3834	      9.8017
     10.3364	     28.2703	      0.0000	      1.7866
      6.5920	     14.0289	     33.8809	      4.2924
      0.1026	     19.2883	      4.2896	      3.7587
     -6.6124	     14.5337	     -4.2826	    -10.9435
     17.6472	     16.8758	     35.3237	     16.0767
      9.1875	      9.8703	     36.0044	      1.9662
      7.4244	     26.4295	      3.7847	      2.8583
     -0.1226	     19.3631	      0.0000	      2.4165
    -31.2775	      6.8183	    -17.6831	    -30.7283
     12.6115	     19.6269	      9.6145	     11.3259
     14.7452	     11.3537	     10.3448	      7.7862
     -1.9290	     32.7635	     -1.2285	      3.4175
     13.0038	     -0.5873	     -2.2571	     -5.6452
     -0.9959	     15.8109	     -2.3741	      2.0490
     38.6265	      0.0000	      8.6718	     -7.5189
     51.8145	     17.6965	     14.4909	     16.6884
     -0.4122	     26.8201	     12.4223	     -0.6002
     -3.5424	     -1.2470	      0.0000	      0.5586
     -0.1921	      2.9705	     18.0956	    -12.4371
     15.8889	     13.3444	     29.8197	      5.4365
     13.9928	     37.0073	     13.3616	      1.3907
     14.5479	     32.5500	     17.8794	      8.2157
     -0.9325	     -4.7080	     -2.9914	     -4.8872
      8.2490	     11.6719	     26.3724	     -2.2131
     17.5746	     19.9396	     29.5723	     18.1897
     26.8023	     26.7241	     21.1037	      8.8542
     21.9550	     27.8051	     27.3378	      8.8966
      8.2265	     10.2467	      5.3766	      1.3336
      5.4309	     20.4518	     12.8008	      4.2634
     24.2298	     33.3171	     16.5765	     18.8832
     18.4507	     42.3547	     21.5276	     22.7643
     20.3826	     31.5161	     20.2984	     14.5562
      5.0517	     -6.9630	     -1.4178	      4.5598
      7.9014	     13.9075	      3.3128	      4.2457
     24.0460	     33.2490	     15.8990	     14.3312
     19.8505	     35.3986	      8.1838	     17.9732
     26.1056	     29.2159	     17.3195	     17.1596
     -1.4409	      6.3620	    -13.6235	      6.2413
    -21.0407	      6.4270	      0.0000	      0.0000
     25.7399	    -22.9542	     -3.1190	     -3.3417
     23.2029	     44.3649	    -22.3285	      0.0000
     14.3809	     -9.2926	     -1.7825	     -4.9816
     -2.1805	    -14.1321	     -3.6340	    -23.2103
     -0.4384	     20.6768	      2.3468	     -0.5216
      8.1782	     29.0787	     10.6568	     -2.2509
     21.2957	      0.0000	     -6.7881	      0.0000
      2.4079	     32.6330	      0.0000	      0.0000
    -23.3760	     16.2464	    -11.5051	    -12.2480
     13.5459	     37.3906	      1.9935	      8.1849
     18.3872	     29.8970	      4.9114	      5.3612
      2.6506	     24.5986	     -9.0651	     -1.6976
      6.7825	     32.6203	     -6.7927	     -1.8148
    -12.3089	      7.8317	    -26.4113	    -34.1261
      6.3428	     33.1414	      3.3489	     -2.2028
     -0.5094	     27.1023	    -13.0860	      2.0165
     -0.3707	     34.4610	     -4.2273	      0.0000
     16.2042	     37.6887	     -2.7874	     14.0394
     -3.0053	     11.1635	    -19.9073	    -23.2092
      7.8264	     30.7260	     -3.7801	     -2.5039
     11.9200	     43.1966	     -7.7073	    -10.0662
     11.1189	     33.9247	    -21.3254	    -11.8428
     22.3906	     28.9879	     -3.6485	      9.0232
     -7.0699	     13.7760	    -36.0994	    -16.3630
     -2.6230	    -19.7199	      5.8072	     -2.8683
     -0.5916	     -0.6617	     14.7022	      0.0000
     17.1787	      1.9636	      0.0000	      0.0000
      7.4150	     -0.6378	     -3.1240	     28.2302
     11.2963	      0.0000	      0.0000	      0.0000
     -7.0774	    -24.9740	      2.4403	     -7.6833
     -3.5425	     -4.2720	     14.8342	     -9.2195
      5.6799	      0.2412	      0.8727	      1.4955
     -0.6496	     21.7539	      6.7200	     -5.3265
     13.9026	     -0.5686	     -0.5006	      3.3322
    -23.8657	    -22.1128	     -0.1995	    -30.4103
      2.5478	     -6.3935	     13.4399	     -2.1996
      4.7177	     18.8884	     -0.2970	      3.1965
      3.6397	     16.7386	     12.4161	      5.0001
     -1.6874	      9.5461	     -4.0926	      3.0583
    -38.2385	    -34.2599	     -9.3253	    -40.9660
      6.9187	     17.0501	      7.3130	     -8.9493
     15.3948	     -2.0723	     -3.0121	      9.5434
     -1.5065	     17.0775	     -1.6511	      0.0000
     11.6673	     -1.4939	     -3.8744	      1.3199
    -61.5211	    -45.6860	    -33.3882	    -62.5388
    -29.9716	     -0.1479	    -27.6871	    -28.2400
    -22.9318	    -14.2091	    -23.1342	    -21.4255
    -37.6583	     -6.1723	    -41.1685	    -64.5833
    -22.9933	    -32.1859	    -36.9491	    -41.9580
      4.9700	     17.6561	     -3.3638	     -0.5971
     11.3530	     26.2217	      9.4915	      6.4327
     15.9811	     21.5268	     -1.0551	     -0.5158
     11.5150	     26.1755	     -2.3306	      0.6638
     -1.3648	     21.1337	     -6.5151	     -5.7797
      2.4109	     23.0380	     -8.5031	      3.6970
     14.8257	     25.3137	      6.6584	     13.0534
     13.0954	     39.9326	     -3.3594	      8.8803
      9.4821	     18.3879	    -10.1695	      7.9393
      4.7761	     12.9596	    -12.8748	     -5.1770
     -3.8077	     22.6436	    -13.4861	     -4.0481
     14.3935	     28.5786	     -5.2917	      3.8902
     10.5760	     21.7909	     -6.6236	     -0.1796
     12.0427	     23.3285	     -0.5309	     16.1825
     -5.5285	      7.3386	    -17.2452	    -12.6942
     -8.7607	     -9.3656	    -20.2536	    -13.3523
      2.1195	     20.9808	     -3.7699	      6.5753
     11.2615	     13.1443	     -5.0908	     -7.4127
     11.6263	     25.5234	     -2.5698	      3.1413
    -14.6197	      2.1562	    -30.0958	     -8.5325
    -33.1399	     -1.6844	    -47.7042	    -29.9479
    -19.5170	     -3.1026	    -21.7462	    -27.5662
    -10.4825	      0.3369	    -24.4013	    -15.7853
     -9.4862	     13.9169	    -25.9674	    -19.1080
    -27.2562	    -12.7212	    -41.0656	    -43.3563
      5.6180	     21.1357	      0.0000	      1.3241
     23.4563	     11.9678	     -2.2263	      0.0000
      2.6864	     20.0432	      0.0000	      0.0000
     -1.7597	     27.2533	      0.0000	      1.8179
     -1.7376	     20.3115	      0.0000	     -1.2679
     -0.2571	     26.0540	     -1.7341	      2.3615
     24.8549	     34.4561	      0.0232	     -1.7289
     -0.6836	     26.3561	     -2.8113	      0.3798
      7.6287	     17.8487	     -3.0449	      0.0000
    -27.5165	     13.2066	    -31.5320	    -29.4365
     10.4700	     25.2449	      1.5237	     12.2326
      9.5361	     29.2966	      2.7700	      4.3813
     -0.3340	     23.7054	    -21.7830	     -4.0525
      2.0321	     19.8735	     -2.5724	     -1.9640
    -56.3440	    -44.6039	    -47.2679	    -43.2441
      9.8254	     22.4283	     -9.3133	     -7.9323
      0.9558	     14.6680	    -15.6924	     -2.0026
      6.0720	     17.4347	    -17.4767	     -7.8502
     12.4553	     19.3283	    -14.2646	     -5.5609
    -45.1186	     12.8689	    -61.8786	    -31.6325
    -27.3985	     -4.1359	    -31.0268	    -28.6501
    -15.8760	     14.3365	    -37.7119	    -26.6965
     -5.2586	      5.0214	    -41.7446	    -24.6926
    -18.3633	     11.1448	    -22.4950	    -14.0785
    -37.6814	    -13.0503	    -41.7240	    -55.0820
    -19.8176	     -2.7033	      0.0000	      0.0000
     10.7177	      0.0000	      0.0000	      0.0000
      2.0356	      0.0000	      0.0000	      0.0000
      5.4584	      0.0000	      0.0000	      0.0000
      3.9208	      0.0000	      0.0000	      0.0000
     -1.1563	     -1.5010	     -4.3706	     -7.2425
      4.9929	      0.0000	      8.7770	      2.4131
      6.2089	      0.0000	      0.0000	      0.0000
      3.9734	     -4.9078	      0.0000	      0.0000
     -0.0480	      1.8024	      0.0000	      0.0000
    -21.2747	     -4.3678	     -8.1405	    -18.2790
      8.8244	      4.2912	     31.0307	      5.4531
      3.1828	      0.0000	      0.0000	      0.0000
     10.8248	      0.6977	      0.0000	      0.0000
     -0.1328	     -2.8536	      0.0000	      0.0000
    -15.6887	     -4.1477	    -20.1157	    -11.7454
     23.4453	     16.4367	     37.4778	     22.3120
      4.2630	      1.8945	     34.8177	      0.0000
     21.5540	      2.6487	      0.0000	      0.0000
     -0.6085	     -3.5221	     20.4707	      0.0000
    -15.2993	    -15.3734	    -14.8048	     18.5700
     12.5077	     -0.2639	     26.5886	      0.0000
     19.5408	      9.6863	     24.0278	     31.4436
     27.5012	      5.4311	     13.6588	      0.0000
     -0.0529	      3.4443	      0.0000	      0.0000
     -0.9580	      0.0000	      0.0000	      0.0000
     15.7023	      0.0000	      0.0000	      0.0000
     37.6147	      2.1563	      0.0000	      0.0000
     -6.9260	      4.2592	     10.8212	      0.0000
     -1.7877	     -2.3972	     13.6128	      0.0000
     -0.0697	     -1.0039	     20.3625	      0.0000
      6.3227	      0.0000	     33.3196	      1.6035
     10.2320	     22.0526	     54.9350	      8.7588
      5.6624	     15.0256	     35.5478	     10.3899
      0.3046	      0.0000	     20.0850	     -2.3976
      0.2618	      0.0000	     23.5224	      5.7180
     16.9591	     24.8195	     37.8208	     15.7207
     22.4965	     12.8328	     45.9956	     11.8636
     12.3172	     11.1688	     37.1277	     13.0985
     -0.5178	     -1.6417	     22.1277	     -6.9110
      3.8114	     -1.9001	     31.2080	      4.8839
     29.3409	      9.6143	     43.4583	     18.3568
     37.7815	     39.7634	     52.4829	     33.2801
     20.8277	     14.3756	     40.2155	     10.3246
      1.9278	      0.7230	      8.6632	     -0.6639
     12.8276	     16.0687	     35.1302	      8.5351
     34.4644	     30.6644	     50.1158	     38.3770
     37.1448	     26.5049	     44.7270	     31.1855
     27.7751	     21.9659	     49.4482	     18.8797
     11.8339	      8.4560	     19.2771	     14.9845
      0.0000	      0.0000	      0.0000	      0.0000
     -6.6794	      0.0000	     26.9220	      0.0000
     24.3568	      0.0000	      0.0000	      0.0000
     -0.0136	     10.8922	      0.0000	      0.0000
    -17.8835	      0.0000	      0.0000	      0.0000
      0.0000	      0.0000	      0.0000	      0.0000
     17.6852	      4.4592	      0.0000	      0.0000
     -0.0450	      8.5639	      0.0000	     -1.7667
      9.9350	      0.0000	      3.2889	      0.0000
     -7.4658	    -19.9815	    -20.2380	    -16.6163
     -0.7404	     10.9062	      0.0000	      0.0000
      6.0586	      0.0000	      0.0000	      0.0000
      1.6652	      0.0000	      0.0000	      0.0000
      0.0000	      0.0000	     29.5927	      0.0000
    -19.2574	    -20.7123	    -27.7286	     -8.6538
      4.0674	      0.0000	      0.0000	      0.0000
     -0.3641	      0.0000	     22.7388	      0.0000
      0.4614	     24.3742	      0.0000	     -0.9351
     12.6880	     11.7643	     35.8754	      6.2614
    -20.8006	      1.0748	    -14.0160	     -7.5121
     -0.0307	      9.7415	      2.6365	      0.0000
     22.0748	     46.7283	      9.0129	      0.0000
     17.7260	     19.1878	     30.8831	      6.3916
      3.5120	      0.0000	     34.4104	      9.8675
      2.7774	      5.5076	      7.0322	      0.0000
     -1.2733	     -9.1959	    -17.7821	    -12.6114
     -0.1142	     -1.1315	      9.8973	      0.0000
      6.7790	      0.0000	      1.6780	     33.6804
     -0.0276	     -0.7016	     24.8833	      6.7870
     -1.4072	     -4.1768	     -1.0309	      0.0000
     -3.8002	     -5.3771	    -11.8703	     -2.0956
      4.6689	     -0.7550	     15.7086	      2.7256
     28.7675	      4.3513	      4.1922	      0.0000
      2.4371	      2.1449	     12.9415	      0.0000
      0.4634	     -2.2609	     10.5878	     -3.4040
    -20.1854	    -43.8687	     -6.2687	    -25.6817
      5.1535	      6.8548	      5.8846	     19.3733
      3.6878	      3.4819	      0.0000	     16.3113
      6.5906	      4.2155	     16.9150	      0.9852
     16.7834	      1.1982	      0.0000	      4.5524
    -19.3831	    -12.9664	    -24.1538	      1.5086
     10.5334	     11.5673	      7.1611	     16.4877
     29.0340	      9.1389	      8.2444	     14.8871
     -0.2060	     -1.0932	     13.9029	     21.9739
      2.5502	     -0.9603	     -2.2481	      7.4117
     -9.6510	    -18.5091	    -15.1276	      7.1442
     15.7061	      8.6847	     -7.3479	     11.3081
     10.4865	      9.2294	      5.5878	     12.8418
     28.0203	      8.5406	      6.0508	     -0.2034
      7.6052	      0.6247	    -11.4158	      5.8062
     -2.7028	     -4.1589	      6.2283	    -17.8382
      2.4695	      9.8246	     19.9976	      3.8446
     48.2100	     21.5942	     21.5353	     23.7947
      8.1700	      4.5101	     13.1769	      9.5975
      3.5484	     -5.8234	     -1.8626	     -4.1365
    -10.9416	    -25.1309	     12.4912	     -2.8374
      5.5811	      4.8161	      5.6728	     11.9846
     28.0658	     21.8714	     19.8951	     21.4250
      6.3131	      5.2101	      5.5846	      2.4725
     -8.6888	     -6.8518	     -0.5480	    -12.2859
     -9.9117	    -18.6289	    -13.2199	     -2.4701
      8.1311	      8.5519	      8.3592	     17.3639
     22.1982	     22.7950	     19.8238	     21.9372
     20.8276	     12.7735	     12.2406	     11.8453
    -11.4229	    -10.0978	     -1.1966	     -6.9908
     -9.1556	      1.0744	      0.1466	      4.9960
     13.1500	     11.6341	      7.4979	     14.5820
     30.7818	     23.8309	     25.3043	     26.7032
     22.2128	     12.9978	     12.7834	     13.0262
      1.7459	    -23.2711	     -9.8454	     -9.1078
      7.8518	     11.8742	     -4.9335	      8.0210
     27.7528	     20.5894	     15.9305	     21.5324
     30.6526	     14.9097	     15.3598	     11.8426
     26.7569	     16.8459	      8.3642	     19.2458
      7.1103	    -13.4188	    -41.9391	    -17.7177
      4.9413	     -1.0787	     -0.5183	      0.3995
     24.0027	      4.3556	     11.6373	      0.0000
     37.3584	     10.1280	      0.9295	      1.6096
     -1.1082	     22.3395	      2.7654	      0.0000
     -0.4471	      8.0182	      0.0000	      0.0000
     -0.1615	      2.5375	     13.3125	      0.0000
     17.7267	     14.3230	      7.4843	      2.2876
     14.2962	     27.6875	      4.7768	      2.7249
      1.2571	     16.5342	      4.6616	     -1.7092
    -19.9448	    -21.2491	    -18.8155	    -21.3286
     -0.9353	     -1.6420	     10.3848	      1.2699
     13.6571	     18.2726	      9.1314	      9.9436
      2.9347	     23.0689	      7.2852	      0.0000
     17.6280	     -0.2510	      9.4606	      6.2757
    -28.8124	    -11.8544	    -25.8215	    -31.9600
     17.5805	      6.0923	      6.5808	      3.6561
      0.8685	     16.1448	      5.6824	      0.0000
      8.0332	     27.3169	      3.8145	      6.3140
     12.0034	     25.7182	      9.9748	     12.3544
     -3.9955	    -27.3313	    -23.3030	    -18.9319
     17.5570	      0.5518	     -7.2092	     -4.4063
     34.7401	     16.9068	    -10.8620	     15.8658
     23.7880	     14.0929	     -7.1816	      8.3745
      0.3561	     27.2122	    -10.4489	      3.1368
     -7.3293	    -27.7020	    -51.6234	    -35.9800
     -8.4858	    -26.3515	    -23.2960	    -16.2963
      2.1791	      2.3985	      1.1900	     17.1551
      5.9937	      6.0375	      1.4518	     23.7689
     25.6741	     17.7690	      8.9595	     15.0479
      9.7668	     -0.1203	     -5.0850	      0.0000
    -17.9839	    -10.4253	    -12.0573	      4.2375
      1.4020	     -2.4957	     -4.4378	      9.0413
      4.2236	      5.0814	     -3.4305	     15.3069
     15.7432	      3.9734	      0.0291	      6.3435
     10.3103	     -6.2380	     -2.3763	      4.1108
    -32.9817	    -34.8104	    -35.3190	     -7.1544
      0.7746	     -2.8257	    -10.6572	     13.8704
      0.4719	     -0.6638	     -4.0263	     19.5080
     11.6905	      9.6204	      7.4428	      6.1311
     13.7660	     -4.4204	     -6.0777	     -4.5125
    -40.8038	    -38.4291	    -46.7866	     -1.3720
     -2.9826	      5.8037	    -13.1652	     -1.0529
     -2.0669	     -4.3351	     -7.7928	     17.2734
     17.6586	    -10.7417	     -0.4261	      7.6036
     15.6438	    -13.3036	     -5.4868	     -1.0251
    -52.9410	    -53.6932	    -58.7576	    -25.4914
      2.5694	    -19.7455	    -22.6163	    -19.0721
    -21.7046	    -26.8993	    -24.8776	    -10.3926
    -25.4715	    -16.3875	    -40.5137	    -38.6969
    -14.9413	    -31.5075	    -50.5239	    -28.9376
    -15.7020	    -10.6985	    -16.6210	      0.1912
     32.4687	      8.8287	     -7.3992	      9.0632
     41.4925	     18.3142	      8.1300	     18.0774
     -0.4017	      3.0111	     -3.6700	     11.7034
    -17.3517	     -0.7354	    -16.5169	    -12.0175
      4.8040	    -10.0172	    -15.2868	     -1.9446
      3.3605	      9.0284	     -2.0734	      2.8050
     22.1409	      8.9976	     -0.3175	     11.5763
      2.9582	      3.8654	     -8.7883	      1.6792
    -24.7400	     -6.3724	    -25.4147	    -11.2493
    -13.1132	     -0.7680	    -21.1996	     -6.5684
      3.1591	      1.2559	     -2.7746	      3.9434
     17.9926	      7.3525	     -5.7169	      3.8129
      5.2826	      3.5344	     -7.1508	     12.6482
     -0.9184	    -24.3243	    -23.5477	    -16.8845
    -16.6385	     -7.5971	    -15.8865	    -21.3547
      9.3346	      4.2424	    -12.3631	      2.5322
     19.5942	      6.6098	     -4.4693	      9.0258
     14.8726	      5.6778	    -13.1818	     -5.9800
    -24.8468	    -35.4296	    -21.6325	    -16.0758
    -42.9585	    -45.3499	    -52.0188	    -23.5469
     -2.4916	    -12.9868	    -21.1529	    -10.5036
    -13.7727	    -10.3550	    -25.9642	    -14.1400
    -22.3117	    -13.1577	    -23.2707	    -24.6476
    -23.1324	    -48.2079	    -50.8569	    -53.8754
     11.5714	      0.0000	     -2.3741	      0.0000
     30.5462	     12.7683	      0.1262	     -3.0512
      5.5260	     28.4288	      5.7197	     14.6742
     -0.6376	     17.9684	      3.4821	      3.0084
     -1.2597	      4.4794	     -1.1674	     -7.8134
     11.5317	      7.7202	      1.4745	      4.0273
      8.7221	     15.5216	      2.1467	      2.4061
      4.3292	     20.9700	      0.5926	     -3.2951
      6.3144	      1.8360	     -1.8265	      2.4191
    -26.3569	    -24.3089	    -24.2434	    -18.3797
      8.0063	      5.1173	     -1.6992	      7.9169
     17.6616	     16.4696	     -2.5334	     10.7514
      0.7349	     16.3546	     -1.7838	      0.4222
      3.9816	     16.0151	     -8.8436	     -6.6399
    -43.7786	    -44.1787	    -62.3643	    -29.7729
     12.2125	      0.0360	     -6.3183	      1.0934
     -2.6355	      0.2440	    -11.1353	     -7.4754
     -1.5569	     16.3452	    -16.9880	     -4.2483
     -5.4838	      0.9893	     -4.2214	      4.2596
    -40.7738	    -13.9402	    -44.5316	    -31.4423
    -20.5677	    -33.2368	    -43.8074	    -29.3727
    -46.7418	    -36.1101	    -45.2477	    -25.2284
    -30.4331	    -18.5306	    -39.3190	    -25.2104
    -36.6361	    -40.6840	    -43.0762	    -18.7167
    -97.5789	    -94.5659	    -97.3892	    -78.5279
    -31.4762	    -38.0869	    -27.0635	    -23.7700
    -34.5377	    -21.6201	    -22.0767	    -23.7767
      5.4394	      0.0000	      0.0000	      0.0000
    -34.2008	    -33.2324	    -11.8740	    -26.8206
     -2.3058	      9.4036	     -4.5523	     -1.0966
    -25.2644	    -27.1423	    -10.1882	    -13.0350
    -20.6074	     -8.9929	     -6.4207	     23.5072
      0.4837	    -18.4679	     -0.1115	      0.2372
     -4.5476	     -0.7562	     -6.7930	     22.7386
      5.4184	     -0.2242	      0.0000	      0.0000
      4.2420	    -17.2578	     -3.4105	     21.9332
     24.8424	     -2.2112	     -4.8354	      3.7544
      0.9296	      1.2095	      0.7257	     16.3019
     10.1028	      0.0000	     -4.3605	      0.0009
     -0.3088	     -1.3910	     -1.1438	     46.7635
    -17.5244	    -13.7329	      1.3251	    -17.2057
      8.7290	     -6.1472	      1.7568	     38.3814
     20.1910	      0.0000	      0.0000	      0.0000
      0.6626	     -2.4998	      0.0000	     40.7254
      0.9091	     -2.3787	     -0.5762	      0.0000
    -33.6392	    -22.4461	    -35.9195	     43.1939
      4.3030	     -2.1312	     -9.5056	     24.9798
      1.0342	     10.8018	      7.0197	     42.1600
     30.4104	     -6.5766	     27.2806	      3.0182
      4.0887	      2.9203	     -4.1373	     60.4454
     17.4595	      0.0000	      0.0000	      0.0000
    -15.5517	      1.8595	      0.0000	      0.0000
     24.6518	      0.0000	      0.0000	      0.0000
     26.3369	      1.7732	      0.0000	      0.0000
    -15.1234	     -0.4648	      5.3063	      0.0000
     -0.5015	     -0.7987	     11.9968	      0.0000
      3.2543	      3.4019	     31.5986	      2.3652
     -0.8097	     -1.6850	     49.1147	      0.0000
     -0.6134	     12.2934	      6.4311	     34.4655
     -1.3444	     -5.0079	     21.3797	      1.6468
     -0.0435	     -0.6327	     -1.1757	     21.5858
      2.3750	     -6.1764	     30.5711	      7.1065
      0.0000	     -3.7934	      8.9499	     42.4882
     22.5969	     -5.0985	      0.0000	     11.6528
     -0.5660	     -3.0785	     29.4029	      4.0406
     -0.8838	     -2.9700	     -0.2185	     21.0959
     -0.9361	      2.4244	      0.0000	     45.3735
     -0.4422	     -3.1257	      4.0565	     49.0367
      3.8112	     -3.1322	     50.7231	     11.0717
     19.5961	     10.7079	     10.1792	      2.9888
     -0.3264	     -0.1090	     -0.4219	     28.7080
      7.5061	      9.8690	     30.5977	     54.6391
     -0.2753	     -5.6464	     47.8169	      0.0000
     22.0557	     -1.4951	     46.0613	     15.7534
     19.2257	     22.4806	     11.6148	     46.5688
    -20.0522	      0.0000	      0.0000	      0.0000
     -1.4038	      6.7887	      0.0000	      0.0000
      3.6751	      0.0000	      0.0000	      0.0000
      0.0000	      0.0000	      0.0000	      0.7317
     -0.5150	      0.2281	      0.0000	      3.7627
     -0.3045	     -0.7324	      5.7885	     -0.7726
     -1.2963	      0.0000	      0.0000	     11.8757
      2.1050	      0.0000	      0.0000	      0.0000
     -0.3813	     -3.0069	     41.9018	      0.0000
     -2.0399	     -7.7189	    -23.8487	    -18.2954
     -0.7608	     -1.6122	     -3.6646	      0.0000
     10.9628	      0.0000	      0.0000	      0.0000
      0.0000	      0.0000	      0.0000	      0.0000
      4.7428	     -7.3816	      0.0000	      2.2188
    -15.6909	    -28.1415	    -23.1154	     -6.8600
      0.4158	      0.0000	      0.0000	      0.0000
      6.0882	      0.0000	      0.0000	      0.0000
      3.8312	      0.0000	     52.4884	      0.0000
     22.2925	      0.2776	     52.0492	     -0.3859
      0.5246	    -16.2334	     -4.2595	      6.9204
     -0.3067	     -2.6402	     23.4441	      0.0000
     14.5904	      0.0000	     56.5759	     -0.0019
     41.1969	      6.5579	      6.6317	      1.8895
     49.1981	     -0.9593	     16.8741	      0.0000
     14.8567	    -12.6426	      8.6352	     52.3875
    -26.8617	    -10.9358	     -7.7822	    -14.0687
      8.5102	     -8.2690	     -7.7189	     -0.8916
     14.7795	      0.0000	     -1.4180	     13.5481
      4.2946	      7.2966	      0.0000	      0.0000
     -1.1463	     -3.3861	     -5.7212	     22.4862
    -26.5421	    -12.5641	    -10.3524	    -16.5377
      4.4778	    -11.5036	     -4.6274	     21.4060
      1.0760	     -0.3623	      0.8157	     31.1139
     -0.4109	     -6.0882	     -7.4772	     19.9139
      2.9797	     -1.8979	     -6.5431	     21.1333
    -25.0900	    -29.6422	    -43.4721	     -1.6969
      4.7184	      3.8665	     -2.2090	     31.4300
      1.2368	      1.0249	      0.0000	     34.2723
     -0.4337	     -5.6066	      8.2143	     35.1761
      8.4553	      3.5712	      3.8141	     33.7108
    -27.1984	    -37.9590	    -28.3475	     -4.8864
     18.4352	     15.3328	      9.7728	     33.2088
      0.6615	     -3.7420	      0.0000	     32.5372
      1.1845	      0.0000	    -10.1894	     47.1546
     -0.3701	     -4.3748	     -5.6949	     44.7510
     -5.6748	     -5.7241	     -5.7851	     18.9614
     27.1781	     10.2311	     -0.2825	     32.7806
      3.3188	      0.4366	     -6.4411	     34.7854
      9.3743	     -5.9955	     -0.6818	     33.0379
      4.8865	     -4.5695	     -0.5079	     29.0604
    -12.7183	     -2.9211	     -1.6898	     21.4312
     -1.3943	     -2.9718	     25.2948	      2.5634
     46.6743	     11.2162	     22.2329	     15.3686
     10.5195	      0.3109	     15.1837	      1.5464
      4.1732	     -3.2243	      3.9381	     18.5974
      2.9901	     -2.5409	     -2.2785	      9.1764
     13.7421	      7.0947	     15.9154	     24.0844
      9.4875	      5.9812	     26.4564	     37.0097
     12.6271	     11.0759	     15.2998	     29.2068
     -6.1691	     -4.1613	     10.2226	    -10.7233
      7.0994	     -0.1277	      8.0483	     13.9187
     17.2799	      4.9177	     23.4990	     29.4216
     22.7367	     15.0690	     24.8758	     34.7301
     21.7197	      5.4024	     29.7109	     21.5791
      0.7613	     -1.9895	      6.2945	     -2.2702
      9.7398	      7.9185	      9.2935	     25.0887
     22.1251	     16.0784	     20.6347	     35.1841
     27.8805	     26.0625	     25.8531	     32.1810
     24.0489	     11.3036	     23.8604	     32.5031
      1.0724	     -4.2978	     10.4311	     -0.6510
     11.3015	      6.2525	     -5.2165	     28.4507
     29.3864	     22.1997	     18.3484	     34.7191
     22.3077	     17.9181	     -0.3880	     25.2076
     23.7480	     21.4309	      4.6903	     27.1832
      6.5589	    -20.7830	     -4.2057	     18.9708
     -0.4064	     -0.5328	     12.5465	      0.0000
     23.5356	     -5.4385	      3.5213	      0.0000
     18.5389	      0.0000	      0.0000	      0.2710
     -0.1863	     16.8305	      0.0000	      0.0000
      1.3175	     -1.5000	     24.7280	      2.6619
     12.3160	     -1.6928	      0.0000	      0.0000
      8.6551	     10.6950	     30.5559	     15.5247
      7.4173	      0.1658	     34.2108	     -1.1358
      4.0188	     -0.6601	     23.4219	      0.0000
    -24.3662	    -13.8531	    -13.3993	    -15.4464
     11.1602	     -0.4496	      0.0000	      2.1826
     10.8683	     -2.2865	     31.8572	      5.7071
     -0.0283	     -4.7459	     29.0682	      0.0000
      4.5098	      9.2793	     31.5184	      4.5035
    -14.8407	    -28.6256	     -4.5664	    -15.3884
     -0.7504	     -2.6743	     20.5884	      0.0000
     12.4622	      1.3113	     35.4089	      7.7721
      0.9118	      4.5903	     45.7250	      1.0260
     23.1197	     14.5453	     32.0798	     26.5483
    -41.0721	    -19.2627	     -6.6104	    -26.9028
      1.3952	     -0.0533	     24.9330	     -1.0036
     15.6152	      7.0206	      6.6258	     39.6787
     27.5452	      9.9191	      6.5900	      8.6281
     20.3244	     10.8145	     19.6851	     13.3707
    -53.2938	    -36.9176	    -40.5589	    -15.6043
     -1.5646	     -2.7643	     -5.6029	     19.6765
      0.5698	     -2.9142	     -5.1678	     25.3523
      0.0000	      0.6535	      0.1215	     24.8556
      5.0355	     -2.8742	     -6.7413	     28.0886
      6.9132	      0.0000	     -5.6116	     20.6778
      2.0074	    -22.8942	     -9.8409	     15.6015
     -1.2725	     -2.2947	     -5.1265	     23.0128
      0.8317	     -3.4466	     -1.4553	     24.4103
      1.3847	     -0.2398	    -12.0091	     28.3720
      4.3559	      5.7998	     -8.3834	     23.5214
    -27.5743	    -25.5007	    -24.4203	     11.9500
      2.3794	     -5.7274	    -10.2258	     20.3853
     -0.4332	     -4.1446	     -7.6355	     32.1351
      8.0910	      2.9518	     -9.4651	     34.9502
      4.7461	      6.6128	     -3.1134	     33.2357
    -57.2919	    -35.4911	    -42.2503	    -43.9267
      5.0879	     -8.5489	    -13.4244	     28.4547
      6.0245	     -1.8837	    -10.3728	     17.5363
      5.5963	     -2.0447	    -13.6795	     40.0303
      2.8768	     -2.5519	     -9.4008	     25.8535
    -42.7120	    -68.0149	    -58.1058	    -23.0115
    -10.4080	    -17.3679	    -21.5075	      5.5096
    -33.3577	    -48.1256	    -39.5079	      9.2575
    -12.8404	    -26.2752	    -38.2540	     -1.2709
    -13.6178	    -26.9195	    -32.1090	     22.2032
     -2.9221	     -8.6924	     -8.7565	     14.8741
      8.5142	      2.8508	    -10.7681	     23.5955
      8.2397	     13.1665	      1.8471	     32.8211
     10.9821	     13.2625	      1.1196	     28.7521
    -12.2425	     -8.7088	     -9.6486	     10.3306
      3.8384	     -6.5301	     -2.0450	      8.1713
     11.3414	     10.9995	      0.8164	     16.4026
      7.1806	      9.6150	     -7.4334	     21.2674
      8.1567	      1.9717	     -0.5035	     21.0107
    -13.9948	    -25.0288	    -20.5053	     -1.5025
      2.4086	      0.3726	    -17.6286	     14.8672
     11.9155	     10.7760	      0.2668	     23.5892
      7.8716	      4.0874	     -4.0244	     18.7342
     15.2721	      7.1716	     -4.6564	     19.0260
     -7.0151	    -23.6163	    -13.4287	     -0.3968
      1.0088	     -8.3156	    -32.8083	      9.4958
     15.1839	      1.7492	     -2.5829	     25.6944
      6.5560	     -1.3215	     -8.2865	     22.3118
     11.7034	      4.2823	      2.1552	     23.3261
    -12.8067	    -10.3759	    -15.6194	     -8.3195
    -32.6404	    -38.0707	    -45.6812	    -24.4658
     -7.9500	    -19.2935	    -23.5600	     13.3326
    -10.2541	    -19.0935	    -19.7545	     -7.2031
    -15.9207	    -15.5879	    -30.2607	     -6.9371
    -42.9286	    -55.3677	    -49.8914	    -26.5406
     -0.4125	      0.1650	      3.4422	      0.0000
      1.1846	      5.8063	     17.0648	      0.0000
     -1.3571	      2.1389	     14.3962	      0.0000
     19.6166	      4.1673	      5.0089	      3.8712
     -3.1653	     -6.6924	      8.7656	     -2.7763
     -0.1362	     -1.2301	     -1.6385	     10.2778
     13.4932	      8.3390	     10.5314	      4.7241
     19.4907	      5.3136	     -2.6818	      4.5831
      0.2415	     -3.6097	      6.7372	     -1.8257
    -20.2851	    -11.1515	     -9.8472	     -4.5388
      3.0696	     -1.5044	     -3.2087	     13.5325
     11.3716	      6.9199	      3.8776	     21.8392
     -0.3868	     -0.9308	     -0.3082	     20.9627
     -0.7363	     -0.1899	      8.0276	     -7.6893
    -23.6368	    -27.1962	     -0.3387	    -20.9403
     16.0723	      1.8040	    -11.5181	      0.8582
     -1.8849	      4.5951	     -2.0258	     19.0267
     -3.6328	     -1.4116	      2.3469	     17.3848
     -5.0003	    -13.6656	     -1.4048	     19.0363
    -36.6963	    -17.8097	    -32.4809	     -7.7779
    -20.1501	    -56.5731	    -27.5889	    -13.6728
    -38.4865	    -68.7616	      2.8843	    -34.4642
    -26.1890	    -26.7898	    -31.7199	    -17.5998
    -45.3282	    -45.8498	    -44.6314	    -17.7861
    -82.4955	    -66.0853	    -69.2052	    -47.6871
    -16.8778	      0.0000	      0.0000	      0.0000
    -14.7098	      0.0000	      0.0000	      0.0000
      0.0000	      0.0000	      0.0000	      0.0000
      0.0000	      0.0000	      0.0000	      0.0000
      0.0000	      0.0000	      0.0000	      0.0000
    -17.1455	      4.8386	      0.0000	      0.0000
      8.4727	      0.0000	     23.8548	      0.0000
      9.9369	      0.0000	      0.0000	      0.0000
      6.6175	      0.0000	      0.0000	      2.2206
      0.0000	      0.0000	      0.0000	      0.0000
      0.0000	     10.6275	      0.0000	      0.0000
     39.3928	      0.0000	      0.0000	      0.0000
     14.8142	      0.0000	      0.0000	      0.0000
      0.0000	      0.0000	      0.0000	      0.0000
      0.0000	      0.0000	      0.0000	      0.0000
      0.0000	      0.0000	      3.2345	     22.6029
     50.3664	      0.0000	      0.0000	      0.0000
      2.2044	      0.0000	      0.0000	      0.0000
     11.8033	      0.0000	      0.0000	      0.0000
      0.0000	      0.0000	      0.0000	      0.0000
     26.9862	     21.1810	      6.0251	     38.3863
    102.5325	     45.7269	     26.9162	     21.5755
      0.0000	     69.7635	     10.4504	     26.2987
      0.0000	      0.0000	      0.0000	     13.5018
      0.0000	      0.0000	      0.0000	     11.6371
    -18.5590	      0.0000	      0.0000	      0.0000
      0.0000	      0.0000	      0.0000	      0.0000
     21.9416	      0.0000	      0.0000	      0.0000
     30.9585	      0.0000	      0.0000	      0.0000
      0.0000	      0.0000	    -20.0000	      0.0000
     13.9298	      0.0000	    -18.5844	      5.9774
      2.2241	     11.4347	      0.0000	      0.0000
      3.0711	     13.5697	      0.0000	     37.1821
      2.5926	     56.2150	      0.0000	      3.4034
     23.3352	      0.0000	      0.0000	      0.0000
      0.0000	     41.2797	      0.0000	      0.0000
      0.0000	      0.0000	      0.0000	     34.4308
      0.0000	      0.0000	      0.0000	      0.0000
     17.9896	      0.0000	      0.0000	      0.0000
     34.1433	      0.0000	      7.6219	      6.6274
     27.7297	      2.6930	      0.0000	      0.0000
     47.5305	      0.0000	      0.0000	      0.0000
      7.0561	      0.0000	      0.0000	      0.0000
      2.3166	      0.0000	      0.0000	      0.0000
     37.6790	      0.0000	      0.0000	      0.0000
      0.0000	     33.9864	     55.0349	     19.1036
     20.2869	      0.0000	     28.0417	     53.3137
      8.5692	      0.0000	     18.5337	      0.0000
     25.5362	      0.0000	      0.0000	      0.0000
     56.6170	      9.8569	      9.4069	      4.9499
      0.0000	      0.0000	      0.0000	      0.0000
    -17.4464	     31.9923	      0.0000	      0.0000
    -19.4919	    -18.0999	      0.0000	      0.0000
    -18.5297	     -7.2871	     -2.4318	    -17.6702
    -13.7701	    -19.4846	      3.3588	      0.0000
     41.0990	      0.0000	      0.0000	      0.0000
     33.5262	      0.0000	      0.0000	      0.0000
    -11.0879	     59.6849	      6.4655	      0.0000
    -19.4784	     26.6864	     -3.8841	      0.0000
      5.6375	     -7.6394	    -13.6373	     -7.9941
     37.0264	      7.7264	      0.0000	      2.8583
     37.6448	      0.0000	      0.0000	      0.0000
      0.0000	      0.0000	     16.9877	      0.0000
      6.2426	      2.9883	      0.1647	     23.7848
    -11.1376	     -4.7918	     -3.8252	     14.1721
      5.5716	     32.0939	      0.0000	     14.3304
     28.7760	      0.0000	      0.0000	      0.0000
     12.5903	      0.0000	      0.0000	      0.0000
     32.3641	      3.1385	      0.0000	      0.0000
      2.3683	      0.0000	     10.6636	      6.2209
     95.7846	     41.2135	     70.7574	     36.5233
     69.2453	     37.3770	     12.0899	      4.6586
     65.3580	      0.0000	      3.7102	      0.0000
      0.0000	      0.0000	      0.0000	     57.5953
      4.6541	    110.6902	     -4.4753	     17.5146
      9.9512	      0.0000	      0.0000	    -12.4932
      0.0000	      0.0000	      0.0000	      0.0000
      9.1007	      0.0000	      0.0000	      0.0000
     10.7005	      0.0000	      0.0000	      0.0000
      9.1164	      0.0000	      0.0000	      0.0000
     -8.3731	      0.6802	      5.8239	      2.3639
      5.3668	      1.4624	     30.3349	      0.0000
     33.7937	      0.0000	      0.0000	      0.0000
     34.0477	      0.0000	      0.0000	      0.0000
      2.4144	      0.0000	      0.0000	      0.0000
      5.3175	      0.0000	      0.0000	     14.6515
     35.9410	     10.2820	     12.7579	      8.1361
     39.3468	      0.0000	      0.0000	      0.0000
     37.1271	      9.6291	      9.9610	      0.0000
      4.4638	      0.0000	     25.4326	      2.8490
      2.1893	      1.6044	     31.9984	      0.0000
     25.1234	     14.3283	     41.1858	     15.6080
     31.5652	      0.0000	      0.0000	      0.0000
     32.8282	      4.4092	      2.9640	      0.0000
     25.3855	      0.0000	      8.2934	      5.8165
     29.5590	     -8.6537	    -13.9998	     -5.8570
     19.9191	     31.2302	     12.0485	     25.1308
     45.0112	      0.0000	      0.0000	      0.0000
     44.9600	      9.6527	     -5.8445	      0.0000
     26.3593	      0.0000	     -4.9790	      5.8707
     16.9460	      0.0000	      0.0000	      0.0000
     29.9350	    -18.4870	      0.0000	      0.0000
     33.6208	      0.0000	      0.0000	      0.0000
     33.2446	      8.2017	      6.1081	      0.0000
     21.4238	      6.2696	      0.0000	      0.0000
      4.4312	      8.9525	     19.6961	      8.0600
     26.5736	      5.5148	      4.0598	      4.7614
     37.5049	      0.0000	     23.3682	      6.4963
      5.1593	      2.8598	     35.5431	      6.8524
     12.4098	      3.9446	      6.9059	      3.7877
      0.6841	      9.2682	     23.2663	      4.9087
     22.5682	     12.8671	     20.1461	     23.6356
      0.0000	      8.8894	     46.5371	      4.3464
     37.1145	      0.0000	     14.9947	      0.0000
     18.4070	     11.2552	      7.3343	     -0.2170
      9.2972	     14.0829	     25.9139	      6.6783
     26.0662	     24.5674	     35.7131	     23.9820
     42.0823	     16.0111	     17.9826	      4.6495
      2.6134	      4.3405	     29.8604	      0.0000
     15.2357	    -11.4381	      2.4651	      2.6228
     17.4665	     13.8896	     17.9702	     16.7788
     10.1802	     41.9080	     32.2071	     19.0803
     38.8185	      1.6132	      8.5462	      6.2730
     40.9299	     15.9892	      6.5904	     10.8577
      2.7372	      0.0000	      0.6436	     17.3143
    -15.8696	      8.7708	      0.0000	      0.0000
     -7.6456	     24.2366	      0.0000	      0.0000
      9.4692	      0.0000	      0.0000	      0.0000
    -10.4909	     24.8929	      0.0000	     -0.1512
      9.0220	      0.0000	      0.0000	     -0.5686
      1.0090	     45.0764	      5.4764	      0.0000
     58.2666	      8.4789	      5.2754	      4.7675
     20.3603	      0.0000	      0.0000	      0.0000
     25.8967	     54.4400	     22.2722	     22.6433
     22.8360	      3.4168	     -0.5674	      0.0000
     55.6502	     13.5224	     16.1256	     19.9236
     13.8083	     64.0347	      2.1006	     23.5287
     27.1830	      0.0000	      0.0000	      0.0000
     65.5468	     26.9274	      0.0000	      1.4720
     34.5418	      0.0000	    -18.2994	      0.1148
     73.0503	     16.6183	      0.0000	      0.0000
     10.9861	     55.3022	     -3.8287	      0.0000
      5.5789	      0.0000	     -0.5115	      0.0000
     17.2471	     38.8088	     -4.6870	      9.5303
     -7.8068	     12.9075	    -14.0376	     -4.3932
     60.8104	     13.3976	     13.6764	      8.4361
      7.0686	     13.1528	      4.3580	     54.6808
     36.9917	      7.8351	     -2.2591	      0.0000
     18.1590	     24.9327	    -14.2154	     10.4273
    -18.8279	    -21.4147	     -0.4514	     11.1857
     17.6680	      0.0000	      0.0000	      0.0000
     11.8754	      0.0000	      0.0000	      0.0000
     21.3147	      0.0000	      9.8341	      7.5522
     23.0657	      0.0000	      0.0000	      0.0000
      7.6839	      0.0000	      0.0000	      0.0000
      0.2010	      0.0000	      0.0673	     11.4753
     25.7791	      4.0415	      1.4467	      0.0000
      3.9927	      0.0000	      0.0000	     23.8059
     37.3446	      0.0000	      2.3853	      9.1589
     17.2994	      0.0000	      0.0000	      0.0000
     -1.3076	     -0.9575	     10.4266	      0.0000
      0.0000	      6.1048	      0.0000	     28.7932
     39.8310	      5.0923	      8.2030	      0.0000
     39.4034	     11.3748	      6.9768	      4.5977
     31.3811	      0.0000	      0.0000	      4.0969
     -4.9749	     18.0792	     -4.9229	     -7.3906
     17.3066	     28.4869	     10.3071	     20.4530
     13.8168	      2.8505	      0.0000	      0.0000
     33.4122	      0.0000	      0.0000	      0.0000
     11.9850	      0.0000	      0.0000	      0.0000
    -50.1657	    -57.5668	    -33.4759	     -9.7231
     17.2213	     -4.7719	      7.2197	    -12.9665
      4.1907	    -10.7798	    -16.4703	    -15.6688
    -18.1587	    -20.3268	    -14.2090	     13.4398
    -10.4645	    -10.7195	    -17.5597	      5.3582
     20.5217	      9.7614	      0.0000	      4.7523
     45.2561	     11.9055	      0.0000	      9.6854
     40.7223	     12.7591	      0.0000	      5.3223
     29.4898	      6.7390	      0.0000	     13.1158
      7.5621	     23.5192	      2.6201	      7.5840
      8.1064	      9.8705	      4.8366	     18.7820
     22.4908	      9.1996	     11.3635	     14.7666
     47.4294	      3.9077	     -2.1636	     12.8019
     22.3472	     18.3681	      3.9585	     11.8823
      9.0045	     11.1858	      2.1178	      3.8805
     16.9075	     14.8220	     11.9715	     12.1561
     25.3033	     15.6733	      8.6756	     12.5244
     38.6931	      0.0000	      3.0637	      3.3538
     25.7886	     13.3136	     -0.4966	      6.9291
     13.6952	      1.6536	    -11.2521	      2.9262
     14.8933	     10.9196	     -0.5204	      3.4068
     16.3309	     39.9510	      3.9516	     17.1270
     34.7428	      7.6506	     -2.6424	      0.0000
      8.4287	     34.2051	     -7.0642	      3.9583
     -0.9214	     14.6450	    -12.8562	     -6.5722
     -1.1451	    -20.3777	    -29.7673	    -24.6786
     20.8336	      9.7391	     -8.4487	      3.4975
      0.8114	     -5.0014	    -20.3582	     -9.2739
     -3.3572	      4.6382	    -19.1156	     -2.5225
    -58.5808	     -6.3309	    -75.3787	    -25.9079
     19.3378	      0.0000	      0.4595	      0.0000
     22.2542	      0.0000	      0.0000	      0.0000
      8.1885	      0.0000	      0.0000	      0.0000
      0.0000	     19.5784	      0.0000	      0.0000
     24.3869	      0.0000	     -1.2597	      0.0000
     28.6037	      0.0000	      0.0000	      0.0000
     29.4841	      6.9200	     -4.0750	      0.0000
     40.0232	      0.0000	     -1.7564	      0.0000
     26.4843	      8.5899	      0.0000	      0.0000
     -2.6433	     24.0027	     -0.7802	      0.0000
     44.3046	     19.8382	      9.2207	      0.0000
     37.1725	     16.2685	      7.7932	      8.0595
     28.8233	      0.0000	     -0.2392	      0.0000
      2.3222	     61.0349	      0.5463	      0.0000
    -16.6133	      8.7799	     -3.6601	     -6.7902
     44.2012	     18.3824	      6.5873	      4.7147
      5.3675	     40.4418	     10.1619	     13.5996
     10.3903	     42.4695	      1.1189	      3.1370
     15.4333	      7.6390	     -4.2513	     14.3074
    -25.2035	    -28.6675	    -27.2455	      4.8573
      7.3998	     28.7546	    -12.6554	    -11.4946
    -21.2605	     22.7757	    -19.8460	    -17.5958
    -16.4328	    -22.5448	    -44.6013	     12.1763
     -7.1133	      3.9301	    -29.4156	    -26.8174
    -54.3806	    -17.8561	    -78.5042	    -62.8951
    -18.0770	     -7.4811	      0.0000	      0.0000
     -2.9023	      0.0000	      0.0000	      0.0000
      0.0000	      0.0000	      0.0000	      0.0000
      0.0000	      0.0000	      0.0000	      0.0000
      0.0000	      0.0000	      0.0000	      0.0000
     -2.0551	      4.5032	      0.0000	      0.0000
     -0.1098	     -3.5093	     27.6008	      2.6513
      0.0000	      0.0000	      0.0000	      0.0000
     -0.3243	     -2.9936	     -3.6354	     16.9148
     -1.3287	     -5.4714	      2.6844	      0.0000
    -18.2274	     -8.7926	     -5.1199	      3.7530
     -1.7038	      3.2186	     -0.6515	     41.0672
      2.4812	      0.0000	      0.0000	      7.3738
     -3.4346	      0.0000	     -5.3708	      0.0000
     -4.8267	     -1.8713	     -0.5309	      0.0000
     -5.2004	     -6.1768	    -21.8321	     12.6397
     -7.5218	     -6.2578	     34.7893	      9.1910
      9.6758	      0.0000	      0.0000	      0.0000
      2.7508	      0.0000	      0.0000	      0.0000
     -1.1446	     -4.1393	      0.0000	      0.0000
    -19.7751	     -4.0008	     -9.1558	     22.5055
     -2.9500	      0.0000	     36.6038	      0.0000
     -1.8015	     -7.0000	      9.7809	     -2.2235
      0.0000	      0.0000	      0.0000	      9.5615
     -4.8370	     -2.9140	      0.0967	      0.0000
     -3.7809	      0.0000	      0.0000	      0.0000
      0.0000	      0.0000	      0.0000	      0.0000
     -3.3119	     -7.0381	     17.7137	      0.0000
     -2.6056	    -16.8489	     36.8194	      0.0000
     -5.1516	     -6.6558	     12.2623	      0.0000
     -2.3588	     -0.1751	     11.2429	     -1.2788
     -2.6070	     -5.5188	      0.0000	     19.7265
     -1.1776	      9.3863	      0.0000	     26.1953
     -0.5669	      0.1966	     44.4601	      8.6494
     -6.0302	     -9.3041	     14.6275	     -0.6836
     -5.3028	     -5.9205	     18.0224	      0.0000
      6.3329	     -3.9987	     -1.0954	     42.3477
     -1.0648	     -4.1136	     32.7599	      0.0000
     -1.4627	     -2.0557	     40.4467	      0.0000
     -7.7153	     -3.8868	      0.8111	     14.2640
     -3.6518	     -3.7225	     14.3011	     -1.2261
      6.7585	     -0.1043	     37.2900	      2.5877
     19.5459	      0.7095	      0.0000	      2.1218
      1.4551	     -1.8769	     32.9708	      0.2294
     -0.5530	     -5.1435	      7.4310	      0.0000
      3.3731	    -11.6749	     25.9418	      0.0000
      9.8463	      0.0000	      0.0000	     46.5114
      0.0000	     -2.1303	      4.7024	     33.1016
      0.0000	     10.5749	     50.7095	      0.0000
      3.0617	     -1.7505	     16.3571	      8.3590
      0.0000	      0.0000	      0.0000	      0.0000
      0.0000	      0.0000	      0.0000	      0.0000
     -3.6519	      0.0000	      0.0000	      0.0000
      0.0000	      0.0000	      0.0000	      0.0000
    -19.2374	     -8.1488	      0.0000	      0.0000
     -1.0687	      0.0000	      0.0000	      0.0000
     -0.2253	     -1.6003	      8.4105	      0.0000
      0.0000	      0.0000	      0.0000	      0.0000
      0.0000	      0.0000	      0.0000	      0.0000
     -7.9228	     -2.2955	     -5.3914	     -2.0401
     -3.1998	      0.0000	      0.0000	      0.0000
     -2.4277	     -3.5983	      0.0000	      0.0000
      0.0000	      0.0000	      0.0000	      0.0000
      0.0000	      0.0000	     13.5058	      0.0000
     -7.7111	    -12.7989	     -7.4248	     -7.3403
      1.2590	      0.0000	      0.0000	      0.0000
      4.7557	      0.0000	      0.0000	      0.0000
     -1.2314	     -2.9917	      5.2892	      0.0000
      6.8350	      0.0000	     -0.5887	     24.0730
    -11.1068	     -4.5487	    -11.6052	    -10.3878
     -3.1385	      3.0094	      0.0000	     -3.3687
     -4.2592	      8.1813	      5.5296	      0.0000
     -1.2873	     -0.1659	      0.0000	     29.9814
     -1.7479	     -2.9513	     14.4321	      0.0000
    -15.3620	      0.0000	     -9.9522	      0.0000
     -7.6536	     -7.4543	    -10.4385	    -12.8043
    -10.6255	    -10.3260	     -1.3836	      3.5471
     -1.9064	     -0.8433	     12.5868	      0.0000
     -1.5236	     -0.9477	     16.6651	      0.0000
     -0.4917	     -9.2893	     -0.2327	      0.0000
     -3.5785	     -8.7496	    -11.6981	      3.7923
     -1.7811	     -3.4853	     -0.5537	     17.5232
      2.5079	     -0.5681	     -0.0253	     20.4391
      0.2529	      5.8195	      0.0000	     24.7034
     -3.2715	     -6.8485	     -4.8321	     -0.0057
    -10.9826	     -7.4757	    -11.0382	     -9.2572
    -10.5023	      2.1297	      6.9003	     21.5139
     -2.5668	      0.5950	     29.5394	     -5.5009
     -3.8833	      4.7328	      3.6753	     23.8841
     -0.4621	      1.2371	      9.4823	      3.0486
    -20.9951	    -32.4425	    -35.5300	     12.2372
     16.6454	     11.7284	     12.1787	     27.9027
     -2.2629	     -3.8830	     -3.5993	     27.2257
     -8.0819	      4.2488	      0.0000	     28.8285
      2.2833	     -0.4444	      4.0891	     13.9525
    -40.3948	    -15.9459	    -40.4513	     14.5850
     14.0443	      9.1155	      2.4017	     23.5750
     10.4783	     -9.3313	     -9.8749	     28.5764
     10.3243	     -4.9941	    -10.4036	     31.8282
     -1.4041	    -13.1235	     -2.1087	     17.7932
     -3.8507	     -4.7635	     -5.1340	     13.2796
     -5.7926	     -8.7546	     -3.3204	     21.7668
     -3.9325	     36.8006	     -3.5299	      5.3809
     -5.0214	      0.5035	     10.5845	      1.7158
     -7.7979	     -6.1767	     -7.6580	     10.6530
     -5.4188	     -3.0319	     -3.4082	     -0.3223
     -0.5739	     -0.2194	      1.5565	     15.2550
     10.5791	     11.5548	     19.0616	     28.4937
     -2.9464	      9.4692	     17.4042	     -1.9495
    -18.0969	    -20.8602	    -12.8827	      3.2487
     -4.0056	    -12.6220	     -6.1297	      3.4577
      5.2674	      3.9176	     11.2180	      5.6957
      1.8545	     16.4364	      4.9946	     24.9764
     13.3176	      5.7848	      9.8933	     14.9803
    -13.7855	     -9.4862	    -10.4089	      6.9969
     -3.0885	    -12.8407	    -13.9371	      9.4360
     -0.0194	      3.7054	     -0.3528	     24.2480
      3.2892	      7.9266	     40.3142	      9.1572
      9.1416	      4.7707	     12.2382	     22.6234
    -23.6114	    -26.8854	      0.2705	    -27.5234
      5.4376	     -6.0504	    -19.0188	     16.2308
     17.9866	      7.4497	      6.0807	     31.6189
      2.3219	     -3.9624	     -5.5821	     24.0978
     11.4287	      0.2287	     -5.1198	     20.7821
    -30.8763	    -16.3571	    -48.9354	    -32.9769
      0.0000	      0.0000	      0.0000	      0.0000
     -8.4991	      0.0000	      0.0000	      8.4162
     23.4614	      0.0000	      0.0000	      0.0000
     -2.2349	     -3.3403	      5.9987	     -2.8470
     -2.9347	     -1.7719	     -6.4870	     -5.7325
     -1.9443	     -0.6172	     -3.4219	     -0.9864
     -0.2806	     -0.8308	      7.8539	      3.3593
     -0.3423	     -2.6819	     -0.3501	      8.9435
    -11.5449	    -14.8349	     10.1063	    -20.9058
    -10.9676	      0.8188	    -20.2262	     -4.8778
     -0.7996	     -1.4280	      7.8530	      0.0000
     -3.3195	      6.9732	     -5.2731	     -4.5533
     -3.2574	     -0.7520	      1.8536	      0.0000
     -2.4950	     -4.5839	     -3.4626	      4.0723
    -35.1244	    -26.8701	    -13.1222	    -31.2483
      3.3075	     -2.6779	     -1.4031	     11.2047
     -5.9580	     -5.9460	    -10.3004	     -5.8500
     -2.0779	      0.0000	     15.7605	      0.0000
      2.8469	      4.4824	      9.2619	     19.0990
    -43.9497	    -37.5626	    -35.9902	     -6.8375
     -0.8208	     -0.8416	     -2.0167	      5.3625
     -1.6335	     -9.1028	    -15.1858	      6.9492
     -3.8245	     -1.9714	    -16.7424	      8.5630
     -5.6208	     -0.7142	    -25.0401	     12.4224
    -51.4605	    -85.7308	    -76.9960	    -17.1888
     -4.4762	     -5.8389	     -3.4388	      9.1675
     -2.0955	     -3.8483	     -0.7670	     15.7458
     -2.1277	     -0.9912	     -3.9837	     31.2321
      2.6837	     -0.2301	     -6.6825	     19.4483
     -1.9862	     -4.0941	     -4.1653	      0.6339
    -21.6024	    -19.8835	    -26.9900	      6.2819
     -4.2867	     -1.9173	    -10.0929	     17.3712
     -7.3862	     -3.7571	     -7.7116	     19.8066
     -6.7829	     -3.8164	      4.1318	     24.2497
     -6.0836	     -6.5788	     -9.6779	      4.5003
    -13.5725	    -29.4520	    -38.9823	    -32.5362
      2.1831	     -4.2579	     -8.6718	     18.3637
      5.0895	     -1.1725	    -12.3693	     19.8205
      2.5181	     -4.0514	      3.5383	     22.3165
     -2.5448	     -4.5004	    -12.4880	      3.0530
    -29.0277	    -23.3826	    -24.9573	     -0.4466
    -14.9352	     -4.1959	    -16.7940	      8.9412
     -3.6098	     -2.1707	     -5.1828	     15.1932
     -8.2627	     -0.6371	     -4.5130	     23.6862
    -15.6057	    -23.3059	    -26.2029	     -8.9919
    -58.7107	    -58.1963	    -64.9590	    -18.7574
    -20.3648	    -18.5956	    -20.3674	      3.1813
    -70.9491	    -81.6725	    -50.3259	     -5.7060
    -33.3935	    -55.6784	    -56.0937	    -14.7209
    -50.7951	    -54.9693	    -59.9560	    -39.7335
    -10.6286	    -16.5508	    -13.6136	      6.0659
      4.4054	      0.2174	     -3.5705	     17.9522
     11.8065	      7.2175	     -2.5504	     27.1076
      5.6565	      5.8572	     -9.6041	     11.3759
    -19.0185	    -13.7736	    -29.0086	     -9.3822
     -9.4271	    -16.6570	    -18.3534	     11.3569
      5.2524	      2.8409	     -5.5361	     12.9554
     -1.1135	      0.2877	     -8.6471	     23.5967
     -0.0177	      0.6335	     -6.9778	      6.6562
    -17.7514	    -19.4033	    -18.2400	     -5.6026
     -7.5596	    -23.3996	    -32.8796	      5.8503
     -3.5404	      6.1113	    -12.9762	     10.8698
     -1.4901	     -9.8396	    -11.1308	     10.7873
      2.5392	     -0.7353	     -1.7869	     18.6389
    -30.8739	    -23.1519	    -31.6751	     -5.7842
    -11.1857	    -10.0529	    -17.9213	     -2.6355
     -8.8049	     -5.5566	     -6.5593	      1.9773
      4.8344	     -3.3844	    -20.9892	     18.5167
     -7.5520	     -5.1552	    -11.5169	      6.1840
    -25.4393	    -33.9555	    -27.7289	    -11.6486
    -44.5376	    -41.8410	    -63.5966	    -15.8558
    -29.4499	    -13.9396	    -37.3920	    -10.2669
    -36.4091	    -33.3373	    -35.3624	    -10.4619
    -42.1871	    -34.5214	    -31.8869	     -7.0649
    -74.3563	    -67.9547	    -71.5937	    -49.0148
     -1.3578	     -1.0941	     -3.9180	      0.7694
     -1.4607	     -1.1993	     -0.7940	     17.0049
     20.4577	      0.5652	      0.0000	      0.0000
     -3.0150	     -1.1804	     -5.6324	      7.8647
     -7.6072	     -4.2394	     -5.7886	    -20.7643
     -4.2159	     -4.2386	     -3.3626	     10.9482
     -6.2301	     -4.1137	     -3.6446	      9.6896
     -7.4512	      0.4547	     -5.6180	     -6.9782
     -5.0148	     -0.5822	     -8.8573	     -8.1937
    -12.5155	    -11.5800	    -26.7583	    -21.2819
     -4.8942	     -7.1268	     -5.1148	     12.5013
     -9.1292	     -5.9008	    -10.6349	     16.3086
     -3.5651	     -2.9918	     -6.3945	      5.6433
    -17.5102	    -15.5420	    -17.0866	     -2.0298
    -40.7612	    -48.3049	    -45.6652	    -46.4209
    -30.2151	    -16.9852	    -27.3283	      8.9702
    -37.1461	     -3.3192	    -33.5447	    -39.4223
     -6.7104	     -8.4871	     -8.4642	     -5.5144
    -11.7730	    -13.8370	    -17.1245	     -5.9246
    -74.1924	    -76.1066	    -72.5852	    -20.2972
    -56.5168	    -59.1939	    -58.3705	    -59.9802
    -84.6501	    -77.1581	    -98.9637	    -23.0784
    -56.9555	    -38.6739	    -49.9777	    -32.0233
    -47.7931	    -44.7915	    -56.8688	    -17.8299
    -99.0501	    -75.7778	   -104.8996	    -43.7018
    -47.0406	    -53.8245	    -51.9339	    -60.6060
    -21.2394	    -22.0437	    -22.8990	    -28.9368
      2.3462	      0.0000	      0.0000	      0.0000
    -20.0000	    -20.4614	     -4.3633	    -25.5406
    -46.0056	    -38.7283	    -36.6909	    -38.0698
    -40.6694	    -40.8069	    -40.3309	    -37.1911
    -45.0690	    -34.4996	    -45.1080	    -21.1157
    -13.4529	    -11.9300	    -18.6070	    -12.3812
    -15.2902	    -16.0620	    -15.2573	    -12.4205
    -43.9346	    -27.2655	    -27.1979	    -27.8164
    -47.3951	    -66.5466	    -55.9963	    -57.6668
    -33.4724	    -34.0384	    -34.0889	    -31.3294
     -7.8516	    -12.7877	    -19.8241	    -10.0700
    -21.4397	    -21.6861	    -23.3640	     -5.3159
    -24.3819	    -26.0430	    -21.8876	    -25.3856
    -24.1193	    -23.4379	    -27.2370	      6.2319
    -27.2290	    -26.9957	    -37.7694	      6.2987
    -10.8433	    -11.7817	    -11.9556	    -11.8045
    -18.8022	    -16.8248	    -18.5452	    -19.6236
    -26.8720	    -20.4495	    -17.1389	    -20.7424
    -83.8324	    -71.1576	    -75.3543	    -21.5231
    -23.5559	    -36.0113	    -26.5802	     12.7281
    -18.6075	    -18.9171	    -28.9376	     -1.2046
    -24.4296	    -25.4164	    -26.5361	     -0.0486
    -32.0042	    -31.2657	    -24.0616	     -7.2379
     -3.8983	      2.2623	      0.0000	      0.0000
    -20.9442	     -4.8968	    -26.7840	    -11.3241
     10.6601	      0.0000	      0.0000	      0.0000
     -4.8242	    -23.4603	    -26.5721	    -39.4547
    -31.3334	    -39.3719	    -47.9902	    -37.5643
     -7.0724	     -8.5469	    -27.7180	      0.6130
    -15.9201	     -2.3507	    -16.4821	     14.7566
     -5.3438	     -6.0067	      5.7140	     -7.7271
    -17.4012	    -17.6924	     -6.8408	      5.9924
    -29.7733	    -33.3104	    -31.3542	    -19.2621
    -19.0065	    -16.2451	    -20.6720	    -14.8917
    -13.0303	    -18.7087	    -12.7832	     -0.1868
     -9.4862	     -9.0521	      5.1491	     -9.0837
    -23.0561	    -21.2284	    -14.7289	      3.5112
    -25.7099	    -21.2963	    -25.5428	      5.4956
     -7.5212	     -8.6460	    -12.6289	     -1.5636
    -11.3729	    -10.9153	    -17.9279	      8.6881
    -15.9269	    -18.1947	    -16.0896	     36.8378
    -15.6699	    -13.2159	    -16.3041	     31.1942
    -11.2316	    -19.6694	    -16.8583	     -6.3578
    -25.7927	    -29.5464	    -28.8459	      9.7168
    -18.4769	    -16.0533	    -19.5373	     19.9535
    -26.7540	    -26.5325	     12.9313	    -24.8769
    -20.5487	    -28.1811	    -36.7964	     22.3128
    -19.0330	    -34.8587	    -33.5136	    -33.1980
      0.0000	      0.0000	      0.0000	     -0.1195
      0.0000	     -8.8862	      2.3757	      0.0000
     -0.3373	    -20.0875	      0.0000	      0.0000
     -9.7811	    -12.6447	     -8.5741	    -10.0571
    -20.9410	    -22.9904	    -21.4891	    -17.2805
     -2.8220	    -21.5890	     12.2768	     -7.0161
     -7.2110	     -3.6030	      8.5070	     -2.5603
     -4.5432	     -4.8004	    -11.2063	     -6.6297
    -16.0744	    -18.5962	    -24.5196	    -15.2259
    -36.3702	    -37.9358	    -41.9561	    -24.0043
     -3.0455	     -5.0208	     -9.5023	     -5.4350
     -5.2177	     -7.7675	     -6.6398	     -6.6988
    -12.2364	    -15.0512	    -14.5248	    -13.6605
    -25.1670	    -22.4722	    -26.0258	    -26.4726
    -33.1932	    -33.9191	    -33.6935	     -8.4088
     -6.1786	     -7.4240	    -14.7710	     -8.6749
     -7.5852	     -9.4565	     -3.1058	     -7.0538
     -5.1312	     -0.2042	     15.0819	      0.0000
     -3.3152	    -23.3172	     27.0550	     -8.0556
    -26.7363	    -31.7271	    -25.7923	     -4.3634
     -8.3841	     -5.5064	     -8.4122	     -1.7421
    -13.1853	    -12.9049	    -12.3714	      5.2913
    -15.5431	    -25.3182	    -27.4380	    -22.5619
    -31.1745	    -38.5247	    -39.2507	     20.0725
    -63.7591	    -52.8322	    -59.8031	    -64.0006
    -45.6013	    -28.4206	    -38.5164	    -17.1970
    -45.5344	    -45.3155	    -44.9531	    -11.8459
    -20.2059	     -7.0074	     -7.3556	      9.5066
    -12.8795	    -11.1456	    -21.6398	    -12.4622
    -51.6990	    -55.5848	    -53.9559	    -53.1322
    -39.0011	    -32.3234	    -28.1698	    -10.4932
    -29.5403	    -29.1265	    -33.8817	     13.1713
    -13.5397	    -13.4220	    -20.2912	     16.6144
    -14.6209	    -19.7171	    -18.6524	     11.5353
    -27.9014	    -27.5661	    -31.0802	    -12.2858
    -46.2910	    -62.3201	    -46.3743	    -11.1794
    -39.4965	    -34.0221	    -44.6574	     15.7124
    -25.0784	    -22.6227	    -24.8364	     10.7527
    -35.4753	    -35.1853	    -36.8564	     14.3620
    -27.0164	    -25.4494	    -26.5001	      6.8631
    -44.2855	    -48.5707	    -58.0739	      0.4128
    -14.1958	    -22.2853	    -37.9144	     24.6616
    -32.2910	    -35.4918	    -37.3503	     13.2209
    -35.5091	    -34.9748	    -35.4588	      9.6988
    -26.7002	    -25.5742	    -32.1656	      2.8273
    -49.4643	    -50.1658	    -54.6169	     18.5538
    -22.6998	    -15.0751	    -39.1053	     30.1871
    -20.6949	    -21.4710	    -22.5061	     19.6556
    -18.8449	    -19.6087	    -30.6032	     -6.1373
    -34.4193	    -29.2730	    -36.2424	    -35.1836
     -0.9104	     -5.4285	    -11.8090	    -14.7014
    -27.0416	    -32.5617	     -2.5466	    -17.4400
     -4.2137	     -2.7473	     -5.2209	     34.4135
    -21.3973	    -21.1353	    -31.4625	     22.3476
    -37.0146	    -38.9155	    -38.2045	     -2.5092
    -14.3844	    -14.6586	    -13.6693	      5.4910
    -24.1740	    -24.5859	    -28.1680	     10.9181
     -7.6141	     -6.9268	    -12.0688	     22.6056
    -28.7342	    -30.4258	      5.3160	    -20.5090
    -45.9119	    -33.7409	    -13.1447	    -31.9932
    -14.1364	    -17.6162	    -27.8222	      2.5904
    -19.7007	    -16.4144	    -28.4030	     14.7806
    -18.6955	    -18.5860	    -15.2570	     26.2142
     -7.0852	    -15.7815	     -8.7885	     22.0911
    -20.8696	    -24.7907	    -23.3859	     14.3403
    -27.2387	    -32.2538	    -37.1860	     10.2441
    -10.9943	    -15.4501	     -8.5540	     13.7236
     -7.4120	    -15.8057	    -12.7504	     27.4208
    -14.4511	    -11.6756	    -24.1039	     16.3951
    -32.1451	    -39.4940	    -26.1044	    -27.4684
    -23.4406	    -49.6500	    -53.9807	     22.2628
    -36.2722	    -38.6141	    -58.1295	     24.1453
    -16.2234	    -11.5760	    -18.6030	     13.6739
    -32.1678	    -30.1769	    -69.7406	     15.3081
    -62.1663	    -61.5509	    -67.4783	     -0.2292
      0.0509	      0.0000	      0.0000	      0.0000
     -3.3497	      1.9019	      0.0000	      0.0000
     -1.9900	     -1.7010	      3.5397	      0.0000
     -3.7898	     -9.7002	    -10.8577	     -1.6476
    -21.4785	    -18.9497	    -11.5579	      0.7874
     -2.1624	     -2.4483	      0.6007	      0.0000
     -6.2514	     -7.5088	     11.3983	     -5.9168
     -8.5210	     -8.8134	     -0.3828	     -7.6818
    -32.1289	    -33.3414	    -15.3173	    -34.2330
     -8.8268	     -9.1147	    -13.7758	    -11.6679
     -3.0072	     -3.4022	     -1.7113	     -0.0727
     -7.3106	     -7.7516	     12.4220	     -6.8246
    -14.1977	    -13.1684	    -12.3423	      5.5534
    -14.2740	    -15.3619	     -6.3731	    -13.7303
    -51.5248	    -71.3986	    -48.8873	    -48.1318
    -13.1678	    -13.1420	     -9.8770	     -4.7246
    -23.7893	    -25.4372	    -22.2434	    -25.9133
    -12.6791	    -12.7734	    -11.6951	      8.2509
     -8.3653	      2.2265	    -15.2650	     27.0492
    -63.7458	    -69.2817	     -9.5312	    -74.0878
    -13.2473	     -9.6509	    -17.2470	    -13.4454
    -46.3085	    -11.3564	    -60.3580	    -45.4343
    -19.9764	    -19.5759	    -36.3189	     19.6005
    -40.3200	    -37.7864	    -35.8437	      9.1169
    -88.8721	    -88.4970	   -101.0545	    -72.8100
    -22.4196	    -24.7668	    -29.7577	     -7.2024
     -6.4352	     -5.3034	     -6.8965	      9.7271
    -10.1432	    -10.2792	     -9.6461	      9.5563
    -14.0958	    -14.4738	    -38.4526	     22.6418
     -6.6059	    -13.2667	    -17.0773	    -11.4393
    -20.0348	    -26.4944	    -28.0554	    -45.1046
    -31.4153	    -37.1705	    -46.6302	     10.8167
    -22.2354	    -26.2765	    -29.4000	     15.8883
    -12.6173	     -8.9590	    -27.2667	     13.6784
    -17.2132	    -17.4039	    -20.6811	      5.7275
    -56.2465	    -52.3362	    -48.2609	      1.4084
    -22.9688	    -23.6741	    -47.0469	      7.8157
    -24.1510	    -18.3472	    -19.5451	     10.1771
    -26.1196	    -22.8080	    -37.4750	     15.6491
    -25.4296	    -25.6445	    -33.9319	      9.1875
    -80.5774	    -74.0724	    -82.1522	    -32.9584
    -27.9532	    -38.2393	    -51.8781	      5.2794
    -14.6710	    -14.1270	    -28.5104	     10.9709
    -57.9019	    -48.9638	    -53.8723	     18.9016
    -45.5308	    -42.5652	    -49.9571	     14.5261
    -61.4649	    -63.3895	    -84.4236	    -19.7513
    -44.7918	    -69.2308	    -57.5155	      1.5164
   -107.3899	   -121.6375	   -116.4686	    -13.4573
    -94.5534	    -87.9389	   -105.0124	     -5.7278
    -82.4044	    -91.4972	   -107.4381	    -38.6664
    -17.6759	    -19.3341	    -28.8466	      4.7178
     -4.5971	     -9.3342	    -15.2805	     19.1312
     -1.8228	     -5.3650	     -2.9934	     21.5759
     -5.7831	     -9.3844	    -21.9284	     12.7303
    -47.5702	    -41.3832	    -48.9138	    -45.4777
    -24.8594	    -20.7612	    -29.6417	    -23.5027
    -14.2716	    -19.3268	    -26.6364	      8.3494
    -18.2139	     -8.5808	    -18.1196	     11.7288
    -12.1190	    -19.7505	    -28.0044	     14.9287
    -39.7942	    -47.5363	    -44.6980	     -6.3302
    -44.0179	    -45.9219	    -42.9765	      5.7490
    -11.5668	    -18.6114	    -32.0849	     13.1301
    -20.7096	    -21.7156	    -26.4089	     11.4619
    -15.8710	    -17.8689	    -41.2289	      9.1365
    -51.3834	    -55.6617	    -55.4800	    -45.9400
    -66.3224	    -44.6447	    -59.4508	     -0.2946
    -43.3784	    -35.8289	    -56.3819	    -18.7448
    -21.4413	    -23.2002	    -25.8880	     13.1104
    -49.6181	    -49.8269	    -49.8234	      5.1413
    -38.8169	    -43.6852	    -47.7088	    -14.6147
    -81.5732	    -66.4609	   -103.8782	    -16.0075
    -93.4742	    -76.5697	   -110.6779	     -6.3114
    -56.1617	    -64.3483	    -86.8288	    -19.6100
   -113.1803	   -128.6749	   -101.4229	    -14.0251
   -150.1795	   -174.2903	   -172.8778	    -61.2925
      4.3722	      0.0000	      0.0000	      0.0000
     -2.5755	     -0.9767	     -0.6367	     -2.9157
     -5.7437	     -6.0371	     -5.7531	     -6.7963
     -5.7855	     -3.2419	     -5.3440	      6.6936
    -20.6610	    -26.9375	    -16.1905	    -15.2004
     -5.4668	     -2.5378	     -4.2833	     -5.7737
    -11.7863	    -11.9265	    -14.8436	      0.9485
    -22.4640	    -21.2599	    -16.9671	    -23.3421
    -25.9338	    -24.7139	    -24.1236	    -17.8434
    -30.8424	    -19.6451	    -24.1019	    -22.9737
     -5.2703	     -6.0147	     -6.4647	     -3.4013
    -16.2579	    -16.3910	     -8.6081	    -18.1726
    -15.7815	    -16.5511	    -15.8126	    -12.8938
    -26.9593	    -25.1087	    -27.4386	    -21.6949
    -73.8523	    -72.5931	    -64.9196	    -69.1446
    -36.2304	    -37.1382	    -36.5623	    -45.8322
    -48.3048	    -31.0951	    -40.4755	    -48.4860
    -26.4625	    -25.3929	    -25.0123	    -27.9284
    -40.2482	    -41.7596	    -42.2187	      1.9456
    -79.1468	    -66.7503	    -31.1530	    -58.5860
    -85.0587	    -87.1567	    -88.5414	    -63.5085
   -122.1523	   -110.5634	    -95.9507	    -47.4494
   -104.9890	    -94.6713	    -70.6291	    -48.5824
    -82.7466	   -101.7104	    -84.3225	    -58.9350
   -214.0191	   -234.1106	   -114.6956	   -214.5438
    -11.9971	      8.4131	      0.0000	      0.0000
      0.0000	      0.0000	      0.0000	      0.0000
      4.3327	      0.0000	      0.0000	      0.0000
      0.0000	      0.0000	      0.0000	      0.0000
      0.0000	      0.0000	      0.0000	      0.0000
      0.0000	      0.0000	      0.0000	      0.0000
      0.0000	      0.0000	      0.0000	      0.0000
      0.0000	      0.0000	      0.0000	      0.0000
      0.0000	      0.0000	      0.0000	      0.0000
      0.0000	      0.0000	      0.0000	      0.0000
      0.0000	      0.0000	      0.0000	      0.0000
      0.0000	      0.0000	      0.0000	      0.0000
      0.0000	      0.0000	      0.0000	      0.0000
      0.0000	      0.0000	      0.0000	      0.0000
      0.0000	      0.0000	      0.0000	      0.0000
      0.0000	      0.0000	      0.0000	      0.0000
      0.0000	      0.0000	      0.0000	      0.0000
      0.0000	      0.0000	      0.0000	      0.0000
      0.0000	      0.0000	      0.0000	      0.0000
      0.0000	      0.0000	      0.0000	      0.0000
      0.0000	      0.0000	      0.0000	      0.0000
      0.0000	      0.0000	      0.0000	      0.0000
      0.0000	      0.0000	      0.0000	      0.0000
      0.0000	      0.0000	      0.0000	      0.0000
      0.0000	      0.0000	      0.0000	      0.0000
      3.0425	    -20.0000	      0.0000	      0.0000
    -20.0000	      0.0000	      0.0000	      0.0000
      0.0000	      0.0000	      0.0000	      0.0000
      0.0000	      0.0000	      0.0000	      0.0000
      0.0000	      0.0000	      0.0000	      0.0000
      2.9951	      0.0000	      0.0000	      0.0000
      0.0000	      0.0000	      0.0000	      0.0000
      0.0000	      0.0000	      0.0000	      0.0000
      0.0000	      0.0000	      0.0000	      0.0000
      0.0000	      0.0000	      0.0000	      0.0000
      0.0000	      0.0000	      0.0000	      0.0000
      0.0000	      0.0000	      0.0000	      0.0000
      0.0000	      0.0000	      0.0000	      0.0000
      0.0000	      0.0000	      0.0000	      0.0000
      0.0000	      0.0000	      0.0000	      0.0000
      0.0000	      0.0000	      0.0000	      0.0000
      0.0000	      0.0000	      0.0000	      0.0000
      0.0000	      0.0000	      0.0000	      0.0000
      0.0000	      0.0000	      0.0000	      0.0000
      0.0000	      0.0000	      0.0000	      0.0000
      0.0000	      0.0000	      0.0000	      0.0000
      0.0000	      0.0000	      0.0000	      0.0000
      0.0000	      0.0000	      0.0000	      0.0000
      0.0000	      0.0000	      0.0000	      0.0000
      0.0000	      0.0000	      0.0000	      0.0000
      0.0000	      0.0000	      0.0000	      0.0000
      5.9651	      0.0000	    -20.0000	    -28.8832
      0.0000	      0.0000	      0.0000	      0.0000
      0.0000	      0.0000	      0.0000	      0.0000
      0.0000	      0.0000	      0.0000	      0.0000
      0.0000	      0.0000	      0.0000	      0.0000
     -9.9930	      0.0000	      0.0000	      0.0000
      0.0000	      0.0000	      0.0000	      0.0000
      0.0000	      0.0000	      0.0000	      0.0000
      0.0000	      0.0000	      0.0000	      0.0000
      0.0000	      0.0000	      0.0000	      0.0000
      0.0000	      0.0000	      0.0000	      0.0000
      0.0000	      0.0000	      0.0000	      0.0000
      0.0000	      0.0000	      0.0000	      0.0000
      0.0000	      0.0000	      0.0000	      0.0000
      0.0000	      0.0000	      0.0000	      0.0000
      0.0000	      0.0000	      0.0000	      0.0000
      0.0000	      0.0000	      0.0000	      0.0000
      0.0000	      0.0000	      0.0000	      0.0000
      0.0000	      0.0000	      0.0000	      0.0000
      0.0000	      0.0000	      0.0000	      0.0000
      0.0000	      0.0000	      0.0000	      0.0000
      0.0000	      0.0000	      0.0000	      0.0000
      0.0000	      0.0000	      0.0000	      0.0000
      0.0000	      0.0000	      0.0000	      0.0000
    -23.6094	      0.0000	      0.0000	      0.0000
     -2.6714	      0.0000	      0.0000	      0.0000
      4.9172	      0.0000	      0.0000	      0.0000
    -19.9761	    -17.1416	      0.0000	      0.0000
      0.0000	      0.0000	      0.0000	      0.0000
      0.0000	      0.0000	      0.0000	      0.0000
      0.0000	      0.0000	      0.0000	      0.0000
      0.0000	      0.0000	      0.0000	      0.0000
      0.0000	      0.0000	      0.0000	      0.0000
      4.2831	      0.0000	      0.0000	      0.0000
      0.0000	      0.0000	      0.0000	      0.0000
      0.0000	      0.0000	      0.0000	      0.0000
      0.0000	      0.0000	      0.0000	      0.0000
      0.0000	      0.0000	      0.0000	      0.0000
      0.0000	      0.0000	      0.0000	      0.0000
      0.0000	      0.0000	      0.0000	      0.0000
      0.0000	      0.0000	      0.0000	      0.0000
      0.0000	      0.0000	      0.0000	      0.0000
      0.0000	      0.0000	      0.0000	      0.0000
      0.0000	      0.0000	      0.0000	      0.0000
      0.0000	      0.0000	      0.0000	      0.0000
      0.0000	      0.0000	      0.0000	      0.0000
      0.0000	      0.0000	      0.0000	      0.0000
      0.0000	      0.0000	      0.0000	      0.0000
      0.0000	      0.0000	      0.0000	      0.0000
     -4.3415	     -7.6812	     -1.4659	      4.8986
     18.0740	      0.0000	      0.0000	      0.0000
     -5.8904	      1.7307	      0.0000	      0.0000
     22.5979	      0.0000	      0.0000	      0.0000
    -15.2731	      0.0000	      0.0000	     -2.5029
      9.5341	      3.8303	      0.0000	      0.0000
     11.6861	      0.0000	      0.0000	      0.0000
      0.0000	      0.0000	      0.0000	      0.0000
     -0.8548	      0.0000	      0.0000	      0.0000
     -8.7682	     -7.0931	    -22.9652	      0.0000
      0.0000	      0.0000	      0.0000	      0.0000
      0.0000	      0.0000	      0.0000	      0.0000
      0.0000	      0.0000	      0.0000	      0.0000
      0.0000	      0.0000	      0.0000	      0.0000
      0.0000	      0.0000	      0.0000	      0.0000
      0.0000	      0.0000	      0.0000	      0.0000
      0.0000	      0.0000	      0.0000	      0.0000
      0.0000	      0.0000	      0.0000	      0.0000
      0.0000	      0.0000	      0.0000	      0.0000
      0.0000	      0.0000	      0.0000	      0.0000
      0.0000	      0.0000	      0.0000	      0.0000
      0.0000	      0.0000	      0.0000	      0.0000
      0.0000	      0.0000	      0.0000	      0.0000
      0.0000	      0.0000	      0.0000	      0.0000
      0.0000	      0.0000	      0.0000	      0.0000
     -9.3627	      2.6463	      0.0000	      0.0000
    -18.3513	     -2.2864	      0.5954	    -12.7232
      0.2407	    -11.4996	    -17.5190	    -20.4698
      0.5271	    -20.7316	     -2.8804	    -21.6126
     -4.6854	      0.0000	     -4.7055	      0.0000
      3.3517	      0.0000	      0.0000	      0.0000
      0.0000	      0.0000	      0.0000	      0.0000
      0.0000	      0.0000	      0.0000	      0.0000
    -12.2739	      0.0000	      0.0000	      0.0000
    -11.2785	    -22.3473	     -6.6522	    -15.7503
      0.0000	      0.0000	      0.0000	      0.0000
      0.0000	      0.0000	      0.0000	      0.0000
      0.0000	      0.0000	      0.0000	      0.0000
      0.0000	      0.0000	      0.0000	      0.0000
      0.0000	      0.0000	      0.0000	      0.0000
      0.0000	      0.0000	      0.0000	      0.0000
      0.0000	      0.0000	      0.0000	      0.0000
      0.0000	      0.0000	      0.0000	      0.0000
      0.0000	      0.0000	      0.0000	      0.0000
      0.0000	      0.0000	      0.0000	      0.0000
      0.0000	      0.0000	      0.0000	      0.0000
      0.0000	      0.0000	      0.0000	      0.0000
      0.0000	      0.0000	      0.0000	      0.0000
      0.0000	      0.0000	      0.0000	      0.0000
      0.0000	      0.0000	      0.0000	      0.0000
      3.8423	      0.0000	      0.0000	      0.0000
     -1.8491	      0.0000	      0.0000	      0.0000
      0.0000	      0.0000	      0.0000	      0.0000
      0.0000	      0.0000	      0.0000	      0.0000
      0.0000	      0.0000	      0.0000	      0.0000
      0.0000	      0.0000	      0.0000	      0.0000
      0.0000	      0.0000	      0.0000	      0.0000
      0.0000	      0.0000	      0.0000	      0.0000
      0.0000	      0.0000	      0.0000	      0.0000
      0.0000	      0.0000	      0.0000	      0.0000
      0.0000	      0.0000	      0.0000	      0.0000
      0.0000	      0.0000	      0.0000	      0.0000
      0.0000	      0.0000	      0.0000	      0.0000
      0.0000	      0.0000	      0.0000	      0.0000
      0.0000	      0.0000	      0.0000	      0.0000
      0.0000	      0.0000	      0.0000	      0.0000
      0.0000	      0.0000	      0.0000	      0.0000
      0.0000	      0.0000	      0.0000	      0.0000
      0.0000	      0.0000	      0.0000	      0.0000
      0.0000	      0.0000	      0.0000	      0.0000
      0.0000	      0.0000	      0.0000	      0.0000
      0.0000	      0.0000	      0.0000	      0.0000
      0.0000	      0.0000	      0.0000	      0.0000
      0.0000	      0.0000	      0.0000	      0.0000
      0.0000	      0.0000	      0.0000	      0.0000
     -7.3307	     -6.8749	     -6.1992	      0.0000
      5.9574	      0.0000	      0.0000	      0.0000
     -0.9608	     -0.5475	      0.0000	      0.0000
     -0.1292	     -2.2726	     -2.7277	      0.0000
     -3.9940	      5.6069	      0.0000	      0.0000
     -3.5244	     -6.1776	     -8.0184	      7.4119
     -1.6477	      5.1859	      0.0000	      0.0000
      0.0000	      0.0000	      0.0000	      0.0000
     -1.7036	     -0.3599	      0.0000	      0.0000
     -1.5887	     -1.4940	    -13.0792	      0.0000
      0.0000	      0.0000	      0.0000	      0.0000
      0.0000	      0.0000	      0.0000	      0.0000
      0.0000	      0.0000	      0.0000	      0.0000
      0.0000	      0.0000	      0.0000	      0.0000
      0.0000	      0.0000	      0.0000	      0.0000
      0.0000	      0.0000	      0.0000	      0.0000
      0.0000	      0.0000	      0.0000	      0.0000
      0.0000	      0.0000	      0.0000	      0.0000
      0.0000	      0.0000	      0.0000	      0.0000
      0.0000	      0.0000	      0.0000	      0.0000
      0.0000	      0.0000	      0.0000	      0.0000
      0.0000	      0.0000	      0.0000	      0.0000
      0.0000	      0.0000	      0.0000	      0.0000
      0.0000	      0.0000	      0.0000	      0.0000
      0.0000	      0.0000	      0.0000	      0.0000
      0.0000	      0.0000	      0.0000	      0.0000
     -4.3781	    -20.7346	    -25.0003	    -20.0922
     -6.3306	      0.0000	      0.0000	      0.0000
     -0.1717	     -6.6309	      0.0000	      0.0000
     -8.9881	    -18.6195	     -5.9602	     -8.3352
     -1.9058	      2.1964	      0.0000	      0.0000
     -5.4958	     -5.6006	      0.0000	      0.0000
      0.0000	      0.0000	      0.0000	      0.0000
      0.0000	      0.0000	      0.0000	      0.0000
    -14.8451	     -6.1220	    -18.5840	    -15.6319
      0.0000	      0.0000	      0.0000	      0.0000
      0.0000	      0.0000	      0.0000	      0.0000
      0.0000	      0.0000	      0.0000	      0.0000
      0.0000	      0.0000	      0.0000	      0.0000
      0.0000	      0.0000	      0.0000	      0.0000
      0.0000	      0.0000	      0.0000	      0.0000
      0.0000	      0.0000	      0.0000	      0.0000
      0.0000	      0.0000	      0.0000	      0.0000
      0.0000	      0.0000	      0.0000	      0.0000
      0.0000	      0.0000	      0.0000	      0.0000
      0.0000	      0.0000	      0.0000	      0.0000
      0.0000	      0.0000	      0.0000	      0.0000
      0.0000	      0.0000	      0.0000	      0.0000
      0.0000	      0.0000	      0.0000	      0.0000
      0.0000	      0.0000	      0.0000	      0.0000
      0.0000	      0.0000	      0.0000	      0.0000
      0.0000	      0.0000	      0.0000	      0.0000
      0.0000	      0.0000	      0.0000	      0.0000
      0.0000	      0.0000	      0.0000	      0.0000
      0.0000	      0.0000	      0.0000	      0.0000
      0.0000	      0.0000	      0.0000	      0.0000
      0.0000	      0.0000	      0.0000	      0.0000
      0.0000	      0.0000	      0.0000	      0.0000
      0.0000	      0.0000	      0.0000	      0.0000
      0.0000	      0.0000	      0.0000	      0.0000
      0.0000	      0.0000	      0.0000	      0.0000
      0.0000	      0.0000	      0.0000	      0.0000
      0.0000	      0.0000	      0.0000	      0.0000
      0.0000	      0.0000	      0.0000	      0.0000
      0.0000	      0.0000	      0.0000	      0.0000
      0.0000	      0.0000	      0.0000	      0.0000
      0.0000	      0.0000	      0.0000	      0.0000
      0.0000	      0.0000	      0.0000	      0.0000
      0.0000	      0.0000	      0.0000	      0.0000
      0.0000	      0.0000	      0.0000	      0.0000
      0.0000	      0.0000	      0.0000	      0.0000
      0.0000	      0.0000	      0.0000	      0.0000
      0.0000	      0.0000	      0.0000	      0.0000
      0.0000	      0.0000	      0.0000	      0.0000
      0.0000	      0.0000	      0.0000	      0.0000
      0.0000	      0.0000	      0.0000	      0.0000
      0.0000	      0.0000	      0.0000	      0.0000
      0.0000	      0.0000	      0.0000	      0.0000
      0.0000	      0.0000	      0.0000	      0.0000
      0.0000	      0.0000	      0.0000	      0.0000
      0.0000	      0.0000	      0.0000	      0.0000
      0.0000	      0.0000	      0.0000	      0.0000
      0.0000	      0.0000	      0.0000	      0.0000
    -18.6623	      0.0000	      0.0000	      0.0000
      0.0000	      0.0000	      0.0000	      0.0000
      0.0000	      0.0000	      0.0000	      0.0000
      0.0000	      0.0000	      0.0000	      0.0000
      0.0000	      0.0000	      0.0000	      0.0000
      0.0000	      0.0000	      0.0000	      0.0000
      0.0000	      0.0000	      0.0000	      0.0000
      0.0000	      0.0000	      0.0000	      0.0000
      0.0000	      0.0000	      0.0000	      0.0000
      0.0000	      0.0000	      0.0000	      0.0000
      0.0000	      0.0000	      0.0000	      0.0000
      0.0000	      0.0000	      0.0000	      0.0000
      0.0000	      0.0000	      0.0000	      0.0000
      0.0000	      0.0000	      0.0000	      0.0000
      0.0000	      0.0000	      0.0000	      0.0000
      0.0000	      0.0000	      0.0000	      0.0000
      0.0000	      0.0000	      0.0000	      0.0000
      0.0000	      0.0000	      0.0000	      0.0000
      0.0000	      0.0000	      0.0000	      0.0000
      0.0000	      0.0000	      0.0000	      0.0000
      0.0000	      0.0000	      0.0000	      0.0000
      0.0000	      0.0000	      0.0000	      0.0000
      0.0000	      0.0000	      0.0000	      0.0000
      0.0000	      0.0000	      0.0000	      0.0000
      0.0000	      0.0000	      0.0000	      0.0000
      0.0000	      0.0000	      0.0000	      0.0000
      0.0000	      0.0000	      0.0000	      0.0000
      0.0000	      0.0000	      0.0000	      0.0000
      0.0000	      0.0000	      0.0000	      0.0000
      0.0000	      0.0000	      0.0000	      0.0000
      0.0000	      0.0000	      0.0000	      0.0000
      0.0000	      0.0000	      0.0000	      0.0000
      0.0000	      0.0000	      0.0000	      0.0000
      0.0000	      0.0000	      0.0000	      0.0000
      0.0000	      0.0000	      0.0000	      0.0000
      0.0000	      0.0000	      0.0000	      0.0000
      0.0000	      0.0000	      0.0000	      0.0000
      0.0000	      0.0000	      0.0000	      0.0000
      0.0000	      0.0000	      0.0000	      0.0000
      0.0000	      0.0000	      0.0000	      0.0000
      0.0000	      0.0000	      0.0000	      0.0000
      0.0000	      0.0000	      0.0000	      0.0000
      5.8678	      0.0000	      0.0000	      0.0000
      0.0000	      0.0000	      0.0000	      0.0000
      0.0000	      0.0000	      0.0000	      0.0000
      5.6769	      0.0000	      0.0000	      0.0000
      0.0000	      0.0000	      0.0000	      0.0000
      0.0000	      0.0000	      0.0000	      0.0000
      0.0000	      0.0000	      0.0000	      0.0000
      0.0000	      0.0000	      0.0000	      0.0000
      0.0000	      0.0000	      0.0000	      0.0000
      0.0000	      0.0000	      0.0000	      0.0000
      0.0000	      0.0000	      0.0000	      0.0000
      0.0000	      0.0000	      0.0000	      0.0000
      0.0000	      0.0000	      0.0000	      0.0000
      0.0000	      0.0000	      0.0000	      0.0000
      0.0000	      0.0000	      0.0000	      0.0000
      0.0000	      0.0000	      0.0000	      0.0000
      0.0000	      0.0000	      0.0000	      0.0000
      0.0000	      0.0000	      0.0000	      0.0000
      0.0000	      0.0000	      0.0000	      0.0000
      0.0000	      0.0000	      0.0000	      0.0000
      0.0000	      0.0000	      0.0000	      0.0000
      0.0000	      0.0000	      0.0000	      0.0000
      0.0000	      0.0000	      0.0000	      0.0000
      0.0000	      0.0000	      0.0000	      0.0000
      0.0000	      0.0000	      0.0000	      0.0000
      2.7567	      0.0000	      0.0000	      0.0000
    -14.7016	      0.0000	      0.0000	      0.0000
    -11.8982	      0.0000	     21.7000	      2.4702
    -12.0076	    -12.6431	      0.0000	      5.3573
      0.0000	      0.0000	      0.0000	      0.0000
    -20.8119	      0.0000	      0.0000	      0.0000
      0.0000	      0.0000	      0.0000	      0.0000
      0.0000	      0.0000	      0.0000	      0.0000
      0.0000	      0.0000	      0.0000	      0.0000
      5.0403	      0.0000	      0.0000	      0.0000
      0.0000	      0.0000	      0.0000	      0.0000
      0.0000	      0.0000	      0.0000	      0.0000
      0.0000	      0.0000	      0.0000	      0.0000
      0.0000	      0.0000	      0.0000	      0.0000
      0.0000	      0.0000	      0.0000	      0.0000
      0.0000	      0.0000	      0.0000	      0.0000
      0.0000	      0.0000	      0.0000	      0.0000
      0.0000	      0.0000	      0.0000	      0.0000
      0.0000	      0.0000	      0.0000	      0.0000
      0.0000	      0.0000	      0.0000	      0.0000
      0.0000	      0.0000	      0.0000	      0.0000
      0.0000	      0.0000	      0.0000	      0.0000
      0.0000	      0.0000	      0.0000	      0.0000
      0.0000	      0.0000	      0.0000	      0.0000
      0.0000	      0.0000	      0.0000	      0.0000
      0.0000	      0.0000	      0.0000	      0.0000
     14.2861	      0.0000	      0.0000	      0.0000
     13.9415	      0.0000	      0.0000	      0.0000
      6.2576	      0.0000	      0.0000	      0.0000
      0.0000	      0.0000	      0.0000	      0.0000
      0.0000	      0.0000	      0.0000	      0.0000
      0.0000	      0.0000	      0.0000	      0.0000
      0.0000	      0.0000	      0.0000	      0.0000
      0.0000	      0.0000	      0.0000	      0.0000
      0.0000	      0.0000	      0.0000	      0.0000
      0.0000	      0.0000	      0.0000	      0.0000
      0.0000	      0.0000	      0.0000	      0.0000
      0.0000	      0.0000	      0.0000	      0.0000
      0.0000	      0.0000	      0.0000	      0.0000
      0.0000	      0.0000	      0.0000	      0.0000
      0.0000	      0.0000	      0.0000	      0.0000
      0.0000	      0.0000	      0.0000	      0.0000
      0.0000	      0.0000	      0.0000	      0.0000
      0.0000	      0.0000	      0.0000	      0.0000
      0.0000	      0.0000	      0.0000	      0.0000
      0.0000	      0.0000	      0.0000	      0.0000
      0.0000	      0.0000	      0.0000	      0.0000
      0.0000	      0.0000	      0.0000	      0.0000
      0.0000	      0.0000	      0.0000	      0.0000
      0.0000	      0.0000	      0.0000	      0.0000
      0.0000	      0.0000	      0.0000	      0.0000
      0.0000	      0.0000	      0.0000	      0.0000
      0.0000	      0.0000	      0.0000	      0.0000
      0.0000	      0.0000	      0.0000	     11.1689
      0.0000	      0.0000	      0.0000	      0.0000
      0.0000	      0.0000	      0.0000	      0.0000
      0.0000	      0.0000	      0.0000	      0.0000
      0.0000	      0.0000	      0.0000	      0.0000
      0.0000	      0.0000	      0.0000	      0.0000
      0.0000	      0.0000	      0.0000	      0.0000
      0.0000	      0.0000	      0.0000	      0.0000
      0.0000	      0.0000	      0.0000	      0.0000
      0.0000	      0.0000	      0.0000	      0.0000
      0.0000	      0.0000	      0.0000	      0.0000
      0.0000	      0.0000	      0.0000	      0.0000
      0.0000	      0.0000	      0.0000	      0.0000
      0.0000	      0.0000	      0.0000	      0.0000
      0.0000	      0.0000	      0.0000	      0.0000
      0.0000	      0.0000	      0.0000	      0.0000
      0.0000	      0.0000	      0.0000	      0.0000
      0.0000	      0.0000	      0.0000	      0.0000
      0.0000	      0.0000	      0.0000	      0.0000
      0.0000	      0.0000	      0.0000	      0.0000
      0.0000	      0.0000	      0.0000	      0.0000
      0.0000	      0.0000	      0.0000	      0.0000
     -1.8542	      0.5975	     -3.6848	      0.0000
     10.1700	      0.0000	      0.0000	      0.0000
     35.7622	      0.0000	     -3.7894	      8.2087
     -2.3230	    -10.5787	     -0.3438	     12.0906
     -0.8645	      3.9078	      0.0000	      0.0000
     -3.8582	      0.0000	      0.0000	      0.0000
      0.0000	      0.0000	      0.0000	      0.0000
      0.0000	      0.0000	      0.0000	      0.0000
      0.0000	      0.0000	      0.0000	      0.0000
      2.2900	      0.0000	      0.0000	      0.0000
      0.0000	      0.0000	      0.0000	      0.0000
      0.0000	      0.0000	      0.0000	      0.0000
      0.0000	      0.0000	      0.0000	      0.0000
      0.0000	      0.0000	      0.0000	      0.0000
      0.0000	      0.0000	      0.0000	      0.0000
      0.0000	      0.0000	      0.0000	      0.0000
      0.0000	      0.0000	      0.0000	      0.0000
      0.0000	      0.0000	      0.0000	      0.0000
      0.0000	      0.0000	      0.0000	      0.0000
      0.0000	      0.0000	      0.0000	      0.0000
      0.0000	      0.0000	      0.0000	      0.0000
      0.0000	      0.0000	      0.0000	      0.0000
      0.0000	      0.0000	      0.0000	      0.0000
      0.0000	      0.0000	      0.0000	      0.0000
      0.0000	      0.0000	      0.0000	      0.0000
      0.0000	      0.0000	      0.0000	      0.0000
      0.0000	      0.0000	      0.0000	      0.0000
      0.0000	      0.0000	      0.0000	      0.0000
     -2.9739	      0.0000	      0.0000	      0.0000
      1.6323	      0.0000	      0.0000	      0.0000
      0.0000	      0.0000	      0.0000	      0.0000
      0.0000	      0.0000	      0.0000	      0.0000
      0.0000	      0.0000	      0.0000	      0.0000
      0.0000	      0.0000	      0.0000	      0.0000
      0.0000	      0.0000	      0.0000	      0.0000
      0.0000	      0.0000	      0.0000	      0.0000
      0.0000	      0.0000	      0.0000	      0.0000
      0.0000	      0.0000	      0.0000	      0.0000
      0.0000	      0.0000	      0.0000	      0.0000
      0.0000	      0.0000	      0.0000	      0.0000
      0.0000	      0.0000	      0.0000	      0.0000
      0.0000	      0.0000	      0.0000	      0.0000
      0.0000	      0.0000	      0.0000	      0.0000
      0.0000	      0.0000	      0.0000	      0.0000
      0.0000	      0.0000	      0.0000	      0.0000
      0.0000	      0.0000	      0.0000	      0.0000
      0.0000	      0.0000	      0.0000	      0.0000
      0.0000	      0.0000	      0.0000	      0.0000
      0.0000	      0.0000	      0.0000	      0.0000
      0.0000	      0.0000	      0.0000	      0.0000
      0.0000	      0.0000	      0.0000	      0.0000
      0.0000	      0.0000	      0.0000	      0.0000
      0.0000	      0.0000	      0.0000	      0.0000
      0.0000	      0.0000	      0.0000	      0.0000
      0.0000	      0.0000	      0.0000	      0.0000
      0.0000	      0.0000	      0.0000	      0.0000
      0.0000	      0.0000	      0.0000	      0.0000
      0.0000	      0.0000	      0.0000	      0.0000
      0.0000	      0.0000	      0.0000	      0.0000
      0.0000	      0.0000	      0.0000	      0.0000
      0.0000	      0.0000	      0.0000	      0.0000
      0.0000	      0.0000	      0.0000	      0.0000
      0.0000	      0.0000	      0.0000	      0.0000
      0.0000	      0.0000	      0.0000	      0.0000
      0.0000	      0.0000	      0.0000	      0.0000
      0.0000	      0.0000	      0.0000	      0.0000
      0.0000	      0.0000	      0.0000	      0.0000
      0.0000	      0.0000	      0.0000	      0.0000
      0.0000	      0.0000	      0.0000	      0.0000
      0.0000	      0.0000	      0.0000	      0.0000
      0.0000	      0.0000	      0.0000	      0.0000
      0.0000	      0.0000	      0.0000	      0.0000
      0.0000	      0.0000	      0.0000	      0.0000
      0.0000	      0.0000	      0.0000	      0.0000
      0.0000	      0.0000	      0.0000	      0.0000
      0.0000	      0.0000	      0.0000	      0.0000
      0.0000	      0.0000	      0.0000	      0.0000
      0.0000	      0.0000	      0.0000	      0.0000
      0.0000	      0.0000	      0.0000	      0.0000
      0.0000	      0.0000	      0.0000	      0.0000
      0.0000	     12.1786	      0.0000	      0.0000
      0.0000	      0.0000	      0.0000	      0.0000
      0.0000	      0.0000	      0.0000	      0.0000
      0.0000	      0.0000	      0.0000	      0.0000
      0.0000	      0.0000	      0.0000	      0.0000
      0.0000	      0.0000	      0.0000	      0.0000
      0.0000	      0.0000	      0.0000	      0.0000
      0.0000	      0.0000	      0.0000	      0.0000
      0.0000	      0.0000	      0.0000	      0.0000
      0.0000	      0.0000	      0.0000	      0.0000
      0.0000	      0.0000	      0.0000	      0.0000
      0.0000	      0.0000	      0.0000	      0.0000
      0.0000	      0.0000	      0.0000	      0.0000
      0.0000	      0.0000	      0.0000	      0.0000
      0.0000	      0.0000	      0.0000	      0.0000
      0.0000	      0.0000	      0.0000	      0.0000
      0.0000	      0.0000	      0.0000	      0.0000
      0.0000	      0.0000	      0.0000	      0.0000
      0.0000	      0.0000	      0.0000	      0.0000
      0.0000	      0.0000	      0.0000	      0.0000
      0.0000	      0.0000	      0.0000	      0.0000
      0.0000	      0.0000	      0.0000	      0.0000
      0.0000	      0.0000	      0.0000	      0.0000
      0.0000	      0.0000	      0.0000	      0.0000
     -8.1168	      0.0000	      0.0000	      0.0000
      0.0000	      0.0000	      0.0000	      0.0000
      0.0000	      0.0000	      0.0000	      0.0000
      0.0000	      0.0000	      0.0000	      0.0000
      0.0000	      0.0000	      0.0000	      0.0000
      6.6075	      0.0000	      0.0000	      0.0000
      0.0000	      0.0000	      0.0000	      0.0000
      0.0000	      0.0000	      0.0000	      0.0000
      0.0000	      0.0000	      0.0000	      0.0000
      0.0000	      0.0000	      0.0000	      0.0000
      0.0000	      0.0000	      0.0000	      0.0000
      0.0000	      0.0000	      0.0000	      0.0000
      0.0000	      0.0000	      0.0000	      0.0000
      0.0000	      0.0000	      0.0000	      0.0000
      0.0000	      0.0000	      0.0000	      0.0000
      0.0000	      0.0000	      0.0000	      0.0000
      0.0000	      0.0000	      0.0000	      0.0000
      0.0000	      0.0000	      0.0000	      0.0000
      0.0000	      0.0000	      0.0000	      0.0000
      0.0000	      0.0000	      0.0000	      0.0000
      0.0000	      0.0000	      0.0000	      0.0000
     -1.4819	     -2.5419	      0.0000	      0.0000
      0.0000	      0.0000	      0.0000	      0.0000
      0.0000	      0.0000	      0.0000	      0.0000
    -15.0682	      0.0000	      0.0000	      0.0000
      0.0000	      0.0000	      0.0000	      0.0000
      0.0000	      0.0000	      0.0000	      0.0000
      0.0000	      0.0000	      0.0000	      0.0000
      0.0000	      0.0000	      0.0000	      0.0000
      0.0000	      0.0000	      0.0000	      0.0000
      0.0000	      0.0000	      0.0000	      0.0000
      0.0000	      0.0000	      0.0000	      0.0000
      0.0000	      0.0000	      0.0000	      0.0000
      0.0000	      0.0000	      0.0000	      0.0000
      0.0000	      0.0000	      0.0000	      0.0000
      0.0000	      0.0000	      0.0000	      0.0000
      0.0000	      0.0000	      0.0000	      0.0000
      0.0000	      0.0000	      0.0000	      0.0000
      0.0000	      0.0000	      0.0000	      0.0000
      0.0000	      0.0000	      0.0000	      0.0000
      0.0000	      0.0000	      0.0000	      0.0000
      0.0000	      0.0000	      0.0000	      0.0000
      0.0000	      0.0000	      0.0000	      0.0000
      0.0000	      0.0000	      0.0000	      0.0000
      0.0000	      0.0000	      0.0000	      0.0000
      0.0000	      0.0000	      0.0000	      0.0000
      0.0000	      0.0000	      0.0000	      0.0000
      0.0000	      0.0000	      0.0000	      0.0000
    -16.5746	      0.0000	      0.0000	      0.0000
    -19.6883	      0.0000	      0.0000	      0.0000
      3.4225	      0.0000	      0.0000	    -17.2090
      0.0000	      0.0000	      0.0000	      0.0000
      0.0000	      0.0000	      0.0000	      0.0000
      0.0000	      0.0000	      0.0000	      0.0000
     16.8034	      0.0000	      0.0000	      0.0000
      1.9129	      0.0000	      0.0000	      0.0000
      0.0000	      0.0000	      0.0000	      0.0000
      0.0000	      0.0000	      0.0000	      0.0000
      0.0000	      0.0000	      0.0000	      0.0000
      0.0000	      0.0000	      0.0000	      0.0000
      0.0000	      0.0000	      0.0000	      0.0000
      0.0000	      0.0000	      0.0000	      0.0000
      0.0000	      0.0000	      0.0000	      0.0000
      0.0000	      0.0000	      0.0000	      0.0000
      0.0000	      0.0000	      0.0000	      0.0000
      0.0000	      0.0000	      0.0000	      0.0000
      0.0000	      0.0000	      0.0000	      0.0000
      0.0000	      0.0000	      0.0000	      0.0000
      0.0000	      0.0000	      0.0000	      0.0000
      0.0000	      0.0000	      0.0000	      0.0000
      0.0000	      0.0000	      0.0000	      0.0000
      0.0000	      0.0000	      0.0000	      0.0000
      0.0000	      0.0000	      0.0000	      0.0000
      0.0000	      0.0000	      0.0000	      0.0000
      0.0000	      0.0000	      0.0000	      0.0000
      0.0000	      0.0000	      0.0000	      0.0000
      0.0000	      0.0000	      0.0000	      0.0000
      0.0000	      0.0000	      0.0000	      0.0000
      0.0000	      0.0000	      0.0000	      0.0000
      0.0000	      0.0000	      0.0000	      0.0000
      0.0000	      0.0000	      0.0000	      0.0000
      0.0000	      0.0000	      0.0000	      0.0000
      0.0000	      0.0000	      0.0000	      0.0000
      0.0000	      0.0000	      0.0000	      0.0000
      0.0000	      0.0000	      0.0000	      0.0000
      0.0000	      0.0000	      0.0000	      0.0000
      0.0000	      0.0000	      0.0000	      0.0000
      0.0000	      0.0000	      0.0000	      0.0000
      0.0000	      0.0000	      0.0000	      0.0000
      0.0000	      0.0000	      0.0000	      0.0000
      0.0000	      0.0000	      0.0000	      0.0000
      0.0000	      0.0000	      0.0000	      0.0000
      0.0000	      0.0000	      0.0000	      0.0000
      0.0000	      0.0000	      0.0000	      0.0000
      0.0000	      0.0000	      0.0000	      0.0000
      0.0000	      0.0000	      0.0000	      0.0000
      1.8831	      0.0000	      0.0000	      0.0000
     -0.4083	      0.0000	      0.0000	      0.0000
      0.0000	      0.0000	      0.0000	      0.0000
      0.0000	      0.0000	      0.0000	      0.0000
      0.0000	      0.0000	      0.0000	      0.0000
      0.0000	      0.0000	      0.0000	      0.0000
      0.0000	      0.0000	      0.0000	      0.0000
      0.0000	      0.0000	      0.0000	      0.0000
      0.0000	      0.0000	      0.0000	      0.0000
      0.0000	      0.0000	      0.0000	      0.0000
      0.0000	      0.0000	      0.0000	      0.0000
      0.0000	      0.0000	      0.0000	      0.0000
      0.0000	      0.0000	      0.0000	      0.0000
      0.0000	      0.0000	      0.0000	      0.0000
      0.0000	      0.0000	      0.0000	      0.0000
      0.0000	      0.0000	      0.0000	      0.0000
      0.0000	      0.0000	      0.0000	      0.0000
      0.0000	      0.0000	      0.0000	      0.0000
      0.0000	      0.0000	      0.0000	      0.0000
      0.0000	      0.0000	      0.0000	      0.0000
      0.0000	      0.0000	      0.0000	      0.0000
      0.0000	      0.0000	      0.0000	      0.0000
      0.0000	      0.0000	      0.0000	      0.0000
      0.0000	      0.0000	      0.0000	      0.0000
      0.0000	      0.0000	      0.0000	      0.0000
      0.0000	      0.0000	      0.0000	      0.0000
      0.0000	      0.0000	      0.0000	      0.6489
      1.8403	      0.0000	      0.0000	      0.0000
      3.0184	    -20.0000	      0.0000	      0.0000
      0.0000	      0.0000	      0.0000	     -0.9480
      0.0000	      0.0000	      0.0000	      0.0000
      0.0000	      0.0000	      0.0000	      0.0000
      0.0000	      0.0000	      0.0000	      0.0000
      0.0000	      0.0000	      0.0000	      0.0000
      0.0000	      0.0000	      0.0000	      1.4356
      0.0000	      0.0000	      0.0000	      0.0000
      0.0000	      0.0000	      0.0000	      0.0000
      0.0000	      0.0000	      0.0000	      0.0000
      0.0000	      0.0000	      0.0000	      0.0000
      0.0000	      0.0000	      0.0000	      0.0000
      0.0000	      0.0000	      0.0000	      0.0000
      0.0000	      0.0000	      0.0000	      0.0000
      0.0000	      0.0000	      0.0000	      0.0000
      0.0000	      0.0000	      0.0000	      0.0000
      0.0000	      0.0000	      0.0000	      0.0000
      0.0000	      0.0000	      0.0000	      0.0000
      0.0000	      0.0000	      0.0000	      0.0000
      0.0000	      0.0000	      0.0000	      0.0000
      0.0000	      0.0000	      0.0000	      0.0000
      0.0000	      0.0000	      0.0000	      0.0000
      0.0000	      0.0000	      0.0000	      0.0000
      0.0000	      0.0000	     -2.2256	      0.0000
      0.0000	      0.0000	      0.0000	      0.0000
      0.0000	      0.0000	      0.0000	      0.0000
      0.0000	      0.0000	      0.0000	      0.0000
      0.0000	      0.0000	      0.0000	      0.0000
      0.0000	      0.0000	      0.0000	      0.0000
      0.0000	      0.0000	      0.0000	      0.0000
      0.0000	      0.0000	     -6.6145	      0.0000
      0.0000	      0.0000	      0.0000	      0.0000
      0.0000	      0.0000	      0.0000	      0.0000
      0.0000	      0.0000	      0.0000	      0.0000
      0.0000	      0.0000	      0.0000	      0.0000
      0.0000	      0.0000	      0.0000	      0.0000
      0.0000	      0.0000	      0.0000	      0.0000
      0.0000	      0.0000	      0.0000	      0.0000
      0.0000	      0.0000	      0.0000	      0.0000
      0.0000	      0.0000	      0.0000	      0.0000
      0.0000	      0.0000	      0.0000	      0.0000
      0.0000	      0.0000	      0.0000	      0.0000
      0.0000	      0.0000	      0.0000	      0.0000
      0.0000	      0.0000	      0.0000	      0.0000
      0.0000	      0.0000	      0.0000	      0.0000
      0.0000	      0.0000	      0.0000	      0.0000
      0.0000	      0.0000	      0.0000	      0.0000
      0.0000	      0.0000	      0.0000	      0.0000
      0.0000	      0.0000	      0.0000	      0.0000
      0.0000	      0.0000	      0.0000	      0.0000
     10.1977	      0.0000	      0.0000	      0.0000
      0.0000	      0.0000	      0.0000	      0.0000
      4.9342	      0.0000	      0.0000	      0.0000
      0.0000	      0.0000	      0.0000	      0.0000
      0.0000	      0.0000	      0.0000	      0.0000
      0.0000	      0.0000	      0.0000	      0.0000
      8.8416	      0.0000	      0.0000	      0.0000
      0.0000	      0.0000	      0.0000	      0.0000
      0.0000	      0.0000	      0.0000	      0.0000
      0.0000	      0.0000	      0.0000	      0.0000
      0.0000	      0.0000	      0.0000	      0.0000
      0.0000	      0.0000	      0.0000	      0.0000
      0.0000	      0.0000	      0.0000	      0.0000
      0.0000	      0.0000	      0.0000	      0.0000
      0.0000	      0.0000	      0.0000	      0.0000
      0.0000	      0.0000	      0.0000	      0.0000
      0.0000	      0.0000	      0.0000	      0.0000
      0.0000	      0.0000	      0.0000	      0.0000
      0.0000	      0.0000	      0.0000	      0.0000
      0.0000	      0.0000	      0.0000	      0.0000
      0.0000	      0.0000	      0.0000	      0.0000
      0.0000	      0.0000	      0.0000	      0.0000
      9.7413	      0.0000	      9.4810	      0.0000
     -5.4421	     12.7883	      0.0000	      0.0000
      0.0000	      0.0000	      0.9822	     20.1085
     10.8504	    -17.8933	      0.0000	      0.0000
      0.0000	      0.0000	      0.0000	      0.0000
      0.0000	      0.0000	      0.0000	      0.0000
      6.2599	      0.0000	      0.0000	      0.0000
      0.0000	      0.0000	      0.0000	      0.0000
      0.0000	      0.0000	      0.0000	      0.0000
      0.0000	      0.0000	      0.0000	      0.0000
      0.0000	      0.0000	      0.0000	      0.0000
      0.0000	      0.0000	      0.0000	      0.0000
      0.0000	      0.0000	      0.0000	      0.0000
      0.0000	      0.0000	      0.0000	      0.0000
      0.0000	      0.0000	      0.0000	      0.0000
      0.0000	      0.0000	      0.0000	      0.0000
      0.0000	      0.0000	      0.0000	      0.0000
      0.0000	      0.0000	      0.0000	      0.0000
      0.0000	      0.0000	      0.0000	      0.0000
      0.0000	      0.0000	      0.0000	      0.0000
      0.0000	      0.0000	      0.0000	      0.0000
      0.0000	      0.0000	      0.0000	      0.0000
      0.0000	      0.0000	      0.0000	      0.0000
      0.0000	      0.0000	      0.0000	      0.0000
      0.0000	      0.0000	      0.0000	      0.0000
      0.0000	      0.0000	      0.0000	      0.0000
      7.5098	      0.0000	      0.0000	      0.0000
    -18.3619	      0.0000	      0.0000	      0.0000
     10.1687	      0.0000	      0.0000	      0.0000
      0.0000	      0.0000	      0.0000	      0.0000
      0.0000	      0.0000	      0.0000	      0.0000
      0.0000	      0.0000	      0.0000	      0.0000
      0.0000	      0.0000	      0.0000	      0.0000
     -8.0894	      0.0000	      0.0000	      0.0000
      0.0000	      0.0000	      0.0000	      0.0000
      0.0000	      0.0000	      0.0000	      0.0000
      0.0000	      0.0000	      0.0000	      0.0000
      0.0000	      0.0000	      0.0000	      0.0000
      0.0000	      0.0000	      0.0000	      0.0000
      0.0000	      0.0000	      0.0000	      0.0000
      0.0000	      0.0000	      0.0000	      0.0000
      0.0000	      0.0000	      0.0000	      0.0000
      0.0000	      0.0000	      0.0000	      0.0000
      0.0000	      0.0000	      0.0000	      0.0000
      0.0000	      0.0000	      0.0000	      0.0000
      0.0000	      0.0000	      0.0000	      0.0000
      0.0000	      0.0000	      0.0000	      0.0000
      0.0000	      0.0000	      0.0000	      0.0000
      0.0000	      0.0000	      0.0000	      0.0000
      0.0000	      0.0000	      0.0000	      0.0000
      5.2735	      0.0000	      0.0000	      0.0000
      5.1130	      0.0000	      0.0000	      0.0000
      9.1801	      0.0000	      0.0000	      0.0000
      0.0000	      0.0000	      0.0000	      0.0000
      0.0000	      0.0000	      0.0000	      0.0000
      3.7393	      0.0000	      0.0000	      0.0000
      0.0000	      0.0000	      0.0000	      0.0000
      0.0000	      0.0000	      0.0000	      0.0000
      7.6165	      0.0000	      0.0000	      0.0000
      0.0000	      0.0000	      0.0000	      0.0000
      0.0000	      0.0000	      0.0000	      0.0000
      0.0000	      0.0000	      0.0000	      0.0000
      0.0000	      0.0000	      0.0000	      0.0000
      0.0000	      0.0000	      0.0000	      0.0000
      0.0000	      0.0000	      0.0000	      0.0000
      0.0000	      0.0000	      0.0000	      0.0000
      0.0000	      0.0000	      0.0000	      0.0000
      0.0000	      0.0000	      0.0000	      0.0000
      0.0000	      0.0000	      0.0000	      0.0000
      0.0000	      0.0000	      0.0000	      0.0000
      0.0000	      0.0000	      0.0000	      0.0000
      0.0000	      0.0000	      0.0000	      0.0000
      0.0000	      0.0000	      0.0000	      0.0000
      0.0000	      0.0000	      0.0000	      0.0000
      0.0000	      0.0000	      0.0000	      0.0000
      3.2187	      0.0000	      0.0000	      0.0000
     38.4827	      0.0000	      0.0000	      0.0000
      0.0000	      0.0000	      0.0000	     52.6406
     24.4672	      0.0000	      0.0000	      0.0000
     10.4847	      0.0000	      0.0000	      0.0000
     16.0139	      0.0000	      0.0000	      0.7036
      0.0000	      0.0000	      0.0000	      0.0000
      0.0000	      0.0000	      0.0000	      0.0000
     14.0320	      0.0000	      0.0000	      0.0000
      0.0000	      0.0000	      0.0000	      0.0000
      0.0000	      0.0000	      0.0000	      0.0000
      0.0000	      0.0000	      0.0000	      0.0000
      0.0000	      0.0000	      0.0000	      0.0000
      0.0000	      0.0000	      0.0000	      0.0000
      0.0000	      0.0000	      0.0000	      0.0000
      0.0000	      0.0000	      0.0000	      0.0000
      0.0000	      0.0000	      0.0000	      0.0000
      0.0000	      0.0000	      0.0000	      0.0000
      0.0000	      0.0000	      0.0000	      0.0000
      0.0000	      0.0000	      0.0000	      0.0000
      0.0000	      0.0000	      0.0000	      0.0000
      0.0000	      0.0000	      0.0000	      0.0000
      0.0000	      0.0000	      0.0000	      0.0000
      0.0000	      0.0000	      0.0000	      0.0000
      0.0000	      0.0000	      0.0000	      0.0000
      0.0000	      0.0000	      0.0000	      0.0000
      0.0000	     20.8109	      0.0000	      0.0000
     12.0296	      0.0000	      0.0000	      0.0000
    -18.9763	      2.2560	      0.0000	      0.0000
    -19.7780	      4.4217	      0.0000	      0.0000
      0.0000	      0.0000	      0.0000	      0.0000
      0.0000	      0.0000	      0.0000	      0.0000
      0.0000	      0.0000	      0.0000	      0.0000
      0.0000	      0.0000	      0.0000	      0.0000
      0.0000	      0.0000	      0.0000	      0.0000
      0.0000	      0.0000	      0.0000	      0.0000
      0.0000	      0.0000	      0.0000	      0.0000
      0.0000	      0.0000	      0.0000	      0.0000
      0.0000	      0.0000	      0.0000	      0.0000
      0.0000	      0.0000	      0.0000	      0.0000
      0.0000	      0.0000	      0.0000	      0.0000
      0.0000	      0.0000	      0.0000	      0.0000
      0.0000	      0.0000	      0.0000	      0.0000
      0.0000	      0.0000	      0.0000	      0.0000
      0.0000	      0.0000	      0.0000	      0.0000
      0.0000	      0.0000	      0.0000	      0.0000
      0.0000	      0.0000	      0.0000	      0.0000
      0.0000	      0.0000	      0.0000	      0.0000
      0.0000	      0.0000	      0.0000	      0.0000
      0.0000	      0.0000	      0.0000	      0.0000
      0.0000	      0.0000	      0.0000	      0.0000
     -2.9475	     -1.1170	     -1.5170	      9.3252
      0.0000	      0.0000	      0.0000	      0.0000
     14.7267	      2.8785	      0.0000	      0.0000
     -0.0669	      0.0000	      0.0000	      0.0000
      6.1440	      0.0000	      0.0000	      0.0000
      3.1027	      0.0000	      0.0000	      0.0000
      0.0000	      0.0000	      0.0000	      0.0000
     -1.3641	      0.0000	      0.0000	      0.0000
      0.0000	      0.0000	      0.0000	      0.0000
      0.0000	      0.0000	      0.0000	      0.0000
      0.0000	      0.0000	      0.0000	      0.0000
      0.0000	      0.0000	      0.0000	      0.0000
      0.0000	      0.0000	      0.0000	      0.0000
      0.0000	      0.0000	      0.0000	      0.0000
      0.0000	      0.0000	      0.0000	      0.0000
      0.0000	      0.0000	      0.0000	      0.0000
      0.0000	      0.0000	      0.0000	      0.0000
      0.0000	      0.0000	      0.0000	      0.0000
      0.0000	      0.0000	      0.0000	      0.0000
      0.0000	      0.0000	      0.0000	      0.0000
      0.0000	      0.0000	      0.0000	      0.0000
      0.0000	      0.0000	      0.0000	      0.0000
      0.0000	      0.0000	      0.0000	      0.0000
      0.0000	      0.0000	      0.0000	      0.0000
      9.8924	      3.6503	     -3.6468	      0.0000
      6.0811	     13.5745	     -4.6153	      4.6699
      1.7369	      1.9858	    -14.9060	      8.0886
      1.1193	     12.8725	     -6.7369	     -2.2099
     14.5852	      3.8660	    -10.2879	      2.6624
      8.3494	     -3.3890	     -5.3221	     -3.1279
      8.5554	      0.0000	     -2.5888	      4.3997
      0.0000	      0.0000	      0.0000	      0.0000
     -0.7922	      8.1867	     -6.1042	     -1.9453
     -3.2376	      8.2211	    -12.2500	     -4.9987
      0.8993	      0.0000	      0.0000	      0.0000
      0.0000	      0.0000	      0.0000	      0.0000
      0.0000	      0.0000	      0.0000	      0.0000
      0.0000	      0.0000	      0.0000	      0.0000
      0.0000	      0.0000	      0.0000	      0.0000
      0.0000	      0.0000	      0.0000	      0.0000
      0.0000	      0.0000	      0.0000	      0.0000
      0.0000	      0.0000	      0.0000	      0.0000
      0.0000	      0.0000	      0.0000	      0.0000
      0.0000	      0.0000	      0.0000	      0.0000
      0.0000	      0.0000	      0.0000	      0.0000
      0.0000	      0.0000	      0.0000	      0.0000
      0.0000	      0.0000	      0.0000	      0.0000
      0.0000	      0.0000	      0.0000	      0.0000
      0.0000	      0.0000	      0.0000	      0.0000
      2.3791	      0.0000	      0.0000	      0.0000
     -0.6597	     19.4044	     -2.3540	     -1.2893
     -0.3122	      7.5772	      0.0000	      0.0000
     -1.7429	      5.1734	      0.0000	      0.0000
      1.1684	      7.9723	      0.0000	      0.0000
     -0.5721	      3.4067	      0.0000	      0.0000
      7.6031	      0.0000	      0.0000	      0.0000
      0.0000	      0.0000	      0.0000	      0.0000
     -1.6232	      3.3898	      0.0000	      0.0000
     -0.7999	     -0.1295	     -8.8856	     -5.6292
      0.0000	      0.0000	      0.0000	      0.0000
      0.0000	      0.0000	      0.0000	      0.0000
      0.0000	      0.0000	      0.0000	      0.0000
      0.0000	      0.0000	      0.0000	      0.0000
      0.0000	      0.0000	      0.0000	      0.0000
      0.0000	      0.0000	      0.0000	      0.0000
      0.0000	      0.0000	      0.0000	      0.0000
      0.0000	      0.0000	      0.0000	      0.0000
      0.0000	      0.0000	      0.0000	      0.0000
      0.0000	      0.0000	      0.0000	      0.0000
      0.0000	      0.0000	      0.0000	      0.0000
      0.0000	      0.0000	      0.0000	      0.0000
      0.0000	      0.0000	      0.0000	      0.0000
      0.0000	      0.0000	      0.0000	      0.0000
      0.0000	      0.0000	      0.0000	      0.0000
      0.0000	      0.0000	      0.0000	      0.0000
      0.0000	      0.0000	      0.0000	      0.0000
      0.0000	      0.0000	      0.0000	      0.0000
      0.0000	      0.0000	      0.0000	      0.0000
      0.0000	      0.0000	      0.0000	      0.0000
     -4.7676	      0.0000	      0.0000	      0.0000
      0.0000	      0.0000	      0.0000	      0.0000
      0.0000	      0.0000	      0.0000	      0.0000
      0.0000	      0.0000	      0.0000	      0.0000
      0.0000	      0.0000	      0.0000	      0.0000
      0.0000	      0.0000	      0.0000	      0.0000
      0.0000	      0.0000	      0.0000	      0.0000
      0.0000	      0.0000	      0.0000	      0.0000
      0.0000	      0.0000	      0.0000	      0.0000
      0.0000	      0.0000	      0.0000	      0.0000
      0.0000	      0.0000	      0.0000	      0.0000
      0.0000	      0.0000	      0.0000	      0.0000
      0.0000	      0.0000	      0.0000	      0.0000
      0.0000	      0.0000	      0.0000	      0.0000
      0.0000	      0.0000	      0.0000	      0.0000
      0.0000	      0.0000	      0.0000	      0.0000
      0.0000	      0.0000	      0.0000	      0.0000
      0.0000	      0.0000	      0.0000	      0.0000
      0.0000	      0.0000	      0.0000	      0.0000
      0.0000	      0.0000	      0.0000	      0.0000
      0.0000	      0.0000	      0.0000	      0.0000
      9.3139	      0.0000	      0.0000	      0.0000
     -8.4625	     -8.3796	     36.6039	      0.0000
    -13.8741	    -11.4063	     20.3697	      0.0000
      0.0000	      0.0000	      0.0000	      0.0000
      0.0000	      0.0000	      0.0000	      0.0000
      0.0000	      0.0000	      0.0000	      0.0000
      0.0000	      0.0000	      0.0000	      0.0000
      0.0000	      0.0000	      0.0000	      0.0000
     -0.6559	      0.0000	      0.0000	      0.0000
      0.0000	      0.0000	      0.0000	      0.0000
      0.0000	      0.0000	      0.0000	      0.0000
      0.0000	      0.0000	      0.0000	      0.0000
      0.0000	      0.0000	      0.0000	      0.0000
      0.0000	      0.0000	      0.0000	      0.0000
      0.0000	      0.0000	      0.0000	      0.0000
      0.0000	      0.0000	      0.0000	      0.0000
      0.0000	      0.0000	      0.0000	      0.0000
      0.0000	      0.0000	      0.0000	      0.0000
      0.0000	      0.0000	      0.0000	      0.0000
      0.0000	      0.0000	      0.0000	      0.0000
      0.0000	      0.0000	      0.0000	      0.0000
      0.0000	      0.0000	      0.0000	      0.0000
      0.0000	      0.0000	      0.0000	      0.0000
      0.0000	      0.0000	      0.0000	      0.0000
      0.0000	      0.0000	      0.0000	      0.0000
      3.8795	      0.0000	      0.0000	      0.0000
     15.5556	      0.0000	      0.0000	      0.0000
      0.0000	      0.0000	      0.0000	      0.0000
      0.0000	      0.0000	      0.0000	      0.0000
      0.0000	      0.0000	      0.0000	      0.0000
      0.0000	      0.0000	      0.0000	      0.0000
      0.0000	      0.0000	      0.0000	      0.0000
      0.0000	      0.0000	      0.0000	      0.0000
      0.0000	      0.0000	      0.0000	      0.0000
      0.0000	      0.0000	      0.0000	      0.0000
      0.0000	      0.0000	      0.0000	      0.0000
      0.0000	      0.0000	      0.0000	      0.0000
      0.0000	      0.0000	      0.0000	      0.0000
      0.0000	      0.0000	      0.0000	      0.0000
      0.0000	      0.0000	      0.0000	      0.0000
      0.0000	      0.0000	      0.0000	      0.0000
      0.0000	      0.0000	      0.0000	      0.0000
      0.0000	      0.0000	      0.0000	      0.0000
      0.0000	      0.0000	      0.0000	      0.0000
      0.0000	      0.0000	      0.0000	      0.0000
      0.0000	      0.0000	      0.0000	      0.0000
      0.0000	      0.0000	      0.0000	      0.0000
      0.0000	      0.0000	      0.0000	      0.0000
      0.0000	      0.0000	      0.0000	      0.0000
    -17.5081	     -2.9452	      0.0000	      0.0000
    -17.3894	      5.7005	      0.0000	      0.0000
      0.0000	      0.0000	      0.0000	      0.0000
      0.0000	      0.0000	      0.0000	      0.0000
      0.0000	      0.0000	      0.0000	      0.0000
      0.0000	      0.0000	      0.0000	      0.0000
      0.0000	      0.0000	      0.0000	      0.0000
      0.0000	      0.0000	      0.0000	      0.0000
      0.0000	      0.0000	      0.0000	      0.0000
      0.0000	      0.0000	      0.0000	      0.0000
      0.0000	      0.0000	      0.0000	      0.0000
      0.0000	      0.0000	      0.0000	      0.0000
      0.0000	      0.0000	      0.0000	      0.0000
      0.0000	      0.0000	      0.0000	      0.0000
      0.0000	      0.0000	      0.0000	      0.0000
      0.0000	      0.0000	      0.0000	      0.0000
      0.0000	      0.0000	      0.0000	      0.0000
      0.0000	      0.0000	      0.0000	      0.0000
      0.0000	      0.0000	      0.0000	      0.0000
      0.0000	      0.0000	      0.0000	      0.0000
      0.0000	      0.0000	      0.0000	      0.0000
      0.0000	      0.0000	      0.0000	      0.0000
      0.0000	      0.0000	      0.0000	      0.0000
      0.0000	      0.0000	      0.0000	      0.0000
      0.0000	      0.0000	      0.0000	      0.0000
      0.9704	      0.0000	      0.0000	      0.0000
     13.4434	      0.0000	      7.7174	      0.0000
     56.7800	      0.0000	     15.4844	      6.3622
     -1.4746	      0.0000	     14.0217	      0.0000
      5.2997	      0.0000	      0.0000	      0.0000
     -0.6733	      1.2963	      0.0000	      0.0000
     -0.4000	      0.0000	      0.0000	      0.0000
      0.0000	      0.0000	      0.0000	      0.0000
     -3.7619	     -4.2301	     -1.1356	      7.3248
     -0.2900	     -4.7577	     -6.3456	     -0.6763
      0.0000	      0.0000	      0.0000	      0.0000
      0.0000	      0.0000	      0.0000	      0.0000
      0.0000	      0.0000	      0.0000	      0.0000
      0.0000	      0.0000	      0.0000	      0.0000
      0.0000	      0.0000	      0.0000	      0.0000
      0.0000	      0.0000	      0.0000	      0.0000
      0.0000	      0.0000	      0.0000	      0.0000
      0.0000	      0.0000	      0.0000	      0.0000
      0.0000	      0.0000	      0.0000	      0.0000
      0.0000	      0.0000	      0.0000	      0.0000
      0.0000	      0.0000	      0.0000	      0.0000
      0.0000	      0.0000	      0.0000	      0.0000
      0.0000	      0.0000	      0.0000	      0.0000
      0.0000	      0.0000	      0.0000	      0.0000
      0.0000	      0.0000	      0.0000	      0.0000
      2.9444	      0.0000	      0.0000	      0.0000
     14.2160	      0.0000	      0.0000	      0.0000
     33.0003	      0.0000	      0.0000	      0.0000
      6.6494	      0.0000	      0.0000	      0.0000
      0.0000	      0.0000	      0.0000	      0.0000
      0.0000	      0.0000	      0.0000	      0.0000
      0.0000	      0.0000	      0.0000	      0.0000
      0.0000	      0.0000	      0.0000	      0.0000
      0.0000	      0.0000	      0.0000	      0.0000
      0.0000	      0.0000	      0.0000	      0.0000
      0.0000	      0.0000	      0.0000	      0.0000
      0.0000	      0.0000	      0.0000	      0.0000
      0.0000	      0.0000	      0.0000	      0.0000
      0.0000	      0.0000	      0.0000	      0.0000
      0.0000	      0.0000	      0.0000	      0.0000
      0.0000	      0.0000	      0.0000	      0.0000
      0.0000	      0.0000	      0.0000	      0.0000
      0.0000	      0.0000	      0.0000	      0.0000
      0.0000	      0.0000	      0.0000	      0.0000
      0.0000	      0.0000	      0.0000	      0.0000
      0.0000	      0.0000	      0.0000	      0.0000
      0.0000	      0.0000	      0.0000	      0.0000
      0.0000	      0.0000	      0.0000	      0.0000
      0.0000	      0.0000	      0.0000	      0.0000
      0.0000	      0.0000	      0.0000	      0.0000
      1.8621	      0.0000	     -2.9718	      4.7730
     -0.8679	     -1.3684	     -0.6168	      0.0000
     28.0255	      0.0000	      0.0000	      0.0000
     19.1301	      5.8344	      0.9646	      3.7885
      9.6152	      0.0000	      0.0000	      0.0000
     -0.9025	     -2.0428	     -2.2341	      0.0000
      0.0000	      0.0000	      0.0000	      0.0000
      0.0000	      0.0000	      0.0000	      0.0000
      0.0000	      0.0000	      0.0000	      0.0000
      3.8933	      0.0000	      0.0000	      0.0000
      0.0000	      0.0000	      0.0000	      0.0000
      0.0000	      0.0000	      0.0000	      0.0000
      0.0000	      0.0000	      0.0000	      0.0000
      0.0000	      0.0000	      0.0000	      0.0000
      0.0000	      0.0000	      0.0000	      0.0000
      0.0000	      0.0000	      0.0000	      0.0000
      0.0000	      0.0000	      0.0000	      0.0000
      0.0000	      0.0000	      0.0000	      0.0000
      0.0000	      0.0000	      0.0000	      0.0000
      0.0000	      0.0000	      0.0000	      0.0000
      0.0000	      0.0000	      0.0000	      0.0000
      0.0000	      0.0000	      0.0000	      0.0000
      0.0000	      0.0000	      0.0000	      0.0000
      0.0000	      0.0000	      0.0000	      0.0000
      0.0000	      0.0000	      0.0000	      0.0000
     -4.6737	    -27.5263	    -11.5125	    -14.0752
     33.7277	      6.5430	    -14.1531	     12.4764
     54.4129	     20.9475	     -2.8253	     20.7114
      4.7480	     11.7144	    -14.0989	      5.6565
     17.9359	    -15.3341	     -9.8756	     -0.8343
     -0.6582	     -1.6907	     -6.6457	      2.0821
      3.0094	      0.0000	     -2.7018	      0.0000
      0.0000	      0.0000	      0.0000	      0.0000
    -21.5366	      0.4244	     -2.8783	     -2.3457
    -11.1039	    -12.0019	    -19.9968	    -11.6200
      0.0000	      0.0000	      0.0000	      0.0000
      0.0000	      0.0000	      0.0000	      0.0000
      0.0000	      0.0000	      0.0000	      0.0000
      0.0000	      0.0000	      0.0000	      0.0000
      0.0000	      0.0000	      0.0000	      0.0000
      0.0000	      0.0000	      0.0000	      0.0000
      0.0000	      0.0000	      0.0000	      0.0000
      0.0000	      0.0000	      0.0000	      0.0000
      0.0000	      0.0000	      0.0000	      0.0000
      0.0000	      0.0000	      0.0000	      0.0000
      0.0000	      0.0000	      0.0000	      0.0000
      0.0000	      0.0000	      0.0000	      0.0000
      0.0000	      0.0000	      0.0000	      0.0000
      0.0000	      0.0000	      0.0000	      0.0000
      0.0000	      0.0000	      0.0000	      0.0000
      6.2336	      3.5652	     -2.6998	     -1.6816
     21.0517	      9.0558	      0.7119	      2.2855
      2.4047	     27.9396	     -2.4766	      5.6242
     13.6571	     -2.1661	     -4.1931	     -6.3574
     -1.3004	     -0.8093	     -4.3947	     -2.7237
      2.4844	      0.0000	      0.0000	      0.0000
      1.8794	      0.0000	      0.0000	      0.0000
      0.0000	      0.0000	      0.0000	      0.0000
     -1.2652	     -2.0450	     -3.2245	     -1.8857
     -4.6142	     -1.0073	     -3.5080	    -21.5557
      0.0000	      0.0000	      0.0000	      0.0000
      0.0000	      0.0000	      0.0000	      0.0000
      0.0000	      0.0000	      0.0000	      0.0000
      0.0000	      0.0000	      0.0000	      0.0000
      0.0000	      0.0000	      0.0000	      0.0000
      0.0000	      0.0000	      0.0000	      0.0000
      0.0000	      0.0000	      0.0000	      0.0000
      0.0000	      0.0000	      0.0000	      0.0000
      0.0000	      0.0000	      0.0000	      0.0000
      0.0000	      0.0000	      0.0000	      0.0000
      0.0000	      0.0000	      0.0000	      0.0000
      0.0000	      0.0000	      0.0000	      0.0000
      0.0000	      0.0000	      0.0000	      0.0000
      0.0000	      0.0000	      0.0000	      0.0000
      0.0000	      0.0000	      0.0000	      0.0000
      0.0000	      0.0000	      0.0000	      1.8127
      0.0000	      0.0000	      0.0000	      0.0000
      0.0000	      0.0000	      0.0000	      0.0000
      0.0000	      0.0000	      0.0000	      0.0000
      0.0000	      0.0000	      0.0000	      0.0000
      0.0000	      0.0000	      0.0000	      0.0000
     -8.2667	      0.0000	      0.0000	      0.0000
      0.0000	      0.0000	      0.0000	      0.0000
      0.0000	      0.0000	      0.0000	      0.0000
      0.0000	      0.0000	      0.0000	      0.0000
      0.0000	      0.0000	      0.0000	      0.0000
      0.0000	      0.0000	      0.0000	      0.0000
      0.0000	      0.0000	      0.0000	      0.0000
      0.0000	      0.0000	      0.0000	      0.0000
      0.0000	      0.0000	      0.0000	      0.0000
      0.0000	      0.0000	      0.0000	      0.0000
      0.0000	      0.0000	      0.0000	      0.0000
      0.0000	      0.0000	      0.0000	      0.0000
      0.0000	      0.0000	      0.0000	      0.0000
      0.0000	      0.0000	      0.0000	      0.0000
      0.0000	      0.0000	      0.0000	      0.0000
      0.0000	      0.0000	      0.0000	      0.0000
      0.0000	      0.0000	      0.0000	      0.0000
      0.0000	      0.0000	      0.0000	      0.0000
      0.0000	      0.0000	      0.0000	      0.0000
      0.0000	      0.0000	      0.0000	      0.0000
      0.0000	      0.0000	      0.0000	      0.0000
      0.0000	      0.0000	      0.0000	      0.0000
      0.0000	      0.0000	      0.0000	      0.0000
      0.0000	      0.0000	      0.0000	      0.0000
      0.0000	      0.0000	      0.0000	      0.0000
      0.0000	      0.0000	      0.0000	      0.0000
      0.0000	      0.0000	      0.0000	      0.0000
      0.0000	      0.0000	      0.0000	      0.0000
      0.0000	      0.0000	      0.0000	      0.0000
      0.0000	      0.0000	      0.0000	      0.0000
      0.0000	      0.0000	      0.0000	      0.0000
      0.0000	      0.0000	      0.0000	      0.0000
      0.0000	      0.0000	      0.0000	      0.0000
      0.0000	      0.0000	      0.0000	      0.0000
      0.0000	      0.0000	      0.0000	      0.0000
      0.0000	      0.0000	      0.0000	      0.0000
      0.0000	      0.0000	      0.0000	      0.0000
      0.0000	      0.0000	      0.0000	      0.0000
      0.0000	      0.0000	      0.0000	      0.0000
      0.0000	      0.0000	      0.0000	      0.0000
      0.0000	      0.0000	      0.0000	      0.0000
      0.0000	      0.0000	      0.0000	      0.0000
      0.0000	      0.0000	      0.0000	      0.0000
      0.0000	      0.0000	      0.0000	      0.0000
      0.0000	      0.0000	      0.0000	      0.0000
      0.0000	      0.0000	      0.0000	      0.0000
      0.0000	      0.0000	      0.0000	      0.0000
      0.0000	      0.0000	      0.0000	      0.0000
    -12.5635	      0.0000	      0.0000	      0.0000
      0.0000	      0.0000	      0.0000	      0.0000
      0.0000	      0.0000	      0.0000	      0.0000
      0.0000	      0.0000	      0.0000	      0.0000
      0.0000	      0.0000	      0.0000	      0.0000
      0.0000	      0.0000	      0.0000	      0.0000
      0.0000	      0.0000	      0.0000	      0.0000
      0.0000	      0.0000	      0.0000	      0.0000
      0.0000	      0.0000	      0.0000	      0.0000
      0.0000	      0.0000	      0.0000	      0.0000
      0.0000	      0.0000	      0.0000	      0.0000
      0.0000	      0.0000	      0.0000	      0.0000
      0.0000	      0.0000	      0.0000	      0.0000
      0.0000	      0.0000	      0.0000	      0.0000
      0.0000	      0.0000	      0.0000	      0.0000
      0.0000	      0.0000	      0.0000	      0.0000
      0.0000	      0.0000	      0.0000	      0.0000
      0.0000	      0.0000	      0.0000	      0.0000
      0.0000	      0.0000	      0.0000	      0.0000
      0.0000	      0.0000	      0.0000	      0.0000
      0.0000	      0.0000	      0.0000	      0.0000
     -1.1727	     -1.8600	    -18.4811	      0.0000
      0.0000	      0.0000	      0.0000	      0.0000
      0.0000	      0.0000	      0.0000	      0.0000
      0.0000	      0.0000	      0.0000	      0.0000
      0.0000	      0.0000	      0.0000	      0.0000
      0.0000	      0.0000	      0.0000	      0.0000
      0.0000	      0.0000	      0.0000	      0.0000
      0.0000	      0.0000	      0.0000	      0.0000
      0.0000	      0.0000	      0.0000	      0.0000
      0.0000	      0.0000	      0.0000	      0.0000
      0.0000	      0.0000	      0.0000	      0.0000
      0.0000	      0.0000	      0.0000	      0.0000
      0.0000	      0.0000	      0.0000	      0.0000
      0.0000	      0.0000	      0.0000	      0.0000
      0.0000	      0.0000	      0.0000	      0.0000
      0.0000	      0.0000	      0.0000	      0.0000
      0.0000	      0.0000	      0.0000	      0.0000
      0.0000	      0.0000	      0.0000	      0.0000
      0.0000	      0.0000	      0.0000	      0.0000
      0.0000	      0.0000	      0.0000	      0.0000
      0.0000	      0.0000	      0.0000	      0.0000
      0.0000	      0.0000	      0.0000	      0.0000
      0.0000	      0.0000	      0.0000	      0.0000
      0.0000	      0.0000	      0.0000	      0.0000
      0.0000	      0.0000	      0.0000	      0.0000
     -3.5574	    -21.6087	     -2.5143	      0.0000
      0.0000	      0.0000	      0.0000	      0.0000
      0.0000	      0.0000	      0.0000	      0.0000
     -1.5264	      0.0000	      0.0000	      0.0000
      0.0000	      0.0000	      0.0000	      0.0000
      0.0000	      0.0000	      0.0000	      0.0000
      0.0000	      0.0000	      0.0000	      0.0000
      0.0000	      0.0000	      0.0000	      0.0000
      0.0000	      0.0000	      0.0000	      0.0000
      0.0000	      0.0000	      0.0000	      0.0000
      0.0000	      0.0000	      0.0000	      0.0000
      0.0000	      0.0000	      0.0000	      0.0000
      0.0000	      0.0000	      0.0000	      0.0000
      0.0000	      0.0000	      0.0000	      0.0000
      0.0000	      0.0000	      0.0000	      0.0000
      0.0000	      0.0000	      0.0000	      0.0000
      0.0000	      0.0000	      0.0000	      0.0000
      0.0000	      0.0000	      0.0000	      0.0000
      0.0000	      0.0000	      0.0000	      0.0000
      0.0000	      0.0000	      0.0000	      0.0000
      0.0000	      0.0000	      0.0000	      0.0000
      0.0000	      0.0000	      0.0000	      0.0000
      0.0000	      0.0000	      0.0000	      0.0000
      0.0000	      0.0000	      0.0000	      0.0000
      0.0000	      0.0000	      0.0000	      0.0000
      0.0000	      0.0000	      0.0000	      0.0000
      0.0000	      0.0000	      0.0000	      0.0000
      0.0000	      0.0000	      0.0000	      0.0000
      0.0000	      0.0000	      0.0000	      0.0000
      0.0000	      0.0000	      0.0000	      0.0000
      0.0000	      0.0000	      0.0000	      0.0000
      0.0000	      0.0000	      0.0000	      0.0000
      0.0000	      0.0000	      0.0000	      0.0000
      0.0000	      0.0000	      0.0000	      0.0000
      0.0000	      0.0000	      0.0000	      0.0000
      0.0000	      0.0000	      0.0000	      0.0000
      0.0000	      0.0000	      0.0000	      0.0000
      0.0000	      0.0000	      0.0000	      0.0000
      0.0000	      0.0000	      0.0000	      0.0000
      0.0000	      0.0000	      0.0000	      0.0000
      0.0000	      0.0000	      0.0000	      0.0000
      0.0000	      0.0000	      0.0000	      0.0000
      0.0000	      0.0000	      0.0000	      0.0000
      0.0000	      0.0000	      0.0000	      0.0000
      0.0000	      0.0000	      0.0000	      0.0000
      0.0000	      0.0000	      0.0000	      0.0000
      0.0000	      0.0000	      0.0000	      0.0000
      0.0000	      0.0000	      0.0000	      0.0000
      0.0000	      0.0000	      0.0000	      0.0000
      0.0000	      0.0000	      0.0000	      0.0000
      0.6207	      0.0000	      0.0000	      7.9940
     -0.4045	     -0.1042	     -2.9119	      0.0000
      0.0000	      0.0000	      0.0000	      0.0000
     -2.3825	      7.7377	      0.0000	      0.0000
      0.0000	      0.0000	      0.0000	      0.0000
      0.0000	      0.0000	      0.0000	      0.0000
      0.0000	      0.0000	      0.0000	      0.0000
      0.0000	      0.0000	      0.0000	      0.0000
      0.0000	      0.0000	      0.0000	      0.0000
      0.0000	      0.0000	      0.0000	      0.0000
      0.0000	      0.0000	      0.0000	      0.0000
      0.0000	      0.0000	      0.0000	      0.0000
      0.0000	      0.0000	      0.0000	      0.0000
      0.0000	      0.0000	      0.0000	      0.0000
      0.0000	      0.0000	      0.0000	      0.0000
      0.0000	      0.0000	      0.0000	      0.0000
      0.0000	      0.0000	      0.0000	      0.0000
      0.0000	      0.0000	      0.0000	      0.0000
      0.0000	      0.0000	      0.0000	      0.0000
      0.0000	      0.0000	      0.0000	      0.0000
      0.0000	      0.0000	      0.0000	      0.0000
      0.0000	      0.0000	      0.0000	      0.0000
      0.0000	      0.0000	      0.0000	      0.0000
      0.0000	      0.0000	      0.0000	      0.0000
      0.0000	      0.0000	      0.0000	      0.0000
      5.0127	      1.2525	     -6.4314	     -0.2460
      6.0104	      6.0698	     -3.9795	     10.6967
     -1.0624	      0.0000	      0.0000	      0.0000
     19.4186	      4.8282	     -8.8546	     14.6451
     -1.6608	      3.2449	     -6.4384	     -1.6949
    -14.4747	     -1.0076	      0.0000	      0.0000
      0.0000	      0.0000	      0.0000	      0.0000
      0.0000	      0.0000	      0.0000	      0.0000
      7.9365	      1.2081	     -3.5967	      0.8169
      0.5031	     -6.0390	     -8.2023	     -4.4005
      0.0000	      0.0000	      0.0000	      0.0000
      0.0000	      0.0000	      0.0000	      0.0000
      0.0000	      0.0000	      0.0000	      0.0000
      0.0000	      0.0000	      0.0000	      0.0000
      0.0000	      0.0000	      0.0000	      0.0000
      0.0000	      0.0000	      0.0000	      0.0000
      0.0000	      0.0000	      0.0000	      0.0000
      0.0000	      0.0000	      0.0000	      0.0000
      0.0000	      0.0000	      0.0000	      0.0000
      0.0000	      0.0000	      0.0000	      0.0000
      0.0000	      0.0000	      0.0000	      0.0000
      0.0000	      0.0000	      0.0000	      0.0000
      0.0000	      0.0000	      0.0000	      0.0000
      0.0000	      0.0000	      0.0000	      0.0000
      0.0000	      0.0000	      0.0000	      0.0000
      7.2045	      0.0000	      0.0000	      0.0000
      1.6476	     16.4197	      0.0000	      0.0000
      0.0000	      0.0000	      0.0000	      0.0000
     -0.7106	     16.2582	      0.0000	      0.0000
     -0.1442	      1.1298	      0.0000	      0.0000
      0.0000	      0.0000	      0.0000	      0.0000
      0.0000	      0.0000	      0.0000	      0.0000
      0.0000	      0.0000	      0.0000	      0.0000
      0.7299	      0.0000	      0.0000	      0.0000
     -1.6292	      0.0000	      0.0000	      0.0000
      0.0000	      0.0000	      0.0000	      0.0000
      0.0000	      0.0000	      0.0000	      0.0000
      0.0000	      0.0000	      0.0000	      0.0000
      0.0000	      0.0000	      0.0000	      0.0000
      0.0000	      0.0000	      0.0000	      0.0000
      0.0000	      0.0000	      0.0000	      0.0000
      0.0000	      0.0000	      0.0000	      0.0000
      0.0000	      0.0000	      0.0000	      0.0000
      0.0000	      0.0000	      0.0000	      0.0000
      0.0000	      0.0000	      0.0000	      0.0000
      0.0000	      0.0000	      0.0000	      0.0000
      0.0000	      0.0000	      0.0000	      0.0000
      0.0000	      0.0000	      0.0000	      0.0000
      0.0000	      0.0000	      0.0000	      0.0000
      0.0000	      0.0000	      0.0000	      0.0000
      0.0000	      0.0000	      0.0000	      0.0000
    -13.1323	    -17.3752	      0.0000	      0.0000
      0.0000	      0.0000	      0.0000	      0.0000
      0.0000	      0.0000	      0.0000	      0.0000
      0.0000	      0.0000	      0.0000	      0.0000
      0.0000	      0.0000	      0.0000	      0.0000
      0.0000	      0.0000	      0.0000	      0.0000
      0.0000	      0.0000	      0.0000	      0.0000
      0.0000	      0.0000	      0.0000	      0.0000
      0.0000	      0.0000	      0.0000	      0.0000
      0.0000	      0.0000	      0.0000	      0.0000
      0.0000	      0.0000	      0.0000	      0.0000
      0.0000	      0.0000	      0.0000	      0.0000
      0.0000	      0.0000	      0.0000	      0.0000
      0.0000	      0.0000	      0.0000	      0.0000
      0.0000	      0.0000	      0.0000	      0.0000
      0.0000	      0.0000	      0.0000	      0.0000
      0.0000	      0.0000	      0.0000	      0.0000
      0.0000	      0.0000	      0.0000	      0.0000
      0.0000	      0.0000	      0.0000	      0.0000
      0.0000	      0.0000	      0.0000	      0.0000
      0.0000	      0.0000	      0.0000	      0.0000
      0.0000	      0.0000	      0.0000	      0.0000
      0.0000	      0.0000	      0.0000	      0.0000
      0.0000	      0.0000	      0.0000	      0.0000
      0.0000	      0.0000	      0.0000	      0.0000
    -20.0000	      0.0000	      0.0000	      0.0000
    -12.6852	     14.5570	    -11.3939	      0.0000
    -12.2313	     10.3672	      0.0000	      0.0000
      0.0000	      0.0000	      0.0000	      0.0000
     16.9508	      0.0000	      0.0000	      0.0000
      0.0000	      0.0000	      0.0000	      0.0000
      0.0000	      0.0000	      0.0000	      0.0000
      0.0000	      0.0000	     12.3381	      0.0000
     10.2524	      0.0000	      0.0000	      0.0000
      0.0000	      0.0000	      0.0000	      0.0000
      0.0000	      0.0000	      0.0000	      0.0000
      0.0000	      0.0000	      0.0000	      0.0000
      0.0000	      0.0000	      0.0000	      0.0000
      0.0000	      0.0000	      0.0000	      0.0000
      0.0000	      0.0000	      0.0000	      0.0000
      0.0000	      0.0000	      0.0000	      0.0000
      0.0000	      0.0000	      0.0000	      0.0000
      0.0000	      0.0000	      0.0000	      0.0000
      0.0000	      0.0000	      0.0000	      0.0000
      0.0000	      0.0000	      0.0000	      0.0000
      0.0000	      0.0000	      0.0000	      0.0000
      0.0000	      0.0000	      0.0000	      0.0000
      0.0000	      0.0000	      0.0000	      0.0000
      0.0000	      0.0000	      0.0000	      0.0000
      0.0000	      0.0000	      0.0000	      0.0000
      0.0000	      0.0000	      0.0000	      0.0000
      0.0000	      0.0000	      0.0000	      0.0000
    -19.1623	      0.0000	      0.0000	      0.0000
      0.0000	      0.0000	      0.0000	      0.0000
      0.0000	      0.0000	      0.0000	      0.0000
      0.0000	      0.0000	      0.0000	      0.0000
      0.0000	      0.0000	      0.0000	      0.0000
     -5.2159	      0.0000	      0.0000	      0.0000
      0.0000	     -3.6147	      0.0000	      0.0000
      0.0000	      0.0000	      0.0000	      0.0000
      0.0000	      0.0000	      0.0000	      0.0000
      0.0000	      0.0000	      0.0000	      0.0000
      0.0000	      0.0000	      0.0000	      0.0000
      0.0000	      0.0000	      0.0000	      0.0000
      0.0000	      0.0000	      0.0000	      0.0000
      0.0000	      0.0000	      0.0000	      0.0000
      0.0000	      0.0000	      0.0000	      0.0000
      0.0000	      0.0000	      0.0000	      0.0000
      0.0000	      0.0000	      0.0000	      0.0000
      0.0000	      0.0000	      0.0000	      0.0000
      0.0000	      0.0000	      0.0000	      0.0000
      0.0000	      0.0000	      0.0000	      0.0000
      0.0000	      0.0000	      0.0000	      0.0000
      0.0000	      0.0000	      0.0000	      0.0000
      0.0000	      0.0000	      0.0000	      0.0000
      1.7641	      0.0000	      0.0000	      0.0000
    -15.3999	      5.8521	      0.0000	      0.0000
     15.7910	      0.0000	      0.0000	      0.0000
      4.5507	      0.0000	      0.0000	      0.0000
      6.2706	      0.0000	      0.0000	      0.0000
      0.0000	      0.0000	      0.0000	      0.0000
      0.0000	      0.0000	      0.0000	      0.0000
      0.0000	      0.0000	      0.0000	      0.0000
      2.1787	      0.0000	      0.0000	      0.0000
      0.0000	      0.0000	      0.0000	      0.0000
      0.0000	      0.0000	      0.0000	      0.0000
      0.0000	      0.0000	      0.0000	      0.0000
      0.0000	      0.0000	      0.0000	      0.0000
      0.0000	      0.0000	      0.0000	      0.0000
      0.0000	      0.0000	      0.0000	      0.0000
      0.0000	      0.0000	      0.0000	      0.0000
      0.0000	      0.0000	      0.0000	      0.0000
      0.0000	      0.0000	      0.0000	      0.0000
      0.0000	      0.0000	      0.0000	      0.0000
      0.0000	      0.0000	      0.0000	      0.0000
      0.0000	      0.0000	      0.0000	      0.0000
      0.0000	      0.0000	      0.0000	      0.0000
      0.0000	      0.0000	      0.0000	      0.0000
      0.0000	      0.0000	      0.0000	      0.0000
     12.4360	    -18.0807	      0.0000	      0.0000
     21.4219	     -0.9419	      0.0000	      0.0000
     51.5733	      0.0000	      0.0000	      9.8575
     34.1979	      0.0000	      0.0000	      0.0000
     11.3721	      6.5816	      0.0000	    -20.0000
     -0.2357	      0.0000	      0.0000	      0.0000
      9.2234	      0.0000	      0.0000	      0.0000
      0.0000	      0.0000	      0.0000	      0.0000
     10.3467	      0.0000	      0.0000	      0.0000
      5.2933	      0.0000	      0.0000	      0.0000
      0.0000	      0.0000	      0.0000	      0.0000
      0.0000	      0.0000	      0.0000	      0.0000
      0.0000	      0.0000	      0.0000	      0.0000
      0.0000	      0.0000	      0.0000	      0.0000
      0.0000	      0.0000	      0.0000	      0.0000
      0.0000	      0.0000	      0.0000	      0.0000
      0.0000	      0.0000	      0.0000	      0.0000
      0.0000	      0.0000	      0.0000	      0.0000
      0.0000	      0.0000	      0.0000	      0.0000
      0.0000	      0.0000	      0.0000	      0.0000
      0.0000	      0.0000	      0.0000	      0.0000
      0.0000	      0.0000	      0.0000	      0.0000
      0.0000	      0.0000	      0.0000	      0.0000
      0.0000	      0.0000	      0.0000	      0.0000
      0.0000	      0.0000	      0.0000	      0.0000
      0.5454	      0.0000	      0.0000	      0.0000
      3.1654	      0.0000	      0.0000	      0.0000
     16.5628	      0.0000	      0.0000	      0.0000
      9.2596	      0.0000	      0.0000	      0.0000
      4.2357	      0.0000	      0.0000	      0.0000
      9.2198	      0.0000	      0.0000	      0.0000
      3.0402	      0.0000	      0.0000	      0.0000
      0.0000	      0.0000	      0.0000	      0.0000
      0.0000	      0.0000	      0.0000	      0.0000
      0.0000	      0.0000	      0.0000	      0.0000
      0.0000	      0.0000	      0.0000	      0.0000
      0.0000	      0.0000	      0.0000	      0.0000
      0.0000	      0.0000	      0.0000	      0.0000
      0.0000	      0.0000	      0.0000	      0.0000
      0.0000	      0.0000	      0.0000	      0.0000
      0.0000	      0.0000	      0.0000	      0.0000
      0.0000	      0.0000	      0.0000	      0.0000
      0.0000	      0.0000	      0.0000	      0.0000
      0.0000	      0.0000	      0.0000	      0.0000
      0.0000	      0.0000	      0.0000	      0.0000
      0.0000	      0.0000	      0.0000	      0.0000
      0.0000	      0.0000	      0.0000	      0.0000
      0.0000	      0.0000	      0.0000	      0.0000
      0.0000	      0.0000	      0.0000	      0.0000
      0.0000	      0.0000	      0.0000	      0.0000
      4.2407	      0.0000	      0.0000	      0.0000
      3.9033	      1.4139	      0.0000	      0.0000
     15.9560	      0.0000	      0.0000	      0.0000
      9.9145	      0.0000	      0.0000	      0.0000
      0.0000	      0.0000	      0.0000	      0.0000
      2.1023	      0.0000	      0.0000	      0.0000
      0.0000	      0.0000	      0.0000	      0.0000
      0.0000	      0.0000	      0.0000	      0.0000
      1.4255	      0.0000	      0.0000	      0.0000
      0.0000	      0.0000	      0.0000	      0.0000
      0.0000	      0.0000	      0.0000	      0.0000
      0.0000	      0.0000	      0.0000	      0.0000
      0.0000	      0.0000	      0.0000	      0.0000
      0.0000	      0.0000	      0.0000	      0.0000
      0.0000	      0.0000	      0.0000	      0.0000
      0.0000	      0.0000	      0.0000	      0.0000
      0.0000	      0.0000	      0.0000	      0.0000
      0.0000	      0.0000	      0.0000	      0.0000
      0.0000	      0.0000	      0.0000	      0.0000
      0.0000	      0.0000	      0.0000	      0.0000
      0.0000	      0.0000	      0.0000	      0.0000
      0.0000	      0.0000	      0.0000	      0.0000
      0.0000	      0.0000	      0.0000	      0.0000
      0.0000	      0.0000	      0.0000	      0.0000
      0.0000	      0.0000	      0.0000	      0.0000
      9.8653	      0.0000	      0.0000	     -2.2160
     31.0714	      0.0000	      0.0000	      0.0000
     30.7187	      3.8919	      1.9679	      8.3001
     19.5707	      0.0000	      0.0000	      0.0000
      7.9721	      0.0000	      0.0000	      3.1789
      6.9904	      0.0000	      0.0000	      0.0000
     10.4639	      0.0000	      0.0000	      0.0000
      0.0000	      0.0000	      0.0000	      0.0000
      1.8716	      0.0000	      0.0000	      0.0000
     -0.9926	      3.0786	      0.0000	      0.0000
      0.0000	      0.0000	      0.0000	      0.0000
      0.0000	      0.0000	      0.0000	      0.0000
      0.0000	      0.0000	      0.0000	      0.0000
      0.0000	      0.0000	      0.0000	      0.0000
      0.0000	      0.0000	      0.0000	      0.0000
      0.0000	      0.0000	      0.0000	      0.0000
      0.0000	      0.0000	      0.0000	      0.0000
      0.0000	      0.0000	      0.0000	      0.0000
      0.0000	      0.0000	      0.0000	      0.0000
      0.0000	      0.0000	      0.0000	      0.0000
      0.0000	      0.0000	      0.0000	      0.0000
      0.0000	      0.0000	      0.0000	      0.0000
      0.0000	      0.0000	      0.0000	      0.0000
      0.0000	      0.0000	      0.0000	      0.0000
      0.0000	      0.0000	      0.0000	      0.0000
      0.0000	      0.0000	      0.0000	      0.0000
     11.3132	      0.0000	      0.0000	      4.4993
      0.0000	      0.0000	      0.0000	      0.0000
      8.3735	      0.0000	      0.0000	      0.3614
      0.0000	      0.0000	     -1.8444	      0.0000
      0.0000	      0.0000	      0.0000	      0.0000
      4.2208	      0.0000	      0.0000	      0.0000
      0.0000	      0.0000	      0.0000	      0.0000
      0.0000	      0.0000	      0.0000	      0.0000
      0.0000	      0.0000	      0.0000	      0.0000
      0.0000	      0.0000	      0.0000	      0.0000
      0.0000	      0.0000	      0.0000	      0.0000
      0.0000	      0.0000	      0.0000	      0.0000
      0.0000	      0.0000	      0.0000	      0.0000
      0.0000	      0.0000	      0.0000	      0.0000
      0.0000	      0.0000	      0.0000	      0.0000
      0.0000	      0.0000	      0.0000	      0.0000
      0.0000	      0.0000	      0.0000	      0.0000
      0.0000	      0.0000	      0.0000	      0.0000
      0.0000	      0.0000	      0.0000	      0.0000
      0.0000	      0.0000	      0.0000	      0.0000
      0.0000	      0.0000	      0.0000	      0.0000
      0.0000	      0.0000	      0.0000	      0.0000
      0.0000	      0.0000	      0.0000	      0.0000
      0.0000	      0.0000	      0.0000	      0.0000
      0.0000	      0.0000	      0.0000	      0.0000
      0.0000	      0.0000	      0.0000	      0.0000
      0.0000	      0.0000	      0.0000	      0.0000
    -17.3279	      0.0000	      0.0000	      0.0000
      1.5126	      0.0000	      0.0000	      0.0000
      0.0000	      0.0000	      0.0000	      0.0000
      0.0000	      0.0000	      0.0000	      0.0000
      0.0000	      0.0000	      0.0000	      0.0000
      0.0000	      0.0000	      0.0000	      0.0000
      0.0000	      0.0000	      0.0000	      0.0000
      0.0000	      0.0000	      0.0000	      0.0000
      0.0000	      0.0000	      0.0000	      0.0000
      0.0000	      0.0000	      0.0000	      0.0000
      0.0000	      0.0000	      0.0000	      0.0000
      0.0000	      0.0000	      0.0000	      0.0000
      0.0000	      0.0000	      0.0000	      0.0000
      0.0000	      0.0000	      0.0000	      0.0000
      0.0000	      0.0000	      0.0000	      0.0000
      0.0000	      0.0000	      0.0000	      0.0000
      0.0000	      0.0000	      0.0000	      0.0000
      0.0000	      0.0000	      0.0000	      0.0000
      0.0000	      0.0000	      0.0000	      0.0000
      0.0000	      0.0000	      0.0000	      0.0000
      0.0000	      0.0000	      0.0000	      0.0000
      0.0000	      0.0000	      0.0000	      0.0000
      0.0000	      0.0000	      0.0000	      0.0000
     -4.6326	    -17.9533	      2.6824	      0.0000
    -15.9824	    -16.2154	     13.8006	      0.0000
    -16.7044	     -0.4727	     -1.3311	      4.9632
      0.0000	      0.0000	      0.0000	      0.0000
      0.0000	      0.0000	      0.0000	      0.0000
      0.0000	      0.0000	      0.0000	      0.0000
      0.0000	      0.0000	      0.0000	      0.0000
      0.3465	      0.0000	      0.0000	      0.0000
    -21.1598	      0.0000	      0.0000	      0.0000
      0.0000	      0.0000	      0.0000	      0.0000
      0.0000	      0.0000	      0.0000	      0.0000
      0.0000	      0.0000	      0.0000	      0.0000
      0.0000	      0.0000	      0.0000	      0.0000
      0.0000	      0.0000	      0.0000	      0.0000
      0.0000	      0.0000	      0.0000	      0.0000
      0.0000	      0.0000	      0.0000	      0.0000
      0.0000	      0.0000	      0.0000	      0.0000
      0.0000	      0.0000	      0.0000	      0.0000
      0.0000	      0.0000	      0.0000	      0.0000
      0.0000	      0.0000	      0.0000	      0.0000
      0.0000	      0.0000	      0.0000	      0.0000
      0.0000	      0.0000	      0.0000	      0.0000
      0.0000	      0.0000	      0.0000	      0.0000
      0.0000	      0.0000	      0.0000	      0.0000
      0.0000	      0.0000	      0.0000	      0.0000
      0.0000	      0.0000	      0.0000	      0.0000
      0.0000	      0.0000	      0.0000	      0.0000
      0.0000	      0.0000	      0.0000	      0.0000
     -0.2571	      0.0000	      0.0000	      0.0000
      0.0000	      0.0000	      0.0000	      0.0000
      0.0000	      0.0000	      0.0000	      0.0000
      0.0000	      0.0000	      0.0000	      0.0000
      0.0000	      0.0000	      0.0000	      0.0000
      0.0000	      0.0000	      0.0000	      0.0000
      0.0000	      0.0000	      0.0000	      0.0000
      0.0000	      0.0000	      0.0000	      0.0000
      0.0000	      0.0000	      0.0000	      0.0000
      0.0000	      0.0000	      0.0000	      0.0000
      0.0000	      0.0000	      0.0000	      0.0000
      0.0000	      0.0000	      0.0000	      0.0000
      0.0000	      0.0000	      0.0000	      0.0000
      0.0000	      0.0000	      0.0000	      0.0000
      0.0000	      0.0000	      0.0000	      0.0000
      0.0000	      0.0000	      0.0000	      0.0000
      0.0000	      0.0000	      0.0000	      0.0000
      0.0000	      0.0000	      0.0000	      0.0000
      0.0000	      0.0000	      0.0000	      0.0000
      0.0000	      0.0000	      0.0000	      0.0000
      0.0000	      0.0000	      0.0000	      0.0000
     -2.7197	     -3.4990	     -2.9455	      0.0441
     -5.5563	     -0.5295	     -5.8745	      3.5468
    -13.7722	      0.3463	      0.0000	      0.0000
     -7.4180	     -7.6264	     -6.1254	     -0.5645
      0.0000	      0.0000	      0.0000	      0.0000
    -11.8353	     -6.7830	    -16.4288	      0.0000
      0.0000	      0.0000	      0.0000	      0.0000
      0.0000	      0.0000	      0.0000	      0.0000
     -7.9443	      1.9894	      0.0000	      0.0000
      0.0000	      0.0000	      0.0000	      0.0000
      0.0000	      0.0000	      0.0000	      0.0000
      0.0000	      0.0000	      0.0000	      0.0000
      0.0000	      0.0000	      0.0000	      0.0000
      0.0000	      0.0000	      0.0000	      0.0000
      0.0000	      0.0000	      0.0000	      0.0000
      0.0000	      0.0000	      0.0000	      0.0000
      0.0000	      0.0000	      0.0000	      0.0000
      0.0000	      0.0000	      0.0000	      0.0000
      0.0000	      0.0000	      0.0000	      0.0000
      0.0000	      0.0000	      0.0000	      0.0000
      0.0000	      0.0000	      0.0000	      0.0000
      0.0000	      0.0000	      0.0000	      0.0000
      0.0000	      0.0000	      0.0000	      0.0000
      0.0000	      0.0000	      0.0000	      0.0000
      0.0000	      0.0000	      0.0000	      0.0000
     -6.6166	     -6.3156	     -8.2107	    -23.1067
    -14.3239	    -23.5294	    -13.2715	      6.6121
     41.1604	      3.2100	      0.0000	      0.0000
    -17.5517	     -3.5940	     18.4912	     -0.3476
     -2.3742	     -2.6162	     -3.4432	     -4.8982
    -22.6237	    -26.1343	    -19.7348	    -14.1131
     -1.9814	      2.1404	      0.0000	      0.0000
      0.0000	      0.0000	      0.0000	      0.0000
     -4.7159	     -7.9182	     -5.7456	     -0.5550
     -2.2329	     -3.6341	     -5.3798	     -2.1336
      0.0000	      0.0000	      0.0000	      0.0000
      0.0000	      0.0000	      0.0000	      0.0000
      0.0000	      0.0000	      0.0000	      0.0000
      0.0000	      0.0000	      0.0000	      0.0000
      0.0000	      0.0000	      0.0000	      0.0000
      0.0000	      0.0000	      0.0000	      0.0000
      0.0000	      0.0000	      0.0000	      0.0000
      0.0000	      0.0000	      0.0000	      0.0000
      0.0000	      0.0000	      0.0000	      0.0000
      0.0000	      0.0000	      0.0000	      0.0000
      0.0000	      0.0000	      0.0000	      0.0000
      0.0000	      0.0000	      0.0000	      0.0000
      0.0000	      0.0000	      0.0000	      0.0000
      0.0000	      0.0000	      0.0000	      0.0000
      0.0000	      0.0000	      0.0000	      0.0000
      0.0000	      0.0000	      0.0000	      0.0000
    -20.8760	     -7.7342	      2.4697	      0.0000
     33.7151	      0.0000	      0.0000	      0.0000
      9.3589	      0.0000	      0.0000	      0.0000
      0.0000	      0.0000	      0.0000	      0.0000
      0.0000	      0.0000	      0.0000	      0.0000
      0.0000	      0.0000	      0.0000	      0.0000
      0.0000	      0.0000	      0.0000	      0.0000
      0.0000	      0.0000	      0.0000	      0.0000
     -5.8811	      0.0000	      0.0000	      0.0000
      0.0000	      0.0000	      0.0000	      0.0000
      0.0000	      0.0000	      0.0000	      0.0000
      0.0000	      0.0000	      0.0000	      0.0000
      0.0000	      0.0000	      0.0000	      0.0000
      0.0000	      0.0000	      0.0000	      0.0000
      0.0000	      0.0000	      0.0000	      0.0000
      0.0000	      0.0000	      0.0000	      0.0000
      0.0000	      0.0000	      0.0000	      0.0000
      0.0000	      0.0000	      0.0000	      0.0000
      0.0000	      0.0000	      0.0000	      0.0000
      0.0000	      0.0000	      0.0000	      0.0000
      0.0000	      0.0000	      0.0000	      0.0000
      0.0000	      0.0000	      0.0000	      0.0000
      0.0000	      0.0000	      0.0000	      0.0000
      0.0000	      0.0000	      0.0000	      0.0000
      4.3015	      0.0000	      0.0000	      0.0000
     -2.3976	     -2.2020	      0.0000	      0.0000
     12.0953	      0.0000	      0.0000	      0.0000
     22.5386	      0.0000	      0.0000	      0.0000
      0.0000	      0.0000	      0.0000	      0.0000
      4.7283	      0.0000	      0.0000	      0.0000
      0.0000	      0.0000	      0.0000	      0.0000
      0.0000	      0.0000	      0.0000	      0.0000
      0.0000	      0.0000	      0.0000	      0.0000
      3.8346	      0.0000	      0.0000	      0.0000
      0.0000	      0.0000	      0.0000	      0.0000
      0.0000	      0.0000	      0.0000	      0.0000
      0.0000	      0.0000	      0.0000	      0.0000
      0.0000	      0.0000	      0.0000	      0.0000
      0.0000	      0.0000	      0.0000	      0.0000
      0.0000	      0.0000	      0.0000	      0.0000
      0.0000	      0.0000	      0.0000	      0.0000
      0.0000	      0.0000	      0.0000	      0.0000
      0.0000	      0.0000	      0.0000	      0.0000
      0.0000	      0.0000	      0.0000	      0.0000
      0.0000	      0.0000	      0.0000	      0.0000
      0.0000	      0.0000	      0.0000	      0.0000
      0.0000	      0.0000	      0.0000	      0.0000
      0.0000	      0.0000	      0.0000	      0.0000
      0.0000	      0.0000	      0.0000	      0.0000
     -2.3787	     -2.6205	     -8.2767	     -2.2697
     -3.5400	      2.1182	     -3.6810	     -2.8013
      1.6786	     15.9139	     -2.5080	     41.1408
     -4.6879	     -6.0106	     -7.4476	      3.5776
     -7.4859	     -4.4015	     -5.1014	     -3.2239
     -1.0549	    -10.1569	     -9.2441	     -6.2821
      0.0000	      0.0000	      0.0000	      0.0000
      0.0000	      0.0000	      0.0000	      0.0000
     -0.7506	     -4.0680	     -4.6864	     -4.7728
     -8.0682	     -3.7481	     -4.7522	     -7.9674
      0.0000	      0.0000	      0.0000	      0.0000
      0.0000	      0.0000	      0.0000	      0.0000
      0.0000	      0.0000	      0.0000	      0.0000
      0.0000	      0.0000	      0.0000	      0.0000
      0.0000	      0.0000	      0.0000	      0.0000
      0.0000	      0.0000	      0.0000	      0.0000
      0.0000	      0.0000	      0.0000	      0.0000
      0.0000	      0.0000	      0.0000	      0.0000
      0.0000	      0.0000	      0.0000	      0.0000
      0.0000	      0.0000	      0.0000	      0.0000
      0.0000	      0.0000	      0.0000	      0.0000
      0.0000	      0.0000	      0.0000	      0.0000
      0.0000	      0.0000	      0.0000	      0.0000
      0.0000	      0.0000	      0.0000	      0.0000
      0.0000	      0.0000	      0.0000	      0.0000
      0.0000	      0.0000	      0.0000	      0.0000
     -0.2739	      5.3959	      0.0000	      0.0000
     13.6514	      0.0000	      0.0000	      0.0000
     10.4612	      0.0000	      0.0000	      0.0000
      0.0000	      0.0000	      0.0000	      0.0000
      0.0000	      0.0000	      0.0000	      0.0000
      0.0000	      0.0000	      0.0000	      0.0000
      0.0000	      0.0000	      0.0000	      0.0000
      0.0000	      0.0000	      0.0000	      0.0000
     -6.5769	      0.0000	      0.0000	      0.0000
      0.0000	      0.0000	      0.0000	      0.0000
      0.0000	      0.0000	      0.0000	      0.0000
      0.0000	      0.0000	      0.0000	      0.0000
      0.0000	      0.0000	      0.0000	      0.0000
      0.0000	      0.0000	      0.0000	      0.0000
      0.0000	      0.0000	      0.0000	      0.0000
      0.0000	      0.0000	      0.0000	      0.0000
      0.0000	      0.0000	      0.0000	      0.0000
      0.0000	      0.0000	      0.0000	      0.0000
      0.0000	      0.0000	      0.0000	      0.0000
      0.0000	      0.0000	      0.0000	      0.0000
      0.0000	      0.0000	      0.0000	      0.0000
      0.0000	      0.0000	      0.0000	      0.0000
      0.0000	      0.0000	      0.0000	      0.0000
      0.0000	      0.0000	      0.0000	      0.0000
      0.0000	      0.0000	      0.0000	      0.0000
      0.0000	      0.0000	      0.0000	      0.0000
     -4.5607	      0.0000	      0.0000	      0.0000
     -7.8190	      0.0000	      0.0000	      0.0000
      0.0000	      0.0000	      0.0000	      0.0000
      0.0000	      0.0000	      0.0000	      0.0000
      0.0000	      0.0000	      0.0000	      0.0000
      0.0000	      0.0000	      0.0000	      0.0000
    -20.9475	      0.0000	      0.0000	      0.0000
      0.0000	      0.0000	      0.0000	      0.0000
      0.0000	      0.0000	      0.0000	      0.0000
      0.0000	      0.0000	      0.0000	      0.0000
      0.0000	      0.0000	      0.0000	      0.0000
      0.0000	      0.0000	      0.0000	      0.0000
      0.0000	      0.0000	      0.0000	      0.0000
      0.0000	      0.0000	      0.0000	      0.0000
      0.0000	      0.0000	      0.0000	      0.0000
      0.0000	      0.0000	      0.0000	      0.0000
      0.0000	      0.0000	      0.0000	      0.0000
      0.0000	      0.0000	      0.0000	      0.0000
      0.0000	      0.0000	      0.0000	      0.0000
      0.0000	      0.0000	      0.0000	      0.0000
      0.0000	      0.0000	      0.0000	      0.0000
      0.0000	      0.0000	      0.0000	      0.0000
      0.0000	      0.0000	      0.0000	      0.0000
      0.0000	      0.0000	      0.0000	      0.0000
      0.0000	      0.0000	      0.0000	      0.0000
      0.0000	      0.0000	      0.0000	      0.0000
    -26.3313	      0.0000	      0.0000	      0.0000
     -1.3120	    -19.3078	      0.0000	      0.0000
      0.0000	      0.0000	      0.0000	      0.0000
      0.0000	      0.0000	      0.0000	      0.0000
      0.0000	      0.0000	      0.0000	      0.0000
      0.0000	      0.0000	      0.0000	      0.0000
    -11.1313	      0.0000	      0.0000	      0.0000
      0.0000	      0.0000	      0.0000	      0.0000
      0.0000	      0.0000	      0.0000	      0.0000
      0.0000	      0.0000	      0.0000	      0.0000
      0.0000	      0.0000	      0.0000	      0.0000
      0.0000	      0.0000	      0.0000	      0.0000
      0.0000	      0.0000	      0.0000	      0.0000
      0.0000	      0.0000	      0.0000	      0.0000
      0.0000	      0.0000	      0.0000	      0.0000
      0.0000	      0.0000	      0.0000	      0.0000
      0.0000	      0.0000	      0.0000	      0.0000
      0.0000	      0.0000	      0.0000	      0.0000
      0.0000	      0.0000	      0.0000	      0.0000
      0.0000	      0.0000	      0.0000	      0.0000
      0.0000	      0.0000	      0.0000	      0.0000
      0.0000	      0.0000	      0.0000	      0.0000
      0.0000	      0.0000	    -15.9864	      0.0000
      0.0000	      0.0000	      0.0000	      0.0000
      0.0000	      0.0000	      0.0000	      0.0000
    -10.8871	      0.0000	      0.0000	      0.0000
      0.0000	      0.0000	      0.0000	      0.0000
      0.0000	     -3.6702	      0.0000	      0.0000
      0.0000	      0.0000	      0.0000	      0.0000
      0.0000	      0.0000	      0.0000	      0.0000
      0.0000	      0.0000	      0.0000	      0.0000
      0.0000	      0.0000	      0.0000	      0.0000
      0.0000	      0.0000	      0.0000	      0.0000
      0.0000	      0.0000	      0.0000	      0.0000
      0.0000	      0.0000	      0.0000	      0.0000
      0.0000	      0.0000	      0.0000	      0.0000
      0.0000	      0.0000	      0.0000	      0.0000
      0.0000	      0.0000	      0.0000	      0.0000
      0.0000	      0.0000	      0.0000	      0.0000
      0.0000	      0.0000	      0.0000	      0.0000
      0.0000	      0.0000	      0.0000	      0.0000
      0.0000	      0.0000	      0.0000	      0.0000
      0.0000	      0.0000	      0.0000	      0.0000
      0.0000	      0.0000	      0.0000	      0.0000
      0.0000	      0.0000	      0.0000	      0.0000
      0.0000	      0.0000	      0.0000	      0.0000
      0.0000	      0.0000	      0.0000	      0.0000
     -1.3141	      0.0000	      0.0000	      0.0000
      0.0000	      0.0000	      0.0000	      0.0000
      0.0000	      0.0000	      0.0000	      0.0000
     -2.6395	      0.0000	      0.0000	      0.0000
      0.1990	      0.0000	      0.0000	      0.0000
    -26.2783	      0.0000	      0.0000	      0.0000
      2.7292	      0.0000	      0.0000	      0.0000
      0.0000	      0.0000	      0.0000	      0.0000
     -9.8798	     -7.5285	      0.0000	      0.0000
      0.0000	      0.0000	      0.0000	      0.0000
      0.0000	      0.0000	      0.0000	      0.0000
      0.0000	      0.0000	      0.0000	      0.0000
      0.0000	      0.0000	      0.0000	      0.0000
      0.0000	      0.0000	      0.0000	      0.0000
      0.0000	      0.0000	      0.0000	      0.0000
      0.0000	      0.0000	      0.0000	      0.0000
      0.0000	      0.0000	      0.0000	      0.0000
      0.0000	      0.0000	      0.0000	      0.0000
      0.0000	      0.0000	      0.0000	      0.0000
      0.0000	      0.0000	      0.0000	      0.0000
      0.0000	      0.0000	      0.0000	      0.0000
      0.0000	      0.0000	      0.0000	      0.0000
      0.0000	      0.0000	      0.0000	      0.0000
      0.0000	      0.0000	      0.0000	      0.0000
      0.0000	      0.0000	      0.0000	      0.0000
     -7.6824	    -22.0668	     -6.1572	     -3.3331
     -2.2408	     -3.0506	     -2.7397	    -18.4099
      0.0000	      0.0000	      0.0000	      0.0000
     -1.7503	      8.0229	      0.0000	      0.0000
     -4.8114	     -5.7717	     -0.1767	      0.0000
      4.7689	      0.0000	      0.0000	      0.0000
      0.0000	      0.0000	      0.0000	      0.0000
      0.0000	      0.0000	      0.0000	      0.0000
     -5.8378	     -7.4503	     -0.4479	      0.0000
      2.0318	      0.0000	      0.0000	      0.0000
      0.0000	      0.0000	      0.0000	      0.0000
      0.0000	      0.0000	      0.0000	      0.0000
      0.0000	      0.0000	      0.0000	      0.0000
      0.0000	      0.0000	      0.0000	      0.0000
      0.0000	      0.0000	      0.0000	      0.0000
      0.0000	      0.0000	      0.0000	      0.0000
      0.0000	      0.0000	      0.0000	      0.0000
      0.0000	      0.0000	      0.0000	      0.0000
      0.0000	      0.0000	      0.0000	      0.0000
      0.0000	      0.0000	      0.0000	      0.0000
      0.0000	      0.0000	      0.0000	      0.0000
      0.0000	      0.0000	      0.0000	      0.0000
      0.0000	      0.0000	      0.0000	      0.0000
      0.0000	      0.0000	      0.0000	      0.0000
      0.0000	      0.0000	      0.0000	      0.0000
      0.0000	      0.0000	      0.0000	      0.0000
      5.3706	      0.0000	      0.0000	      0.0000
      0.0000	      0.0000	      0.0000	      0.0000
      0.0000	      0.0000	      0.0000	      0.0000
      0.0000	      0.0000	      0.0000	    -25.1845
      0.0000	      0.0000	      0.0000	      0.0000
      0.0000	      0.0000	      0.0000	      0.0000
      0.0000	      0.0000	      0.0000	      0.0000
      0.0000	      0.0000	      0.0000	      0.0000
      0.0000	      0.0000	      0.0000	      0.0000
      0.0000	      0.0000	      0.0000	      0.0000
      0.0000	      0.0000	      0.0000	      0.0000
      0.0000	      0.0000	      0.0000	      0.0000
      0.0000	      0.0000	      0.0000	      0.0000
      0.0000	      0.0000	      0.0000	      0.0000
      0.0000	      0.0000	      0.0000	      0.0000
      0.0000	      0.0000	      0.0000	      0.0000
      0.0000	      0.0000	      0.0000	      0.0000
      0.0000	      0.0000	      0.0000	      0.0000
      0.0000	      0.0000	      0.0000	      0.0000
      0.0000	      0.0000	      0.0000	      0.0000
      0.0000	      0.0000	      0.0000	      0.0000
      0.0000	      0.0000	      0.0000	      0.0000
      0.0000	      0.0000	      0.0000	      0.0000
      0.0000	      0.0000	      0.0000	      0.0000
      0.0000	      0.0000	      0.0000	      0.0000
      0.0000	      0.0000	      0.0000	      0.0000
      0.0000	      0.0000	      0.0000	      0.0000
      0.0000	      0.0000	      0.0000	      0.0000
      0.0000	      0.0000	      0.0000	      0.0000
      0.0000	      0.0000	      0.0000	      0.0000
      0.0000	      0.0000	      0.0000	      0.0000
      0.0000	      0.0000	      0.0000	      0.0000
      0.0000	      0.0000	      0.0000	      0.0000
      0.0000	      0.0000	      0.0000	      0.0000
      0.0000	      0.0000	      0.0000	      0.0000
      0.0000	      0.0000	      0.0000	      0.0000
      0.0000	      0.0000	      0.0000	      0.0000
      0.0000	      0.0000	      0.0000	      0.0000
      0.0000	      0.0000	      0.0000	      0.0000
      0.0000	      0.0000	      0.0000	      0.0000
      0.0000	      0.0000	      0.0000	      0.0000
      0.0000	      0.0000	      0.0000	      0.0000
      0.0000	      0.0000	      0.0000	      0.0000
      0.0000	      0.0000	      0.0000	      0.0000
      0.0000	      0.0000	      0.0000	      0.0000
      0.0000	      0.0000	      0.0000	      0.0000
      0.0000	      0.0000	      0.0000	      0.0000
      0.0000	      0.0000	      0.0000	      0.0000
      0.0000	      0.0000	      0.0000	      0.0000
     -1.0861	      0.0000	      0.0000	      0.0000
     -0.4624	     -2.3167	     -2.4176	      2.7903
      0.0000	      0.0000	      0.0000	      0.0000
     -3.7116	      8.3247	     -5.4623	     -3.3988
      1.1828	      0.0000	      0.0000	      0.0000
      0.0000	      0.0000	      0.0000	      0.0000
      0.0000	      0.0000	      0.0000	      0.0000
      0.0000	      0.0000	      0.0000	      0.0000
     -7.6299	     -0.3794	     -4.0884	      0.7701
     -1.8042	     -6.2722	      0.0000	      0.0000
      0.0000	      0.0000	      0.0000	      0.0000
      0.0000	      0.0000	      0.0000	      0.0000
      0.0000	      0.0000	      0.0000	      0.0000
      0.0000	      0.0000	      0.0000	      0.0000
      0.0000	      0.0000	      0.0000	      0.0000
      0.0000	      0.0000	      0.0000	      0.0000
      0.0000	      0.0000	      0.0000	      0.0000
      0.0000	      0.0000	      0.0000	      0.0000
      0.0000	      0.0000	      0.0000	      0.0000
      0.0000	      0.0000	      0.0000	      0.0000
      0.0000	      0.0000	      0.0000	      0.0000
      0.0000	      0.0000	      0.0000	      0.0000
      0.0000	      0.0000	      0.0000	      0.0000
      0.0000	      0.0000	      0.0000	      0.0000
      0.0000	      0.0000	      0.0000	      0.0000
      0.0000	      0.0000	      0.0000	      0.0000
      4.3800	      0.0000	      0.0000	     -1.1642
      0.0000	      0.0000	      0.0000	      0.0000
      3.0621	      0.0000	      0.0000	      0.0000
      0.9687	      0.0000	      0.0000	      0.0000
      0.0000	      0.0000	      0.0000	      0.0000
      0.0000	      0.0000	      0.0000	      0.0000
      0.0000	      0.0000	      0.0000	      0.0000
      1.4865	      0.0000	      0.0000	      0.0000
      0.0000	      0.0000	      0.0000	      0.0000
      0.0000	      0.0000	      0.0000	      0.0000
      0.0000	      0.0000	      0.0000	      0.0000
      0.0000	      0.0000	      0.0000	      0.0000
      0.0000	      0.0000	      0.0000	      0.0000
      0.0000	      0.0000	      0.0000	      0.0000
      0.0000	      0.0000	      0.0000	      0.0000
      0.0000	      0.0000	      0.0000	      0.0000
      0.0000	      0.0000	      0.0000	      0.0000
      0.0000	      0.0000	      0.0000	      0.0000
      0.0000	      0.0000	      0.0000	      0.0000
      0.0000	      0.0000	      0.0000	      0.0000
      0.0000	      0.0000	      0.0000	      0.0000
      0.0000	      0.0000	      0.0000	      0.0000
      0.0000	      0.0000	      0.0000	      0.0000
      0.0000	      0.0000	      0.0000	      0.0000
    -22.1582	      0.0000	      0.0000	      0.0000
      0.0000	      0.0000	      0.0000	      0.0000
      0.0000	      0.0000	      0.0000	      0.0000
      0.0000	     10.5153	      0.0000	      0.0000
      0.0000	      0.0000	      0.0000	      0.0000
      0.0000	      0.0000	      0.0000	      0.0000
      0.0000	      0.0000	      0.0000	      0.0000
      0.0000	      0.0000	      0.0000	      0.0000
      0.0000	      0.0000	      0.0000	      0.0000
      0.0000	      0.0000	      0.0000	     -1.8940
      0.0000	      0.0000	      0.0000	      0.0000
      0.0000	      0.0000	      0.0000	      0.0000
      0.0000	      0.0000	      0.0000	      0.0000
      0.0000	      0.0000	      0.0000	      0.0000
      0.0000	      0.0000	      0.0000	      0.0000
      0.0000	      0.0000	      0.0000	      0.0000
      0.0000	      0.0000	      0.0000	      0.0000
      0.0000	      0.0000	      0.0000	      0.0000
      0.0000	      0.0000	      0.0000	      0.0000
      0.0000	      0.0000	      0.0000	      0.0000
      0.0000	      0.0000	      0.0000	      0.0000
      0.0000	      0.0000	      0.0000	      0.0000
      0.0000	      0.0000	      0.0000	      0.0000
      0.0000	      0.0000	      0.0000	      0.0000
      0.0000	      0.0000	      0.0000	      0.0000
      0.0000	    -20.0000	      0.0000	      0.0000
     12.3028	      0.0000	      0.0000	      0.0000
      0.0000	      0.0000	      0.0000	      0.0000
      0.0000	      0.0000	      0.0000	      0.0000
    -20.9699	      0.0000	      0.0000	      0.0000
      0.0000	      0.0000	      0.0000	      0.0000
      0.0000	      0.0000	      0.0000	      0.0000
      0.0000	      0.0000	      0.0000	      0.0000
      0.0000	      0.0000	      0.0000	      0.0000
      0.0000	      0.0000	      0.0000	      0.0000
      0.0000	      0.0000	      0.0000	      0.0000
      0.0000	      0.0000	      0.0000	      0.0000
      0.0000	      0.0000	      0.0000	      0.0000
      0.0000	      0.0000	      0.0000	      0.0000
      0.0000	      0.0000	      0.0000	      0.0000
      0.0000	      0.0000	      0.0000	      0.0000
      0.0000	      0.0000	      0.0000	      0.0000
      0.0000	      0.0000	      0.0000	      0.0000
      0.0000	      0.0000	      0.0000	      0.0000
      0.0000	      0.0000	      0.0000	      0.0000
      0.0000	      0.0000	      0.0000	      0.0000
      0.0000	      0.0000	      0.0000	      0.0000
      0.0000	      0.0000	      0.0000	      0.0000
      0.0000	      0.0000	      0.0000	      0.0000
      0.0000	      0.0000	      0.0000	      0.0000
      0.0000	      0.0000	      0.0000	      0.0000
      0.0000	      0.0000	      0.0000	      0.0000
      0.0000	      0.0000	      0.0000	      0.0000
      0.0000	      0.0000	      0.0000	    -15.2471
      0.0000	      0.0000	      0.0000	      0.0000
      0.0000	      0.0000	      0.0000	      0.0000
      0.0000	      0.0000	      0.0000	      0.0000
      0.0000	      0.0000	      0.0000	      0.0000
      0.0000	      0.0000	      0.0000	      0.0000
      0.0000	      0.0000	      0.0000	      0.0000
      0.0000	      0.0000	      0.0000	      0.0000
      0.0000	      0.0000	      0.0000	      0.0000
      0.0000	      0.0000	      0.0000	      0.0000
      0.0000	      0.0000	      0.0000	      0.0000
      0.0000	      0.0000	      0.0000	      0.0000
      0.0000	      0.0000	      0.0000	      0.0000
      0.0000	      0.0000	      0.0000	      0.0000
      0.0000	      0.0000	      0.0000	      0.0000
      0.0000	      0.0000	      0.0000	      0.0000
      0.0000	      0.0000	      0.0000	      0.0000
      0.0000	      0.0000	      0.0000	      0.0000
      0.0000	      0.0000	      0.0000	      0.0000
      0.0000	      0.0000	      0.0000	      0.0000
      0.0000	      0.0000	      0.0000	      0.0000
      0.0000	      0.0000	      0.0000	      0.0000
      0.0000	      0.0000	      0.0000	      0.0000
      0.0000	      0.0000	      0.0000	      0.0000
      0.0000	      0.0000	      0.0000	      0.0000
      0.0000	      0.0000	      0.0000	      0.0000
      0.0000	      0.0000	      0.0000	      0.0000
      0.0000	      0.0000	      0.0000	      0.0000
      0.0000	      0.0000	      0.0000	      0.0000
      0.0000	      0.0000	      0.0000	      0.0000
      0.0000	      0.0000	      0.0000	      0.0000
      0.0000	      0.0000	      0.0000	      0.0000
      0.0000	      0.0000	      0.0000	      0.0000
      0.0000	      0.0000	      0.0000	      0.0000
      0.0000	      0.0000	      0.0000	      0.0000
      0.0000	      0.0000	      0.0000	      0.0000
      0.0000	      0.0000	      0.0000	      0.0000
      0.0000	      0.0000	      0.0000	      0.0000
      0.0000	      0.0000	      0.0000	      0.0000
      0.0000	      0.0000	      0.0000	      0.0000
      0.0000	      0.0000	      0.0000	      0.0000
      0.0000	      0.0000	      0.0000	      0.0000
      0.0000	      0.0000	      0.0000	      0.0000
      0.0000	      0.0000	      0.0000	      0.0000
      0.0000	      0.0000	      0.0000	      0.0000
      0.0000	      0.0000	      0.0000	      0.0000
      0.0000	      0.0000	      0.0000	      0.0000
      2.9198	      0.0000	      0.0000	      0.0000
     -1.3265	    -13.1816	      0.1123	      0.0000
      0.0000	      0.0000	      0.0000	      0.0000
     -1.2833	     13.5133	      0.0000	      0.0000
     -3.0544	      2.4028	      0.0000	      0.0000
     -0.9256	     -1.7566	     -1.1394	      2.0196
     -4.1381	      4.0958	      0.0000	      0.0000
      0.0000	      0.0000	      0.0000	      0.0000
      0.0000	      0.0000	      0.0000	      0.0000
     -2.4345	    -18.6959	      0.0000	      0.0000
      0.0000	      0.0000	      0.0000	      0.0000
      0.0000	      0.0000	      0.0000	      0.0000
      0.0000	      0.0000	      0.0000	      0.0000
      0.0000	      0.0000	      0.0000	      0.0000
      0.0000	      0.0000	      0.0000	      0.0000
      0.0000	      0.0000	      0.0000	      0.0000
      0.0000	      0.0000	      0.0000	      0.0000
      0.0000	      0.0000	      0.0000	      0.0000
      0.0000	      0.0000	      0.0000	      0.0000
      0.0000	      0.0000	      0.0000	      0.0000
      0.0000	      0.0000	      0.0000	      0.0000
      0.0000	      0.0000	      0.0000	      0.0000
      0.0000	      0.0000	      0.0000	      0.0000
      0.0000	      0.0000	      0.0000	      0.0000
      0.0000	      0.0000	      0.0000	      0.0000
      0.0000	      0.0000	      0.0000	      0.0000
      2.7071	      0.0000	      0.0000	      0.0000
      0.0000	      0.0000	      0.0000	      0.0000
      0.0000	      0.0000	      0.0000	      0.0000
     -4.4520	      0.0000	      0.0000	      0.0000
      0.0000	      0.0000	      0.0000	      0.0000
     -5.1767	      0.0000	      0.0000	      0.0000
      0.0000	      0.0000	      0.0000	      0.0000
      0.0000	      0.0000	      0.0000	      0.0000
      0.0000	      0.0000	      0.0000	      0.0000
      0.0000	      0.0000	      0.0000	      0.0000
      0.0000	      0.0000	      0.0000	      0.0000
      0.0000	      0.0000	      0.0000	      0.0000
      0.0000	      0.0000	      0.0000	      0.0000
      0.0000	      0.0000	      0.0000	      0.0000
      0.0000	      0.0000	      0.0000	      0.0000
      0.0000	      0.0000	      0.0000	      0.0000
      0.0000	      0.0000	      0.0000	      0.0000
      0.0000	      0.0000	      0.0000	      0.0000
      0.0000	      0.0000	      0.0000	      0.0000
      0.0000	      0.0000	      0.0000	      0.0000
      0.0000	      0.0000	      0.0000	      0.0000
      0.0000	      0.0000	      0.0000	      0.0000
      0.0000	      0.0000	      0.0000	      0.0000
      0.0000	      0.0000	      0.0000	      0.0000
     -2.9594	     -9.6550	      0.0000	      0.0000
      0.0000	      0.0000	      0.0000	      0.0000
      0.0000	      0.0000	      0.0000	      0.0000
      2.9383	      0.0000	      0.0000	      0.0000
      0.6662	      0.0000	      0.0000	      0.0000
      0.0000	      0.0000	      0.0000	      0.0000
      0.0000	      0.0000	      0.0000	      0.0000
      0.0000	      0.0000	      0.0000	      0.0000
      0.0000	      0.0000	      0.0000	      0.0000
      0.0000	      0.0000	      0.0000	      0.0000
      0.0000	      0.0000	      0.0000	      0.0000
      0.0000	      0.0000	      0.0000	      0.0000
      0.0000	      0.0000	      0.0000	      0.0000
      0.0000	      0.0000	      0.0000	      0.0000
      0.0000	      0.0000	      0.0000	      0.0000
      0.0000	      0.0000	      0.0000	      0.0000
      0.0000	      0.0000	      0.0000	      0.0000
      0.0000	      0.0000	      0.0000	      0.0000
      0.0000	      0.0000	      0.0000	      0.0000
      0.0000	      0.0000	      0.0000	      0.0000
      0.0000	      0.0000	      0.0000	      0.0000
      0.0000	      0.0000	      0.0000	      0.0000
      0.0000	      0.0000	      0.0000	      0.0000
      0.0000	      0.0000	      0.0000	      0.0000
      0.0000	      0.0000	      0.0000	      0.0000
     -6.9407	     -3.8234	     -3.9259	      0.0000
      2.2438	      0.0000	      0.0000	      0.0000
      0.0000	      0.0000	      0.0000	      0.0000
      3.7208	      0.0000	      0.0000	      0.0000
      5.6308	      0.0000	      0.0000	      0.0000
     -4.2973	     -0.0538	      0.0000	     -4.3231
     -2.0277	     -1.2657	     -4.7444	     -3.5097
      0.0000	      0.0000	      0.0000	      0.0000
      0.0000	      0.0000	      0.0000	      0.0000
      0.0000	      0.0000	      0.0000	      0.0000
      0.0000	      0.0000	      0.0000	      0.0000
      0.0000	      0.0000	      0.0000	      0.0000
      0.0000	      0.0000	      0.0000	      0.0000
      0.0000	      0.0000	      0.0000	      0.0000
      0.0000	      0.0000	      0.0000	      0.0000
      0.0000	      0.0000	      0.0000	      0.0000
      0.0000	      0.0000	      0.0000	      0.0000
      0.0000	      0.0000	      0.0000	      0.0000
      0.0000	      0.0000	      0.0000	      0.0000
      0.0000	      0.0000	      0.0000	      0.0000
      0.0000	      0.0000	      0.0000	      0.0000
      0.0000	      0.0000	      0.0000	      0.0000
      0.0000	      0.0000	      0.0000	      0.0000
      0.0000	      0.0000	      0.0000	      0.0000
      0.0000	      0.0000	      0.0000	      0.0000
      0.0000	      0.0000	      0.0000	      0.0000
     -0.0620	      0.0000	      0.0000	      0.0000
      0.0000	      0.0000	      0.0000	      0.0000
      0.0000	      0.0000	      0.0000	      0.0000
      0.0000	      0.0000	      0.0000	      0.0000
      0.0000	      0.0000	      0.0000	      0.0000
     -6.3796	      0.0000	      0.0000	      0.0000
      0.0000	      0.0000	      0.0000	      0.0000
      0.0000	      0.0000	      0.0000	      0.0000
      0.0000	      0.0000	      0.0000	      0.0000
      0.0000	      0.0000	      0.0000	      0.0000
      0.0000	      0.0000	      0.0000	      0.0000
      0.0000	      0.0000	      0.0000	      0.0000
      0.0000	      0.0000	      0.0000	      0.0000
      0.0000	      0.0000	      0.0000	      0.0000
      0.0000	      0.0000	      0.0000	      0.0000
      0.0000	      0.0000	      0.0000	      0.0000
      0.0000	      0.0000	      0.0000	      0.0000
      0.0000	      0.0000	      0.0000	      0.0000
      0.0000	      0.0000	      0.0000	      0.0000
      0.0000	      0.0000	      0.0000	      0.0000
      0.0000	      0.0000	      0.0000	      0.0000
      0.0000	      0.0000	      0.0000	      0.0000
      0.0000	      0.0000	      0.0000	      0.0000
      0.0000	      0.0000	      0.0000	      0.0000
      0.0000	      0.0000	      0.0000	      0.0000
      0.0000	      0.0000	      0.0000	      0.0000
      0.0000	      0.0000	      0.0000	      0.0000
      0.0000	      0.0000	      0.0000	      0.0000
      2.7305	      0.0000	      0.0000	      0.0000
      0.0000	      0.0000	      0.0000	      0.0000
      0.0000	      0.0000	      0.0000	      0.0000
      0.0000	      0.0000	      0.0000	      0.0000
      0.0000	      0.0000	      0.0000	      0.0000
      0.0000	      0.0000	      0.0000	      0.0000
      0.0000	      0.0000	      0.0000	      0.0000
      0.0000	      0.0000	      0.0000	      0.0000
      0.0000	      0.0000	      0.0000	      0.0000
      0.0000	      0.0000	      0.0000	      0.0000
      0.0000	      0.0000	      0.0000	      0.0000
      0.0000	      0.0000	      0.0000	      0.0000
      0.0000	      0.0000	      0.0000	      0.0000
      0.0000	      0.0000	      0.0000	      0.0000
      0.0000	      0.0000	      0.0000	      0.0000
      0.0000	      0.0000	      0.0000	      0.0000
      0.0000	      0.0000	      0.0000	      0.0000
      0.0000	      0.0000	      0.0000	      0.0000
      0.0000	      0.0000	      0.0000	      0.0000
      0.0000	      0.0000	      0.0000	      0.0000
      0.0000	      0.0000	      0.0000	      0.0000
      5.5358	      0.0000	      0.0000	      0.0000
    -23.8194	      3.3805	      0.0000	      0.0000
      0.0000	      0.0000	      0.0000	      0.0000
    -18.1563	    -19.6581	      6.5887	      0.0000
      0.0000	      0.0000	      0.0000	      0.0000
      0.0000	      0.0000	      0.0000	      0.0000
      0.0000	      0.0000	      0.0000	      0.0000
      0.0000	      0.0000	      0.0000	      0.0000
      0.0000	      0.0000	      0.0000	      0.0000
      0.0000	      0.0000	      0.0000	      0.0000
      0.0000	      0.0000	      0.0000	      0.0000
      0.0000	      0.0000	      0.0000	      0.0000
      0.0000	      0.0000	      0.0000	      0.0000
      0.0000	      0.0000	      0.0000	      0.0000
      0.0000	      0.0000	      0.0000	      0.0000
      0.0000	      0.0000	      0.0000	      0.0000
      0.0000	      0.0000	      0.0000	      0.0000
      0.0000	      0.0000	      0.0000	      0.0000
      0.0000	      0.0000	      0.0000	      0.0000
      0.0000	      0.0000	      0.0000	      0.0000
      0.0000	      0.0000	      0.0000	      0.0000
      0.0000	      0.0000	      0.0000	      0.0000
      0.0000	      0.0000	      0.0000	      0.0000
      0.0000	      0.0000	      0.0000	      0.0000
      0.0000	      0.0000	      0.0000	      0.0000
      0.0000	      0.0000	      0.0000	      0.0000
      0.0000	      0.0000	      0.0000	      0.0000
      0.0000	      0.0000	      0.0000	      0.0000
      3.4961	      0.0000	     -6.4628	      0.0000
      0.0000	      0.0000	      0.0000	      0.0000
      0.0000	      0.0000	      0.0000	      0.0000
      0.0000	      0.0000	      0.0000	      0.0000
      0.0000	      0.0000	      0.0000	      0.0000
      0.0000	      0.0000	      0.0000	      0.0000
    -20.1100	     -0.2259	      0.0000	      0.0000
      0.0000	      0.0000	      0.0000	      0.0000
      0.0000	      0.0000	      0.0000	      0.0000
      0.0000	      0.0000	      0.0000	      0.0000
      0.0000	      0.0000	      0.0000	      0.0000
      0.0000	      0.0000	      0.0000	      0.0000
      0.0000	      0.0000	      0.0000	      0.0000
      0.0000	      0.0000	      0.0000	      0.0000
      0.0000	      0.0000	      0.0000	      0.0000
      0.0000	      0.0000	      0.0000	      0.0000
      0.0000	      0.0000	      0.0000	      0.0000
      0.0000	      0.0000	      0.0000	      0.0000
      0.0000	      0.0000	      0.0000	      0.0000
      0.0000	      0.0000	      0.0000	      0.0000
      0.0000	      0.0000	      0.0000	      0.0000
      0.0000	      0.0000	      0.0000	      0.0000
     -0.9067	     -0.0167	      0.4585	      0.0000
     -6.2902	     -0.0235	      3.6863	      0.0000
     16.3811	      0.0000	      0.0000	      0.0000
     -5.5723	      0.0000	      0.0000	      0.0000
      0.0000	      0.0000	      0.0000	      0.0000
     -6.8875	      0.0000	      0.0000	      0.0000
      0.0000	    -19.0090	      0.0000	      0.0000
      0.0000	      0.0000	      0.0000	      0.0000
      0.0000	      0.0000	      0.0000	      0.0000
      0.0000	      0.0000	      0.0000	      0.0000
      0.0000	      0.0000	      0.0000	      0.0000
      0.0000	      0.0000	      0.0000	      0.0000
      0.0000	      0.0000	      0.0000	      0.0000
      0.0000	      0.0000	      0.0000	      0.0000
      0.0000	      0.0000	      0.0000	      0.0000
      0.0000	      0.0000	      0.0000	      0.0000
      0.0000	      0.0000	      0.0000	      0.0000
      0.0000	      0.0000	      0.0000	      0.0000
      0.0000	      0.0000	      0.0000	      0.0000
      0.0000	      0.0000	      0.0000	      0.0000
      0.0000	      0.0000	      0.0000	      0.0000
      0.0000	      0.0000	      0.0000	      0.0000
      0.0000	      0.0000	      0.0000	      0.0000
      0.0000	      0.0000	      0.0000	      0.0000
      0.0000	      0.0000	      0.0000	      0.0000
     -2.4201	     -3.6929	     -5.4233	     -4.3443
     -9.8959	     -4.8805	     -4.4235	     -6.6337
    -11.1200	     -8.4400	     35.7872	     -8.8138
      5.2316	    -12.2039	     -5.2792	     -3.9319
     -7.7398	    -15.0666	     -5.9274	     -2.4875
     -3.5444	     -8.2918	    -10.1356	     -6.7175
    -21.0802	    -22.1729	      2.0700	    -11.7315
      0.0000	      0.0000	      0.0000	      0.0000
      1.2651	      0.0000	      0.0000	      0.0000
     -2.1449	     -1.9051	    -18.9603	     -2.9483
      0.0000	      0.0000	      0.0000	      0.0000
      0.0000	      0.0000	      0.0000	      0.0000
      0.0000	      0.0000	      0.0000	      0.0000
      0.0000	      0.0000	      0.0000	      0.0000
      0.0000	      0.0000	      0.0000	      0.0000
      0.0000	      0.0000	      0.0000	      0.0000
      0.0000	      0.0000	      0.0000	      0.0000
      0.0000	      0.0000	      0.0000	      0.0000
      0.0000	      0.0000	      0.0000	      0.0000
      0.0000	      0.0000	      0.0000	      0.0000
      0.0000	      0.0000	      0.0000	      0.0000
      0.0000	      0.0000	      0.0000	      0.0000
      0.0000	      0.0000	      0.0000	      0.0000
      0.0000	      0.0000	      0.0000	      0.0000
      0.0000	      0.0000	      0.0000	      0.0000
     -5.4806	      0.0000	      0.0000	      0.0000
    -11.5251	     -2.8236	      2.6855	     -4.8130
    -11.1055	      7.5291	      0.0000	      0.0000
     -0.4158	      0.0000	      0.0000	      0.0000
     -8.3364	    -18.2002	    -10.8203	    -15.4001
     -5.9768	      0.0000	     -3.6577	      0.0000
     -8.9004	    -14.2427	    -12.1136	     -9.8464
      0.0000	      0.0000	      0.0000	      0.0000
      0.0000	      0.0000	      0.0000	      0.0000
     -0.8811	      0.0000	      0.0000	      0.0000
      0.0000	      0.0000	      0.0000	      0.0000
      0.0000	      0.0000	      0.0000	      0.0000
      0.0000	      0.0000	      0.0000	      0.0000
      0.0000	      0.0000	      0.0000	      0.0000
      0.0000	      0.0000	      0.0000	      0.0000
      0.0000	      0.0000	      0.0000	      0.0000
      0.0000	      0.0000	      0.0000	      0.0000
      0.0000	      0.0000	      0.0000	      0.0000
      0.0000	      0.0000	      0.0000	      0.0000
      0.0000	      0.0000	      0.0000	      0.0000
      0.0000	      0.0000	      0.0000	      0.0000
      0.0000	      0.0000	      0.0000	      0.0000
      0.0000	      0.0000	      0.0000	      0.0000
      0.0000	      0.0000	      0.0000	      0.0000
      0.0000	      0.0000	      0.0000	      0.0000
     -0.2922	     -3.0620	     -8.5455	      0.0000
     -1.1821	     -4.4325	      0.0000	      0.0000
     14.3540	      0.0000	      0.0000	      0.0000
      4.8885	      1.4644	      0.0000	      0.0000
      0.0000	      0.0000	      0.0000	      0.0000
     -3.0782	      0.0000	      0.0000	      0.0000
     -5.0510	      0.0000	      0.0000	      0.0000
      0.0000	      0.0000	      0.0000	      0.0000
      0.0000	      0.0000	      0.0000	      0.0000
      0.0000	      0.0000	      0.0000	      0.0000
      0.0000	      0.0000	      0.0000	      0.0000
      0.0000	      0.0000	      0.0000	      0.0000
      0.0000	      0.0000	      0.0000	      0.0000
      0.0000	      0.0000	      0.0000	      0.0000
      0.0000	      0.0000	      0.0000	      0.0000
      0.0000	      0.0000	      0.0000	      0.0000
      0.0000	      0.0000	      0.0000	      0.0000
      0.0000	      0.0000	      0.0000	      0.0000
      0.0000	      0.0000	      0.0000	      0.0000
      0.0000	      0.0000	      0.0000	      0.0000
      0.0000	      0.0000	      0.0000	      0.0000
      0.0000	      0.0000	      0.0000	      0.0000
      0.0000	      0.0000	      0.0000	      0.0000
      0.0000	      0.0000	      0.0000	      0.0000
      0.0000	      0.0000	      0.0000	      0.0000
      6.0900	     -2.1311	     -9.1421	     -4.9017
     20.1642	     -1.6251	     -6.1229	     -6.3318
     -0.2249	      0.0000	     -0.9551	     29.5691
     12.2866	      2.5126	     -6.7798	     -1.2205
     -4.9869	      1.5432	     -8.0942	    -23.8895
     -4.0732	      0.0063	     -5.4033	     -4.2739
     -4.3349	     -6.4123	     -4.4082	     -3.7621
      0.0000	      0.0000	      0.0000	      0.0000
      0.0000	      0.0000	      0.0000	      0.0000
     -1.5170	      2.0168	      0.0000	      0.0000
      0.0000	      0.0000	      0.0000	      0.0000
      0.0000	      0.0000	      0.0000	      0.0000
      0.0000	      0.0000	      0.0000	      0.0000
      0.0000	      0.0000	      0.0000	      0.0000
      0.0000	      0.0000	      0.0000	      0.0000
      0.0000	      0.0000	      0.0000	      0.0000
      0.0000	      0.0000	      0.0000	      0.0000
      0.0000	      0.0000	      0.0000	      0.0000
      0.0000	      0.0000	      0.0000	      0.0000
      0.0000	      0.0000	      0.0000	      0.0000
      0.0000	      0.0000	      0.0000	      0.0000
      0.0000	      0.0000	      0.0000	      0.0000
      0.0000	      0.0000	      0.0000	      0.0000
      0.0000	      0.0000	      0.0000	      0.0000
      0.0000	      0.0000	      0.0000	      0.0000
      3.2142	      0.0000	      0.0000	      0.0000
     11.4555	      0.0000	      0.0000	      0.0000
     19.0323	      0.0000	      0.0000	      0.0000
     -0.9630	     -0.9197	     -3.2874	      2.6766
      0.0000	      0.0000	      0.0000	      0.0000
      0.0000	      0.0000	      0.0000	      0.0000
      0.0000	      0.0000	      0.0000	      0.0000
      0.0000	      0.0000	      0.0000	      0.0000
      0.0000	      0.0000	      0.0000	      0.0000
     -3.6815	      0.0000	      0.0000	      0.0000
      0.0000	      0.0000	      0.0000	      0.0000
      0.0000	      0.0000	      0.0000	      0.0000
      0.0000	      0.0000	      0.0000	      0.0000
      0.0000	      0.0000	      0.0000	      0.0000
      0.0000	      0.0000	      0.0000	      0.0000
      0.0000	      0.0000	      0.0000	      0.0000
      0.0000	      0.0000	      0.0000	      0.0000
      0.0000	      0.0000	      0.0000	      0.0000
      0.0000	      0.0000	      0.0000	      0.0000
      0.0000	      0.0000	      0.0000	      0.0000
      0.0000	      0.0000	      0.0000	      0.0000
      0.0000	      0.0000	      0.0000	      0.0000
      0.0000	      0.0000	      0.0000	      0.0000
      0.0000	      0.0000	      0.0000	      0.0000
      0.0000	      0.0000	      0.0000	      0.0000
      0.0000	      0.0000	      0.0000	      0.0000
    -20.0000	    -16.1974	      0.0000	      0.0000
      0.0000	      0.0000	    -12.2856	      0.0000
      0.0000	      0.0000	      0.0000	      0.0000
      0.0000	      0.0000	      0.0000	      0.0000
      0.0000	      0.0000	      0.0000	      0.0000
    -16.9709	      0.0000	      0.0000	      0.0000
      0.0000	      0.0000	      0.0000	      0.0000
      7.2995	      0.0000	      0.0000	      0.0000
      0.0000	      0.0000	      0.0000	      0.0000
      0.0000	      0.0000	      0.0000	      0.0000
      0.0000	      0.0000	      0.0000	      0.0000
      0.0000	      0.0000	      0.0000	      0.0000
      0.0000	      0.0000	      0.0000	      0.0000
      0.0000	      0.0000	      0.0000	      0.0000
      0.0000	      0.0000	      0.0000	      0.0000
      0.0000	      0.0000	      0.0000	      0.0000
      0.0000	      0.0000	      0.0000	      0.0000
      0.0000	      0.0000	      0.0000	      0.0000
      0.0000	      0.0000	      0.0000	      0.0000
      0.0000	      0.0000	      0.0000	      0.0000
      0.0000	      0.0000	      0.0000	      0.0000
      0.0000	      0.0000	      0.0000	      0.0000
      0.0000	      0.0000	      0.0000	      0.0000
      0.0000	      0.0000	      0.0000	      0.0000
      0.0000	      0.0000	      0.0000	      0.0000
      0.0000	     11.1777	      0.0000	      0.0000
     10.1111	      0.0000	      0.0000	      0.0000
    -16.9025	     -1.9434	     19.2436	      0.0000
      0.0000	      0.0000	      0.0000	      0.0000
      0.0000	      0.0000	      0.0000	      0.0000
    -16.3781	      0.0000	      0.0000	      0.0000
      0.0000	      0.0000	      0.0000	      0.0000
      0.0000	      0.0000	      0.0000	      0.0000
      0.0000	      0.0000	      0.0000	      0.0000
      0.0000	      0.0000	      0.0000	      0.0000
      0.0000	      0.0000	      0.0000	      0.0000
      0.0000	      0.0000	      0.0000	      0.0000
      0.0000	      0.0000	      0.0000	      0.0000
      0.0000	      0.0000	      0.0000	      0.0000
      0.0000	      0.0000	      0.0000	      0.0000
      0.0000	      0.0000	      0.0000	      0.0000
      0.0000	      0.0000	      0.0000	      0.0000
      0.0000	      0.0000	      0.0000	      0.0000
      0.0000	      0.0000	      0.0000	      0.0000
      0.0000	      0.0000	      0.0000	      0.0000
      0.0000	      0.0000	      0.0000	      0.0000
      0.0000	      0.0000	      0.0000	      0.0000
      0.0000	      0.0000	      0.0000	      0.0000
      0.0000	      0.0000	      0.0000	      0.0000
      0.0000	      0.0000	      0.0000	      0.0000
    -15.5070	      0.0000	      0.0000	      0.0000
      9.8370	      0.0000	      0.0000	      0.0000
      0.0000	      0.0000	      0.0000	      0.0000
    -11.8736	      0.0000	      0.0000	      7.8703
      0.0000	      0.0000	      0.0000	      0.0000
      0.0000	      0.0000	      0.0000	      0.0000
      0.0000	      0.0000	      0.0000	      0.0000
     11.7470	      0.0000	      0.0000	      0.0000
      6.0129	      0.0000	      0.0000	      0.0000
      0.0000	      0.0000	      0.0000	      0.0000
      0.0000	      0.0000	      0.0000	      0.0000
      0.0000	      0.0000	      0.0000	      0.0000
      0.0000	      0.0000	      0.0000	      0.0000
      0.0000	      0.0000	      0.0000	      0.0000
      0.0000	      0.0000	      0.0000	      0.0000
      0.0000	      0.0000	      0.0000	      0.0000
      0.0000	      0.0000	      0.0000	      0.0000
      0.0000	      0.0000	      0.0000	      0.0000
      0.0000	      0.0000	      0.0000	      0.0000
      0.0000	      0.0000	      0.0000	      0.0000
      0.0000	      0.0000	      0.0000	      0.0000
      0.0000	      0.0000	      0.0000	      0.0000
      0.0000	      0.0000	      0.0000	      0.0000
      0.0000	      0.0000	      0.0000	      0.0000
      8.9206	      0.0000	      0.0000	      0.0000
      4.4850	      0.0000	      0.0000	      5.1328
      0.0000	      0.0000	      0.0000	      3.6836
     15.5729	      8.3085	      0.0000	      0.0000
      3.2078	      0.0000	      0.0000	      0.0000
      2.1158	      0.0000	      0.0000	      0.0000
      0.0000	      0.0000	      0.0000	      8.9164
      0.0000	      0.0000	      0.0000	      0.0000
      0.0000	      0.0000	      3.5364	      0.0000
      0.0000	      0.0000	      0.0000	      0.0000
      0.0000	      0.0000	      0.0000	      0.0000
      0.0000	      0.0000	      0.0000	      0.0000
      0.0000	      0.0000	      0.0000	      0.0000
      0.0000	      0.0000	      0.0000	      0.0000
      0.0000	      0.0000	      0.0000	      0.0000
      0.0000	      0.0000	      0.0000	      0.0000
      0.0000	      0.0000	      0.0000	      0.0000
      0.0000	      0.0000	      0.0000	      0.0000
      0.0000	      0.0000	      0.0000	      0.0000
      0.0000	      0.0000	      0.0000	      0.0000
      0.0000	      0.0000	      0.0000	      0.0000
      0.0000	      0.0000	      0.0000	      0.0000
      0.0000	      0.0000	      0.0000	      0.0000
      0.0000	      0.0000	      0.0000	      0.0000
      0.0000	      0.0000	      0.0000	      0.0000
     17.1261	      0.0000	      0.0000	      1.7397
      6.0381	      0.0000	      0.0000	      0.0000
     40.1331	      8.9116	      0.0000	      0.0000
     34.3726	      0.0000	      0.0000	      0.0000
     11.1125	      0.0000	      0.0000	      0.0000
      0.0000	      0.0000	      0.0000	     18.7115
      4.9162	      0.0000	      0.0000	      0.0000
      0.0000	      0.0000	      0.0000	      0.0000
      0.0000	      0.0000	      0.0000	      0.0000
     13.2580	      0.0000	      0.0000	      0.0000
      0.0000	      0.0000	      0.0000	      0.0000
      0.0000	      0.0000	      0.0000	      0.0000
      0.0000	      0.0000	      0.0000	      0.0000
      0.0000	      0.0000	      0.0000	      0.0000
      0.0000	      0.0000	      0.0000	      0.0000
      0.0000	      0.0000	      0.0000	      0.0000
      0.0000	      0.0000	      0.0000	      0.0000
      0.0000	      0.0000	      0.0000	      0.0000
      0.0000	      0.0000	      0.0000	      0.0000
      0.0000	      0.0000	      0.0000	      0.0000
      0.0000	      0.0000	      0.0000	      0.0000
      0.0000	      0.0000	      0.0000	      0.0000
      0.0000	      0.0000	      0.0000	      0.0000
      0.0000	      0.0000	      0.0000	      0.0000
      0.0000	      0.0000	      0.0000	      0.0000
      0.0000	      0.0000	      0.0000	      0.0000
     -4.0793	     10.1084	      0.0000	      0.0000
      1.7622	      0.0000	      0.0000	      0.0000
      0.0000	      0.0000	      0.0000	     14.4781
      1.7332	      0.0000	      0.0000	      0.0000
      0.0000	      5.5359	      0.0000	      0.0000
      1.9912	      0.0000	      0.0000	      0.0000
      0.0000	      0.0000	      0.0000	      0.0000
      1.1467	      0.0000	      0.0000	      0.0000
      0.0000	      0.0000	      0.0000	      0.0000
      0.0000	      0.0000	      0.0000	      0.0000
      0.0000	      0.0000	      0.0000	      0.0000
      0.0000	      0.0000	      0.0000	      0.0000
      0.0000	      0.0000	      0.0000	      0.0000
      0.0000	      0.0000	      0.0000	      0.0000
      0.0000	      0.0000	      0.0000	      0.0000
      0.0000	      0.0000	      0.0000	      0.0000
      0.0000	      0.0000	      0.0000	      0.0000
      0.0000	      0.0000	      0.0000	      0.0000
      0.0000	      0.0000	      0.0000	      0.0000
      0.0000	      0.0000	      0.0000	      0.0000
      0.0000	      0.0000	      0.0000	      0.0000
      0.0000	      0.0000	      0.0000	      0.0000
      0.0000	      0.0000	      0.0000	      0.0000
      0.0000	      0.0000	      0.0000	      0.0000
      0.2932	      0.0000	      0.0000	      0.0000
      3.0791	      0.0000	      0.0000	      0.0000
      4.3687	      0.0000	      0.0000	      0.0000
     11.1439	      0.0000	      0.0000	      0.0000
      0.0000	      0.0000	      0.0000	      0.0000
      0.0000	      0.0000	      0.0000	      0.0000
      0.0000	      0.0000	      0.0000	      0.0000
      0.0000	      0.0000	      0.0000	      0.0000
      0.0000	      0.0000	      0.0000	      0.0000
      0.0000	      0.0000	      0.0000	      0.0000
      0.0000	      0.0000	      0.0000	      0.0000
      0.0000	      0.0000	      0.0000	      0.0000
      0.0000	      0.0000	      0.0000	      0.0000
      0.0000	      0.0000	      0.0000	      0.0000
      0.0000	      0.0000	      0.0000	      0.0000
      0.0000	      0.0000	      0.0000	      0.0000
      0.0000	      0.0000	      0.0000	      0.0000
      0.0000	      0.0000	      0.0000	      0.0000
      0.0000	      0.0000	      0.0000	      0.0000
      0.0000	      0.0000	      0.0000	      0.0000
      0.0000	      0.0000	      0.0000	      0.0000
      0.0000	      0.0000	      0.0000	      0.0000
      0.0000	      0.0000	      0.0000	      0.0000
      0.0000	      0.0000	      0.0000	      0.0000
      0.0000	      0.0000	      0.0000	      0.0000
    -12.5648	     12.3073	      0.0000	      0.0000
     24.6312	      0.0000	      0.0000	      0.0000
     35.7608	      0.0000	      0.0000	      0.0000
     23.9890	      5.8428	     -1.0910	      0.8064
     28.0214	      0.0000	      0.0000	      0.0000
      7.9865	      0.0000	      0.0000	      0.0000
      6.0250	      0.0000	      0.0000	      0.0000
      0.0000	      0.0000	      0.0000	      0.0000
      4.4624	      0.0000	      0.0000	      0.0000
      0.0000	      5.6016	      0.0000	      0.0000
      0.0000	      0.0000	      0.0000	      0.0000
      0.0000	      0.0000	      0.0000	      0.0000
      0.0000	      0.0000	      0.0000	      0.0000
      0.0000	      0.0000	      0.0000	      0.0000
      0.0000	      0.0000	      0.0000	      0.0000
      0.0000	      0.0000	      0.0000	      0.0000
      0.0000	      0.0000	      0.0000	      0.0000
      0.0000	      0.0000	      0.0000	      0.0000
      0.0000	      0.0000	      0.0000	      0.0000
      0.0000	      0.0000	      0.0000	      0.0000
      0.0000	      0.0000	      0.0000	      0.0000
      0.0000	      0.0000	      0.0000	      0.0000
      0.0000	      0.0000	      0.0000	      0.0000
      0.0000	      0.0000	      0.0000	      0.0000
      0.0000	      0.0000	      0.0000	      0.0000
      0.0000	      0.0000	      0.0000	      0.0000
      6.5289	      0.0000	      0.0000	      0.0000
      0.7176	     13.3702	      0.0000	      0.0000
     16.6731	      0.0000	      0.0000	      0.0000
     10.2744	      0.0000	      0.0000	      0.0000
      0.0000	      0.0000	      0.0000	      0.0000
      4.8575	      0.0000	      0.0000	      0.0000
      0.0000	      0.0000	      0.0000	      0.0000
      1.8523	      0.0000	      0.0000	      0.0000
     -0.2954	      0.0000	      0.0000	      0.0000
      0.0000	      0.0000	      0.0000	      0.0000
      0.0000	      0.0000	      0.0000	      0.0000
      0.0000	      0.0000	      0.0000	      0.0000
      0.0000	      0.0000	      0.0000	      0.0000
      0.0000	      0.0000	      0.0000	      0.0000
      0.0000	      0.0000	      0.0000	      0.0000
      0.0000	      0.0000	      0.0000	      0.0000
      0.0000	      0.0000	      0.0000	      0.0000
      0.0000	      0.0000	      0.0000	      0.0000
      0.0000	      0.0000	      0.0000	      0.0000
      0.0000	      0.0000	      0.0000	      0.0000
      0.0000	      0.0000	      0.0000	      0.0000
      0.0000	      0.0000	      0.0000	      0.0000
      0.0000	      0.0000	      0.0000	      0.0000
      0.0000	      0.0000	      0.0000	      0.0000
      0.0000	      0.0000	      0.0000	      0.0000
      0.0000	      0.0000	      0.0000	      0.0000
      0.0000	      0.0000	      0.0000	      0.0000
      0.0000	      0.0000	      0.0000	      0.0000
      0.0000	      0.0000	      0.0000	      0.0000
      0.0000	      0.0000	      0.0000	      0.0000
      0.0000	      0.0000	      0.0000	      0.0000
      0.0000	      0.0000	      0.0000	      0.0000
      0.0000	      0.0000	      0.0000	      0.0000
      0.0000	      0.0000	      0.0000	      0.0000
      0.0000	      0.0000	      0.0000	      0.0000
      0.0000	      0.0000	      0.0000	      0.0000
      0.0000	      0.0000	      0.0000	      0.0000
      0.0000	      0.0000	      0.0000	      0.0000
      0.0000	      0.0000	      0.0000	      0.0000
      0.0000	      0.0000	      0.0000	      0.0000
      0.0000	      0.0000	      0.0000	      0.0000
      0.0000	      0.0000	      0.0000	      0.0000
      0.0000	      0.0000	      0.0000	      0.0000
      0.0000	      0.0000	      0.0000	      0.0000
      0.0000	      0.0000	      0.0000	      0.0000
      0.0000	      0.0000	      0.0000	      0.0000
      0.0000	      0.0000	      0.0000	      0.0000
      0.0000	      0.0000	      0.0000	      0.0000
      0.0000	      0.0000	      0.0000	      0.0000
      0.0000	      0.0000	      0.0000	      0.0000
      0.0000	      0.0000	      0.0000	      0.0000
      0.0000	      0.0000	      0.0000	      0.0000
      0.0000	      0.0000	      0.0000	      0.0000
      0.0000	      0.0000	      0.0000	      0.0000
      0.0000	      0.0000	      0.0000	      0.0000
      0.0000	      0.0000	      0.0000	      0.0000
      0.0000	      0.0000	      0.0000	      0.0000
      0.0000	      0.0000	      0.0000	      0.0000
      0.0000	      0.0000	      0.0000	      0.0000
      0.0000	      0.0000	      0.0000	      0.0000
      0.0000	      0.0000	      0.0000	      0.0000
      0.0000	      0.0000	      0.0000	      0.0000
      0.0000	      0.0000	      0.0000	      0.0000
      0.0000	      0.0000	      0.0000	      0.0000
      0.0000	      0.0000	      0.0000	      0.0000
      0.0000	      0.0000	      0.0000	      0.0000
      0.0000	      0.0000	      0.0000	      0.0000
      0.0000	      0.0000	      0.0000	      0.0000
      0.0000	      0.0000	      0.0000	      0.0000
      0.0000	      0.0000	      0.0000	      0.0000
      0.0000	      0.0000	      0.0000	      0.0000
      0.0000	      0.0000	      0.0000	      0.0000
      0.0000	      0.0000	      0.0000	      0.0000
      0.0000	      0.0000	      0.0000	      0.0000
      0.0000	      0.0000	      0.0000	      0.0000
      0.0000	      0.0000	      0.0000	      0.0000
      0.0000	      0.0000	      0.0000	      0.0000
      0.0000	      0.0000	      0.0000	      0.0000
      0.0000	      0.0000	      0.0000	      0.0000
      0.0000	      0.0000	      0.0000	      0.0000
      0.0000	      0.0000	      0.0000	      0.0000
      0.0000	      0.0000	      0.0000	      0.0000
      0.0000	      0.0000	      0.0000	      0.0000
      0.0000	      0.0000	      0.0000	      0.0000
      0.0000	      0.0000	      0.0000	      0.0000
      0.0000	      0.0000	      0.0000	      0.0000
      0.0000	      0.0000	      0.0000	      0.0000
      0.0000	      0.0000	      0.0000	      0.0000
      0.0000	      0.0000	      0.0000	      0.0000
      0.0000	      0.0000	      0.0000	      0.0000
      0.0000	      0.0000	      0.0000	      0.0000
      0.0000	      0.0000	      0.0000	      0.0000
      0.0000	      0.0000	      0.0000	      0.0000
      0.0000	      0.0000	      0.0000	      0.0000
      0.0000	      0.0000	      0.0000	      0.0000
      0.0000	      0.0000	      0.0000	      0.0000
      0.0000	      0.0000	      0.0000	      0.0000
      0.0000	      0.0000	      0.0000	      0.0000
      0.0000	      0.0000	      0.0000	      0.0000
      0.0000	      0.0000	      0.0000	      0.0000
      0.0000	      0.0000	      0.0000	      0.0000
      0.0000	      0.0000	      0.0000	      0.0000
      0.0000	      0.0000	      0.0000	      0.0000
      0.0000	      0.0000	      0.0000	      0.0000
      0.0000	      0.0000	      0.0000	      0.0000
      0.0000	      0.0000	      0.0000	      0.0000
      0.0000	      0.0000	      0.0000	      0.0000
      0.0000	      0.0000	      0.0000	      0.0000
      0.0000	      0.0000	      0.0000	      0.0000
      0.0000	      0.0000	      0.0000	      0.0000
      0.0000	      0.0000	      0.0000	      0.0000
      0.0000	      0.0000	      0.0000	      0.0000
      0.0000	      0.0000	      0.0000	      0.0000
      0.0000	      0.0000	      0.0000	      0.0000
      0.0000	      0.0000	      0.0000	      0.0000
      0.0000	      0.0000	      0.0000	      0.0000
      0.0000	      0.0000	      0.0000	      0.0000
      0.0000	      0.0000	      0.0000	      0.0000
      0.0000	      0.0000	      0.0000	      0.0000
      0.0000	      0.0000	      0.0000	      0.0000
      0.0000	      0.0000	      0.0000	      0.0000
      0.0000	      0.0000	      0.0000	      0.0000
      0.0000	      0.0000	      0.0000	      0.0000
      0.0000	      0.0000	      0.0000	      0.0000
      0.0000	      0.0000	      0.0000	      0.0000
      3.5662	      0.0000	      0.0000	      0.0000
      0.0000	      0.0000	      0.0000	      0.0000
     -1.0768	      5.5733	      0.0000	      0.0000
     -4.3818	     -0.5091	     -3.7744	    -19.9513
    -18.3412	      0.0000	      0.0000	      0.0000
      0.0000	      0.0000	      0.0000	      0.0000
      0.0000	      0.0000	      0.0000	      0.0000
      0.0000	      0.0000	      0.0000	      0.0000
      0.0000	      0.0000	      0.0000	      0.0000
      0.0000	      0.0000	      0.0000	      0.0000
      0.0000	      0.0000	      0.0000	      0.0000
      0.0000	      0.0000	      0.0000	      0.0000
      0.0000	      0.0000	      0.0000	      0.0000
      0.0000	      0.0000	      0.0000	      0.0000
      0.0000	      0.0000	      0.0000	      0.0000
      0.0000	      0.0000	      0.0000	      0.0000
      0.0000	      0.0000	      0.0000	      0.0000
      0.0000	      0.0000	      0.0000	      0.0000
      0.0000	      0.0000	      0.0000	      0.0000
      0.0000	      0.0000	      0.0000	      0.0000
      0.0000	      0.0000	      0.0000	      0.0000
      0.0000	      0.0000	      0.0000	      0.0000
      0.0000	      0.0000	      0.0000	      0.0000
      0.0000	      0.0000	      0.0000	      0.0000
      3.0732	      0.0000	      0.0000	      0.0000
      2.9902	      0.0000	      0.0000	      0.0000
      0.0000	      0.0000	      0.0000	      0.0000
      3.7010	      0.0000	      0.0000	      0.0000
     -1.3099	      5.1558	      0.0000	      0.0000
     -0.9992	      0.0000	      0.0000	      0.0000
     -1.4087	      0.0000	      0.0000	      0.0000
      0.0000	      0.0000	      0.0000	      0.0000
      0.0000	      0.0000	      0.0000	      0.0000
      0.0000	      0.0000	      0.0000	      0.0000
      0.0000	      0.0000	      0.0000	      0.0000
      0.0000	      0.0000	      0.0000	      0.0000
      0.0000	      0.0000	      0.0000	      0.0000
      0.0000	      0.0000	      0.0000	      0.0000
      0.0000	      0.0000	      0.0000	      0.0000
      0.0000	      0.0000	      0.0000	      0.0000
      0.0000	      0.0000	      0.0000	      0.0000
      0.0000	      0.0000	      0.0000	      0.0000
      0.0000	      0.0000	      0.0000	      0.0000
      0.0000	      0.0000	      0.0000	      0.0000
      0.0000	      0.0000	      0.0000	      0.0000
      0.0000	      0.0000	      0.0000	      0.0000
      0.0000	      0.0000	      0.0000	      0.0000
      0.0000	      0.0000	      0.0000	      0.0000
      0.0000	      0.0000	      0.0000	      0.0000
     -1.2916	      1.8463	      0.0000	      0.0000
     -0.1831	      0.0000	      0.0000	      0.0000
      0.0000	      0.0000	      0.0000	      0.0000
     23.9176	      0.0000	     -3.9320	      5.8999
      1.4991	     -1.0092	     -1.4253	     -1.8271
     -0.2601	     -2.6661	     -1.3783	      3.4380
     -2.0560	     -0.5955	      0.0099	      0.0000
      0.0000	      0.0000	      0.0000	      0.0000
      0.0000	      0.0000	      0.0000	      0.0000
      0.0000	      0.0000	      0.0000	      0.0000
      0.0000	      0.0000	      0.0000	      0.0000
      0.0000	      0.0000	      0.0000	      0.0000
      0.0000	      0.0000	      0.0000	      0.0000
      0.0000	      0.0000	      0.0000	      0.0000
      0.0000	      0.0000	      0.0000	      0.0000
      0.0000	      0.0000	      0.0000	      0.0000
      0.0000	      0.0000	      0.0000	      0.0000
      0.0000	      0.0000	      0.0000	      0.0000
      0.0000	      0.0000	      0.0000	      0.0000
      0.0000	      0.0000	      0.0000	      0.0000
      0.0000	      0.0000	      0.0000	      0.0000
      0.0000	      0.0000	      0.0000	      0.0000
      0.0000	      0.0000	      0.0000	      0.0000
      0.0000	      0.0000	      0.0000	      0.0000
      0.0000	      0.0000	      0.0000	      0.0000
      8.3019	     -1.3966	     -2.2187	      3.5470
     31.8497	      9.6005	    -11.9738	      4.4013
      0.0000	      0.0000	      0.0000	      0.0000
     -0.6060	     16.4611	     -0.3196	      6.6314
      5.8140	     -1.7477	     -5.9575	     -2.9272
     -4.3403	      0.0178	     -6.4319	     -5.1905
     -3.1296	     -3.8994	     -3.9098	     -1.0728
      0.0000	      0.0000	      0.0000	      0.0000
      0.0000	      0.0000	      0.0000	      0.0000
     -1.5785	     -1.0842	     -5.1616	      0.0000
      0.0000	      0.0000	      0.0000	      0.0000
      0.0000	      0.0000	      0.0000	      0.0000
      0.0000	      0.0000	      0.0000	      0.0000
      0.0000	      0.0000	      0.0000	      0.0000
      0.0000	      0.0000	      0.0000	      0.0000
      0.0000	      0.0000	      0.0000	      0.0000
      0.0000	      0.0000	      0.0000	      0.0000
      0.0000	      0.0000	      0.0000	      0.0000
      0.0000	      0.0000	      0.0000	      0.0000
      0.0000	      0.0000	      0.0000	      0.0000
      0.0000	      0.0000	      0.0000	      0.0000
      0.0000	      0.0000	      0.0000	      0.0000
      0.0000	      0.0000	      0.0000	      0.0000
      0.0000	      0.0000	      0.0000	      0.0000
      0.0000	      0.0000	      0.0000	      0.0000
     -0.9901	      5.1343	      0.0000	      0.0000
     -0.1989	     20.1314	      0.0000	      0.0000
      0.0000	      0.0000	      0.0000	      0.0000
      3.7601	      0.0000	      0.0000	      0.0000
     -0.3727	      4.3916	      0.0000	      0.0000
     -0.1111	      2.0348	      0.0000	      0.0000
     -1.1507	      6.2297	      0.0000	      0.0000
      0.0000	      0.0000	      0.0000	      0.0000
      0.0000	      0.0000	      0.0000	      0.0000
      0.0000	      0.0000	      0.0000	      0.0000
      0.0000	      0.0000	      0.0000	      0.0000
      0.0000	      0.0000	      0.0000	      0.0000
      0.0000	      0.0000	      0.0000	      0.0000
      0.0000	      0.0000	      0.0000	      0.0000
      0.0000	      0.0000	      0.0000	      0.0000
      0.0000	      0.0000	      0.0000	      0.0000
      0.0000	      0.0000	      0.0000	      0.0000
      0.0000	      0.0000	      0.0000	      0.0000
      0.0000	      0.0000	      0.0000	      0.0000
      0.0000	      0.0000	      0.0000	      0.0000
      0.0000	      0.0000	      0.0000	      0.0000
      0.0000	      0.0000	      0.0000	      0.0000
      0.0000	      0.0000	      0.0000	      0.0000
      0.0000	      0.0000	      0.0000	      0.0000
      0.0000	      0.0000	      0.0000	      0.0000
      0.0000	      0.0000	      0.0000	      0.0000
      0.0000	      0.0000	      0.0000	      0.0000
    -16.9918	      0.0000	      0.0000	      0.0000
      0.0000	      0.0000	      0.0000	      0.0000
      0.0000	      0.0000	      0.0000	      0.0000
      0.0000	      0.0000	      0.0000	      0.0000
      0.0000	      0.0000	      0.0000	      0.0000
      0.0000	      0.0000	      0.0000	      0.0000
      0.0000	      0.0000	      0.0000	      0.0000
      0.0000	      0.0000	      0.0000	      0.0000
      0.0000	      0.0000	      0.0000	      0.0000
      0.0000	      0.0000	      0.0000	      0.0000
      0.0000	      0.0000	      0.0000	      0.0000
      0.0000	      0.0000	      0.0000	      0.0000
      0.0000	      0.0000	      0.0000	      0.0000
      0.0000	      0.0000	      0.0000	      0.0000
      0.0000	      0.0000	      0.0000	      0.0000
      0.0000	      0.0000	      0.0000	      0.0000
      0.0000	      0.0000	      0.0000	      0.0000
      0.0000	      0.0000	      0.0000	      0.0000
      0.0000	      0.0000	      0.0000	      0.0000
      0.0000	      0.0000	      0.0000	      0.0000
      0.0000	      0.0000	      0.0000	      0.0000
      0.0000	      0.0000	      0.0000	      0.0000
      0.0000	      0.0000	      0.0000	      0.0000
      0.0000	      0.0000	      0.0000	      0.0000
      2.4758	      0.0000	      0.0000	      0.0000
    -14.8376	      6.8929	      0.0000	      0.0000
    -16.1445	     -1.6559	     -0.2998	     16.8475
      0.0000	      0.0000	      0.0000	      0.0000
      0.0000	      0.0000	      0.0000	      0.0000
      3.4216	      0.0000	      0.0000	      0.0000
      0.0000	      0.0000	      0.0000	      0.0000
      0.0000	      0.0000	      0.0000	      0.0000
      0.0000	      0.0000	      0.0000	      0.0000
      0.0000	      0.0000	      0.0000	      0.0000
      0.0000	      0.0000	      0.0000	      0.0000
      0.0000	      0.0000	      0.0000	      0.0000
      0.0000	      0.0000	      0.0000	      0.0000
      0.0000	      0.0000	      0.0000	      0.0000
      0.0000	      0.0000	      0.0000	      0.0000
      0.0000	      0.0000	      0.0000	      0.0000
      0.0000	      0.0000	      0.0000	      0.0000
      0.0000	      0.0000	      0.0000	      0.0000
      0.0000	      0.0000	      0.0000	      0.0000
      0.0000	      0.0000	      0.0000	      0.0000
      0.0000	      0.0000	      0.0000	      0.0000
      0.0000	      0.0000	      0.0000	      0.0000
      0.0000	      0.0000	      0.0000	      0.0000
      0.0000	      0.0000	      0.0000	      0.0000
      0.0000	      0.0000	      0.0000	      0.0000
     -2.4001	      0.0000	      0.0000	      0.0000
      0.0000	      0.0000	      0.0000	      0.0000
      0.0000	      0.0000	      0.0000	      0.0000
      0.0000	      0.0000	      0.0000	      0.0000
      0.0000	      0.0000	      0.0000	      0.0000
      0.0000	      0.0000	      0.0000	      0.0000
      0.0000	      0.0000	      0.0000	      0.0000
      0.0000	      0.0000	      0.0000	      0.0000
      0.0000	      0.0000	      0.0000	      0.0000
      0.0000	      0.0000	      0.0000	      0.0000
      0.0000	      0.0000	      0.0000	      0.0000
      0.0000	      0.0000	      0.0000	      0.0000
      0.0000	      0.0000	      0.0000	      0.0000
      0.0000	      0.0000	      0.0000	      0.0000
      0.0000	      0.0000	      0.0000	      0.0000
      0.0000	      0.0000	      0.0000	      0.0000
      0.0000	      0.0000	      0.0000	      0.0000
      0.0000	      0.0000	      0.0000	      0.0000
      0.0000	      0.0000	      0.0000	      0.0000
      0.0000	      0.0000	      0.0000	      0.0000
      0.0000	      0.0000	      0.0000	      0.0000
      0.0000	      0.0000	      0.0000	      0.0000
      0.0000	      0.0000	      0.0000	      0.0000
      0.0000	      0.0000	      0.0000	      0.0000
      3.7274	      0.0000	      0.0000	      0.0000
      0.0000	      0.0000	      0.0000	      0.0000
     10.3039	      0.0000	      0.0000	      0.0000
      3.0215	      0.0000	      0.0000	      0.0000
      0.0000	      0.0000	      0.0000	      0.0000
     -4.1373	      0.2485	      0.0000	      0.0000
      0.0000	      0.0000	      0.0000	      0.0000
      0.0000	      0.0000	      0.0000	      0.0000
      0.0000	      0.0000	      0.0000	      0.0000
      0.0000	      0.0000	      0.0000	      0.0000
      0.0000	      0.0000	      0.0000	      0.0000
      0.0000	      0.0000	      0.0000	      0.0000
      0.0000	      0.0000	      0.0000	      0.0000
      0.0000	      0.0000	      0.0000	      0.0000
      0.0000	      0.0000	      0.0000	      0.0000
      0.0000	      0.0000	      0.0000	      0.0000
      0.0000	      0.0000	      0.0000	      0.0000
      0.0000	      0.0000	      0.0000	      0.0000
      0.0000	      0.0000	      0.0000	      0.0000
      0.0000	      0.0000	      0.0000	      0.0000
      0.0000	      0.0000	      0.0000	      0.0000
      0.0000	      0.0000	      0.0000	      0.0000
      0.0000	      0.0000	      0.0000	      0.0000
      0.0000	      0.0000	      0.0000	      0.0000
      0.0000	      0.0000	      0.0000	      0.0000
     -4.8666	      0.0000	      0.0000	      0.0000
    -15.0059	     18.6119	      3.3806	      0.0000
     43.7913	      2.8845	      0.0000	      0.0000
     -4.9386	      9.4385	      0.0000	      0.0000
     -2.4327	     -1.0098	     11.1822	      0.0000
      9.4649	      0.0000	      0.0000	      0.0000
     -2.9425	      0.3209	      0.0000	      0.0000
      0.0000	      0.0000	      0.0000	      0.0000
      0.0000	      0.0000	      0.0000	      0.0000
     -0.2874	      0.0000	      0.0000	      0.0000
      0.0000	      0.0000	      0.0000	      0.0000
      0.0000	      0.0000	      0.0000	      0.0000
      0.0000	      0.0000	      0.0000	      0.0000
      0.0000	      0.0000	      0.0000	      0.0000
      0.0000	      0.0000	      0.0000	      0.0000
      0.0000	      0.0000	      0.0000	      0.0000
      0.0000	      0.0000	      0.0000	      0.0000
      0.0000	      0.0000	      0.0000	      0.0000
      0.0000	      0.0000	      0.0000	      0.0000
      0.0000	      0.0000	      0.0000	      0.0000
      0.0000	      0.0000	      0.0000	      0.0000
      0.0000	      0.0000	      0.0000	      0.0000
      0.0000	      0.0000	      0.0000	      0.0000
      0.0000	      0.0000	      0.0000	      0.0000
      0.0000	      0.0000	      0.0000	      0.0000
      0.0000	      0.0000	      0.0000	      0.0000
      7.6435	      0.0000	      0.0000	      0.0000
     16.3159	      0.0000	      0.0000	      0.0000
     -0.9726	      0.0000	      0.0000	      0.0000
     -4.3871	      0.0000	      0.0000	      0.0000
      1.0996	      0.0000	      0.0000	      0.0000
      0.0000	      0.0000	      0.0000	     -1.2203
      0.0000	      0.0000	      0.0000	      0.0000
      0.0000	      0.0000	      0.0000	      0.0000
      0.0000	      0.0000	      0.0000	      0.0000
      0.0000	      0.0000	      0.0000	      0.0000
      0.0000	      0.0000	      0.0000	      0.0000
      0.0000	      0.0000	      0.0000	      0.0000
      0.0000	      0.0000	      0.0000	      0.0000
      0.0000	      0.0000	      0.0000	      0.0000
      0.0000	      0.0000	      0.0000	      0.0000
      0.0000	      0.0000	      0.0000	      0.0000
      0.0000	      0.0000	      0.0000	      0.0000
      0.0000	      0.0000	      0.0000	      0.0000
      0.0000	      0.0000	      0.0000	      0.0000
      0.0000	      0.0000	      0.0000	      0.0000
      0.0000	      0.0000	      0.0000	      0.0000
      0.0000	      0.0000	      0.0000	      0.0000
      0.0000	      0.0000	      0.0000	      0.0000
      0.0000	      0.0000	      0.0000	      0.0000
     -4.6844	     -5.1521	     -5.8120	     -6.7671
     -0.3161	     -0.9725	     -2.2254	     15.3808
     23.2579	      2.1242	     -1.8377	      0.0000
     -0.1936	      6.1306	     -3.1825	     19.9751
      8.9809	     -2.6109	     -3.0899	     -2.3647
     -0.7635	     -1.4688	     -4.5592	      2.4809
     -0.1119	     -2.0808	     -0.7517	      0.0000
      0.0000	      0.0000	      0.0000	      0.0000
     -0.2521	     -1.3757	     -2.4026	      2.0417
     -0.8010	     -1.6140	     -5.9105	      4.0152
      0.0000	      0.0000	      0.0000	      0.0000
      0.0000	      0.0000	      0.0000	      0.0000
      0.0000	      0.0000	      0.0000	      0.0000
      0.0000	      0.0000	      0.0000	      0.0000
      0.0000	      0.0000	      0.0000	      0.0000
      0.0000	      0.0000	      0.0000	      0.0000
      0.0000	      0.0000	      0.0000	      0.0000
      0.0000	      0.0000	      0.0000	      0.0000
      0.0000	      0.0000	      0.0000	      0.0000
      0.0000	      0.0000	      0.0000	      0.0000
      0.0000	      0.0000	      0.0000	      0.0000
      0.0000	      0.0000	      0.0000	      0.0000
      0.0000	      0.0000	      0.0000	      0.0000
      0.0000	      0.0000	      0.0000	      0.0000
      0.0000	      0.0000	      0.0000	      0.0000
    -15.5012	    -13.2749	    -15.3068	     -9.9369
      7.4689	      6.8916	    -12.8896	     15.9080
     45.3836	     20.3712	     -2.8777	     24.3540
     23.3348	      9.9411	    -11.7439	     10.1411
      8.2362	     -1.0308	    -13.7538	    -12.0275
     -4.3822	      6.4384	    -13.1872	     -3.2009
     -4.9777	     -5.1411	     -5.4077	     -4.6424
      0.0000	      0.0000	      0.0000	      0.0000
     -1.2058	     -1.3834	     -0.7710	     -1.5371
     -1.4556	     -4.1800	     -5.2150	     -5.0930
      0.0000	      0.0000	      0.0000	      0.0000
      0.0000	      0.0000	      0.0000	      0.0000
      0.0000	      0.0000	      0.0000	      0.0000
      0.0000	      0.0000	      0.0000	      0.0000
      0.0000	      0.0000	      0.0000	      0.0000
      0.0000	      0.0000	      0.0000	      0.0000
      0.0000	      0.0000	      0.0000	      0.0000
      0.0000	      0.0000	      0.0000	      0.0000
      0.0000	      0.0000	      0.0000	      0.0000
      0.0000	      0.0000	      0.0000	      0.0000
      0.0000	      0.0000	      0.0000	      0.0000
      0.0000	      0.0000	      0.0000	      0.0000
      0.0000	      0.0000	      0.0000	      0.0000
      0.0000	      0.0000	      0.0000	      0.0000
      0.0000	      0.0000	      0.0000	      0.0000
      2.9361	      0.0000	      0.0000	      0.0000
     23.8036	      2.9847	      0.4250	     -0.7779
     26.2055	      0.0000	      1.0318	      0.0000
     -1.2792	     20.8622	     -4.1337	     -2.5994
     -0.8832	      5.2641	     -7.8635	      0.0000
      0.0000	      0.0000	      0.0000	      0.0000
     -0.5855	      0.0000	      0.0000	      0.0000
      0.0000	      0.0000	      0.0000	      0.0000
      0.0000	      0.0000	      0.0000	      0.0000
      0.0000	      0.0000	      0.0000	      0.0000
      0.0000	      0.0000	      0.0000	      0.0000
      0.0000	      0.0000	      0.0000	      0.0000
      0.0000	      0.0000	      0.0000	      0.0000
      0.0000	      0.0000	      0.0000	      0.0000
      0.0000	      0.0000	      0.0000	      0.0000
      0.0000	      0.0000	      0.0000	      0.0000
      0.0000	      0.0000	      0.0000	      0.0000
      0.0000	      0.0000	      0.0000	      0.0000
      0.0000	      0.0000	      0.0000	      0.0000
      0.0000	      0.0000	      0.0000	      0.0000
      0.0000	      0.0000	      0.0000	      0.0000
      0.0000	      0.0000	      0.0000	      0.0000
      0.0000	      0.0000	      0.0000	      0.0000
      0.0000	      0.0000	      0.0000	      0.0000
      0.0000	      0.0000	      0.0000	      0.0000
    -13.0208	      0.0000	      0.0000	      0.0000
      6.6753	      0.0000	      0.0000	      0.0000
    -17.6480	      0.0000	      0.0000	      0.0000
      0.0000	      0.0000	      0.0000	      0.0000
      0.0000	      0.0000	      0.0000	      0.0000
    -21.9967	      7.7036	      0.0000	      0.0000
      0.0000	      0.0000	      0.0000	      0.0000
      0.0000	      0.0000	      0.0000	      0.0000
      0.0000	      0.0000	      0.0000	      0.0000
      0.0000	      0.0000	      0.0000	      0.0000
      0.0000	      0.0000	      0.0000	      0.0000
      0.0000	      0.0000	      0.0000	      0.0000
      0.0000	      0.0000	      0.0000	      0.0000
      0.0000	      0.0000	      0.0000	      0.0000
      0.0000	      0.0000	      0.0000	      0.0000
      0.0000	      0.0000	      0.0000	      0.0000
      0.0000	      0.0000	      0.0000	      0.0000
      0.0000	      0.0000	      0.0000	      0.0000
      0.0000	      0.0000	      0.0000	      0.0000
      0.0000	      0.0000	      0.0000	      0.0000
      0.0000	      0.0000	      0.0000	      0.0000
      0.0000	      0.0000	      0.0000	      0.0000
      0.0000	      0.0000	      0.0000	      0.0000
      0.0000	      0.0000	      0.0000	      0.0000
      0.0000	      0.0000	      0.0000	      0.0000
      0.0000	      0.0000	      0.0000	      0.0000
    -17.5274	      4.9060	      0.0000	      0.0000
     24.3480	      0.0000	      0.0000	      0.0000
      0.0000	      0.0000	      0.0000	      0.0000
      0.0000	      0.0000	      0.0000	      0.0000
      0.0000	      0.0000	      0.0000	      0.0000
      0.0000	      0.0000	      0.0000	      0.0000
      0.0000	      0.0000	      0.0000	      0.0000
      0.0000	      0.0000	      0.0000	      0.0000
    -15.8264	      0.0000	      0.0000	      0.0000
      0.0000	      0.0000	      0.0000	      0.0000
      0.0000	      0.0000	      0.0000	      0.0000
      0.0000	      0.0000	      0.0000	      0.0000
      0.0000	      0.0000	      0.0000	      0.0000
      0.0000	      0.0000	      0.0000	      0.0000
      0.0000	      0.0000	      0.0000	      0.0000
      0.0000	      0.0000	      0.0000	      0.0000
      0.0000	      0.0000	      0.0000	      0.0000
      0.0000	      0.0000	      0.0000	      0.0000
      0.0000	      0.0000	      0.0000	      0.0000
      0.0000	      0.0000	      0.0000	      0.0000
      0.0000	      0.0000	      0.0000	      0.0000
      0.0000	      0.0000	      0.0000	      0.0000
      0.0000	      0.0000	      0.0000	      0.0000
      0.0000	      0.0000	      0.0000	      0.0000
      0.0000	      0.0000	      0.0000	      0.0000
      7.4056	      0.0000	      0.0000	      0.0000
      0.0000	      0.0000	      0.0000	      0.0000
      0.0000	      0.0000	      0.0000	      0.0000
      0.0000	      0.0000	      0.0000	      0.0000
      0.0000	      0.0000	      0.0000	      0.0000
      0.0000	      0.0000	      0.0000	      0.0000
      0.0000	      0.0000	      0.0000	      0.0000
      0.0000	      0.0000	      0.0000	      0.0000
      0.0000	      0.0000	      0.0000	      0.0000
      0.0000	      0.0000	      0.0000	      0.0000
      0.0000	      0.0000	      0.0000	      0.0000
      0.0000	      0.0000	      0.0000	      0.0000
      0.0000	      0.0000	      0.0000	      0.0000
      0.0000	      0.0000	      0.0000	      0.0000
      0.0000	      0.0000	      0.0000	      0.0000
      0.0000	      0.0000	      0.0000	      0.0000
      0.0000	      0.0000	      0.0000	      0.0000
      0.0000	      0.0000	      0.0000	      0.0000
      0.0000	      0.0000	      0.0000	      0.0000
      0.0000	      0.0000	      0.0000	      0.0000
      0.0000	      0.0000	      0.0000	      0.0000
      0.0000	      0.0000	      0.0000	      0.0000
      0.0000	      0.0000	      0.0000	      0.0000
      0.0000	      0.0000	      0.0000	      0.0000
     -0.5646	     -1.6863	    -19.6365	      6.9821
     10.8507	      0.0000	      0.0000	      0.0000
     13.2560	      0.0000	      0.0000	      0.0000
     15.9997	      0.0000	      0.0000	      0.0000
      0.0000	      0.0000	      0.0000	      0.0000
      0.0000	      0.0000	      0.0000	      0.0000
      0.0000	      0.0000	      0.0000	      0.0000
      0.0000	      0.0000	      0.0000	      0.0000
      0.0000	      0.0000	      0.0000	      0.0000
      0.7297	      0.0000	      1.1630	      0.0000
      0.0000	      0.0000	      0.0000	      0.0000
      0.0000	      0.0000	      0.0000	      0.0000
      0.0000	      0.0000	      0.0000	      0.0000
      0.0000	      0.0000	      0.0000	      0.0000
      0.0000	      0.0000	      0.0000	      0.0000
      0.0000	      0.0000	      0.0000	      0.0000
      0.0000	      0.0000	      0.0000	      0.0000
      0.0000	      0.0000	      0.0000	      0.0000
      0.0000	      0.0000	      0.0000	      0.0000
      0.0000	      0.0000	      0.0000	      0.0000
      0.0000	      0.0000	      0.0000	      0.0000
      0.0000	      0.0000	      0.0000	      0.0000
      0.0000	      0.0000	      0.0000	      0.0000
      0.0000	      0.0000	      0.0000	      0.0000
      0.0000	      0.0000	      0.0000	      0.0000
      7.5210	      0.0000	      0.0000	      0.0000
     12.3152	      0.0000	      0.0000	      0.0000
     42.8749	      6.0302	      0.0000	      0.0000
     27.8149	      0.0000	      0.0000	      0.0000
      7.5632	      0.0000	      0.0000	      0.0000
      0.0000	      0.0000	      0.0000	      0.0000
      0.0000	      0.0000	      0.0000	     20.5205
      0.0000	      0.0000	      0.0000	      0.0000
      8.6960	      0.0000	      0.0000	      0.0000
      0.0000	      4.2782	      0.0000	      0.0000
      0.0000	      0.0000	      0.0000	      0.0000
      0.0000	      0.0000	      0.0000	      0.0000
      0.0000	      0.0000	      0.0000	      0.0000
      0.0000	      0.0000	      0.0000	      0.0000
      0.0000	      0.0000	      0.0000	      0.0000
      0.0000	      0.0000	      0.0000	      0.0000
      0.0000	      0.0000	      0.0000	      0.0000
      0.0000	      0.0000	      0.0000	      0.0000
      0.0000	      0.0000	      0.0000	      0.0000
      0.0000	      0.0000	      0.0000	      0.0000
      0.0000	      0.0000	      0.0000	      0.0000
      0.0000	      0.0000	      0.0000	      0.0000
      0.0000	      0.0000	      0.0000	      0.0000
      0.0000	      0.0000	      0.0000	      0.0000
      0.0000	      0.0000	      0.0000	      0.0000
      0.0000	      0.0000	      0.0000	      0.0000
     20.5942	      0.0000	      0.0000	      0.0000
      7.1128	      0.0000	      0.0000	      0.0000
     11.9694	      0.0000	      0.0000	      0.0000
     -0.3004	     -3.2040	      7.1166	      0.0000
      7.6163	      0.0000	      0.0000	      0.0000
     -1.0141	      0.0000	      0.0000	      0.0000
      0.0000	      0.0000	      0.0000	      0.0000
      0.0000	      0.0000	      0.0000	      0.0000
      0.0000	      0.0000	      0.0000	      0.0000
      0.0000	      0.0000	      0.0000	      0.0000
      0.0000	      0.0000	      0.0000	      0.0000
      0.0000	      0.0000	      0.0000	      0.0000
      0.0000	      0.0000	      0.0000	      0.0000
      0.0000	      0.0000	      0.0000	      0.0000
      0.0000	      0.0000	      0.0000	      0.0000
      0.0000	      0.0000	      0.0000	      0.0000
      0.0000	      0.0000	      0.0000	      0.0000
      0.0000	      0.0000	      0.0000	      0.0000
      0.0000	      0.0000	      0.0000	      0.0000
      0.0000	      0.0000	      0.0000	      0.0000
      0.0000	      0.0000	      0.0000	      0.0000
      0.0000	      0.0000	      0.0000	      0.0000
      0.0000	      0.0000	      0.0000	      0.0000
      0.0000	      0.0000	      0.0000	      0.0000
     -1.9208	     -1.3637	     -2.5387	      4.4088
     -1.2700	     -1.7658	     -4.5795	     14.7036
     -2.4015	     -0.6909	     -8.6565	      0.9053
     -1.3671	    -20.0000	     -8.5350	     19.6462
     -0.8513	     -4.0283	     -7.7355	      0.0000
     -1.0052	     -2.7763	     -2.6866	      2.0492
     -1.6225	     -2.6150	     -5.3477	      0.0000
      0.0000	      0.0000	      0.0000	      0.0000
      7.6008	      0.0000	      0.0000	      0.0000
     -2.3565	      0.4607	     -6.1095	      9.2340
      0.0000	      0.0000	      0.0000	      0.0000
      0.0000	      0.0000	      0.0000	      0.0000
      0.0000	      0.0000	      0.0000	      0.0000
      0.0000	      0.0000	      0.0000	      0.0000
      0.0000	      0.0000	      0.0000	      0.0000
      0.0000	      0.0000	      0.0000	      0.0000
      0.0000	      0.0000	      0.0000	      0.0000
      0.0000	      0.0000	      0.0000	      0.0000
      0.0000	      0.0000	      0.0000	      0.0000
      0.0000	      0.0000	      0.0000	      0.0000
      0.0000	      0.0000	      0.0000	      0.0000
      0.0000	      0.0000	      0.0000	      0.0000
      0.0000	      0.0000	      0.0000	      0.0000
      0.0000	      0.0000	      0.0000	      0.0000
      0.0000	      0.0000	      0.0000	      0.0000
     -1.3967	     -4.1888	    -14.7608	      7.5865
     -1.9507	     -4.5561	     -4.3941	     14.6530
     25.7815	     10.6156	      3.3568	      3.9365
     19.8248	     10.0222	     -5.6541	      6.2966
     -0.7495	     -1.4504	    -16.0978	     19.1214
      6.0550	     -1.3345	     -4.8035	    -15.6941
     -1.3489	     -0.0177	     -4.9506	      6.0511
      0.0000	      0.0000	      0.0000	      0.0000
      6.0350	      0.0000	      0.0000	      0.0000
     -1.8728	      0.7310	     -5.7592	     -1.6913
      4.5122	      0.0000	      0.0000	      0.0000
      0.0000	      0.0000	      0.0000	      0.0000
      0.0000	      0.0000	      0.0000	      0.0000
      0.0000	      0.0000	      0.0000	      0.0000
      0.0000	      0.0000	      0.0000	      0.0000
      0.0000	      0.0000	      0.0000	      0.0000
      0.0000	      0.0000	      0.0000	      0.0000
      0.0000	      0.0000	      0.0000	      0.0000
      0.0000	      0.0000	      0.0000	      0.0000
      0.0000	      0.0000	      0.0000	      0.0000
      0.0000	      0.0000	      0.0000	      0.0000
      0.0000	      0.0000	      0.0000	      0.0000
      0.0000	      0.0000	      0.0000	      0.0000
      0.0000	      0.0000	      0.0000	      0.0000
      0.0000	      0.0000	      0.0000	      0.0000
      0.8473	     -0.8437	     -0.9810	     -1.0688
      8.4717	      0.0000	      0.0000	      0.0000
      2.9813	      0.0000	      0.0000	      0.0000
      1.9957	      9.8960	      0.0000	      0.0000
      0.0000	      0.0000	      0.0000	      0.0000
      0.8098	      0.0000	      0.0000	      0.0000
      4.6166	      0.0000	      0.0000	      0.0000
      0.0000	      0.0000	      0.0000	      0.0000
      1.3774	      0.0000	      0.0000	      0.0000
      2.6646	      0.0000	      0.0000	      0.0000
      0.0000	      0.0000	      0.0000	      0.0000
      0.0000	      0.0000	      0.0000	      0.0000
      0.0000	      0.0000	      0.0000	      0.0000
      0.0000	      0.0000	      0.0000	      0.0000
      0.0000	      0.0000	      0.0000	      0.0000
      0.0000	      0.0000	      0.0000	      0.0000
      0.0000	      0.0000	      0.0000	      0.0000
      0.0000	      0.0000	      0.0000	      0.0000
      0.0000	      0.0000	      0.0000	      0.0000
      0.0000	      0.0000	      0.0000	      0.0000
      0.0000	      0.0000	      0.0000	      0.0000
      0.0000	      0.0000	      0.0000	      0.0000
      0.0000	      0.0000	      0.0000	      0.0000
      0.0000	      0.0000	      0.0000	      0.0000
      0.0000	      0.0000	      0.0000	      0.0000
      0.0000	      0.0000	      0.0000	      0.0000
      0.0000	      0.0000	      0.0000	      0.0000
      0.0000	      0.0000	      0.0000	      0.0000
    -15.5441	      0.0000	      0.0000	      0.0000
      0.0000	      0.0000	      0.0000	      0.0000
      0.0000	      0.0000	      0.0000	      0.0000
      0.0000	      0.0000	      0.0000	      0.0000
      0.0000	      0.0000	      0.0000	      0.0000
      0.0000	      0.0000	      0.0000	      0.0000
      0.0000	      0.0000	      0.0000	      0.0000
      0.0000	      0.0000	      0.0000	      0.0000
      0.0000	      0.0000	      0.0000	      0.0000
      0.0000	      0.0000	      0.0000	      0.0000
      0.0000	      0.0000	      0.0000	      0.0000
      0.0000	      0.0000	      0.0000	      0.0000
      0.0000	      0.0000	      0.0000	      0.0000
      0.0000	      0.0000	      0.0000	      0.0000
      0.0000	      0.0000	      0.0000	      0.0000
      0.0000	      0.0000	      0.0000	      0.0000
      0.0000	      0.0000	      0.0000	      0.0000
      0.0000	      0.0000	      0.0000	      0.0000
      0.0000	      0.0000	      0.0000	      0.0000
      0.0000	      0.0000	      0.0000	      0.0000
      0.0000	      0.0000	      0.0000	      0.0000
      0.0000	      0.0000	      0.0000	      0.0000
      0.0000	      0.0000	      0.0000	      0.0000
      0.0000	      0.0000	      0.0000	      0.0000
      0.0000	      0.0000	      0.0000	      0.0000
      0.0000	      0.0000	      0.0000	      0.0000
    -13.8428	      0.0000	      0.0000	      0.0000
      0.0000	      0.0000	      0.0000	      0.0000
      0.0000	      0.0000	      0.0000	    -20.0000
      0.0000	      0.0000	      0.0000	      0.0000
      0.0000	      0.0000	      0.0000	      0.0000
      0.0000	      0.0000	      0.0000	      0.0000
      0.0000	      0.0000	      0.0000	      0.0000
      0.0000	      0.0000	      0.0000	      0.0000
      0.0000	      0.0000	      0.0000	      0.0000
      0.0000	      0.0000	      0.0000	      0.0000
      0.0000	      0.0000	      0.0000	      0.0000
      0.0000	      0.0000	      0.0000	      0.0000
      0.0000	      0.0000	      0.0000	      0.0000
      0.0000	      0.0000	      0.0000	      0.0000
      0.0000	      0.0000	      0.0000	      0.0000
      0.0000	      0.0000	      0.0000	      0.0000
      0.0000	      0.0000	      0.0000	      0.0000
      0.0000	      0.0000	      0.0000	      0.0000
      0.0000	      0.0000	      0.0000	      0.0000
      0.0000	      0.0000	      0.0000	      0.0000
      0.0000	      0.0000	      0.0000	      0.0000
      0.0000	      0.0000	      0.0000	      0.0000
      0.0000	      0.0000	      0.0000	      0.0000
      0.0000	      0.0000	      0.0000	      0.0000
      0.0000	      0.0000	      0.0000	      0.0000
      0.0000	      0.0000	      0.0000	      0.0000
     -8.6472	      0.0000	      0.0000	      0.0000
      0.0000	      0.0000	      0.0000	      0.0000
      0.0000	      0.0000	      0.0000	      0.0000
      0.0000	      0.0000	      0.0000	      0.0000
      0.0000	      0.0000	    -12.8169	      0.0000
      0.0000	      0.0000	      0.0000	      0.0000
      0.0000	      0.0000	      0.0000	      0.0000
      0.0000	      0.0000	      0.0000	      0.0000
      0.0000	      0.0000	      0.0000	      0.0000
      0.0000	      0.0000	      0.0000	      0.0000
      0.0000	      0.0000	      0.0000	      0.0000
      0.0000	      0.0000	      0.0000	      0.0000
      0.0000	      0.0000	      0.0000	      0.0000
      0.0000	      0.0000	      0.0000	      0.0000
      0.0000	      0.0000	      0.0000	      0.0000
      0.0000	      0.0000	      0.0000	      0.0000
      0.0000	      0.0000	      0.0000	      0.0000
      0.0000	      0.0000	      0.0000	      0.0000
      0.0000	      0.0000	      0.0000	      0.0000
      0.0000	      0.0000	      0.0000	      0.0000
      0.0000	      0.0000	      2.6908	      0.0000
      0.0000	      0.0000	      0.0000	      0.0000
      0.0000	      0.0000	      0.0000	      0.0000
      0.0000	      0.0000	      0.0000	      0.0000
      0.0000	      0.0000	      0.0000	      0.0000
      0.0000	      0.0000	      0.0000	      0.0000
      0.0000	      0.0000	      0.0000	      0.0000
      0.0000	      0.0000	      0.0000	      0.0000
      0.0000	      0.0000	      0.0000	      0.0000
      0.0000	      0.0000	      0.0000	      0.0000
      0.0000	      0.0000	      0.0000	      0.0000
      0.0000	      0.0000	      0.0000	      0.0000
      0.0000	      0.0000	      0.0000	      0.0000
      0.0000	      0.0000	      0.0000	      0.0000
      0.0000	      0.0000	      0.0000	      0.0000
      0.0000	      0.0000	      0.0000	      0.0000
      0.0000	      0.0000	      0.0000	      0.0000
      0.0000	      0.0000	      0.0000	      0.0000
      0.0000	      0.0000	      0.0000	      0.0000
      0.0000	      0.0000	      0.0000	      0.0000
      0.0000	      0.0000	      0.0000	      0.0000
      0.0000	      0.0000	      0.0000	      0.0000
      0.0000	      0.0000	      0.0000	      0.0000
      0.0000	      0.0000	      0.0000	      0.0000
      0.0000	      0.0000	      0.0000	      0.0000
      0.0000	    -16.8667	      0.0000	      0.0000
      0.0000	      0.0000	      0.0000	      0.0000
      0.0000	      0.0000	      0.0000	      0.0000
     11.5088	      0.0000	      0.0000	      0.0000
     -0.9328	      0.0000	      0.0000	      0.0000
      0.0000	      0.0000	      0.0000	      0.0000
      0.0000	      0.0000	      0.0000	      0.0000
      0.0000	      0.0000	      0.0000	      0.0000
      0.0000	      0.0000	      0.0000	      0.0000
      0.0000	      0.0000	      0.0000	      0.0000
      0.0000	      0.0000	      0.0000	      0.0000
      0.0000	      0.0000	      0.0000	      0.0000
      0.0000	      0.0000	      0.0000	      0.0000
      0.0000	      0.0000	      0.0000	      0.0000
      0.0000	      0.0000	      0.0000	      0.0000
      0.0000	      0.0000	      0.0000	      0.0000
      0.0000	      0.0000	      0.0000	      0.0000
      0.0000	      0.0000	      0.0000	      0.0000
      0.0000	      0.0000	      0.0000	      0.0000
      0.0000	      0.0000	      0.0000	      0.0000
      0.0000	      0.0000	      0.0000	      0.0000
      0.0000	      0.0000	      0.0000	      0.0000
      0.0000	      0.0000	      0.0000	      0.0000
      0.0000	      0.0000	      0.0000	      0.0000
      0.0000	      0.0000	      0.0000	      0.0000
      0.0000	      0.0000	      0.0000	      0.0000
      0.0000	      0.0000	      0.0000	      0.0000
      0.0000	      0.0000	      0.0000	      0.0000
      0.0000	      0.0000	      0.0000	      0.0000
      0.0000	      0.0000	      0.0000	      0.0000
    -20.0000	      0.0000	      0.0000	      0.0000
      0.0000	      0.0000	      0.0000	      0.0000
      0.0000	      0.0000	      0.0000	      0.0000
      0.0000	      0.0000	      0.0000	      0.0000
      0.0000	      0.0000	      0.0000	      0.0000
      0.0000	      0.0000	      0.0000	      0.0000
      0.0000	      0.0000	      0.0000	      0.0000
      0.0000	      0.0000	      0.0000	      0.0000
      0.0000	      0.0000	      0.0000	      0.0000
      0.0000	      0.0000	      0.0000	      0.0000
      0.0000	      0.0000	      0.0000	      0.0000
      0.0000	      0.0000	      0.0000	      0.0000
      0.0000	      0.0000	      0.0000	      0.0000
      0.0000	      0.0000	      0.0000	      0.0000
      0.0000	      0.0000	      0.0000	      0.0000
      0.0000	      0.0000	      0.0000	      0.0000
      0.0000	      0.0000	      0.0000	      0.0000
      0.0000	      0.0000	      0.0000	      0.0000
      0.0000	      0.0000	      0.0000	      0.0000
      0.0000	      0.0000	      0.0000	      0.0000
      0.0000	      0.0000	      0.0000	      0.0000
      0.0000	      0.0000	      0.0000	      0.0000
      0.0000	      0.0000	      0.0000	      0.0000
      0.0000	      0.0000	      0.0000	      0.0000
      0.0000	      0.0000	      0.0000	      0.0000
      0.1461	      0.0000	      0.0000	      0.0000
      0.0000	      0.0000	      0.0000	      0.0000
      0.0000	      0.0000	      0.0000	      0.0000
      0.0000	      0.0000	      0.0000	      0.0000
      0.0000	      0.0000	      0.0000	      0.0000
      0.0000	      0.0000	      0.0000	      0.0000
      0.0000	      0.0000	      0.0000	      0.0000
      0.0000	      0.0000	      0.0000	      0.0000
      0.0000	      0.0000	      0.0000	      0.0000
      0.0000	      0.0000	      0.0000	      0.0000
      0.0000	      0.0000	      0.0000	      0.0000
      0.0000	      0.0000	      0.0000	      0.0000
      0.0000	      0.0000	      0.0000	      0.0000
      0.0000	      0.0000	      0.0000	      0.0000
      0.0000	      0.0000	      0.0000	      0.0000
      0.0000	      0.0000	      0.0000	      0.0000
      0.0000	      0.0000	      0.0000	      0.0000
      0.0000	      0.0000	      0.0000	      0.0000
      0.0000	      0.0000	      0.0000	      0.0000
      0.0000	      0.0000	      0.0000	      0.0000
      5.0147	      0.0000	      0.0000	      0.0000
      1.5389	      0.0000	      0.0000	      0.0000
      0.0000	      0.0000	      0.0000	      0.0000
     -3.8074	      1.9088	      0.0000	      0.0000
      0.6198	      0.0000	      0.0000	      0.0000
      0.0000	      0.0000	      0.0000	      0.0000
      0.0000	      0.0000	      0.0000	      0.0000
      0.0000	      0.0000	      0.0000	      0.0000
      0.0000	      0.0000	      0.0000	      0.0000
      0.0000	      0.0000	      0.0000	      0.0000
      0.0000	      0.0000	      0.0000	      0.0000
      0.0000	      0.0000	      0.0000	      0.0000
      0.0000	      0.0000	      0.0000	      0.0000
      0.0000	      0.0000	      0.0000	      0.0000
      0.0000	      0.0000	      0.0000	      0.0000
      0.0000	      0.0000	      0.0000	      0.0000
      0.0000	      0.0000	      0.0000	      0.0000
      0.0000	      0.0000	      0.0000	      0.0000
      0.0000	      0.0000	      0.0000	      0.0000
      0.0000	      0.0000	      0.0000	      0.0000
      0.0000	      0.0000	      0.0000	      0.0000
      0.0000	      0.0000	      0.0000	      0.0000
      0.0000	      0.0000	      0.0000	      0.0000
      0.0000	      0.0000	      0.0000	      0.0000
      0.0000	      0.0000	      0.0000	      0.0000
      0.0000	      0.0000	      0.0000	      0.0000
     10.9671	      3.3720	      0.0000	      0.0000
      0.0000	      0.0000	      0.0000	      0.0000
     -2.7084	      0.0000	      0.0000	      0.0000
      0.0000	      0.0000	      0.0000	      0.0000
      0.0000	      0.0000	      0.0000	      0.0000
      0.0000	      0.0000	      0.0000	      0.0000
      0.0000	      0.0000	      0.0000	      0.0000
      0.0000	      0.0000	      0.0000	      0.0000
      0.0000	      0.0000	      0.0000	      0.0000
      0.0000	      0.0000	      0.0000	      0.0000
      0.0000	      0.0000	      0.0000	      0.0000
      0.0000	      0.0000	      0.0000	      0.0000
      0.0000	      0.0000	      0.0000	      0.0000
      0.0000	      0.0000	      0.0000	      0.0000
      0.0000	      0.0000	      0.0000	      0.0000
      0.0000	      0.0000	      0.0000	      0.0000
      0.0000	      0.0000	      0.0000	      0.0000
      0.0000	      0.0000	      0.0000	      0.0000
      0.0000	      0.0000	      0.0000	      0.0000
      0.0000	      0.0000	      0.0000	      0.0000
      0.0000	      0.0000	      0.0000	      0.0000
      0.0000	      0.0000	      0.0000	      0.0000
      0.0000	      0.0000	      0.0000	      0.0000
      0.0000	      0.0000	      0.0000	      0.0000
    -18.7996	      0.0000	      0.0000	      0.0000
      0.0000	      0.0000	      0.0000	      0.0000
      0.0000	      0.0000	      0.0000	      0.0000
      0.0000	      0.0000	      0.0000	      0.0000
      0.0000	      0.0000	      0.0000	      0.0000
      0.0000	      0.0000	      0.0000	      0.0000
      0.0000	      0.0000	      0.0000	      0.0000
      0.0000	      0.0000	      0.0000	      0.0000
      0.0000	      0.0000	      0.0000	      0.0000
      0.0000	      0.0000	      0.0000	      0.0000
      0.0000	      0.0000	      0.0000	      0.0000
      0.0000	      0.0000	      0.0000	      0.0000
      0.0000	      0.0000	      0.0000	      0.0000
      0.0000	      0.0000	      0.0000	      0.0000
      0.0000	      0.0000	      0.0000	      0.0000
      0.0000	      0.0000	      0.0000	      0.0000
      0.0000	      0.0000	      0.0000	      0.0000
      0.0000	      0.0000	      0.0000	      0.0000
      0.0000	      0.0000	      0.0000	      0.0000
      0.0000	      0.0000	      0.0000	      0.0000
      0.0000	      0.0000	      0.0000	      0.0000
      0.0000	      0.0000	      0.0000	      0.0000
      0.0000	      0.0000	      0.0000	      0.0000
      0.0000	      0.0000	      0.0000	      0.0000
      0.0000	      0.0000	      0.0000	      0.0000
      0.0000	      0.0000	      0.0000	      0.0000
      3.9757	      0.0000	      0.0000	      0.0000
    -16.1079	      0.0000	      0.0000	      0.0000
      0.0000	      0.0000	      0.0000	      0.0000
      0.0000	      0.0000	      0.0000	      0.0000
      0.0000	      0.0000	      0.0000	      0.0000
      0.0000	      0.0000	      0.0000	      0.0000
      0.0000	      0.0000	      0.0000	      0.0000
      0.0000	      0.0000	      0.0000	      0.0000
      0.0000	      0.0000	      0.0000	      0.0000
      0.0000	      0.0000	      0.0000	      0.0000
      0.0000	      0.0000	      0.0000	      0.0000
      0.0000	      0.0000	      0.0000	      0.0000
      0.0000	      0.0000	      0.0000	      0.0000
      0.0000	      0.0000	      0.0000	      0.0000
      0.0000	      0.0000	      0.0000	      0.0000
      0.0000	      0.0000	      0.0000	      0.0000
      0.0000	      0.0000	      0.0000	      0.0000
      0.0000	      0.0000	      0.0000	      0.0000
      0.0000	      0.0000	      0.0000	      0.0000
      0.0000	      0.0000	      0.0000	      0.0000
      0.0000	      0.0000	      0.0000	      0.0000
      0.0000	      0.0000	      0.0000	      0.0000
      0.0000	      0.0000	      0.0000	      0.0000
      0.0000	      0.0000	      0.0000	      0.0000
      0.0000	      0.0000	      0.0000	      0.0000
      0.0000	      0.0000	      0.0000	      0.0000
      0.0000	      0.0000	      0.0000	      0.0000
      0.0000	      0.0000	      0.0000	      0.0000
      0.0000	      0.0000	      0.0000	      0.0000
      0.0000	      0.0000	      0.0000	      0.0000
      0.0000	      0.0000	      0.0000	      0.0000
      0.0000	      0.0000	      0.0000	      0.0000
      0.0000	      0.0000	      0.0000	      0.0000
      0.0000	      0.0000	      0.0000	      0.0000
      0.0000	      0.0000	      0.0000	      0.0000
      0.0000	      0.0000	      0.0000	      0.0000
      0.0000	      0.0000	      0.0000	      0.0000
      0.0000	      0.0000	      0.0000	      0.0000
      0.0000	      0.0000	      0.0000	      0.0000
      0.0000	      0.0000	      0.0000	      0.0000
      0.0000	      0.0000	      0.0000	      0.0000
      0.0000	      0.0000	      0.0000	      0.0000
      0.0000	      0.0000	      0.0000	      0.0000
      0.0000	      0.0000	      0.0000	      0.0000
      0.0000	      0.0000	      0.0000	      0.0000
      0.0000	      0.0000	      0.0000	      0.0000
      0.0000	      0.0000	      0.0000	      0.0000
      0.0000	      0.0000	      0.0000	      0.0000
      0.0000	      0.0000	      0.0000	      0.0000
      0.0000	      0.0000	      0.0000	      0.0000
    -20.0000	      0.0000	      0.0000	      0.0000
      3.4091	      0.0000	      0.0000	      0.0000
    -18.5486	      5.7811	      0.0000	      0.0000
      5.9948	      0.0000	      0.0000	      0.0000
      0.0000	      0.0000	     -4.9650	      0.0000
      0.0000	      0.0000	      0.0000	      0.0000
      0.0000	      0.0000	      0.0000	      0.0000
      0.0000	      0.0000	      0.0000	      0.0000
      0.0000	      0.0000	      0.0000	      0.0000
      0.0000	      0.0000	      0.0000	      0.0000
      0.0000	      0.0000	      0.0000	      0.0000
      0.0000	      0.0000	      0.0000	      0.0000
      0.0000	      0.0000	      0.0000	      0.0000
      0.0000	      0.0000	      0.0000	      0.0000
      0.0000	      0.0000	      0.0000	      0.0000
      0.0000	      0.0000	      0.0000	      0.0000
      0.0000	      0.0000	      0.0000	      0.0000
      0.0000	      0.0000	      0.0000	      0.0000
      0.0000	      0.0000	      0.0000	      0.0000
      0.0000	      0.0000	      0.0000	      0.0000
      0.0000	      0.0000	      0.0000	      0.0000
      0.0000	      0.0000	      0.0000	      0.0000
      0.0000	      0.0000	      0.0000	      0.0000
      0.0000	      0.0000	      0.0000	      0.0000
    -19.2877	    -20.3097	      0.0000	      0.0000
     -3.4659	     -6.7399	      0.0000	      0.0000
    -20.0000	     -2.3197	     24.3543	      0.0000
     13.2504	      0.0000	      0.0000	      0.0000
      2.5081	      0.0000	      0.0000	      0.0000
      0.0000	      0.0000	      0.0000	      0.0000
      0.0000	      0.0000	      0.0000	      0.0000
      0.0000	      0.0000	      0.0000	      0.0000
      0.0000	      0.0000	      0.0000	      0.0000
      0.0000	      0.0000	      0.0000	      0.0000
      0.0000	      0.0000	      0.0000	      0.0000
      0.0000	      0.0000	      0.0000	      0.0000
      0.0000	      0.0000	      0.0000	      0.0000
      0.0000	      0.0000	      0.0000	      0.0000
      0.0000	      0.0000	      0.0000	      0.0000
      0.0000	      0.0000	      0.0000	      0.0000
      0.0000	      0.0000	      0.0000	      0.0000
      0.0000	      0.0000	      0.0000	      0.0000
      0.0000	      0.0000	      0.0000	      0.0000
      0.0000	      0.0000	      0.0000	      0.0000
      0.0000	      0.0000	      0.0000	      0.0000
      0.0000	      0.0000	      0.0000	      0.0000
      0.0000	      0.0000	      0.0000	      0.0000
      0.0000	      0.0000	      0.0000	      0.0000
      0.0000	      0.0000	      0.0000	      0.0000
      0.0000	      0.0000	      0.0000	      0.0000
      0.0000	      6.6308	      0.0000	      0.0000
     -7.3502	     24.0592	      0.0000	      0.0000
      0.1419	      0.0000	      0.0000	      0.0000
      0.2249	      0.0000	      0.0000	      0.0000
      0.0000	      0.0000	      0.0000	      0.0000
      0.0000	      0.0000	      0.0000	      0.0000
      0.0000	      0.0000	      0.0000	      0.0000
      0.0000	    -17.1747	      0.0000	      0.0000
      0.0000	      0.0000	      0.0000	      0.0000
      0.0000	      0.0000	      0.0000	      0.0000
      0.0000	      0.0000	      0.0000	      0.0000
      0.0000	      0.0000	      0.0000	      0.0000
      0.0000	      0.0000	      0.0000	      0.0000
      0.0000	      0.0000	      0.0000	      0.0000
      0.0000	      0.0000	      0.0000	      0.0000
      0.0000	      0.0000	      0.0000	      0.0000
      0.0000	      0.0000	      0.0000	      0.0000
      0.0000	      0.0000	      0.0000	      0.0000
      0.0000	      0.0000	      0.0000	      0.0000
      0.0000	      0.0000	      0.0000	      0.0000
      0.0000	      0.0000	      0.0000	      0.0000
      0.0000	      0.0000	      0.0000	      0.0000
      0.0000	      0.0000	      0.0000	      0.0000
      0.0000	      0.0000	      0.0000	      0.0000
      0.0000	      0.0000	      0.0000	      0.0000
      5.6218	      0.0000	      0.0000	      0.0000
      8.2114	      0.0000	      0.0000	      0.0000
      7.3066	      0.0000	      0.0000	      0.0000
      0.0000	      0.0000	      0.0000	      0.0000
      0.0000	      0.0000	      0.0000	      0.0000
      0.0000	      0.0000	      0.0000	      0.0000
      0.0000	      0.0000	      0.0000	      0.0000
      0.0000	      0.0000	      0.0000	      0.0000
      0.0000	      0.0000	      0.0000	      0.0000
      0.0000	      0.0000	      0.0000	      0.0000
      0.0000	      0.0000	      0.0000	      0.0000
      0.0000	      0.0000	      0.0000	      0.0000
      0.0000	      0.0000	      0.0000	      0.0000
      0.0000	      0.0000	      0.0000	      0.0000
      0.0000	      0.0000	      0.0000	      0.0000
      0.0000	      0.0000	      0.0000	      0.0000
      0.0000	      0.0000	      0.0000	      0.0000
      0.0000	      0.0000	      0.0000	      0.0000
      0.0000	      0.0000	      0.0000	      0.0000
      0.0000	      0.0000	      0.0000	      0.0000
      0.0000	      0.0000	      0.0000	      0.0000
      0.0000	      0.0000	      0.0000	      0.0000
      0.0000	      0.0000	      0.0000	      0.0000
      0.0000	      0.0000	      0.0000	      0.0000
    -21.1375	     -0.2106	     -4.2483	      0.0000
     14.7760	      0.0000	      0.0000	      0.0000
     39.2613	      0.0000	      0.0000	      0.0000
     13.2441	      0.0000	      0.0000	      0.0000
      0.0000	      0.0000	      0.0000	      0.0000
      8.5698	      0.0000	      0.0000	      0.0000
      0.0000	      0.0000	      0.0000	      0.0000
      0.0000	      0.0000	      0.0000	      0.0000
      0.0000	      0.0000	      0.0000	      0.0000
      2.5618	      0.0000	      0.0000	      0.0000
      0.0000	      0.0000	      0.0000	      0.0000
      0.0000	      0.0000	      0.0000	      0.0000
      0.0000	      0.0000	      0.0000	      0.0000
      0.0000	      0.0000	      0.0000	      0.0000
      0.0000	      0.0000	      0.0000	      0.0000
      0.0000	      0.0000	      0.0000	      0.0000
      0.0000	      0.0000	      0.0000	      0.0000
      0.0000	      0.0000	      0.0000	      0.0000
      0.0000	      0.0000	      0.0000	      0.0000
      0.0000	      0.0000	      0.0000	      0.0000
      0.0000	      0.0000	      0.0000	      0.0000
      0.0000	      0.0000	      0.0000	      0.0000
      0.0000	      0.0000	      0.0000	      0.0000
      0.0000	      0.0000	      0.0000	      0.0000
      0.0000	      0.0000	      0.0000	      0.0000
      1.6879	      0.0000	      0.0000	      0.0000
      6.1106	      0.0000	     -2.8894	      0.0000
      9.3842	      0.0000	      0.0000	      0.0000
      1.3920	      0.0000	      0.0000	      0.0000
     -3.3920	      1.7646	      0.0000	      0.0000
      0.0000	      0.0000	      0.0000	      0.0000
      0.0000	      0.0000	     -2.7498	      0.0000
      0.0000	      0.0000	      0.0000	      0.0000
      0.0000	      0.0000	      0.0000	      0.0000
      0.0000	      0.0000	      0.0000	      0.0000
      0.0000	      0.0000	      0.0000	      0.0000
      0.0000	      0.0000	      0.0000	      0.0000
      0.0000	      0.0000	      0.0000	      0.0000
      0.0000	      0.0000	      0.0000	      0.0000
      0.0000	      0.0000	      0.0000	      0.0000
      0.0000	      0.0000	      0.0000	      0.0000
      0.0000	      0.0000	      0.0000	      0.0000
      0.0000	      0.0000	      0.0000	      0.0000
      0.0000	      0.0000	      0.0000	      0.0000
      0.0000	      0.0000	      0.0000	      0.0000
      0.0000	      0.0000	      0.0000	      0.0000
      0.0000	      0.0000	      0.0000	      0.0000
      0.0000	      0.0000	      0.0000	      0.0000
      0.0000	      0.0000	      0.0000	      0.0000
      0.0000	      0.0000	      0.0000	      0.0000
    -28.8072	      0.0000	      0.0000	      0.0000
      0.0000	    -25.0453	      0.0000	      0.0000
    -28.5238	      0.0000	      0.0000	      0.0000
      0.0000	    -13.6450	      0.0000	      0.0000
      0.0000	      0.0000	      0.0000	      0.0000
      0.0000	      0.0000	      0.0000	      0.0000
      0.0000	      0.0000	      0.0000	      0.0000
      0.0000	      0.0000	      0.0000	      0.0000
      0.0000	      0.0000	      0.0000	      0.0000
      0.0000	      0.0000	      0.0000	      0.0000
      0.0000	      0.0000	      0.0000	      0.0000
      0.0000	      0.0000	      0.0000	      0.0000
      0.0000	      0.0000	      0.0000	      0.0000
      0.0000	      0.0000	      0.0000	      0.0000
      0.0000	      0.0000	      0.0000	      0.0000
      0.0000	      0.0000	      0.0000	      0.0000
      0.0000	      0.0000	      0.0000	      0.0000
      0.0000	      0.0000	      0.0000	      0.0000
      0.0000	      0.0000	      0.0000	      0.0000
      0.0000	      0.0000	      0.0000	      0.0000
      0.0000	      0.0000	      0.0000	      0.0000
      0.0000	      0.0000	      0.0000	      0.0000
      0.0000	      0.0000	      0.0000	      0.0000
      0.0000	      0.0000	      0.0000	      0.0000
      0.0000	      0.0000	      0.0000	      0.0000
      0.0000	      0.0000	      0.0000	      0.0000
     -7.0346	    -18.3853	      0.0000	      0.0000
      0.0000	      0.0000	      0.0000	      0.0000
    -20.5762	     10.0332	      0.0000	      0.0000
    -14.6734	      0.0000	      0.0000	      0.0000
      0.0000	      0.0000	      0.0000	      0.0000
      0.0000	      0.0000	      0.0000	      0.0000
      0.0000	      0.0000	      0.0000	      0.0000
    -15.9794	      0.0000	      0.0000	      0.0000
    -17.8886	      0.0000	      0.0000	      0.0000
      0.0000	      0.0000	      0.0000	      0.0000
      0.0000	      0.0000	      0.0000	      0.0000
      0.0000	      0.0000	      0.0000	      0.0000
      0.0000	      0.0000	      0.0000	      0.0000
      0.0000	      0.0000	      0.0000	      0.0000
      0.0000	      0.0000	      0.0000	      0.0000
      0.0000	      0.0000	      0.0000	      0.0000
      0.0000	      0.0000	      0.0000	      0.0000
      0.0000	      0.0000	      0.0000	      0.0000
      0.0000	      0.0000	      0.0000	      0.0000
      0.0000	      0.0000	      0.0000	      0.0000
      0.0000	      0.0000	      0.0000	      0.0000
      0.0000	      0.0000	      0.0000	      0.0000
      0.0000	      0.0000	      0.0000	      0.0000
      0.0000	      0.0000	      0.0000	      0.0000
      0.0000	    -20.7334	      0.0000	      0.0000
      0.0000	      0.0000	      0.0000	      0.0000
      0.0000	      0.0000	      0.0000	      0.0000
      1.5256	      0.0000	      0.0000	      0.0000
    -28.5983	      0.0000	    -12.8403	      0.0000
      0.0000	      0.0000	      0.0000	      0.0000
      0.0000	      0.0000	      0.0000	      0.0000
      0.0000	      0.0000	      0.0000	      0.0000
      0.0000	      0.0000	      0.0000	      0.0000
      0.0000	      0.0000	      0.0000	      0.0000
      0.0000	      0.0000	      0.0000	      0.0000
      0.0000	      0.0000	      0.0000	      0.0000
      0.0000	      0.0000	      0.0000	      0.0000
      0.0000	      0.0000	      0.0000	      0.0000
      0.0000	      0.0000	      0.0000	      0.0000
      0.0000	      0.0000	      0.0000	      0.0000
      0.0000	      0.0000	      0.0000	      0.0000
      0.0000	      0.0000	      0.0000	      0.0000
      0.0000	      0.0000	      0.0000	      0.0000
      0.0000	      0.0000	      0.0000	      0.0000
      0.0000	      0.0000	      0.0000	      0.0000
      0.0000	      0.0000	      0.0000	      0.0000
      0.0000	      0.0000	      0.0000	      0.0000
      0.0000	      0.0000	      0.0000	      0.0000
      0.0000	      0.0000	      0.0000	      0.0000
    -27.9782	    -19.8614	     -0.3151	    -10.9607
    -25.6333	    -23.4597	    -29.6493	    -23.8300
    -20.0000	    -12.9845	      1.0456	      0.0000
     -1.4793	    -18.6449	    -31.1079	     -8.1899
     -8.4859	    -12.1183	    -17.4666	      0.0000
     -8.2528	    -16.5030	    -22.8441	    -20.0000
     -8.4585	      0.0000	      0.0000	      0.0000
      0.0000	      0.0000	      0.0000	      0.0000
      2.0920	      0.0000	      0.0000	      0.0000
      0.0000	      0.0000	      0.0000	      0.0000
     -7.6027	      0.0000	      0.0000	      0.0000
      0.0000	      0.0000	      0.0000	      0.0000
      0.0000	      0.0000	      0.0000	      0.0000
      0.0000	      0.0000	      0.0000	      0.0000
      0.0000	      0.0000	      0.0000	      0.0000
      0.0000	      0.0000	      0.0000	      0.0000
      0.0000	      0.0000	      0.0000	      0.0000
      0.0000	      0.0000	      0.0000	      0.0000
      0.0000	      0.0000	      0.0000	      0.0000
      0.0000	      0.0000	      0.0000	      0.0000
      0.0000	      0.0000	      0.0000	      0.0000
      0.0000	      0.0000	      0.0000	      0.0000
      0.0000	      0.0000	      0.0000	      0.0000
      0.0000	      0.0000	      0.0000	      0.0000
      0.0000	      0.0000	      0.0000	      0.0000
     -1.2592	      3.4537	      0.0000	      0.0000
    -14.0713	     -5.6149	     -9.7911	     22.0548
     27.6706	      0.0000	      0.0000	      0.0000
    -14.3802	    -12.9463	     22.0507	      0.0000
    -16.7148	     -4.4490	    -19.7044	      0.0000
      0.0000	      0.0000	      0.0000	      0.0000
      0.0000	      0.0000	      0.0000	      0.0000
      0.0000	      0.0000	      0.0000	      0.0000
      0.0000	      0.0000	      0.0000	      0.0000
     11.0336	      0.0000	      0.0000	      0.0000
      0.0000	      0.0000	      0.0000	      0.0000
      0.0000	      0.0000	      0.0000	      0.0000
      0.0000	      0.0000	      0.0000	      0.0000
      0.0000	      0.0000	      0.0000	      0.0000
      0.0000	      0.0000	      0.0000	      0.0000
      0.0000	      0.0000	      0.0000	      0.0000
      0.0000	      0.0000	      0.0000	      0.0000
      0.0000	      0.0000	      0.0000	      0.0000
      0.0000	      0.0000	      0.0000	      0.0000
      0.0000	      0.0000	      0.0000	      0.0000
      0.0000	      0.0000	      0.0000	      0.0000
      0.0000	      0.0000	      0.0000	      0.0000
      0.0000	      0.0000	      0.0000	      0.0000
      0.0000	      0.0000	      0.0000	      0.0000
      0.0000	      0.0000	      0.0000	      0.0000
      0.0000	      0.0000	      0.0000	      0.0000
      0.0000	      0.0000	     20.6558	      0.0000
      0.0000	      0.0000	      0.0000	      0.0000
     -1.4258	    -22.5853	      0.0000	      0.0000
     -5.3698	      0.0000	    -20.4127	     -9.4099
      0.0000	      0.0000	      0.0000	      0.0000
      0.0000	      0.0000	     -2.5584	      0.0000
      0.0000	      0.0000	      0.0000	      0.0000
      0.0000	      0.0000	      0.0000	      0.0000
      1.0804	      0.0000	      0.0000	      0.0000
      0.0000	      0.0000	      0.0000	      0.0000
      0.0000	      0.0000	      0.0000	      0.0000
      0.0000	      0.0000	      0.0000	      0.0000
      0.0000	      0.0000	      0.0000	      0.0000
      0.0000	      0.0000	      0.0000	      0.0000
      0.0000	      0.0000	      0.0000	      0.0000
      0.0000	      0.0000	      0.0000	      0.0000
      0.0000	      0.0000	      0.0000	      0.0000
      0.0000	      0.0000	      0.0000	      0.0000
      0.0000	      0.0000	      0.0000	      0.0000
      0.0000	      0.0000	      0.0000	      0.0000
      0.0000	      0.0000	      0.0000	      0.0000
      0.0000	      0.0000	      0.0000	      0.0000
      0.0000	      0.0000	      0.0000	      0.0000
      0.0000	      0.0000	      0.0000	      0.0000
     -6.9260	     -3.7128	    -16.3471	      0.0000
     -7.1430	     -2.9065	     -8.0952	      1.5403
     -3.6241	    -10.9814	      0.0000	      0.0000
     -9.3322	     -6.9541	    -11.9510	     -1.8632
     -1.3543	      0.0000	      0.0000	      0.0000
      0.0000	      0.0000	      0.0000	      0.0000
    -20.9297	     -4.1734	    -18.0894	    -11.5576
      0.0000	      0.0000	      0.0000	      0.0000
     -2.8915	     -3.0041	      0.0000	      0.0000
      0.0000	      0.0000	      0.0000	      0.0000
      0.0000	      0.0000	      0.0000	      0.0000
      0.0000	      0.0000	      0.0000	      0.0000
      0.0000	      0.0000	      0.0000	      0.0000
      0.0000	      0.0000	      0.0000	      0.0000
      0.0000	      0.0000	      0.0000	      0.0000
      0.0000	      0.0000	      0.0000	      0.0000
      0.0000	      0.0000	      0.0000	      0.0000
      0.0000	      0.0000	      0.0000	      0.0000
      0.0000	      0.0000	      0.0000	      0.0000
      0.0000	      0.0000	      0.0000	      0.0000
      0.0000	      0.0000	      0.0000	      0.0000
      0.0000	      0.0000	      0.0000	      0.0000
      0.0000	      0.0000	      0.0000	      0.0000
      0.0000	      0.0000	      0.0000	      0.0000
      0.0000	      0.0000	      0.0000	      0.0000
     -1.8041	      5.1798	      0.0000	      0.0000
     -0.5563	     -0.9076	     -8.9105	     12.6668
      4.8506	      0.0000	      0.0000	      0.0000
     -0.5597	    -11.4835	     -1.0075	     15.6326
    -10.7573	     -9.2014	    -13.8214	     -0.0559
     -4.0173	     -1.5404	     -9.1713	      0.0000
      0.0000	      0.0000	      0.0000	      0.0000
      0.0000	      0.0000	      0.0000	      0.0000
      0.8194	      0.0000	      0.0000	      0.0000
      0.0000	    -13.9502	      0.0000	      0.0000
      0.0000	      0.0000	      0.0000	      0.0000
      0.0000	      0.0000	      0.0000	      0.0000
      0.0000	      0.0000	      0.0000	      0.0000
      0.0000	      0.0000	      0.0000	      0.0000
      0.0000	      0.0000	      0.0000	      0.0000
      0.0000	      0.0000	      0.0000	      0.0000
      0.0000	      0.0000	      0.0000	      0.0000
      0.0000	      0.0000	      0.0000	      0.0000
      0.0000	      0.0000	      0.0000	      0.0000
      0.0000	      0.0000	      0.0000	      0.0000
      0.0000	      0.0000	      0.0000	      0.0000
      0.0000	      0.0000	      0.0000	      0.0000
      0.0000	      0.0000	      0.0000	      0.0000
      0.0000	      0.0000	      0.0000	      0.0000
      0.0000	      0.0000	      0.0000	      0.0000
      0.0000	      0.0000	      0.0000	      0.0000
     -2.5175	      0.0000	      0.0000	      0.0000
      0.0000	      0.0000	      0.0000	      0.0000
      0.0000	      0.0000	      0.0000	      0.0000
    -20.1407	      0.0000	     -6.2273	      0.0000
      0.0000	      0.0000	      0.0000	      0.0000
      0.0000	      0.0000	      0.0000	      0.0000
      0.0000	      0.0000	      0.0000	      0.0000
      0.0000	      0.0000	      0.0000	      0.0000
      0.0000	      0.0000	      0.0000	      0.0000
      0.0000	      0.0000	      0.0000	      0.0000
      0.0000	      0.0000	      0.0000	      0.0000
      0.0000	      0.0000	      0.0000	      0.0000
      0.0000	      0.0000	      0.0000	      0.0000
      0.0000	      0.0000	      0.0000	      0.0000
      0.0000	      0.0000	      0.0000	      0.0000
      0.0000	      0.0000	      0.0000	      0.0000
      0.0000	      0.0000	      0.0000	      0.0000
      0.0000	      0.0000	      0.0000	      0.0000
      0.0000	      0.0000	      0.0000	      0.0000
      0.0000	      0.0000	      0.0000	      0.0000
      0.0000	      0.0000	      0.0000	      0.0000
      0.0000	      0.0000	      0.0000	      0.0000
      0.0000	      0.0000	      0.0000	      0.0000
      0.0000	      0.0000	      0.0000	      0.0000
      0.0000	      0.0000	      0.0000	      0.0000
      0.0000	      0.0000	      0.0000	      0.0000
      0.0000	      0.0000	      0.0000	      0.0000
      0.0000	      0.0000	      0.0000	      0.0000
      0.0000	      0.0000	      0.0000	      0.0000
      0.0000	      0.0000	      0.0000	      0.0000
      0.0000	      0.0000	      0.0000	      0.0000
      0.0000	      0.0000	      0.0000	      0.0000
      0.0000	      0.0000	      0.0000	      0.0000
      0.0000	      0.0000	      0.0000	      0.0000
      0.0000	      0.0000	      0.0000	      0.0000
      0.0000	      0.0000	      0.0000	      0.0000
      0.0000	      0.0000	      0.0000	      0.0000
      0.0000	      0.0000	      0.0000	      0.0000
      0.0000	      0.0000	      0.0000	      0.0000
      0.0000	      0.0000	      0.0000	      0.0000
      0.0000	      0.0000	      0.0000	      0.0000
      0.0000	      0.0000	      0.0000	      0.0000
      0.0000	      0.0000	      0.0000	      0.0000
      0.0000	      0.0000	      0.0000	      0.0000
      0.0000	      0.0000	      0.0000	      0.0000
      0.0000	      0.0000	      0.0000	      0.0000
      0.0000	      0.0000	      0.0000	      0.0000
      0.0000	      0.0000	      0.0000	      0.0000
      0.0000	      0.0000	      0.0000	      0.0000
      0.0000	      0.0000	      0.0000	      0.0000
      0.0000	      0.0000	      0.0000	      0.0000
      0.0000	      0.0000	      0.0000	      0.0000
    -20.0000	      0.0000	      0.0000	    -20.0000
      0.0000	      0.0000	      0.0000	      0.0000
      0.0000	      0.0000	      0.0000	      0.0000
      0.0000	      0.0000	      0.0000	      0.0000
      0.0000	      0.0000	      0.0000	      0.0000
      0.0000	      0.0000	      0.0000	      0.0000
      0.0000	      0.0000	      0.0000	      0.0000
      0.0000	      0.0000	      0.0000	      0.0000
      0.0000	      0.0000	      0.0000	      0.0000
      0.0000	      0.0000	      0.0000	      0.0000
      0.0000	      0.0000	      0.0000	      0.0000
      0.0000	      0.0000	      0.0000	      0.0000
      0.0000	      0.0000	      0.0000	      0.0000
      0.0000	      0.0000	      0.0000	      0.0000
      0.0000	      0.0000	      0.0000	      0.0000
      0.0000	      0.0000	      0.0000	      0.0000
      0.0000	      0.0000	      0.0000	      0.0000
      0.0000	      0.0000	      0.0000	      0.0000
      0.0000	      0.0000	      0.0000	      0.0000
      0.0000	      0.0000	      0.0000	      0.0000
      0.0000	      0.0000	      0.0000	      0.0000
      0.0000	      0.0000	      0.0000	      0.0000
      0.0000	      0.0000	      0.0000	      0.0000
      0.0000	      0.0000	      0.0000	      0.0000
      0.0000	      0.0000	      0.0000	      0.0000
      0.0000	      0.0000	      0.0000	      0.0000
      0.0000	      0.0000	      0.0000	      0.0000
      0.0000	      0.0000	      0.0000	      0.0000
      0.0000	      0.0000	      0.0000	      0.0000
      0.0000	      0.0000	      0.0000	      0.0000
      0.0000	      0.0000	      0.0000	      0.0000
      0.0000	      0.0000	      0.0000	      0.0000
      0.0000	      0.0000	      0.0000	      0.0000
      0.0000	      0.0000	      0.0000	      0.0000
      0.0000	      0.0000	      0.0000	      0.0000
      0.0000	      0.0000	      0.0000	      0.0000
      0.0000	      0.0000	      0.0000	      0.0000
      0.0000	      0.0000	      0.0000	      0.0000
      0.0000	      0.0000	      0.0000	      0.0000
      0.0000	      0.0000	      0.0000	      0.0000
      0.0000	      0.0000	      0.0000	      0.0000
      0.0000	      0.0000	      0.0000	      0.0000
      0.0000	      0.0000	      0.0000	      0.0000
      0.0000	      0.0000	      0.0000	      0.0000
      0.0000	      0.0000	      0.0000	      0.0000
      0.0000	      0.0000	      0.0000	      0.0000
      0.0000	      0.0000	      0.0000	      0.0000
      0.0000	      0.0000	      0.0000	      0.0000
      0.0000	      0.0000	      0.0000	      0.0000
      0.0000	      0.0000	      0.0000	      0.0000
      0.0000	      0.0000	      0.0000	      0.0000
    -24.5267	      0.0000	      0.0000	      0.0000
      0.0000	      0.0000	      0.0000	      0.0000
      0.0000	      0.0000	      0.0000	      0.0000
      0.0000	      0.0000	      0.0000	      0.0000
      0.0000	      0.0000	      0.0000	      0.0000
      0.0000	      0.0000	      0.0000	      0.0000
      0.0000	      0.0000	      0.0000	      0.0000
      0.0000	      0.0000	      0.0000	      0.0000
      0.0000	      0.0000	      0.0000	      0.0000
      0.0000	      0.0000	      0.0000	      0.0000
      0.0000	      0.0000	      0.0000	      0.0000
      0.0000	      0.0000	      0.0000	      0.0000
      0.0000	      0.0000	      0.0000	      0.0000
      0.0000	      0.0000	      0.0000	      0.0000
      0.0000	      0.0000	      0.0000	      0.0000
      0.0000	      0.0000	      0.0000	      0.0000
      0.0000	      0.0000	      0.0000	      0.0000
      0.0000	      0.0000	      0.0000	      0.0000
      0.0000	      0.0000	      0.0000	      0.0000
      0.0000	      0.0000	      0.0000	      0.0000
      0.0000	      0.0000	      0.0000	      0.0000
      1.0168	      0.0000	      0.0000	      0.0000
      7.0241	      0.0000	      0.0000	      0.0000
      0.0000	      0.0000	      0.0000	      0.0000
    -18.5026	    -17.0279	      0.0000	      0.0000
      0.0000	      0.0000	      0.0000	      0.0000
     -0.1066	      0.0000	      0.0000	      0.0000
      0.0000	      0.0000	      0.0000	      0.0000
      0.0000	      0.0000	      0.0000	      0.0000
      0.0000	      0.0000	      0.0000	      0.0000
      0.0000	      0.0000	      0.0000	      0.0000
      0.0000	      0.0000	      0.0000	      0.0000
      0.0000	      0.0000	      0.0000	      0.0000
      0.0000	      0.0000	      0.0000	      0.0000
      0.0000	      0.0000	      0.0000	      0.0000
      0.0000	      0.0000	      0.0000	      0.0000
      0.0000	      0.0000	      0.0000	      0.0000
      0.0000	      0.0000	      0.0000	      0.0000
      0.0000	      0.0000	      0.0000	      0.0000
      0.0000	      0.0000	      0.0000	      0.0000
      0.0000	      0.0000	      0.0000	      0.0000
      0.0000	      0.0000	      0.0000	      0.0000
      0.0000	      0.0000	      0.0000	      0.0000
      0.0000	      0.0000	      0.0000	      0.0000
      0.0000	      0.0000	      0.0000	      0.0000
      0.0000	      0.0000	      0.0000	      0.0000
      0.0000	      0.0000	      0.0000	      0.0000
      2.7615	      0.0000	      0.0000	      0.0000
      0.0000	      0.0000	      0.0000	      0.0000
      0.0000	      0.0000	      0.0000	      0.0000
     -1.1108	      0.0000	      0.0000	      0.0000
      0.0000	      0.0000	      0.0000	      0.0000
      0.0000	      0.0000	      0.0000	      0.0000
      0.0000	      0.0000	      0.0000	      0.0000
      0.0000	      0.0000	      0.0000	      0.0000
      0.0000	      0.0000	      0.0000	      0.0000
      0.0000	      0.0000	      0.0000	      0.0000
      0.0000	      0.0000	      0.0000	      0.0000
      0.0000	      0.0000	      0.0000	      0.0000
      0.0000	      0.0000	      0.0000	      0.0000
      0.0000	      0.0000	      0.0000	      0.0000
      0.0000	      0.0000	      0.0000	      0.0000
      0.0000	      0.0000	      0.0000	      0.0000
      0.0000	      0.0000	      0.0000	      0.0000
      0.0000	      0.0000	      0.0000	      0.0000
      0.0000	      0.0000	      0.0000	      0.0000
      0.0000	      0.0000	      0.0000	      0.0000
      0.0000	      0.0000	      0.0000	      0.0000
      0.0000	      0.0000	      0.0000	      0.0000
      0.0000	      0.0000	      0.0000	      0.0000
      0.0000	      0.0000	      0.0000	      0.0000
      1.7097	      0.0000	      0.0000	      0.0000
      0.0000	      0.0000	      0.0000	      0.0000
      0.0000	      0.0000	      0.0000	      0.0000
      0.0000	      0.0000	      0.0000	      0.0000
      0.0000	      0.0000	      0.0000	      0.0000
      0.0000	      0.0000	      0.0000	      0.0000
      0.0000	      0.0000	      0.0000	      0.0000
      0.0000	      0.0000	      0.0000	      0.0000
      0.0000	      0.0000	      0.0000	      0.0000
      0.0000	      0.0000	      0.0000	      0.0000
      0.0000	      0.0000	      0.0000	      0.0000
      0.0000	      0.0000	      0.0000	      0.0000
      0.0000	      0.0000	      0.0000	      0.0000
      0.0000	      0.0000	      0.0000	      0.0000
      0.0000	      0.0000	      0.0000	      0.0000
      0.0000	      0.0000	      0.0000	      0.0000
      0.0000	      0.0000	      0.0000	      0.0000
      0.0000	      0.0000	      0.0000	      0.0000
      0.0000	      0.0000	      0.0000	      0.0000
      0.0000	      0.0000	      0.0000	      0.0000
      0.0000	      0.0000	      0.0000	      0.0000
      0.0000	      0.0000	      0.0000	      0.0000
      0.0000	      0.0000	      0.0000	      0.0000
      0.0000	      0.0000	      0.0000	      0.0000
      0.0000	      0.0000	      0.0000	      0.0000
      0.0000	      0.0000	      0.0000	      0.0000
     -0.8394	    -13.0806	     -2.5165	      0.0000
      0.0000	      0.0000	      0.0000	      0.0000
      2.1880	      0.0000	      0.0000	      0.0000
      0.0000	      0.0000	      0.0000	      0.0000
     -0.5661	      0.0000	      0.0000	      0.0000
      0.0000	      0.0000	      0.0000	      0.0000
      0.0000	      0.0000	      0.0000	      0.0000
     -1.0921	      0.0000	      0.0000	      0.0000
      0.0000	      0.0000	      0.0000	      0.0000
      0.0000	      0.0000	      0.0000	      0.0000
      0.0000	      0.0000	      0.0000	      0.0000
      0.0000	      0.0000	      0.0000	      0.0000
      0.0000	      0.0000	      0.0000	      0.0000
      0.0000	      0.0000	      0.0000	      0.0000
      0.0000	      0.0000	      0.0000	      0.0000
      0.0000	      0.0000	      0.0000	      0.0000
      0.0000	      0.0000	      0.0000	      0.0000
      0.0000	      0.0000	      0.0000	      0.0000
      0.0000	      0.0000	      0.0000	      0.0000
      0.0000	      0.0000	      0.0000	      0.0000
      0.0000	      0.0000	      0.0000	      0.0000
      0.0000	      0.0000	      0.0000	      0.0000
      0.0000	      0.0000	      0.0000	      0.0000
      0.0000	      0.0000	      0.0000	      0.0000
      0.0000	      0.0000	      0.0000	      0.0000
      0.0000	      0.0000	      0.0000	      0.0000
      0.0000	      0.0000	      0.0000	      0.0000
      0.0000	      0.0000	      0.0000	      0.0000
      0.0000	      0.0000	      0.0000	      0.0000
      0.0000	      0.0000	      0.0000	      0.0000
      0.0000	      0.0000	      0.0000	      0.0000
      0.0000	      0.0000	      0.0000	      0.0000
      0.0000	      0.0000	      0.0000	      0.0000
      0.0000	      0.0000	      0.0000	      0.0000
      0.0000	      0.0000	      0.0000	      0.0000
      0.0000	      0.0000	      0.0000	      0.0000
      0.0000	      0.0000	      0.0000	      0.0000
      0.0000	      0.0000	      0.0000	      0.0000
      0.0000	      0.0000	      0.0000	      0.0000
      0.0000	      0.0000	      0.0000	      0.0000
      0.0000	      0.0000	      0.0000	      0.0000
      0.0000	      0.0000	      0.0000	      0.0000
      0.0000	      0.0000	      0.0000	      0.0000
      0.0000	      0.0000	      0.0000	      0.0000
      0.0000	      0.0000	      0.0000	      0.0000
      0.0000	      0.0000	      0.0000	      0.0000
      0.0000	      0.0000	      0.0000	      0.0000
      0.0000	      0.0000	      0.0000	      0.0000
      0.0000	      0.0000	      0.0000	      0.0000
      0.0000	      0.0000	      0.0000	      0.0000
      0.0000	      0.0000	      0.0000	      0.0000
      0.0000	      0.0000	      0.0000	      0.0000
      0.0000	      0.0000	      0.0000	      0.0000
      0.0000	      0.0000	      0.0000	      0.0000
      0.0000	      0.0000	      0.0000	      0.0000
      0.0000	      0.0000	      0.0000	      0.0000
      0.0000	      0.0000	      0.0000	      0.0000
      0.0000	      0.0000	      0.0000	      0.0000
      0.0000	      0.0000	      0.0000	      0.0000
      0.0000	      0.0000	      0.0000	      0.0000
      0.0000	      0.0000	      0.0000	      0.0000
      0.0000	      0.0000	      0.0000	      0.0000
      0.0000	      0.0000	      0.0000	      0.0000
      0.0000	      0.0000	      0.0000	      0.0000
      0.0000	      0.0000	      0.0000	      0.0000
      0.0000	      0.0000	      0.0000	      0.0000
      0.0000	      0.0000	      0.0000	      0.0000
      0.0000	      0.0000	      0.0000	      0.0000
      0.0000	      0.0000	      0.0000	      0.0000
      0.0000	      0.0000	      0.0000	      0.0000
      0.0000	      0.0000	      0.0000	      0.0000
      0.0000	      0.0000	      0.0000	      0.0000
      0.0000	      0.0000	      0.0000	      0.0000
      0.0000	      0.0000	      0.0000	      0.0000
      0.0000	      0.0000	      0.0000	      0.0000
      0.0000	      0.0000	      0.0000	      0.0000
      0.0000	      0.0000	      0.0000	      0.0000
    -20.3633	      0.0000	      0.0000	    -20.0000
      0.0000	      0.0000	      0.0000	      0.0000
      0.0000	      0.0000	      0.0000	      0.0000
      0.0000	      0.0000	      0.0000	      0.0000
      0.0000	      0.0000	      0.0000	      0.0000
      0.0000	      0.0000	      0.0000	      0.0000
      0.0000	      0.0000	      0.0000	      0.0000
      0.0000	      0.0000	      0.0000	      0.0000
      0.0000	      0.0000	      0.0000	      0.0000
      0.0000	      0.0000	      0.0000	      0.0000
      0.0000	      0.0000	      0.0000	      0.0000
      0.0000	      0.0000	      0.0000	      0.0000
      0.0000	      0.0000	      0.0000	      0.0000
      0.0000	      0.0000	      0.0000	      0.0000
      0.0000	      0.0000	      0.0000	      0.0000
      0.0000	      0.0000	      0.0000	      0.0000
      0.0000	      0.0000	      0.0000	      0.0000
      0.0000	      0.0000	      0.0000	      0.0000
      0.0000	      0.0000	      0.0000	      0.0000
      0.0000	      0.0000	      0.0000	      0.0000
      0.0000	      0.0000	      0.0000	      0.0000
      0.0000	      0.0000	      0.0000	      0.0000
      0.0000	      0.0000	      0.0000	      0.0000
    -19.4183	      0.0000	      0.0000	      0.0000
      0.0000	      0.0000	      0.0000	      0.0000
      0.0000	      0.0000	      0.0000	      0.0000
    -20.0000	      0.0000	      0.0000	      0.0000
      0.0000	      0.0000	      0.0000	      0.0000
      0.0000	      0.0000	      0.0000	      0.0000
      0.0000	      0.0000	      0.0000	      0.0000
      0.0000	      0.0000	      0.0000	      0.0000
      0.0000	      0.0000	      0.0000	      0.0000
      0.0000	      0.0000	      0.0000	      0.0000
      0.0000	      0.0000	      0.0000	      0.0000
      0.0000	      0.0000	      0.0000	      0.0000
      0.0000	      0.0000	      0.0000	      0.0000
      0.0000	      0.0000	      0.0000	      0.0000
      0.0000	      0.0000	      0.0000	      0.0000
      0.0000	      0.0000	      0.0000	      0.0000
      0.0000	      0.0000	      0.0000	      0.0000
      0.0000	      0.0000	      0.0000	      0.0000
      0.0000	      0.0000	      0.0000	      0.0000
      0.0000	      0.0000	      0.0000	      0.0000
      0.0000	      0.0000	      0.0000	      0.0000
      0.0000	      0.0000	      0.0000	      0.0000
      0.0000	      0.0000	      0.0000	      0.0000
      0.0000	      0.0000	      0.0000	      0.0000
      0.0000	      0.0000	      0.0000	      0.0316
    -18.1883	      0.0000	      0.0000	      0.0000
      0.0000	      0.0000	      0.0000	      0.0000
      0.0000	      0.0000	      0.0000	      0.0000
      0.0000	      0.0000	      0.0000	      0.0000
      0.0000	      0.0000	      0.0000	      0.0000
      0.0000	      0.0000	      0.0000	      0.0000
      0.0000	      0.0000	      0.0000	      0.0000
      0.0000	      0.0000	      0.0000	      0.0000
      0.0000	      0.0000	      0.0000	      0.0000
      0.0000	      0.0000	      0.0000	      0.0000
      0.0000	      0.0000	      0.0000	      0.0000
      0.0000	      0.0000	      0.0000	      0.0000
      0.0000	      0.0000	      0.0000	      0.0000
      0.0000	      0.0000	      0.0000	      0.0000
      0.0000	      0.0000	      0.0000	      0.0000
      0.0000	      0.0000	      0.0000	      0.0000
      0.0000	      0.0000	      0.0000	      0.0000
      0.0000	      0.0000	      0.0000	      0.0000
      0.0000	      0.0000	      0.0000	      0.0000
      0.0000	      0.0000	      0.0000	      0.0000
      0.0000	      0.0000	      0.0000	      0.0000
      0.0000	      0.0000	      0.0000	      0.0000
      0.0000	      0.0000	      0.0000	      0.0000
      0.0000	      0.0000	      0.0000	      0.0000
    -18.8731	     -0.9408	     -6.3492	      0.0000
    -34.6541	    -38.7796	    -32.1375	    -26.5221
    -15.6562	    -25.8865	      0.7559	    -42.0596
    -20.3632	    -18.3564	    -21.8180	      7.1905
    -20.0000	      1.8211	      0.0000	      0.0000
      3.5998	      0.0000	      0.0000	      0.0000
      0.0000	      0.0000	      0.0000	      0.0000
      0.0000	      0.0000	      0.0000	      0.0000
      0.0000	      0.0000	      0.0000	      0.0000
    -20.1942	      0.0000	      0.0000	      0.0000
      0.0000	      0.0000	      0.0000	      0.0000
      0.0000	      0.0000	      0.0000	      0.0000
      0.0000	      0.0000	      0.0000	      0.0000
      0.0000	      0.0000	      0.0000	      0.0000
      0.0000	      0.0000	      0.0000	      0.0000
      0.0000	      0.0000	      0.0000	      0.0000
      0.0000	      0.0000	      0.0000	      0.0000
      0.0000	      0.0000	      0.0000	      0.0000
      0.0000	      0.0000	      0.0000	      0.0000
      0.0000	      0.0000	      0.0000	      0.0000
      0.0000	      0.0000	      0.0000	      0.0000
      0.0000	      0.0000	      0.0000	      0.0000
      0.0000	      0.0000	      0.0000	      0.0000
      0.0000	      0.0000	      0.0000	      0.0000
      0.0000	      0.0000	      0.0000	      0.0000
      0.0000	      0.0000	      0.0000	      0.0000
      8.2236	      0.0000	      0.0000	      0.0000
    -15.3045	     -8.5512	      8.6516	      0.0000
    -19.9107	      0.0000	      0.0000	      0.0000
      0.0000	      0.0000	      0.0000	      0.0000
      0.0000	      0.0000	      0.0000	      0.0000
      0.0000	      0.0000	      0.0000	      0.0000
      0.0000	      0.0000	      0.0000	      0.0000
      0.0000	      0.0000	      0.0000	      0.0000
      0.0000	      0.0000	      0.0000	      0.0000
      0.0000	      0.0000	      0.0000	      0.0000
      0.0000	      0.0000	      0.0000	      0.0000
      0.0000	      0.0000	      0.0000	      0.0000
      0.0000	      0.0000	      0.0000	      0.0000
      0.0000	      0.0000	      0.0000	      0.0000
      0.0000	      0.0000	      0.0000	      0.0000
      0.0000	      0.0000	      0.0000	      0.0000
      0.0000	      0.0000	      0.0000	      0.0000
      0.0000	      0.0000	      0.0000	      0.0000
      0.0000	      0.0000	      0.0000	      0.0000
      0.0000	      0.0000	      0.0000	      0.0000
      0.0000	      0.0000	      0.0000	      0.0000
      0.0000	      0.0000	      0.0000	      0.0000
      0.0000	      0.0000	      0.0000	      0.0000
      0.0000	      0.0000	      0.0000	      0.0000
     -0.5183	      0.0000	      0.0000	      0.0000
      0.0000	      0.0000	      0.0000	      0.0000
      3.0269	      0.0000	      0.0000	      0.0000
      0.0000	      0.0000	      0.0000	      0.0000
      0.0000	      0.0000	      0.0000	      0.0000
      0.0000	      0.0000	      0.0000	      0.0000
      0.0000	      0.0000	      0.0000	      0.0000
      0.0000	      0.0000	      0.0000	      0.0000
      0.0000	      0.0000	      0.0000	      0.0000
      0.0000	      0.0000	      0.0000	      0.0000
      0.0000	      0.0000	      0.0000	      0.0000
      0.0000	      0.0000	      0.0000	      0.0000
      0.0000	      0.0000	      0.0000	      0.0000
      0.0000	      0.0000	      0.0000	      0.0000
      0.0000	      0.0000	      0.0000	      0.0000
      0.0000	      0.0000	      0.0000	      0.0000
      0.0000	      0.0000	      0.0000	      0.0000
      0.0000	      0.0000	      0.0000	      0.0000
      0.0000	      0.0000	      0.0000	      0.0000
      0.0000	      0.0000	      0.0000	      0.0000
      0.0000	      0.0000	      0.0000	      0.0000
      0.0000	      0.0000	      0.0000	      0.0000
      0.0000	      0.0000	      0.0000	      0.0000
      0.0000	      0.0000	      0.0000	      0.0000
      0.0000	      0.0000	      0.0000	      0.0000
      0.6307	      0.0000	      0.0000	      0.0000
     -1.7780	      4.7066	      0.0000	      0.0000
     26.4238	      0.0000	      0.0000	      0.0000
     16.2026	      0.0000	      0.0000	      0.0000
      6.1996	      0.0000	      0.0000	      0.0000
      9.6421	      0.0000	      0.0000	      0.0000
      0.0000	      0.0000	      0.0000	      0.0000
      0.0000	      0.0000	      0.0000	      0.0000
      0.0000	      0.0000	      0.0000	      0.0000
      0.0000	      0.0000	      0.0000	      0.0000
      0.0000	      0.0000	      0.0000	      0.0000
      0.0000	      0.0000	      0.0000	      0.0000
      0.0000	      0.0000	      0.0000	      0.0000
      0.0000	      0.0000	      0.0000	      0.0000
      0.0000	      0.0000	      0.0000	      0.0000
      0.0000	      0.0000	      0.0000	      0.0000
      0.0000	      0.0000	      0.0000	      0.0000
      0.0000	      0.0000	      0.0000	      0.0000
      0.0000	      0.0000	      0.0000	      0.0000
      0.0000	      0.0000	      0.0000	      0.0000
      0.0000	      0.0000	      0.0000	      0.0000
      0.0000	      0.0000	      0.0000	      0.0000
      0.0000	      0.0000	      0.0000	      0.0000
      0.0000	      0.0000	      0.0000	      0.0000
      0.0000	      0.0000	      0.0000	      0.0000
      0.0000	      0.0000	      0.0000	      0.0000
      1.4323	      0.0000	      0.0000	      0.0000
      9.2014	      0.0000	      0.0000	      0.0000
      0.0000	      0.0000	      0.0000	      0.0000
     -2.5265	      0.0000	      0.0000	     -5.8628
      0.0000	      0.0000	      0.0000	      0.0000
      0.0000	      0.0000	      0.0000	      0.0000
      0.0000	      0.0000	      0.0000	      0.0000
      0.0000	      0.0000	      0.0000	      0.0000
      0.0000	      0.0000	      0.0000	      0.0000
      0.0000	      0.0000	      0.0000	      0.0000
      0.0000	      0.0000	      0.0000	      0.0000
      0.0000	      0.0000	      0.0000	      0.0000
      0.0000	      0.0000	      0.0000	      0.0000
      0.0000	      0.0000	      0.0000	      0.0000
      0.0000	      0.0000	      0.0000	      0.0000
      0.0000	      0.0000	      0.0000	      0.0000
      0.0000	      0.0000	      0.0000	      0.0000
      0.0000	      0.0000	      0.0000	      0.0000
      0.0000	      0.0000	      0.0000	      0.0000
      0.0000	      0.0000	      0.0000	      0.0000
      0.0000	      0.0000	      0.0000	      0.0000
      0.0000	      0.0000	      0.0000	      0.0000
      0.0000	      0.0000	      0.0000	      0.0000
      0.0000	      0.0000	      0.0000	      0.0000
      0.0000	      0.0000	      0.0000	      0.0000
      0.0000	      0.0000	      0.0000	      0.0000
      0.0000	      0.0000	      0.0000	      0.0000
      0.0000	      0.0000	      0.0000	      0.0000
      0.0000	      0.0000	      0.0000	      0.0000
      0.0000	      0.0000	      0.0000	      0.0000
      0.0000	      0.0000	      0.0000	      0.0000
      0.0000	      0.0000	      0.0000	      0.0000
      0.0000	      0.0000	      0.0000	      0.0000
      0.0000	      0.0000	      0.0000	      0.0000
      0.0000	      0.0000	      0.0000	      0.0000
      0.0000	      0.0000	      0.0000	      0.0000
      0.0000	      0.0000	      0.0000	      0.0000
      0.0000	      0.0000	      0.0000	      0.0000
      0.0000	      0.0000	      0.0000	      0.0000
      0.0000	      0.0000	      0.0000	      0.0000
      0.0000	      0.0000	      0.0000	      0.0000
      0.0000	      0.0000	      0.0000	      0.0000
      0.0000	      0.0000	      0.0000	      0.0000
      0.0000	      0.0000	      0.0000	      0.0000
      0.0000	      0.0000	      0.0000	      0.0000
      0.0000	      0.0000	      0.0000	      0.0000
      0.0000	      0.0000	      0.0000	      0.0000
      0.0000	      0.0000	      0.0000	      0.0000
      0.0000	      0.0000	      0.0000	      0.0000
      0.0000	      0.0000	      0.0000	      0.0000
      0.0000	      0.0000	      0.0000	      0.0000
      0.0000	      0.0000	      0.0000	      0.0000
    -16.3153	      0.0000	      0.0000	      0.0000
      0.0000	      0.0000	      0.0000	      0.0000
      0.0000	      0.0000	      0.0000	      0.0000
      0.0000	      0.0000	      0.0000	      0.0000
      0.0000	      0.0000	      0.0000	      0.0000
      0.0000	      0.0000	      0.0000	      0.0000
      0.0000	      0.0000	      0.0000	      0.0000
      0.0000	      0.0000	      0.0000	      0.0000
      0.0000	      0.0000	      0.0000	      0.0000
      0.0000	      0.0000	      0.0000	      0.0000
      0.0000	      0.0000	      0.0000	      0.0000
      0.0000	      0.0000	      0.0000	      0.0000
      0.0000	      0.0000	      0.0000	      0.0000
      0.0000	      0.0000	      0.0000	      0.0000
      0.0000	      0.0000	      0.0000	      0.0000
      0.0000	      0.0000	      0.0000	      0.0000
      0.0000	      0.0000	      0.0000	      0.0000
      0.0000	      0.0000	      0.0000	      0.0000
      0.0000	      0.0000	      0.0000	      0.0000
      0.0000	      0.0000	      0.0000	      0.0000
      0.0000	      0.0000	      0.0000	      0.0000
      0.0000	      0.0000	      0.0000	      0.0000
      0.0000	      0.0000	      0.0000	      0.0000
      0.0000	      0.0000	      0.0000	      0.0000
      0.0000	      0.0000	      0.0000	      0.0000
      0.0000	      0.0000	      0.0000	      0.0000
      0.0000	      0.0000	      0.0000	      0.0000
      0.0000	      0.0000	      0.0000	      0.0000
      0.0000	      0.0000	      0.0000	      0.0000
      0.0000	      0.0000	      0.0000	      0.0000
      0.0000	      0.0000	      0.0000	      0.0000
      0.0000	      0.0000	      0.0000	      0.0000
      0.0000	      0.0000	      0.0000	      0.0000
      0.0000	      0.0000	      0.0000	      0.0000
      0.0000	      0.0000	      0.0000	      0.0000
      0.0000	      0.0000	      0.0000	      0.0000
      0.0000	      0.0000	      0.0000	      0.0000
      0.0000	      0.0000	      0.0000	      0.0000
      0.0000	      0.0000	      0.0000	      0.0000
      0.0000	      0.0000	      0.0000	      0.0000
      0.0000	      0.0000	      0.0000	      0.0000
      0.0000	      0.0000	      0.0000	      0.0000
      0.0000	      0.0000	      0.0000	      0.0000
      0.0000	      0.0000	      0.0000	      0.0000
      0.0000	      0.0000	      0.0000	      0.0000
      0.0000	      0.0000	      0.0000	      0.0000
      0.0000	      0.0000	      0.0000	      0.0000
      0.0000	      0.0000	      0.0000	      0.0000
      1.1495	      0.0000	      0.0000	      0.0000
      0.0000	      0.0000	      0.0000	      0.0000
      0.0000	      0.0000	      0.0000	      0.0000
      0.0000	      0.0000	      0.0000	      0.0000
      0.0000	      0.0000	      0.0000	      0.0000
      0.0000	      0.0000	      0.0000	      0.0000
      0.0000	      0.0000	      0.0000	      0.0000
      0.0000	      0.0000	      0.0000	      0.0000
      0.0000	      0.0000	      0.0000	      0.0000
      0.0000	      0.0000	      0.0000	      0.0000
      0.0000	      0.0000	      0.0000	      0.0000
      0.0000	      0.0000	      0.0000	      0.0000
      0.0000	      0.0000	      0.0000	      0.0000
      0.0000	      0.0000	      0.0000	      0.0000
      0.0000	      0.0000	      0.0000	      0.0000
      0.0000	      0.0000	      0.0000	      0.0000
      0.0000	      0.0000	      0.0000	      0.0000
      0.0000	      0.0000	      0.0000	      0.0000
      0.0000	      0.0000	      0.0000	      0.0000
      0.0000	      0.0000	      0.0000	      0.0000
      0.0000	      0.0000	      0.0000	      0.0000
      0.0000	      0.0000	      0.0000	      0.0000
      0.0000	      0.0000	      0.0000	      0.0000
      0.0000	      0.0000	      0.0000	      0.0000
      3.7008	      0.0000	      0.0000	      0.0000
      0.0000	      0.0000	      0.0000	      0.0000
      2.5067	      0.0000	      0.0000	      0.0000
    -14.6889	      0.0000	      0.0000	      0.0000
      0.0000	      0.0000	      0.0000	      0.0000
      0.0000	      0.0000	      0.0000	    -13.9444
      0.0000	      0.0000	      0.0000	      0.0000
      0.0000	      0.0000	      0.0000	      0.0000
      0.0000	      0.0000	      0.0000	      0.0000
      0.0000	      0.0000	      0.0000	      0.0000
      0.0000	      0.0000	      0.0000	      0.0000
      0.0000	      0.0000	      0.0000	      0.0000
      0.0000	      0.0000	      0.0000	      0.0000
      0.0000	      0.0000	      0.0000	      0.0000
      0.0000	      0.0000	      0.0000	      0.0000
      0.0000	      0.0000	      0.0000	      0.0000
      0.0000	      0.0000	      0.0000	      0.0000
      0.0000	      0.0000	      0.0000	      0.0000
      0.0000	      0.0000	      0.0000	      0.0000
      0.0000	      0.0000	      0.0000	      0.0000
      0.0000	      0.0000	      0.0000	      0.0000
      0.0000	      0.0000	      0.0000	      0.0000
      0.0000	      0.0000	      0.0000	      0.0000
      0.0000	      0.0000	      0.0000	      0.0000
      0.0000	      0.0000	      0.0000	      0.0000
      0.0000	      0.0000	      0.0000	      0.0000
    -20.0000	      0.0000	      0.0000	      0.0000
      0.0000	      0.0000	      0.0000	      0.0000
      0.0000	      0.0000	      0.0000	      0.0000
      0.0000	      0.0000	      0.0000	      0.0000
      0.0000	      0.0000	      0.0000	      0.0000
      0.0000	      0.0000	      0.0000	      0.0000
      0.0000	      0.0000	      0.0000	      0.0000
      0.0000	      0.0000	      0.0000	      0.0000
      0.0000	      0.0000	      0.0000	      0.0000
      0.0000	      0.0000	      0.0000	      0.0000
      0.0000	      0.0000	      0.0000	      0.0000
      0.0000	      0.0000	      0.0000	      0.0000
      0.0000	      0.0000	      0.0000	      0.0000
      0.0000	      0.0000	      0.0000	      0.0000
      0.0000	      0.0000	      0.0000	      0.0000
      0.0000	      0.0000	      0.0000	      0.0000
      0.0000	      0.0000	      0.0000	      0.0000
      0.0000	      0.0000	      0.0000	      0.0000
      0.0000	      0.0000	      0.0000	      0.0000
      0.0000	      0.0000	      0.0000	      0.0000
      0.0000	      0.0000	      0.0000	      0.0000
      0.0000	      0.0000	      0.0000	      0.0000
      0.0000	      0.0000	      0.0000	      0.0000
      0.0000	      0.0000	      0.0000	      0.0000
      0.0000	      0.0000	      0.0000	      0.0000
      0.0000	      0.0000	      0.0000	      0.0000
      0.0000	      0.0000	      0.0000	      0.0000
      1.4520	      0.0000	      0.0000	      0.0000
      0.0000	      0.0000	      0.0000	      0.0000
      0.0000	      0.0000	      0.0000	      0.0000
      0.0000	      0.0000	      0.0000	      0.0000
      0.0000	      0.0000	      0.0000	      0.0000
      0.0000	      0.0000	      0.0000	      0.0000
      0.0000	      0.0000	      0.0000	      0.0000
      0.0000	      0.0000	      0.0000	      0.0000
      0.0000	      0.0000	      0.0000	      0.0000
      0.0000	      0.0000	      0.0000	      0.0000
      0.0000	      0.0000	      0.0000	      0.0000
      0.0000	      0.0000	      0.0000	      0.0000
      0.0000	      0.0000	      0.0000	      0.0000
      0.0000	      0.0000	      0.0000	      0.0000
      0.0000	      0.0000	      0.0000	      0.0000
      0.0000	      0.0000	      0.0000	      0.0000
      0.0000	      0.0000	      0.0000	      0.0000
      0.0000	      0.0000	      0.0000	      0.0000
      0.0000	      0.0000	      0.0000	      0.0000
      0.0000	      0.0000	      0.0000	      0.0000
      0.0000	      0.0000	      0.0000	      0.0000
      0.0000	      0.0000	      0.0000	      0.0000
      0.0000	      0.0000	      0.0000	      0.0000
      6.8841	     -0.1272	      0.0000	      0.0000
      0.0000	      0.0000	      0.0000	      0.0000
     -1.1146	     -1.1621	     -2.6486	      3.7160
     -1.1630	      0.0000	      0.0000	      0.0000
      0.0000	      0.0000	      0.0000	      0.0000
      0.0000	      0.0000	      0.0000	      0.0000
      0.0000	      0.0000	      0.0000	      0.0000
      0.0000	      0.0000	      0.0000	      0.0000
      0.0000	      0.0000	      0.0000	      0.0000
      0.0000	      0.0000	      0.0000	      0.0000
      0.0000	      0.0000	      0.0000	      0.0000
      0.0000	      0.0000	      0.0000	      0.0000
      0.0000	      0.0000	      0.0000	      0.0000
      0.0000	      0.0000	      0.0000	      0.0000
      0.0000	      0.0000	      0.0000	      0.0000
      0.0000	      0.0000	      0.0000	      0.0000
      0.0000	      0.0000	      0.0000	      0.0000
      0.0000	      0.0000	      0.0000	      0.0000
      0.0000	      0.0000	      0.0000	      0.0000
      0.0000	      0.0000	      0.0000	      0.0000
      0.0000	      0.0000	      0.0000	      0.0000
      0.0000	      0.0000	      0.0000	      0.0000
      0.0000	      0.0000	      0.0000	      0.0000
      0.0000	      0.0000	      0.0000	      0.0000
      0.0000	      0.0000	      0.0000	      0.0000
      0.0000	      0.0000	      0.0000	      0.0000
      0.0000	      0.0000	      0.0000	      0.0000
      0.0000	      0.0000	      0.0000	      0.0000
      0.0000	      0.0000	      0.0000	      0.0000
      0.0000	      0.0000	      0.0000	      0.0000
      0.0000	      0.0000	      0.0000	      0.0000
      0.0000	      0.0000	      0.0000	      0.0000
      0.0000	      0.0000	      0.0000	      0.0000
      0.0000	      0.0000	      0.0000	      0.0000
      0.0000	      0.0000	      0.0000	      0.0000
      0.0000	      0.0000	      0.0000	      0.0000
      0.0000	      0.0000	      0.0000	      0.0000
      0.0000	      0.0000	      0.0000	      0.0000
      0.0000	      0.0000	      0.0000	      0.0000
      0.0000	      0.0000	      0.0000	      0.0000
      0.0000	      0.0000	      0.0000	      0.0000
      0.0000	      0.0000	      0.0000	      0.0000
      0.0000	      0.0000	      0.0000	      0.0000
      0.0000	      0.0000	      0.0000	      0.0000
      0.0000	      0.0000	      0.0000	      0.0000
      0.0000	      0.0000	      0.0000	      0.0000
      0.0000	      0.0000	      0.0000	      0.0000
      0.0000	      0.0000	      0.0000	      0.0000
      0.0000	      0.0000	      0.0000	      0.0000
      0.0000	      0.0000	      0.0000	      0.0000
      0.0000	      0.0000	      0.0000	      0.0000
      0.0000	      0.0000	      0.0000	      0.0000
      0.0000	      0.0000	      0.0000	      0.0000
      0.0000	      0.0000	      0.0000	      0.0000
      0.0000	      0.0000	      0.0000	      0.0000
      0.0000	      0.0000	      0.0000	      0.0000
      0.0000	      0.0000	      0.0000	      0.0000
      0.0000	      0.0000	      0.0000	      0.0000
      0.0000	      0.0000	      0.0000	      0.0000
      0.0000	      0.0000	      0.0000	      0.0000
      0.0000	      0.0000	      0.0000	      0.0000
      0.0000	      0.0000	      0.0000	      0.0000
      0.0000	      0.0000	      0.0000	      0.0000
      0.0000	      0.0000	      0.0000	      0.0000
      0.0000	      0.0000	      0.0000	      0.0000
      0.0000	      0.0000	      0.0000	      0.0000
      0.0000	      0.0000	      0.0000	      0.0000
      0.0000	      0.0000	      0.0000	      0.0000
      0.0000	      0.0000	      0.0000	      0.0000
      0.0000	      0.0000	      0.0000	      0.0000
      0.0000	      0.0000	      0.0000	      0.0000
      0.0000	      0.0000	      0.0000	      0.0000
      0.0000	      0.0000	      0.0000	      0.0000
      0.0000	      0.0000	      0.0000	      0.0000
      0.0000	      0.0000	      0.0000	      0.0000
      0.0000	      0.0000	      0.0000	      0.0000
      0.0000	      0.0000	      0.0000	      0.0000
      0.0000	      0.0000	      0.0000	      0.0000
      0.0000	      0.0000	      0.0000	      0.0000
      0.0000	      0.0000	      0.0000	      0.0000
      0.0000	      0.0000	      0.0000	      0.0000
      0.0000	      0.0000	      0.0000	      0.0000
      0.0000	      0.0000	      0.0000	      0.0000
      0.0000	      0.0000	      0.0000	      0.0000
      0.0000	      0.0000	      0.0000	      0.0000
      0.0000	      0.0000	      0.0000	      0.0000
      0.0000	      0.0000	      0.0000	      0.0000
      0.0000	      0.0000	      0.0000	      0.0000
      0.0000	      0.0000	      0.0000	      0.0000
      0.0000	      0.0000	      0.0000	      0.0000
      0.0000	      0.0000	      0.0000	      0.0000
      0.0000	      0.0000	      0.0000	      0.0000
      0.0000	      0.0000	      0.0000	      0.0000
      0.0000	      0.0000	      0.0000	      0.0000
      0.0000	      0.0000	      0.0000	      0.0000
      0.0000	      0.0000	      0.0000	      0.0000
      0.0000	      0.0000	      0.0000	      0.0000
      0.0000	      0.0000	      0.0000	      0.0000
      0.0000	      0.0000	      0.0000	      0.0000
      0.0000	      0.0000	      0.0000	      0.0000
      0.0000	      0.0000	      0.0000	      0.0000
      0.0000	      0.0000	      0.0000	      0.0000
      0.0000	      0.0000	      0.0000	      0.0000
      0.0000	      0.0000	      0.0000	      0.0000
      0.0000	      0.0000	      0.0000	      0.0000
      0.0000	      0.0000	      0.0000	      0.0000
      0.0000	      0.0000	      0.0000	      0.0000
      0.0000	      0.0000	      0.0000	      0.0000
      0.0000	      0.0000	      0.0000	      0.0000
      0.0000	      0.0000	      0.0000	      0.0000
      0.0000	      0.0000	      0.0000	      0.0000
      0.0000	      0.0000	      0.0000	      0.0000
      0.0000	      0.0000	      0.0000	      0.0000
      0.0000	      0.0000	      0.0000	      0.0000
      0.0000	      0.0000	      0.0000	      0.0000
      0.0000	      0.0000	      0.0000	      0.0000
      0.0000	      0.0000	      0.0000	      0.0000
      0.0000	      0.0000	      0.0000	      0.0000
      0.0000	      0.0000	      0.0000	      0.0000
      0.0000	      0.0000	      0.0000	      0.0000
      0.0000	      0.0000	      0.0000	      0.0000
      0.0000	      0.0000	      0.0000	      0.0000
      0.0000	      0.0000	      0.0000	      0.0000
      0.0000	      0.0000	      0.0000	      0.0000
      0.0000	      0.0000	    -20.0000	      0.0000
      0.0000	      0.0000	      0.0000	      0.0000
      0.0000	      0.0000	      0.0000	      0.0000
      0.0000	      0.0000	      0.0000	      0.0000
      0.0000	      0.0000	      0.0000	      0.0000
      0.0000	      0.0000	      0.0000	      0.0000
      0.0000	      0.0000	      0.0000	      0.0000
      0.0000	      0.0000	      0.0000	      0.0000
      0.0000	      0.0000	      0.0000	      0.0000
      0.0000	      0.0000	      0.0000	      0.0000
      0.0000	      0.0000	      0.0000	      0.0000
      0.0000	      0.0000	      0.0000	      0.0000
      0.0000	      0.0000	      0.0000	      0.0000
      0.0000	      0.0000	      0.0000	      0.0000
      0.0000	      0.0000	      0.0000	      0.0000
      0.0000	      0.0000	      0.0000	      0.0000
      0.0000	      0.0000	      0.0000	      0.0000
      0.0000	      0.0000	      0.0000	      0.0000
      0.0000	      0.0000	      0.0000	      0.0000
      0.0000	      0.0000	      0.0000	      0.0000
      0.0000	      0.0000	      0.0000	      0.0000
      0.0000	      0.0000	      0.0000	      0.0000
      0.0000	      0.0000	      0.0000	      0.0000
      0.0000	      0.0000	      0.0000	      0.0000
      0.0000	      0.0000	      0.0000	      0.0000
      0.6223	      0.0000	      0.0000	      0.0000
     13.8412	      0.0000	      0.0000	      0.0000
      0.0000	      0.0000	      0.0000	      0.0000
      8.5452	      0.0000	      0.0000	      0.0000
      0.0000	      0.0000	      0.0000	      0.0000
      0.0000	      0.0000	      0.0000	      0.0000
      0.0000	      0.0000	      0.0000	      0.0000
      0.0000	      0.0000	      0.0000	      0.0000
      0.0000	      0.0000	      0.0000	      0.0000
      0.0000	      0.0000	      0.0000	      0.0000
      0.0000	      0.0000	      0.0000	      0.0000
      0.0000	      0.0000	      0.0000	      0.0000
      0.0000	      0.0000	      0.0000	      0.0000
      0.0000	      0.0000	      0.0000	      0.0000
      0.0000	      0.0000	      0.0000	      0.0000
      0.0000	      0.0000	      0.0000	      0.0000
      0.0000	      0.0000	      0.0000	      0.0000
      0.0000	      0.0000	      0.0000	      0.0000
      0.0000	      0.0000	      0.0000	      0.0000
      0.0000	      0.0000	      0.0000	      0.0000
      0.0000	      0.0000	      0.0000	      0.0000
      0.0000	      0.0000	      0.0000	      0.0000
      0.0000	      0.0000	      0.0000	      0.0000
      0.0000	      0.0000	      0.0000	      0.0000
      0.0000	      0.0000	      0.0000	      0.0000
      0.0000	      0.0000	      0.0000	      0.0000
      1.9126	      0.0000	      0.0000	      0.0000
      0.0000	      0.0000	      0.0000	      0.0000
      0.0000	      0.0000	      0.0000	      0.0000
      0.0000	      0.0000	      0.0000	      0.0000
      0.0000	      0.0000	      0.0000	      0.0000
     -0.0938	      0.0000	      0.0000	      0.0000
      0.0000	      0.0000	      0.0000	      0.0000
      0.0000	      0.0000	      0.0000	      0.0000
      0.0000	      0.0000	      0.0000	      0.0000
      0.0000	      0.0000	      0.0000	      0.0000
      0.0000	      0.0000	      0.0000	      0.0000
      0.0000	      0.0000	      0.0000	      0.0000
      0.0000	      0.0000	      0.0000	      0.0000
      0.0000	      0.0000	      0.0000	      0.0000
      0.0000	      0.0000	      0.0000	      0.0000
      0.0000	      0.0000	      0.0000	      0.0000
      0.0000	      0.0000	      0.0000	      0.0000
      0.0000	      0.0000	      0.0000	      0.0000
      0.0000	      0.0000	      0.0000	      0.0000
      0.0000	      0.0000	      0.0000	      0.0000
      0.0000	      0.0000	      0.0000	      0.0000
      0.0000	      0.0000	      0.0000	      0.0000
      0.0000	      0.0000	      0.0000	      0.0000
      0.0000	      0.0000	      0.0000	      0.0000
      0.0000	      0.0000	      0.0000	      0.0000
      0.4792	      0.0000	      0.0000	      0.0000
      0.0000	      0.0000	      0.0000	      0.0000
     17.4277	      1.0133	      0.0000	      0.0000
      4.2264	      0.0000	      0.0000	      0.0000
     -4.0742	     -0.5757	     -1.5995	     -8.9824
     -1.0494	      0.0000	      0.0000	      0.0000
      0.0000	      0.0000	      0.0000	      0.0000
      0.0000	      0.0000	      0.0000	      0.0000
      0.0000	      0.0000	      0.0000	      0.0000
      0.0000	      0.0000	      0.0000	      0.0000
      0.0000	      0.0000	      0.0000	      0.0000
      0.0000	      0.0000	      0.0000	      0.0000
      0.0000	      0.0000	      0.0000	      0.0000
      0.0000	      0.0000	      0.0000	      0.0000
      0.0000	      0.0000	      0.0000	      0.0000
      0.0000	      0.0000	      0.0000	      0.0000
      0.0000	      0.0000	      0.0000	      0.0000
      0.0000	      0.0000	      0.0000	      0.0000
      0.0000	      0.0000	      0.0000	      0.0000
      0.0000	      0.0000	      0.0000	      0.0000
      0.0000	      0.0000	      0.0000	      0.0000
      0.0000	      0.0000	      0.0000	      0.0000
      0.0000	      0.0000	      0.0000	      0.0000
      0.0000	      0.0000	      0.0000	      0.0000
      9.5946	     -1.8828	    -12.3687	     -4.5704
     11.8465	      2.3652	    -18.6077	      3.7180
      0.0000	      0.0000	      0.0000	      0.0000
      0.7672	      6.0547	    -17.3218	     -2.6368
     19.9683	     -8.0813	    -18.6217	     -8.1193
     -4.8165	     -7.9081	    -15.1043	     -5.9975
      4.2639	     -5.2245	    -12.3003	     -4.9735
      0.0000	      0.0000	      0.0000	      0.0000
      0.0000	      0.0000	      0.0000	      0.0000
     -1.0510	     -1.1336	     -7.0728	      0.0000
      0.0000	      0.0000	      0.0000	      0.0000
      0.0000	      0.0000	      0.0000	      0.0000
      0.0000	      0.0000	      0.0000	      0.0000
      0.0000	      0.0000	      0.0000	      0.0000
      0.0000	      0.0000	      0.0000	      0.0000
      0.0000	      0.0000	      0.0000	      0.0000
      0.0000	      0.0000	      0.0000	      0.0000
      0.0000	      0.0000	      0.0000	      0.0000
      0.0000	      0.0000	      0.0000	      0.0000
      0.0000	      0.0000	      0.0000	      0.0000
      0.0000	      0.0000	      0.0000	      0.0000
      0.0000	      0.0000	      0.0000	      0.0000
      0.0000	      0.0000	      0.0000	      0.0000
      0.0000	      0.0000	      0.0000	      0.0000
      0.0000	      0.0000	      0.0000	      0.0000
     -0.5336	      6.1856	      0.0000	      0.0000
     -1.9175	     15.7834	     -5.2091	     -2.7642
      0.0000	      0.0000	      0.0000	      0.0000
     -1.0257	      1.6550	     -6.1583	     -2.9940
     -5.4270	    -20.3403	     -6.6413	     -5.5776
     -1.6048	      0.6041	      0.0000	      0.0000
     -1.7886	     -0.4566	     -2.3936	     -0.3674
      0.0000	      0.0000	      0.0000	      0.0000
      0.0000	      0.0000	      0.0000	      0.0000
      0.0000	      0.0000	      0.0000	      0.0000
      0.0000	      0.0000	      0.0000	      0.0000
      0.0000	      0.0000	      0.0000	      0.0000
      0.0000	      0.0000	      0.0000	      0.0000
      0.0000	      0.0000	      0.0000	      0.0000
      0.0000	      0.0000	      0.0000	      0.0000
      0.0000	      0.0000	      0.0000	      0.0000
      0.0000	      0.0000	      0.0000	      0.0000
      0.0000	      0.0000	      0.0000	      0.0000
      0.0000	      0.0000	      0.0000	      0.0000
      0.0000	      0.0000	      0.0000	      0.0000
      0.0000	      0.0000	      0.0000	      0.0000
      0.0000	      0.0000	      0.0000	      0.0000
      0.0000	      0.0000	      0.0000	      0.0000
      0.0000	      0.0000	      0.0000	      0.0000
      0.0000	      0.0000	      0.0000	      0.0000
      0.0000	      0.0000	      0.0000	      0.0000
      0.0000	      0.0000	      0.0000	      0.0000
    -20.0000	      0.0000	      0.0000	      0.0000
    -18.9240	      0.0000	      0.0000	      0.0000
      0.0000	      0.0000	      0.0000	      0.0000
      0.0000	      0.0000	      0.0000	      0.0000
      0.0000	      0.0000	      0.0000	      0.0000
      0.0000	      0.0000	      0.0000	      0.0000
      0.0000	      0.0000	      0.0000	      0.0000
      0.0000	      0.0000	      0.0000	      0.0000
      0.0000	      0.0000	      0.0000	      0.0000
      0.0000	      0.0000	      0.0000	      0.0000
      0.0000	      0.0000	      0.0000	      0.0000
      0.0000	      0.0000	      0.0000	      0.0000
      0.0000	      0.0000	      0.0000	      0.0000
      0.0000	      0.0000	      0.0000	      0.0000
      0.0000	      0.0000	      0.0000	      0.0000
      0.0000	      0.0000	      0.0000	      0.0000
      0.0000	      0.0000	      0.0000	      0.0000
      0.0000	      0.0000	      0.0000	      0.0000
      0.0000	      0.0000	      0.0000	      0.0000
      0.0000	      0.0000	      0.0000	      0.0000
      0.0000	      0.0000	      0.0000	      0.0000
      0.0000	      0.0000	      0.0000	      0.0000
      0.0000	      0.0000	      0.0000	      0.0000
      0.0000	      0.0000	      0.0000	      0.0000
      2.2666	      0.0000	      0.0000	      0.0000
      6.4594	      0.0000	      0.0000	      0.0000
    -19.5291	      0.0000	      0.0000	      0.0000
      0.0000	      0.0000	      0.0000	      0.0000
      0.0000	      0.0000	      0.0000	      0.0000
      0.0000	      0.0000	      0.0000	      0.0000
      0.0000	      0.0000	      0.0000	      0.0000
      0.0000	      0.0000	      0.0000	      0.0000
      0.0000	      0.0000	      0.0000	      0.0000
      0.0000	      0.0000	      0.0000	      0.0000
      0.0000	      0.0000	      0.0000	      0.0000
      0.0000	      0.0000	      0.0000	      0.0000
      0.0000	      0.0000	      0.0000	      0.0000
      0.0000	      0.0000	      0.0000	      0.0000
      0.0000	      0.0000	      0.0000	      0.0000
      0.0000	      0.0000	      0.0000	      0.0000
      0.0000	      0.0000	      0.0000	      0.0000
      0.0000	      0.0000	      0.0000	      0.0000
      0.0000	      0.0000	      0.0000	      0.0000
      0.0000	      0.0000	      0.0000	      0.0000
      0.0000	      0.0000	      0.0000	      0.0000
      0.0000	      0.0000	      0.0000	      0.0000
      0.0000	      0.0000	      0.0000	      0.0000
      0.0000	      0.0000	      0.0000	      0.0000
      0.0000	      0.0000	      0.0000	      0.0000
      0.0000	      0.0000	      0.0000	      0.0000
      0.0000	      0.0000	      0.0000	      0.0000
      0.0000	      0.0000	      0.0000	      0.0000
      0.0000	      0.0000	      0.0000	      0.0000
      0.0000	      0.0000	      0.0000	      0.0000
      0.0000	      0.0000	      0.0000	      0.0000
      0.0000	      0.0000	      0.0000	      0.0000
      0.0000	      0.0000	      0.0000	      0.0000
      0.0000	      0.0000	      0.0000	      0.0000
      0.0000	      0.0000	      0.0000	      0.0000
      0.0000	      0.0000	      0.0000	      0.0000
      0.0000	      0.0000	      0.0000	      0.0000
      0.0000	      0.0000	      0.0000	      0.0000
      0.0000	      0.0000	      0.0000	      0.0000
      0.0000	      0.0000	      0.0000	      0.0000
      0.0000	      0.0000	      0.0000	      0.0000
      0.0000	      0.0000	      0.0000	      0.0000
      0.0000	      0.0000	      0.0000	      0.0000
      0.0000	      0.0000	      0.0000	      0.0000
      0.0000	      0.0000	      0.0000	      0.0000
      0.0000	      0.0000	      0.0000	      0.0000
      0.0000	      0.0000	      0.0000	      0.0000
      0.0000	      0.0000	      0.0000	      0.0000
      0.0000	      0.0000	      0.0000	      0.0000
      0.0000	      0.0000	     -2.0428	      0.0000
     -3.6144	      0.0000	      0.0000	      0.0000
    -19.3099	      5.2692	      0.0000	      0.0000
     -2.6944	      3.5456	      0.0000	      0.0000
      0.0000	      0.0000	      0.0000	      0.0000
      0.0000	      0.0000	      0.0000	      0.0000
      0.0000	      0.0000	      0.0000	      0.0000
      0.0000	      0.0000	      0.0000	      0.0000
      0.0000	      0.0000	      0.0000	      0.0000
      0.0000	      0.0000	      0.0000	      0.0000
      0.0000	      0.0000	      0.0000	      0.0000
      0.0000	      0.0000	      0.0000	      0.0000
      0.0000	      0.0000	      0.0000	      0.0000
      0.0000	      0.0000	      0.0000	      0.0000
      0.0000	      0.0000	      0.0000	      0.0000
      0.0000	      0.0000	      0.0000	      0.0000
      0.0000	      0.0000	      0.0000	      0.0000
      0.0000	      0.0000	      0.0000	      0.0000
      0.0000	      0.0000	      0.0000	      0.0000
      0.0000	      0.0000	      0.0000	      0.0000
      0.0000	      0.0000	      0.0000	      0.0000
      0.0000	      0.0000	      0.0000	      0.0000
      0.0000	      0.0000	      0.0000	      0.0000
      0.0000	      0.0000	      0.0000	      0.0000
      0.0000	      0.0000	      0.0000	      0.0000
      0.0000	      0.0000	      0.0000	      0.0000
    -36.5213	    -18.5757	      2.8473	    -18.5901
    -11.9573	    -29.6794	     37.8125	      1.2698
      0.0000	      0.0000	      0.0000	      0.0000
      1.4408	      0.0000	      0.0000	      0.0000
      1.7946	      0.0000	      0.0000	      0.0000
      0.0000	      0.0000	      0.0000	      0.0000
      0.0000	      0.0000	      0.0000	      0.0000
      1.8862	      0.0000	      0.0000	      0.0000
      0.0000	      0.0000	      0.0000	      0.0000
      0.0000	      0.0000	      0.0000	      0.0000
      0.0000	      0.0000	      0.0000	      0.0000
      0.0000	      0.0000	      0.0000	      0.0000
      0.0000	      0.0000	      0.0000	      0.0000
      0.0000	      0.0000	      0.0000	      0.0000
      0.0000	      0.0000	      0.0000	      0.0000
      0.0000	      0.0000	      0.0000	      0.0000
      0.0000	      0.0000	      0.0000	      0.0000
      0.0000	      0.0000	      0.0000	      0.0000
      0.0000	      0.0000	      0.0000	      0.0000
      0.0000	      0.0000	      0.0000	      0.0000
      0.0000	      0.0000	      0.0000	      0.0000
      0.0000	      0.0000	      0.0000	      0.0000
      0.0000	      0.0000	      0.0000	      0.0000
      0.0000	      0.0000	      0.0000	      0.0000
      0.0000	      0.0000	      0.0000	      0.0000
     18.1637	      0.0000	      0.0000	      0.0000
    -12.3109	     13.0008	      0.0000	      0.0000
      0.0000	      0.0000	      0.0000	      0.0000
      0.0000	      0.0000	      0.0000	      0.0000
      0.0000	      0.0000	      0.0000	      0.0000
      0.0000	      0.0000	      0.0000	      0.0000
      0.0000	      0.0000	      0.0000	      0.0000
      0.0000	      0.0000	      0.0000	      0.0000
      0.0000	      0.0000	      0.0000	      0.0000
      0.0000	      0.0000	      0.0000	      0.0000
      0.0000	      0.0000	      0.0000	      0.0000
      0.0000	      0.0000	      0.0000	      0.0000
      0.0000	      0.0000	      0.0000	      0.0000
      0.0000	      0.0000	      0.0000	      0.0000
      0.0000	      0.0000	      0.0000	      0.0000
      0.0000	      0.0000	      0.0000	      0.0000
      0.0000	      0.0000	      0.0000	      0.0000
      0.0000	      0.0000	      0.0000	      0.0000
      0.0000	      0.0000	      0.0000	      0.0000
      0.0000	      0.0000	      0.0000	      0.0000
      0.0000	      0.0000	      0.0000	      0.0000
      0.0000	      0.0000	      0.0000	      0.0000
      0.0000	      0.0000	      0.0000	      0.0000
      0.0000	      0.0000	      0.0000	      0.0000
     -4.0847	     -2.7973	     -8.8918	     -6.1395
     -6.6746	     -5.7598	     -5.2889	      7.2739
     -2.3999	     -2.1578	     -2.6167	     22.1543
      3.4223	     -0.3186	     -4.8491	     14.6816
     11.2206	      0.0000	      0.0000	      0.0000
     -2.6390	     -1.9514	      0.0000	      3.9081
      0.0000	      0.0000	      0.0000	      0.0000
      0.0000	      0.0000	      0.0000	      0.0000
      0.0000	      0.0000	      0.0000	      0.0000
     -1.2191	     -2.9076	     -5.1965	     -1.2790
      0.0000	      0.0000	      0.0000	      0.0000
      0.0000	      0.0000	      0.0000	      0.0000
      0.0000	      0.0000	      0.0000	      0.0000
      0.0000	      0.0000	      0.0000	      0.0000
      0.0000	      0.0000	      0.0000	      0.0000
      0.0000	      0.0000	      0.0000	      0.0000
      0.0000	      0.0000	      0.0000	      0.0000
      0.0000	      0.0000	      0.0000	      0.0000
      0.0000	      0.0000	      0.0000	      0.0000
      0.0000	      0.0000	      0.0000	      0.0000
      0.0000	      0.0000	      0.0000	      0.0000
      0.0000	      0.0000	      0.0000	      0.0000
      0.0000	      0.0000	      0.0000	      0.0000
      0.0000	      0.0000	      0.0000	      0.0000
      0.0000	      0.0000	      0.0000	      0.0000
    -23.7408	    -13.5480	    -31.4377	     -8.0773
     45.7805	     -2.7519	    -19.4214	      7.0127
     55.7639	     26.7157	     -8.2390	     20.7258
     13.6964	      8.9529	    -22.3590	      9.1774
     -2.8029	     -0.1020	    -23.3321	     -1.8965
     18.4860	     -2.9191	    -22.1023	      1.6387
      4.9598	     -0.4927	    -11.8888	     -2.5216
      0.0000	      0.0000	      0.0000	      0.0000
     -0.9589	     -0.0150	      0.0000	      0.0000
    -11.4744	    -11.3135	    -25.5151	    -13.4249
      0.0000	      0.0000	      0.0000	      0.0000
      0.0000	      0.0000	      0.0000	      0.0000
      0.0000	      0.0000	      0.0000	      0.0000
      0.0000	      0.0000	      0.0000	      0.0000
      0.0000	      0.0000	      0.0000	      0.0000
      0.0000	      0.0000	      0.0000	      0.0000
      0.0000	      0.0000	      0.0000	      0.0000
      0.0000	      0.0000	      0.0000	      0.0000
      0.0000	      0.0000	      0.0000	      0.0000
      0.0000	      0.0000	      0.0000	      0.0000
      0.0000	      0.0000	      0.0000	      0.0000
      0.0000	      0.0000	      0.0000	      0.0000
      0.0000	      0.0000	      0.0000	      0.0000
      0.0000	      0.0000	      0.0000	      0.0000
      0.0000	      0.0000	      0.0000	      0.0000
     -0.5825	     -1.9320	     -5.1778	     -1.0115
     19.4076	      3.2017	     -3.9288	      4.2725
     -1.2269	     30.6698	     -5.5121	     -0.7762
     -0.6518	      9.4847	      0.0000	      0.0000
     -0.5061	     -1.2519	      0.0000	      0.0000
     -0.7799	      0.0000	      0.0000	      0.0000
      0.0000	      0.0000	      0.0000	      0.0000
      0.0000	      0.0000	      0.0000	      0.0000
      0.0000	      0.0000	      0.0000	      0.0000
     -1.3503	     -2.2337	     -7.5748	      0.0000
      0.0000	      0.0000	      0.0000	      0.0000
      0.0000	      0.0000	      0.0000	      0.0000
      0.0000	      0.0000	      0.0000	      0.0000
      0.0000	      0.0000	      0.0000	      0.0000
      0.0000	      0.0000	      0.0000	      0.0000
      0.0000	      0.0000	      0.0000	      0.0000
      0.0000	      0.0000	      0.0000	      0.0000
      0.0000	      0.0000	      0.0000	      0.0000
      0.0000	      0.0000	      0.0000	      0.0000
      0.0000	      0.0000	      0.0000	      0.0000
      0.0000	      0.0000	      0.0000	      0.0000
      0.0000	      0.0000	      0.0000	      0.0000
      0.0000	      0.0000	      0.0000	      0.0000
      0.0000	      0.0000	      0.0000	      0.0000
      0.0000	      0.0000	      0.0000	      0.0000
      0.0000	      0.0000	      0.0000	      0.0000
      0.0000	      0.0000	      0.0000	      0.0000
      0.0000	      0.0000	      0.0000	      0.0000
      0.0000	      0.0000	      0.0000	      0.0000
      0.0000	      0.0000	      0.0000	      0.0000
      0.0000	      0.0000	      0.0000	      0.0000
      0.0000	      0.0000	      0.0000	      0.0000
      0.0000	      0.0000	      0.0000	      0.0000
      0.0000	      0.0000	      0.0000	      0.0000
      0.0000	      0.0000	      0.0000	      0.0000
      0.0000	      0.0000	      0.0000	      0.0000
      0.0000	      0.0000	      0.0000	      0.0000
      0.0000	      0.0000	      0.0000	      0.0000
      0.0000	      0.0000	      0.0000	      0.0000
      0.0000	      0.0000	      0.0000	      0.0000
      0.0000	      0.0000	      0.0000	      0.0000
      0.0000	      0.0000	      0.0000	      0.0000
      0.0000	      0.0000	      0.0000	      0.0000
      0.0000	      0.0000	      0.0000	      0.0000
      0.0000	      0.0000	      0.0000	      0.0000
      0.0000	      0.0000	      0.0000	      0.0000
      0.0000	      0.0000	      0.0000	      0.0000
      0.0000	      0.0000	      0.0000	      0.0000
      0.0000	      0.0000	      0.0000	      0.0000
      0.0000	      0.0000	      0.0000	      0.0000
    -17.8195	      0.0000	      0.0000	      0.0000
      0.0000	      0.0000	      0.0000	      0.0000
      0.0000	      0.0000	      0.0000	      0.0000
      0.0000	      0.0000	      0.0000	      0.0000
      0.0000	      0.0000	      0.0000	      0.0000
      0.0000	      0.0000	      0.0000	      0.0000
      0.0000	      0.0000	      0.0000	      0.0000
      0.0000	      0.0000	      0.0000	      0.0000
      0.0000	      0.0000	      0.0000	      0.0000
      0.0000	      0.0000	      0.0000	      0.0000
      0.0000	      0.0000	      0.0000	      0.0000
      0.0000	      0.0000	      0.0000	      0.0000
      0.0000	      0.0000	      0.0000	      0.0000
      0.0000	      0.0000	      0.0000	      0.0000
      0.0000	      0.0000	      0.0000	      0.0000
      0.0000	      0.0000	      0.0000	      0.0000
      0.0000	      0.0000	      0.0000	      0.0000
      0.0000	      0.0000	      0.0000	      0.0000
      0.0000	      0.0000	      0.0000	      0.0000
      0.0000	      0.0000	      0.0000	      0.0000
      0.0000	      0.0000	      0.0000	      0.0000
      0.0000	      0.0000	      0.0000	      0.0000
      0.0000	      0.0000	      0.0000	      0.0000
      0.0000	      0.0000	      0.0000	      0.0000
      0.0000	      0.0000	      0.0000	      0.0000
      0.0000	      0.0000	      0.0000	      0.0000
      0.0000	      0.0000	      0.0000	      0.0000
      0.0000	      0.0000	      0.0000	      0.0000
      0.0000	      0.0000	      0.0000	      0.0000
      0.0000	      0.0000	      0.0000	      0.0000
      0.0000	      0.0000	      0.0000	      0.0000
      0.0000	      0.0000	      0.0000	      0.0000
      0.0000	      0.0000	      0.0000	      0.0000
      0.0000	      0.0000	      0.0000	      0.0000
      0.0000	      0.0000	      0.0000	      0.0000
      0.0000	      0.0000	      0.0000	      0.0000
      0.0000	      0.0000	      0.0000	      0.0000
      0.0000	      0.0000	      0.0000	      0.0000
      0.0000	      0.0000	      0.0000	      0.0000
      0.0000	      0.0000	      0.0000	      0.0000
      0.0000	      0.0000	      0.0000	      0.0000
      0.0000	      0.0000	      0.0000	      0.0000
      0.0000	      0.0000	      0.0000	      0.0000
      0.0000	      0.0000	      0.0000	      0.0000
      0.0000	      0.0000	      0.0000	      0.0000
      0.0000	      0.0000	      0.0000	      0.0000
      0.0000	      0.0000	      0.0000	      0.0000
      0.0000	      0.0000	      0.0000	      0.0000
      0.0000	      0.0000	      0.0000	      0.0000
      0.0000	      0.0000	      0.0000	      0.0000
     -0.2760	      0.0000	      0.0000	      0.0000
      0.0000	      0.0000	      0.0000	      0.0000
      0.0000	      0.0000	      0.0000	      0.0000
      3.2808	      0.0000	      0.0000	      0.0000
     -0.6055	      0.0000	      0.0000	      0.0000
      0.0000	      0.0000	      0.0000	      0.0000
      0.0000	      0.0000	      0.0000	      0.0000
      0.0000	      0.0000	      0.0000	      0.0000
      0.0000	      0.0000	      0.0000	      0.0000
      0.0000	      0.0000	      0.0000	      0.0000
      0.0000	      0.0000	      0.0000	      0.0000
      0.0000	      0.0000	      0.0000	      0.0000
      0.0000	      0.0000	      0.0000	      0.0000
      0.0000	      0.0000	      0.0000	      0.0000
      0.0000	      0.0000	      0.0000	      0.0000
      0.0000	      0.0000	      0.0000	      0.0000
      0.0000	      0.0000	      0.0000	      0.0000
      0.0000	      0.0000	      0.0000	      0.0000
      0.0000	      0.0000	      0.0000	      0.0000
      0.0000	      0.0000	      0.0000	      0.0000
      0.0000	      0.0000	      0.0000	      0.0000
      0.0000	      0.0000	      0.0000	      0.0000
      0.0000	      0.0000	      0.0000	      0.0000
      0.0000	      0.0000	      0.0000	      0.0000
      0.0000	      0.0000	      0.0000	      0.0000
      0.5267	      0.0000	      0.0000	      0.0000
    -16.9307	    -16.9840	     -0.2328	      0.0000
      0.0000	      0.0000	      0.0000	      0.0000
      0.5419	      0.0000	      0.0000	      0.0000
    -20.0000	      5.2426	      0.0000	      0.0000
      0.0000	      0.0000	      0.0000	      0.0000
      0.0000	      0.0000	      0.0000	      0.0000
      0.0000	      0.0000	      0.0000	      0.0000
      0.0000	      0.0000	      0.0000	      0.0000
      0.0000	      0.0000	      0.0000	      0.0000
      0.0000	      0.0000	      0.0000	      0.0000
      0.0000	      0.0000	      0.0000	      0.0000
      0.0000	      0.0000	      0.0000	      0.0000
      0.0000	      0.0000	      0.0000	      0.0000
      0.0000	      0.0000	      0.0000	      0.0000
      0.0000	      0.0000	      0.0000	      0.0000
      0.0000	      0.0000	      0.0000	      0.0000
      0.0000	      0.0000	      0.0000	      0.0000
      0.0000	      0.0000	      0.0000	      0.0000
      0.0000	      0.0000	      0.0000	      0.0000
      0.0000	      0.0000	      0.0000	      0.0000
      0.0000	      0.0000	      0.0000	      0.0000
      0.0000	      0.0000	      0.0000	      0.0000
      0.0000	      0.0000	      0.0000	      0.0000
      0.0000	      0.0000	      0.0000	      0.0000
      0.0000	      0.0000	      0.0000	      0.0000
      0.0000	      0.0000	      0.0000	      0.0000
      0.0000	      0.0000	      0.0000	      0.0000
      0.0000	      0.0000	      0.0000	      0.0000
    -19.2997	      0.0000	      0.0000	      0.0000
      0.0000	      0.0000	      0.0000	      0.0000
      0.0000	      0.0000	      0.0000	      0.0000
      0.0000	      0.0000	      0.0000	      0.0000
      0.0000	      0.0000	      0.0000	      0.0000
      0.0000	      0.0000	      0.0000	      0.0000
      0.0000	      0.0000	      0.0000	      0.0000
      0.0000	      0.0000	      0.0000	      0.0000
      0.0000	      0.0000	      0.0000	      0.0000
      0.0000	      0.0000	      0.0000	      0.0000
      0.0000	      0.0000	      0.0000	      0.0000
      0.0000	      0.0000	      0.0000	      0.0000
      0.0000	      0.0000	      0.0000	      0.0000
      0.0000	      0.0000	      0.0000	      0.0000
      0.0000	      0.0000	      0.0000	      0.0000
      0.0000	      0.0000	      0.0000	      0.0000
      0.0000	      0.0000	      0.0000	      0.0000
      0.0000	      0.0000	      0.0000	      0.0000
      0.0000	      0.0000	      0.0000	      0.0000
      0.0000	      0.0000	      0.0000	      0.0000
      0.0000	      0.0000	      0.0000	      0.0000
     -1.3682	     -3.0635	     -6.0772	     -1.5129
     -4.7347	     -5.7411	     -6.3784	     -4.3983
      0.0000	      0.0000	      0.0000	      0.0000
     -0.5103	     -0.6372	     -3.9067	     12.2265
     -2.7651	     -3.3503	     -5.5239	      0.8883
     -1.0688	     -4.2032	      0.0000	      0.0000
      0.0000	      0.0000	      0.0000	      0.0000
      0.0000	      0.0000	      0.0000	      0.0000
     -0.1093	     -1.0843	     -4.6714	      0.3548
      0.1938	     -1.2725	     -4.1199	     -0.3407
      0.0000	      0.0000	      0.0000	      0.0000
      0.0000	      0.0000	      0.0000	      0.0000
      0.0000	      0.0000	      0.0000	      0.0000
      0.0000	      0.0000	      0.0000	      0.0000
      0.0000	      0.0000	      0.0000	      0.0000
      0.0000	      0.0000	      0.0000	      0.0000
      0.0000	      0.0000	      0.0000	      0.0000
      0.0000	      0.0000	      0.0000	      0.0000
      0.0000	      0.0000	      0.0000	      0.0000
      0.0000	      0.0000	      0.0000	      0.0000
      0.0000	      0.0000	      0.0000	      0.0000
      0.0000	      0.0000	      0.0000	      0.0000
      0.0000	      0.0000	      0.0000	      0.0000
      0.0000	      0.0000	      0.0000	      0.0000
      0.0000	      0.0000	      0.0000	      0.0000
     -0.3990	    -16.3874	    -11.9926	     -3.6138
    -10.8265	      6.9753	    -13.4751	    -17.1867
     -0.5744	     -5.0170	      0.0000	      0.0000
      9.4376	      4.5870	    -21.0993	      8.0219
      6.1691	     -8.4141	    -18.0123	     -8.7595
      2.0548	      0.0000	    -10.9866	      0.3576
      0.0000	      0.0000	      0.0000	      0.0000
      0.0000	      0.0000	      0.0000	      0.0000
      2.0471	     -1.6489	     -9.2949	     -1.1419
    -16.2926	    -13.4286	    -20.6999	    -12.7486
      0.0000	      0.0000	      0.0000	      0.0000
      0.0000	      0.0000	      0.0000	      0.0000
      0.0000	      0.0000	      0.0000	      0.0000
      0.0000	      0.0000	      0.0000	      0.0000
      0.0000	      0.0000	      0.0000	      0.0000
      0.0000	      0.0000	      0.0000	      0.0000
      0.0000	      0.0000	      0.0000	      0.0000
      0.0000	      0.0000	      0.0000	      0.0000
      0.0000	      0.0000	      0.0000	      0.0000
      0.0000	      0.0000	      0.0000	      0.0000
      0.0000	      0.0000	      0.0000	      0.0000
      0.0000	      0.0000	      0.0000	      0.0000
      0.0000	      0.0000	      0.0000	      0.0000
      0.0000	      0.0000	      0.0000	      0.0000
      0.0000	      0.0000	      0.0000	      0.0000
      0.0000	      0.0000	      0.0000	      0.0000
      5.2171	      1.6462	     -3.7915	      0.3620
      0.0000	      0.0000	      0.0000	      0.0000
    -14.6189	      0.0000	      0.0000	      0.0000
     -0.3477	      0.0000	      0.0000	      0.0000
      0.0000	      0.0000	      0.0000	      0.0000
      0.0000	      0.0000	      0.0000	      0.0000
      0.0000	      0.0000	      0.0000	      0.0000
      0.0000	      0.0000	      0.0000	      0.0000
     -0.4871	      1.1730	      0.0000	      0.0000
      0.0000	      0.0000	      0.0000	      0.0000
      0.0000	      0.0000	      0.0000	      0.0000
      0.0000	      0.0000	      0.0000	      0.0000
      0.0000	      0.0000	      0.0000	      0.0000
      0.0000	      0.0000	      0.0000	      0.0000
      0.0000	      0.0000	      0.0000	      0.0000
      0.0000	      0.0000	      0.0000	      0.0000
      0.0000	      0.0000	      0.0000	      0.0000
      0.0000	      0.0000	      0.0000	      0.0000
      0.0000	      0.0000	      0.0000	      0.0000
      0.0000	      0.0000	      0.0000	      0.0000
      0.0000	      0.0000	      0.0000	      0.0000
      0.0000	      0.0000	      0.0000	      0.0000
      0.0000	      0.0000	      0.0000	      0.0000
      0.0000	      0.0000	      0.0000	      0.0000
      0.0000	      0.0000	      0.0000	      0.0000
      0.0000	      0.0000	      0.0000	      0.0000
      0.0000	      0.0000	      0.0000	      0.0000
      0.0000	      0.0000	      0.0000	      0.0000
      0.0000	      0.0000	      0.0000	      0.0000
      0.0000	      0.0000	      0.0000	      0.0000
      0.0000	      0.0000	      0.0000	      0.0000
      0.0000	      0.0000	      0.0000	      0.0000
      0.0000	      0.0000	      0.0000	      0.0000
      0.0000	      0.0000	      0.0000	      0.0000
      0.0000	      0.0000	      0.0000	      0.0000
      0.0000	      0.0000	      0.0000	      0.0000
      0.0000	      0.0000	      0.0000	      0.0000
      0.0000	      0.0000	      0.0000	      0.0000
      0.0000	      0.0000	      0.0000	      0.0000
      0.0000	      0.0000	      0.0000	      0.0000
      0.0000	      0.0000	      0.0000	      0.0000
      0.0000	      0.0000	      0.0000	      0.0000
      0.0000	      0.0000	      0.0000	      0.0000
      0.0000	      0.0000	      0.0000	      0.0000
      0.0000	      0.0000	      0.0000	      0.0000
      0.0000	      0.0000	      0.0000	      0.0000
      0.0000	      0.0000	      0.0000	      0.0000
      0.0000	      0.0000	      0.0000	      0.0000
      0.0000	      0.0000	      0.0000	      0.0000
      0.0000	      0.0000	      0.0000	      0.0000
      0.0000	      0.0000	      0.0000	      0.0000
      0.0000	      0.0000	      0.0000	      0.0000
      0.0000	      0.0000	      0.0000	      0.0000
      0.0000	      0.0000	      0.0000	      0.0000
      0.0000	      0.0000	      0.0000	      0.0000
      0.0000	      0.0000	      0.0000	      0.0000
      0.0000	      0.0000	      0.0000	      0.0000
      0.0000	      0.0000	      0.0000	      0.0000
      0.0000	      0.0000	      0.0000	      0.0000
      0.0000	      0.0000	      0.0000	      0.0000
      0.0000	      0.0000	      0.0000	      0.0000
      0.0000	      0.0000	      0.0000	      0.0000
      0.0000	      0.0000	      0.0000	      0.0000
      0.0000	      0.0000	      0.0000	      0.0000
      0.0000	      0.0000	      0.0000	      0.0000
      0.0000	      0.0000	      0.0000	      0.0000
      0.0000	      0.0000	      0.0000	      0.0000
      0.0000	      0.0000	      0.0000	      0.0000
      0.0000	      0.0000	      0.0000	      0.0000
      0.0000	      0.0000	      0.0000	      0.0000
      0.0000	      0.0000	      0.0000	      0.0000
      0.0000	      0.0000	      0.0000	      0.0000
      0.0000	      0.0000	      0.0000	      0.0000
      0.0000	      0.0000	      0.0000	      0.0000
      0.0000	      0.0000	      0.0000	      0.0000
      0.0000	      0.0000	      0.0000	      0.0000
      0.0000	      0.0000	      0.0000	      0.0000
      0.0000	      0.0000	      0.0000	      0.0000
      0.0000	      0.0000	      0.0000	      0.0000
      0.0000	      0.0000	      0.0000	      0.0000
      0.0000	      0.0000	      0.0000	      0.0000
      0.0000	      0.0000	      0.0000	      0.0000
      0.0000	      0.0000	      0.0000	      0.0000
      0.0000	      0.0000	      0.0000	      0.0000
      0.0000	      0.0000	      0.0000	      0.0000
      0.0000	      0.0000	      0.0000	      0.0000
      0.0000	      0.0000	      0.0000	      0.0000
      0.0000	      0.0000	      0.0000	      0.0000
      0.0000	      0.0000	      0.0000	      0.0000
      0.0000	      0.0000	      0.0000	      0.0000
      0.0000	      0.0000	      0.0000	      0.0000
      0.0000	      0.0000	      0.0000	      0.0000
      0.0000	      0.0000	      0.0000	      0.0000
      0.0000	      0.0000	      0.0000	      0.0000
      0.0000	      0.0000	      0.0000	      0.0000
      0.0000	      0.0000	      0.0000	      0.0000
      0.0000	      0.0000	      0.0000	      0.0000
      0.0000	      0.0000	      0.0000	      0.0000
      0.0000	      0.0000	      0.0000	      0.0000
      0.0000	      0.0000	      0.0000	    -18.3578
      0.0000	      0.0000	      0.0000	      0.0000
      0.0000	      0.0000	      0.0000	      0.0000
      0.0000	      0.0000	      0.0000	      0.0000
      0.0000	      0.0000	      0.0000	      0.0000
      0.0000	      0.0000	      0.0000	      0.0000
      0.0000	      0.0000	      0.0000	      0.0000
      0.0000	      0.0000	      0.0000	      0.0000
      0.0000	      0.0000	      0.0000	      0.0000
      0.0000	      0.0000	      0.0000	      0.0000
      0.0000	      0.0000	      0.0000	      0.0000
      0.0000	      0.0000	      0.0000	      0.0000
      0.0000	      0.0000	      0.0000	      0.0000
      0.0000	      0.0000	      0.0000	      0.0000
      0.0000	      0.0000	      0.0000	      0.0000
      0.0000	      0.0000	      0.0000	      0.0000
      0.0000	      0.0000	      0.0000	      0.0000
      0.0000	      0.0000	      0.0000	      0.0000
      0.0000	      0.0000	      0.0000	      0.0000
      0.0000	      0.0000	      0.0000	      0.0000
      0.0000	      0.0000	      0.0000	      0.0000
      0.0000	      0.0000	      0.0000	      0.0000
      0.0000	      0.0000	      0.0000	      0.0000
      0.0000	      0.0000	      0.0000	      0.0000
      0.0000	      0.0000	      0.0000	      0.0000
      0.0000	      0.0000	    -17.2888	      0.0000
    -15.6756	      0.0000	      0.0000	      0.0000
      0.0000	      0.0000	      0.0000	      0.0000
      3.2910	      0.0000	      0.0000	      0.0000
      0.0000	      0.0000	      0.0000	      0.0000
    -18.0110	      0.0000	      0.0000	      0.0000
      0.0000	      0.0000	      0.0000	      0.0000
      0.0000	      0.0000	      0.0000	      0.0000
      0.0000	      0.0000	      0.0000	      0.0000
    -18.6997	      0.0000	      0.0000	      0.0000
      0.0000	      0.0000	      0.0000	      0.0000
      0.0000	      0.0000	      0.0000	      0.0000
      0.0000	      0.0000	      0.0000	      0.0000
      0.0000	      0.0000	      0.0000	      0.0000
      0.0000	      0.0000	      0.0000	      0.0000
      0.0000	      0.0000	      0.0000	      0.0000
      0.0000	      0.0000	      0.0000	      0.0000
      0.0000	      0.0000	      0.0000	      0.0000
      0.0000	      0.0000	      0.0000	      0.0000
      0.0000	      0.0000	      0.0000	      0.0000
      0.0000	      0.0000	      0.0000	      0.0000
      0.0000	      0.0000	      0.0000	      0.0000
      0.0000	      0.0000	      0.0000	      0.0000
      0.0000	      0.0000	      0.0000	      0.0000
      0.0000	      0.0000	      0.0000	      0.0000
      0.0000	      0.0000	      0.0000	      0.0000
      1.6991	      0.0000	      0.0000	      0.0000
      0.0000	      0.0000	      0.0000	      0.0000
      0.0000	      0.0000	      0.0000	      0.0000
      0.0000	      0.0000	      0.0000	      0.0000
      0.0000	      0.0000	      0.0000	      0.0000
      0.0000	      0.0000	      0.0000	      0.0000
      0.0000	      0.0000	      0.0000	      0.0000
      0.0000	      0.0000	      0.0000	      0.0000
      0.0000	      0.0000	      0.0000	      0.0000
      0.0000	      0.0000	      0.0000	      0.0000
      0.0000	      0.0000	      0.0000	      0.0000
      0.0000	      0.0000	      0.0000	      0.0000
      0.0000	      0.0000	      0.0000	      0.0000
      0.0000	      0.0000	      0.0000	      0.0000
      0.0000	      0.0000	      0.0000	      0.0000
      0.0000	      0.0000	      0.0000	      0.0000
      0.0000	      0.0000	      0.0000	      0.0000
      0.0000	      0.0000	      0.0000	      0.0000
      0.0000	      0.0000	      0.0000	      0.0000
      0.0000	      0.0000	      0.0000	      0.0000
      0.0000	      0.0000	      0.0000	      0.0000
      0.0000	      0.0000	      0.0000	      0.0000
      0.0000	      0.0000	      0.0000	      0.0000
      0.0000	      0.0000	      0.0000	      0.0000
      0.0000	      0.0000	      0.0000	      0.0000
      0.0000	      0.0000	      0.0000	      0.0000
      0.0000	      0.0000	      0.0000	      0.0000
      0.0000	      0.0000	      0.0000	      0.0000
      0.0000	      0.0000	      0.0000	      0.0000
      0.0000	      0.0000	      0.0000	      0.0000
      0.0000	      0.0000	      0.0000	      0.0000
      0.0000	      0.0000	      0.0000	      0.0000
      0.0000	      0.0000	      0.0000	      0.0000
      0.0000	      0.0000	      0.0000	      0.0000
      0.0000	      0.0000	      0.0000	      0.0000
      0.0000	      0.0000	      0.0000	      0.0000
      0.0000	      0.0000	      0.0000	      0.0000
      0.0000	      0.0000	      0.0000	      0.0000
      0.0000	      0.0000	      0.0000	      0.0000
      0.0000	      0.0000	      0.0000	      0.0000
      0.0000	      0.0000	      0.0000	      0.0000
      0.0000	      0.0000	      0.0000	      0.0000
      0.0000	      0.0000	      0.0000	      0.0000
      0.0000	      0.0000	      0.0000	      0.0000
      0.0000	      0.0000	      0.0000	      0.0000
      0.0000	      0.0000	      0.0000	      0.0000
      0.0000	      0.0000	      0.0000	      0.0000
      0.0000	      0.0000	      0.0000	      0.0000
      0.0000	      0.0000	      0.0000	      0.0000
     -0.0890	      0.0000	      0.0000	      0.0000
      6.4648	      0.0000	      0.0000	      0.0000
      0.0000	      0.0000	      0.0000	      0.0000
      2.8158	      0.0000	      0.0000	      0.0000
     -1.3561	      0.0000	      0.0000	      0.0000
      0.0000	      0.0000	      0.0000	      0.0000
     -1.8140	      0.0000	      0.0000	      0.0000
      0.0000	      0.0000	      0.0000	      0.0000
      0.0000	      0.0000	      0.0000	      0.0000
      0.0000	      0.0000	      0.0000	      0.0000
      0.0000	      0.0000	      0.0000	      0.0000
      0.0000	      0.0000	      0.0000	      0.0000
      0.0000	      0.0000	      0.0000	      0.0000
      0.0000	      0.0000	      0.0000	      0.0000
      0.0000	      0.0000	      0.0000	      0.0000
      0.0000	      0.0000	      0.0000	      0.0000
      0.0000	      0.0000	      0.0000	      0.0000
      0.0000	      0.0000	      0.0000	      0.0000
      0.0000	      0.0000	      0.0000	      0.0000
      0.0000	      0.0000	      0.0000	      0.0000
      0.0000	      0.0000	      0.0000	      0.0000
      0.0000	      0.0000	      0.0000	      0.0000
      0.0000	      0.0000	      0.0000	      0.0000
      0.0000	      0.0000	      0.0000	      0.0000
      0.0000	      0.0000	      0.0000	      0.0000
      0.5783	      0.0000	      0.0000	      0.0000
      1.2406	      0.0000	      0.0000	      0.0000
      0.0000	      0.0000	      0.0000	      0.0000
      0.0000	      0.0000	      0.0000	      0.0000
     -0.3319	      0.0000	      0.0000	      0.0000
      0.0000	      0.0000	      0.0000	      0.0000
      0.0000	      0.0000	      0.0000	      0.0000
      0.0000	      0.0000	      0.0000	      0.0000
      0.0000	      0.0000	      0.0000	      0.0000
      0.0000	      0.0000	      0.0000	      0.0000
      0.0000	      0.0000	      0.0000	      0.0000
      0.0000	      0.0000	      0.0000	      0.0000
      0.0000	      0.0000	      0.0000	      0.0000
      0.0000	      0.0000	      0.0000	      0.0000
      0.0000	      0.0000	      0.0000	      0.0000
      0.0000	      0.0000	      0.0000	      0.0000
      0.0000	      0.0000	      0.0000	      0.0000
      0.0000	      0.0000	      0.0000	      0.0000
      0.0000	      0.0000	      0.0000	      0.0000
      0.0000	      0.0000	      0.0000	      0.0000
      0.0000	      0.0000	      0.0000	      0.0000
      0.0000	      0.0000	      0.0000	      0.0000
      0.0000	      0.0000	      0.0000	      0.0000
      0.0000	      0.0000	      0.0000	      0.0000
      0.0000	      0.0000	      0.0000	      0.0000
      0.0000	      0.0000	      0.0000	      0.0000
      0.0000	      0.0000	      0.0000	      0.0000
      0.0000	      0.0000	      0.0000	      0.0000
    -19.4968	      0.0000	      0.0000	      0.0000
      0.0000	      0.0000	      0.0000	      0.0000
      0.0000	      0.0000	      0.0000	      0.0000
      0.0000	      0.0000	      0.0000	      0.0000
      0.0000	      0.0000	      0.0000	      0.0000
      0.0000	      0.0000	      0.0000	      0.0000
      0.0000	      0.0000	      0.0000	      0.0000
      0.0000	      0.0000	      0.0000	      0.0000
      0.0000	      0.0000	      0.0000	      0.0000
      0.0000	      0.0000	      0.0000	      0.0000
      0.0000	      0.0000	      0.0000	      0.0000
      0.0000	      0.0000	      0.0000	      0.0000
      0.0000	      0.0000	      0.0000	      0.0000
      0.0000	      0.0000	      0.0000	      0.0000
      0.0000	      0.0000	      0.0000	      0.0000
      0.0000	      0.0000	      0.0000	      0.0000
      0.0000	      0.0000	      0.0000	      0.0000
      0.0000	      0.0000	      0.0000	      0.0000
      0.0000	      0.0000	      0.0000	      0.0000
      0.0000	      0.0000	      0.0000	      0.0000
      0.0000	      0.0000	      0.0000	      0.0000
      0.0000	      0.0000	      0.0000	      0.0000
      0.0000	      0.0000	      0.0000	      0.0000
      0.0000	      0.0000	      0.0000	      0.0000
    -19.7979	    -21.7267	      0.0000	      0.0000
    -16.1553	    -19.5291	     13.3289	      0.0000
      0.0000	      0.0000	      0.0000	      0.0000
      0.0000	      0.0000	      0.0000	      0.0000
      0.0000	      0.0000	      0.0000	      0.0000
      0.0000	      0.0000	      0.0000	      0.0000
      0.0000	      0.0000	      0.0000	      0.0000
      0.0000	      0.0000	      0.0000	      0.0000
      0.0000	      0.0000	      0.0000	      0.0000
      0.0000	      0.0000	      0.0000	      0.0000
      0.0000	      0.0000	      0.0000	      0.0000
      0.0000	      0.0000	      0.0000	      0.0000
      0.0000	      0.0000	      0.0000	      0.0000
      0.0000	      0.0000	      0.0000	      0.0000
      0.0000	      0.0000	      0.0000	      0.0000
      0.0000	      0.0000	      0.0000	      0.0000
      0.0000	      0.0000	      0.0000	      0.0000
      0.0000	      0.0000	      0.0000	      0.0000
      0.0000	      0.0000	      0.0000	      0.0000
      0.0000	      0.0000	      0.0000	      0.0000
      0.0000	      0.0000	      0.0000	      0.0000
      0.0000	      0.0000	      0.0000	      0.0000
      0.0000	      0.0000	      0.0000	      0.0000
      0.0000	      0.0000	      0.0000	      0.0000
      0.0000	      0.0000	      0.0000	      0.0000
      0.0000	      0.0000	      0.0000	      0.0000
      0.0000	      0.0000	      0.0000	      0.0000
      0.0000	      0.0000	      0.0000	      0.0000
      0.0000	      0.0000	      0.0000	      0.0000
      0.0000	      0.0000	      0.0000	      0.0000
      0.0000	      0.0000	      0.0000	      0.0000
      0.0000	      0.0000	      0.0000	      0.0000
      0.0000	      0.0000	      0.0000	      0.0000
      0.0000	      0.0000	      0.0000	      0.0000
      0.0000	      0.0000	      0.0000	      0.0000
      0.0000	      0.0000	      0.0000	      0.0000
      0.0000	      0.0000	      0.0000	      0.0000
      0.0000	      0.0000	      0.0000	      0.0000
      0.0000	      0.0000	      0.0000	      0.0000
      0.0000	      0.0000	      0.0000	      0.0000
      0.0000	      0.0000	      0.0000	      0.0000
      0.0000	      0.0000	      0.0000	      0.0000
      0.0000	      0.0000	      0.0000	      0.0000
      0.0000	      0.0000	      0.0000	      0.0000
      0.0000	      0.0000	      0.0000	      0.0000
      0.0000	      0.0000	      0.0000	      0.0000
      0.0000	      0.0000	      0.0000	      0.0000
      0.0000	      0.0000	      0.0000	      0.0000
      0.0000	      0.0000	      0.0000	      0.0000
    -16.0084	      0.0000	      0.0000	      0.0000
    -19.7919	      0.0000	      0.0000	      0.0000
    -19.7254	      0.0000	      0.0000	      0.0000
      2.1480	      0.0000	      0.0000	      0.0000
      6.8599	      0.0000	      0.0000	      0.0000
      0.0000	      0.0000	      0.0000	      0.0000
      0.0000	      0.0000	      0.0000	      0.0000
      0.0000	      0.0000	      0.0000	      0.0000
      0.0000	      0.0000	      0.0000	      0.0000
      0.0000	      0.0000	      0.0000	      0.0000
      0.0000	      0.0000	      0.0000	      0.0000
      0.0000	      0.0000	      0.0000	      0.0000
      0.0000	      0.0000	      0.0000	      0.0000
      0.0000	      0.0000	      0.0000	      0.0000
      0.0000	      0.0000	      0.0000	      0.0000
      0.0000	      0.0000	      0.0000	      0.0000
      0.0000	      0.0000	      0.0000	      0.0000
      0.0000	      0.0000	      0.0000	      0.0000
      0.0000	      0.0000	      0.0000	      0.0000
      0.0000	      0.0000	      0.0000	      0.0000
      0.0000	      0.0000	      0.0000	      0.0000
      0.0000	      0.0000	      0.0000	      0.0000
      0.0000	      0.0000	      0.0000	      0.0000
      0.0000	      0.0000	      0.0000	      0.0000
      5.6552	      0.0000	      0.0000	      0.0000
    -34.6280	    -40.8027	     -8.3460	    -25.5466
    -19.9740	    -25.1639	     22.5652	    -21.9997
    -14.0809	    -14.8788	    -13.4456	      5.3306
    -19.0345	      1.2691	      0.0000	      0.0000
      6.0899	      0.0000	      0.0000	      0.0000
      0.0000	      0.0000	      0.0000	      0.0000
      0.0000	      0.0000	      0.0000	      0.0000
      0.0000	      0.0000	      0.0000	      0.0000
      2.3071	      0.0000	      0.0000	      0.0000
      0.0000	      0.0000	      0.0000	      0.0000
      0.0000	      0.0000	      0.0000	      0.0000
      0.0000	      0.0000	      0.0000	      0.0000
      0.0000	      0.0000	      0.0000	      0.0000
      0.0000	      0.0000	      0.0000	      0.0000
      0.0000	      0.0000	      0.0000	      0.0000
      0.0000	      0.0000	      0.0000	      0.0000
      0.0000	      0.0000	      0.0000	      0.0000
      0.0000	      0.0000	      0.0000	      0.0000
      0.0000	      0.0000	      0.0000	      0.0000
      0.0000	      0.0000	      0.0000	      0.0000
      0.0000	      0.0000	      0.0000	      0.0000
      0.0000	      0.0000	      0.0000	      0.0000
      0.0000	      0.0000	      0.0000	      0.0000
      0.0000	      0.0000	      0.0000	      0.0000
      0.0000	      0.0000	      0.0000	      0.0000
     -0.1531	    -18.3455	    -13.2191	      1.7473
     -9.9686	    -14.6127	     12.8375	      0.0000
     -1.3881	      4.1898	      0.0000	      0.0000
      0.0000	      0.0000	      0.0000	      0.0000
      0.0000	      0.0000	      0.0000	      0.0000
      0.0000	      0.0000	      0.0000	      0.0000
      0.0000	      0.0000	      0.0000	      0.0000
      0.0000	      0.0000	      0.0000	      0.0000
      0.0000	      0.0000	      0.0000	      0.0000
      0.0000	      0.0000	      0.0000	      0.0000
      0.0000	      0.0000	      0.0000	      0.0000
      0.0000	      0.0000	      0.0000	      0.0000
      0.0000	      0.0000	      0.0000	      0.0000
      0.0000	      0.0000	      0.0000	      0.0000
      0.0000	      0.0000	      0.0000	      0.0000
      0.0000	      0.0000	      0.0000	      0.0000
      0.0000	      0.0000	      0.0000	      0.0000
      0.0000	      0.0000	      0.0000	      0.0000
      0.0000	      0.0000	      0.0000	      0.0000
      0.0000	      0.0000	      0.0000	      0.0000
      0.0000	      0.0000	      0.0000	      0.0000
      0.0000	      0.0000	      0.0000	      0.0000
      0.0000	      0.0000	      0.0000	      0.0000
      0.0000	      0.0000	      0.0000	      0.0000
      0.0000	      0.0000	      0.0000	      0.0000
      0.0000	      0.0000	      0.0000	      0.0000
     12.6575	      0.0000	      0.0000	      0.0000
     10.4797	      0.0000	      0.0000	      0.0000
      0.0000	      0.0000	      0.0000	      0.0000
      0.0000	      0.0000	      0.0000	      0.0000
      0.0000	      0.0000	      0.0000	      0.0000
      0.0000	      0.0000	      0.0000	      0.0000
      0.0000	      0.0000	      0.0000	      0.0000
      0.0000	      0.0000	      0.0000	      0.0000
      0.0000	      0.0000	      0.0000	      0.0000
      0.0000	      0.0000	      0.0000	      0.0000
      0.0000	      0.0000	      0.0000	      0.0000
      0.0000	      0.0000	      0.0000	      0.0000
      0.0000	      0.0000	      0.0000	      0.0000
      0.0000	      0.0000	      0.0000	      0.0000
      0.0000	      0.0000	      0.0000	      0.0000
      0.0000	      0.0000	      0.0000	      0.0000
      0.0000	      0.0000	      0.0000	      0.0000
      0.0000	      0.0000	      0.0000	      0.0000
      0.0000	      0.0000	      0.0000	      0.0000
      0.0000	      0.0000	      0.0000	      0.0000
      0.0000	      0.0000	      0.0000	      0.0000
      0.0000	      0.0000	      0.0000	      0.0000
      0.0000	      0.0000	      0.0000	      0.0000
      0.0000	      0.0000	      0.0000	      0.0000
     -0.2942	      7.2835	     -6.0887	     -1.1743
     26.3385	      0.0000	      0.0000	      0.0000
     12.8185	      0.0000	      0.0000	      0.0000
      0.0000	      0.0000	      0.0000	      0.0000
      0.0000	      0.0000	      0.0000	      0.0000
      0.0000	      0.0000	      0.0000	      0.0000
      0.0000	      0.0000	      0.0000	      0.0000
      0.0000	      0.0000	      0.0000	      0.0000
     -1.0435	      0.0000	      0.0000	      0.0000
      0.0000	      0.0000	      0.0000	      0.0000
      0.0000	      0.0000	      0.0000	      0.0000
      0.0000	      0.0000	      0.0000	      0.0000
      0.0000	      0.0000	      0.0000	      0.0000
      0.0000	      0.0000	      0.0000	      0.0000
      0.0000	      0.0000	      0.0000	      0.0000
      0.0000	      0.0000	      0.0000	      0.0000
      0.0000	      0.0000	      0.0000	      0.0000
      0.0000	      0.0000	      0.0000	      0.0000
      0.0000	      0.0000	      0.0000	      0.0000
      0.0000	      0.0000	      0.0000	      0.0000
      0.0000	      0.0000	      0.0000	      0.0000
      0.0000	      0.0000	      0.0000	      0.0000
      0.0000	      0.0000	      0.0000	      0.0000
      0.0000	      0.0000	      0.0000	      0.0000
      0.0000	      0.0000	      0.0000	      0.0000
      1.5664	      0.0000	      0.0000	      0.0000
      2.6102	      0.0000	      0.0000	      0.0000
      0.0000	      0.0000	      0.0000	      0.0000
      1.1278	      0.0000	      0.0000	      0.0000
      0.0000	      0.0000	      0.0000	      0.0000
      0.0000	      0.0000	      0.0000	      0.0000
      0.0000	      0.0000	      0.0000	      0.0000
      0.0000	      0.0000	      0.0000	      0.0000
      0.0000	      0.0000	      0.0000	      0.0000
      0.0000	      0.0000	      0.0000	      0.0000
      0.0000	      0.0000	      0.0000	      0.0000
      0.0000	      0.0000	      0.0000	      0.0000
      0.0000	      0.0000	      0.0000	      0.0000
      0.0000	      0.0000	      0.0000	      0.0000
      0.0000	      0.0000	      0.0000	      0.0000
      0.0000	      0.0000	      0.0000	      0.0000
      0.0000	      0.0000	      0.0000	      0.0000
      0.0000	      0.0000	      0.0000	      0.0000
      0.0000	      0.0000	      0.0000	      0.0000
      0.0000	      0.0000	      0.0000	      0.0000
      0.0000	      0.0000	      0.0000	      0.0000
      0.0000	      0.0000	      0.0000	      0.0000
      0.0000	      0.0000	      0.0000	      0.0000
      0.0000	      0.0000	      0.0000	      0.0000
      0.0000	      0.0000	      0.0000	      0.0000
      0.0000	      0.0000	      0.0000	      0.0000
      0.0000	      0.0000	      0.0000	      0.0000
    -21.0245	      0.0000	      0.0000	      0.0000
      0.0000	      0.0000	      0.0000	      0.0000
      0.0000	      0.0000	      0.0000	      0.0000
      0.0000	      0.0000	      0.0000	      0.0000
      0.0000	      0.0000	      0.0000	      0.0000
      0.0000	      0.0000	      0.0000	      0.0000
      0.0000	      0.0000	      0.0000	      0.0000
      0.0000	      0.0000	      0.0000	      0.0000
      0.0000	      0.0000	      0.0000	      0.0000
      0.0000	      0.0000	      0.0000	      0.0000
      0.0000	      0.0000	      0.0000	      0.0000
      0.0000	      0.0000	      0.0000	      0.0000
      0.0000	      0.0000	      0.0000	      0.0000
      0.0000	      0.0000	      0.0000	      0.0000
      0.0000	      0.0000	      0.0000	      0.0000
      0.0000	      0.0000	      0.0000	      0.0000
      0.0000	      0.0000	      0.0000	      0.0000
      0.0000	      0.0000	      0.0000	      0.0000
      0.0000	      0.0000	      0.0000	      0.0000
      0.0000	      0.0000	      0.0000	      0.0000
      0.0000	      0.0000	      0.0000	      0.0000
      0.0000	      0.0000	      0.0000	      0.0000
      0.0000	      0.0000	      0.0000	      0.0000
      0.0000	      0.0000	      0.0000	      0.0000
      0.0000	      0.0000	      0.0000	      0.0000
     -0.3493	      0.0000	      0.0000	      0.0000
      0.0000	      0.0000	      0.0000	      0.0000
      0.0000	      0.0000	      0.0000	      0.0000
      0.0000	      0.0000	      0.0000	      0.0000
      0.0000	      0.0000	      0.0000	      0.0000
      0.0000	      0.0000	      0.0000	      0.0000
      0.0000	      0.0000	      0.0000	      0.0000
      0.0000	      0.0000	      0.0000	      0.0000
      0.0000	      0.0000	      0.0000	      0.0000
      0.0000	      0.0000	      0.0000	      0.0000
      0.0000	      0.0000	      0.0000	      0.0000
      0.0000	      0.0000	      0.0000	      0.0000
      0.0000	      0.0000	      0.0000	      0.0000
      0.0000	      0.0000	      0.0000	      0.0000
      0.0000	      0.0000	      0.0000	      0.0000
      0.0000	      0.0000	      0.0000	      0.0000
      0.0000	      0.0000	      0.0000	      0.0000
      0.0000	      0.0000	      0.0000	      0.0000
      0.0000	      0.0000	      0.0000	      0.0000
      0.0000	      0.0000	      0.0000	      0.0000
      0.0000	      0.0000	      0.0000	      0.0000
      0.0000	      0.0000	      0.0000	      0.0000
      0.0000	      0.0000	      0.0000	      0.0000
      0.0000	      0.0000	      0.0000	      0.0000
      0.0000	      0.0000	      0.0000	      0.0000
    -20.9345	      0.0000	      0.0000	      0.0000
      0.0000	      0.0000	      0.0000	      0.0000
      0.0000	      0.0000	      0.0000	      0.0000
      0.0000	      0.0000	      0.0000	      0.0000
      0.0000	      0.0000	      0.0000	      0.0000
      0.0000	      0.0000	      0.0000	      0.0000
      0.0000	      0.0000	      0.0000	      0.0000
      0.0000	      0.0000	      0.0000	      0.0000
      0.0000	      0.0000	      0.0000	      0.0000
      0.0000	      0.0000	      0.0000	      0.0000
      0.0000	      0.0000	      0.0000	      0.0000
      0.0000	      0.0000	      0.0000	      0.0000
      0.0000	      0.0000	      0.0000	      0.0000
      0.0000	      0.0000	      0.0000	      0.0000
      0.0000	      0.0000	      0.0000	      0.0000
      0.0000	      0.0000	      0.0000	      0.0000
      0.0000	      0.0000	      0.0000	      0.0000
      0.0000	      0.0000	      0.0000	      0.0000
      0.0000	      0.0000	      0.0000	      0.0000
      0.0000	      0.0000	      0.0000	      0.0000
      0.0000	      0.0000	      0.0000	      0.0000
      0.0000	      0.0000	      0.0000	      0.0000
      0.0000	      0.0000	      0.0000	      0.0000
    -20.0000	     -1.5651	      0.0000	      0.0000
      0.0000	      0.0000	      0.0000	      0.0000
    -21.3473	     -0.0500	      0.0000	      0.0000
    -20.0000	      0.0000	      0.0000	      0.0000
      0.0000	      0.0000	      0.0000	      0.0000
      0.0000	      0.0000	      0.0000	      0.0000
      0.0000	      0.0000	      0.0000	      0.0000
      0.0000	      0.0000	      0.0000	      0.0000
      0.0000	      0.0000	      0.0000	      0.0000
      0.0000	      0.0000	      0.0000	      0.0000
      0.0000	      0.0000	      0.0000	      0.0000
      0.0000	      0.0000	      0.0000	      0.0000
      0.0000	      0.0000	      0.0000	      0.0000
      0.0000	      0.0000	      0.0000	      0.0000
      0.0000	      0.0000	      0.0000	      0.0000
      0.0000	      0.0000	      0.0000	      0.0000
      0.0000	      0.0000	      0.0000	      0.0000
      0.0000	      0.0000	      0.0000	      0.0000
      0.0000	      0.0000	      0.0000	      0.0000
      0.0000	      0.0000	      0.0000	      0.0000
      0.0000	      0.0000	      0.0000	      0.0000
      0.0000	      0.0000	      0.0000	      0.0000
      0.0000	      0.0000	      0.0000	      0.0000
      0.0000	      0.0000	      0.0000	      0.0000
      0.0000	      0.0000	      0.0000	      0.0000
    -16.2940	    -21.5127	      0.0000	      0.0000
      0.0000	      0.0000	      0.0000	      0.0000
    -20.0000	     -0.1935	      4.9030	      0.0000
      3.2576	      0.0000	      0.0000	      0.0000
      0.0000	      0.0000	      0.0000	      0.0000
      0.0000	      0.0000	      0.0000	      0.0000
      0.0000	      0.0000	      0.0000	      0.0000
      0.0000	      0.0000	      0.0000	      0.0000
      0.0000	      0.0000	      0.0000	      0.0000
      0.0000	      0.0000	      0.0000	      0.0000
      0.0000	      0.0000	      0.0000	      0.0000
      0.0000	      0.0000	      0.0000	      0.0000
      0.0000	      0.0000	      0.0000	      0.0000
      0.0000	      0.0000	      0.0000	      0.0000
      0.0000	      0.0000	      0.0000	      0.0000
      0.0000	      0.0000	      0.0000	      0.0000
      0.0000	      0.0000	      0.0000	      0.0000
      0.0000	      0.0000	      0.0000	      0.0000
      0.0000	      0.0000	      0.0000	      0.0000
      0.0000	      0.0000	      0.0000	      0.0000
      0.0000	      0.0000	      0.0000	      0.0000
      0.0000	      0.0000	      0.0000	      0.0000
      0.0000	      0.0000	      0.0000	      0.0000
      0.0000	      0.0000	      0.0000	      0.0000
      0.0000	      0.0000	      0.0000	      0.0000
      0.0000	      0.0000	      0.0000	      0.0000
      0.0000	      0.0000	      0.0000	      0.0000
      0.0000	      0.0000	      0.0000	      0.0000
      0.0000	      0.0000	      0.0000	      0.0000
      0.0000	      0.0000	      0.0000	      0.0000
      0.0000	      0.0000	      0.0000	      0.0000
      0.0000	      0.0000	      0.0000	      0.0000
      0.0000	      0.0000	      0.0000	      0.0000
      0.0000	      0.0000	      0.0000	      0.0000
      0.0000	      0.0000	      0.0000	      0.0000
      0.0000	      0.0000	      0.0000	      0.0000
      0.0000	      0.0000	      0.0000	      0.0000
      0.0000	      0.0000	      0.0000	      0.0000
      0.0000	      0.0000	      0.0000	      0.0000
      0.0000	      0.0000	      0.0000	      0.0000
      0.0000	      0.0000	      0.0000	      0.0000
      0.0000	      0.0000	      0.0000	      0.0000
      0.0000	      0.0000	      0.0000	      0.0000
      0.0000	      0.0000	      0.0000	      0.0000
      0.0000	      0.0000	      0.0000	      0.0000
      0.0000	      0.0000	      0.0000	      0.0000
      0.0000	      0.0000	      0.0000	      0.0000
      0.0000	      0.0000	      0.0000	      0.0000
      0.0000	      0.0000	      0.0000	      0.0000
      0.0000	      0.0000	      0.0000	      0.0000
     -4.0197	      0.0000	      0.0000	      0.0000
      0.0000	      0.0000	      0.0000	      0.0000
      0.0000	      0.0000	      0.0000	      0.0000
      0.0000	      0.0000	      0.0000	      0.0000
      0.0000	      0.0000	      0.0000	      0.0000
      0.0000	      0.0000	      0.0000	      0.0000
      0.0000	      0.0000	      0.0000	      0.0000
      0.0000	      0.0000	      0.0000	      0.0000
      0.0000	      0.0000	      0.0000	      0.0000
      0.0000	      0.0000	      0.0000	      0.0000
      0.0000	      0.0000	      0.0000	      0.0000
      0.0000	      0.0000	      0.0000	      0.0000
      0.0000	      0.0000	      0.0000	      0.0000
      0.0000	      0.0000	      0.0000	      0.0000
      0.0000	      0.0000	      0.0000	      0.0000
      0.0000	      0.0000	      0.0000	      0.0000
      0.0000	      0.0000	      0.0000	      0.0000
      0.0000	      0.0000	      0.0000	      0.0000
      0.0000	      0.0000	      0.0000	      0.0000
      0.0000	      0.0000	      0.0000	      0.0000
      0.0000	      0.0000	      0.0000	      0.0000
      0.0000	      0.0000	      0.0000	      0.0000
      0.0000	      0.0000	      0.0000	      0.0000
      0.0000	      0.0000	      0.0000	      0.0000
     -0.6747	      5.0025	      0.0000	      0.0000
     -1.3645	      3.7174	      0.0000	      0.0000
      0.0000	      0.0000	      0.0000	      0.0000
      1.6537	      0.0000	      0.0000	      0.0000
     -1.0251	      0.0000	     -2.1653	      0.0000
      0.0000	      0.0000	      0.0000	      0.0000
      0.0000	      0.0000	      0.0000	      0.0000
      0.0000	      0.0000	      0.0000	      0.0000
      0.0000	      0.0000	      0.0000	      0.0000
      0.0522	      0.0000	      0.0000	      0.0000
      0.0000	      0.0000	      0.0000	      0.0000
      0.0000	      0.0000	      0.0000	      0.0000
      0.0000	      0.0000	      0.0000	      0.0000
      0.0000	      0.0000	      0.0000	      0.0000
      0.0000	      0.0000	      0.0000	      0.0000
      0.0000	      0.0000	      0.0000	      0.0000
      0.0000	      0.0000	      0.0000	      0.0000
      0.0000	      0.0000	      0.0000	      0.0000
      0.0000	      0.0000	      0.0000	      0.0000
      0.0000	      0.0000	      0.0000	      0.0000
      0.0000	      0.0000	      0.0000	      0.0000
      0.0000	      0.0000	      0.0000	      0.0000
      0.0000	      0.0000	      0.0000	      0.0000
      0.0000	      0.0000	      0.0000	      0.0000
      0.0000	      0.0000	      0.0000	      0.0000
      0.0000	      0.0000	      0.0000	      0.0000
      0.0000	      0.0000	      0.0000	      0.0000
      0.0000	      0.0000	      0.0000	      0.0000
      0.0000	      0.0000	      0.0000	      0.0000
      0.0000	      0.0000	      0.0000	      0.0000
      0.0000	      0.0000	      0.0000	      0.0000
      0.0000	      0.0000	      0.0000	      0.0000
      0.0000	      0.0000	      0.0000	      0.0000
      0.0000	      0.0000	      0.0000	      0.0000
      0.0000	      0.0000	      0.0000	      0.0000
      0.0000	      0.0000	      0.0000	      0.0000
      0.0000	      0.0000	      0.0000	      0.0000
      0.0000	      0.0000	      0.0000	      0.0000
      0.0000	      0.0000	      0.0000	      0.0000
      0.0000	      0.0000	      0.0000	      0.0000
      0.0000	      0.0000	      0.0000	      0.0000
      0.0000	      0.0000	      0.0000	      0.0000
      0.0000	      0.0000	      0.0000	      0.0000
      0.0000	      0.0000	      0.0000	      0.0000
      0.0000	      0.0000	      0.0000	      0.0000
      0.0000	      0.0000	      0.0000	      0.0000
      0.0000	      0.0000	      0.0000	      0.0000
      0.0000	      0.0000	      0.0000	      0.0000
      0.0000	      0.0000	      0.0000	      0.0000
      0.0000	      0.0000	      0.0000	      0.0000
